rank_baseline,author_id,h_index_baseline,h_index_katz,delta_h,delta_rank,num_publications
1,2909828,288,54,-234,-28,2173
2,2036634,252,59,-193,-15,927
3,3118255,252,75,-177,0,584
4,3905565,249,69,-180,-2,1253
5,6558419,248,80,-168,4,849
6,9772016,245,37,-208,-286,2466
7,6795552,245,52,-193,-33,1273
8,8784928,242,78,-164,6,735
9,11384487,241,54,-187,-22,1653
10,3566237,235,41,-194,-179,1805
11,5187963,234,39,-195,-229,1527
12,12709842,233,53,-180,-24,1288
13,3078355,230,54,-176,-17,1202
14,9516779,228,47,-181,-63,1307
15,10683466,222,37,-185,-281,1024
16,3546501,222,48,-174,-51,1350
17,13091167,220,37,-183,-276,1337
18,2986463,218,42,-176,-145,1599
19,7019150,216,49,-167,-42,783
20,6990667,215,42,-173,-144,1341
21,11922989,214,45,-169,-93,1322
22,8815400,213,67,-146,14,681
23,4498000,211,41,-170,-168,1065
24,13120003,211,54,-157,-8,1405
25,6009653,211,67,-144,18,1045
26,12239711,211,43,-168,-117,878
27,4013524,211,47,-164,-52,839
28,9642557,209,38,-171,-234,1728
29,101090,209,72,-137,25,782
30,3303308,206,49,-157,-29,1152
31,1127410,206,37,-169,-268,1004
32,12452097,205,33,-172,-464,1157
33,9964935,205,44,-161,-96,885
34,1497768,204,44,-160,-94,1155
35,7811568,203,45,-158,-82,817
36,7945633,203,52,-151,-5,1028
37,908173,202,28,-174,-968,2535
38,4226882,202,56,-146,16,556
39,10928932,201,34,-167,-379,2036
40,7708141,201,53,-148,3,651
41,2132626,201,41,-160,-151,679
42,10020021,200,43,-157,-99,1093
43,1898713,200,55,-145,18,474
44,13391059,198,32,-166,-533,1825
45,2752276,198,44,-154,-86,953
46,5802147,198,48,-150,-25,1087
47,12064581,198,37,-161,-247,983
48,3443989,197,61,-136,36,727
49,1787155,195,59,-136,30,683
50,12885095,194,45,-149,-66,639
51,13718786,194,43,-151,-91,734
52,2398791,194,61,-133,39,537
53,8375151,194,41,-153,-137,921
54,3653795,193,37,-156,-244,1097
55,12504769,192,38,-154,-206,1075
56,8169729,190,54,-136,23,978
57,3063839,190,37,-153,-238,1271
58,8077292,190,28,-162,-950,1254
59,12977538,190,50,-140,5,687
60,5639696,189,65,-124,51,442
61,12709092,189,25,-164,-1639,1597
62,9553359,189,38,-151,-208,796
63,13103046,189,44,-145,-64,974
64,13032220,188,48,-140,-5,561
65,2579314,188,34,-154,-357,1433
66,6826428,188,32,-156,-512,1667
67,11083570,188,43,-145,-77,854
68,8456779,188,70,-118,63,370
69,12943379,187,31,-156,-590,1525
70,13673999,187,33,-154,-429,1147
71,8649812,186,45,-141,-44,1278
72,8435304,185,40,-145,-141,1414
73,12537065,185,48,-137,8,1103
74,2563296,185,43,-142,-72,654
75,9665806,185,43,-142,-75,636
76,7733186,184,36,-148,-252,1148
77,7738768,184,48,-136,5,613
78,6755308,184,30,-154,-674,1258
79,5031730,183,36,-147,-250,1482
80,1204811,183,29,-154,-793,1141
81,12792640,183,30,-153,-676,724
82,9252184,182,47,-135,-1,641
83,8555229,181,35,-146,-281,1015
84,3232452,181,30,-151,-667,1282
85,8567115,180,26,-154,-1356,1573
86,11758319,179,35,-144,-279,1479
87,3052931,179,55,-124,60,365
88,985018,179,35,-144,-273,916
89,3653221,179,27,-152,-1118,1547
90,12748302,178,50,-128,39,763
91,11062698,177,42,-135,-76,705
92,1690800,176,26,-150,-1348,2763
93,4220000,176,34,-142,-335,1060
94,7898192,176,49,-127,34,1277
95,6358547,176,31,-145,-565,1348
96,66436,176,44,-132,-34,807
97,4824452,175,37,-138,-208,555
98,9663796,175,37,-138,-205,964
99,2049097,174,25,-149,-1604,1853
100,2879564,174,51,-123,52,645
101,1414397,174,45,-129,-19,793
102,6853236,174,62,-112,91,581
103,8197217,174,47,-127,18,498
104,12580511,173,47,-126,18,743
105,821788,173,36,-137,-225,721
106,11237548,173,33,-140,-389,1109
107,11095942,173,34,-139,-314,1268
108,3234892,173,31,-142,-556,1227
109,6500557,172,33,-139,-391,1258
110,105101,172,30,-142,-639,1232
111,11615886,172,39,-133,-130,896
112,7703871,172,32,-140,-480,711
113,9238635,172,43,-129,-34,791
114,1644939,171,34,-137,-323,719
115,6671105,171,35,-136,-253,604
116,4479236,170,40,-130,-112,489
117,8463126,170,27,-143,-1089,2121
118,9799654,170,53,-117,79,514
119,3966887,170,47,-123,31,458
120,1816213,169,30,-139,-630,1285
121,472781,169,39,-130,-124,798
122,1360463,169,35,-134,-244,868
123,4801700,169,28,-141,-889,1358
124,4468912,169,42,-127,-52,620
125,13229925,169,32,-137,-456,994
126,671306,169,25,-144,-1583,1056
127,11831050,169,57,-112,106,676
128,2260002,169,41,-128,-66,536
129,9886262,169,46,-123,24,473
130,8066685,168,35,-133,-233,928
131,12237274,168,46,-122,36,1038
132,5422420,168,60,-108,117,465
133,11081471,168,38,-130,-130,1253
134,2960952,168,38,-130,-134,767
135,7909688,168,47,-121,46,541
136,11891718,167,42,-125,-37,858
137,2885945,167,42,-125,-32,472
138,2460564,167,56,-111,115,499
139,2465983,167,29,-138,-736,1355
140,8614840,167,62,-105,130,558
141,11789899,167,34,-133,-283,1071
142,9427293,167,34,-133,-291,544
143,5312840,167,36,-131,-204,500
144,5165833,166,35,-131,-216,988
145,10987843,166,55,-111,119,613
146,3154408,166,25,-141,-1555,1853
147,4898397,166,33,-133,-354,773
148,6680173,166,25,-141,-1558,1479
149,13690353,166,55,-111,121,447
150,2027962,166,34,-132,-273,906
151,11188688,166,31,-135,-534,683
152,7425343,166,40,-126,-68,575
153,9067721,165,47,-118,75,855
154,6724779,165,34,-131,-272,733
155,6312414,165,24,-141,-1852,1277
156,2701585,165,33,-132,-352,1031
157,1549041,165,27,-138,-1070,962
158,9635713,165,43,-122,7,377
159,5181920,164,25,-139,-1540,3865
160,7961189,164,44,-120,27,383
161,12611655,164,33,-131,-362,482
162,13248739,164,33,-131,-341,1172
163,4995275,164,39,-125,-88,394
164,1178692,164,59,-105,144,367
165,11751146,164,34,-130,-265,698
166,5306143,164,32,-132,-418,1036
167,6837858,164,26,-138,-1285,1188
168,3427110,164,37,-127,-133,792
169,4074180,164,32,-132,-413,687
170,7978331,164,40,-124,-45,697
171,13104577,164,32,-132,-418,719
172,11214711,164,26,-138,-1281,1075
173,10627261,164,51,-113,124,548
174,237762,163,48,-115,108,836
175,7798789,163,28,-135,-834,1380
176,7805689,163,28,-135,-831,1266
177,6003655,163,27,-136,-1036,1190
178,4861431,163,42,-121,-5,412
179,2776191,162,24,-138,-1825,1777
180,8755657,162,30,-132,-575,1029
181,3421764,162,24,-138,-1825,1383
182,3251246,162,34,-128,-245,928
183,11718556,162,46,-116,87,844
184,1560583,162,39,-123,-66,572
185,5181155,162,31,-131,-481,912
186,5835021,162,44,-118,51,482
187,8860077,161,38,-123,-78,888
188,12887932,161,28,-133,-830,669
189,1809847,161,25,-136,-1549,719
190,1181300,161,42,-119,25,592
191,2483920,160,51,-109,144,492
192,8005973,160,39,-121,-57,340
193,556651,160,26,-134,-1251,1366
194,7493207,160,27,-133,-1011,1793
195,10794292,160,23,-137,-2172,1595
196,3479577,160,33,-127,-302,776
197,6225476,160,30,-130,-562,922
198,11172599,160,37,-123,-110,553
199,10118333,160,40,-120,-25,539
200,5089676,159,48,-111,124,289
201,582870,159,46,-113,102,329
202,11465499,159,50,-109,150,435
203,4101466,159,59,-100,185,552
204,3459958,159,26,-133,-1244,837
205,3809384,159,46,-113,101,443
206,8041858,159,23,-136,-2164,1645
207,11001177,159,28,-131,-799,1550
208,9171307,159,46,-113,111,815
209,7813478,159,46,-113,109,405
210,8017595,159,27,-132,-999,826
211,135874,159,35,-124,-175,601
212,9624370,158,26,-132,-1230,2081
213,11723599,158,25,-133,-1491,1410
214,4774013,158,36,-122,-117,729
215,11041206,158,41,-117,17,669
216,490297,158,28,-130,-815,874
217,7014758,158,33,-125,-285,833
218,4961259,158,24,-134,-1795,908
219,6088022,158,35,-123,-151,600
220,10586408,157,47,-110,139,542
221,4935977,157,27,-130,-989,1098
222,7569995,157,26,-131,-1225,1094
223,9725375,157,35,-122,-146,745
224,4740827,157,52,-105,182,523
225,4709876,157,30,-127,-543,824
226,169530,157,22,-135,-2593,1281
227,10370425,157,24,-133,-1775,1297
228,4088575,157,20,-137,-3823,1680
229,2325531,157,37,-120,-71,625
230,10128707,157,35,-122,-160,624
231,9054802,157,42,-115,53,391
232,7104680,157,48,-109,164,585
233,6731879,156,48,-108,163,380
234,11514652,156,33,-123,-259,1490
235,8679580,156,33,-123,-275,563
236,11012791,156,26,-130,-1231,1124
237,6870015,156,30,-126,-527,938
238,6052377,156,41,-115,43,401
239,11055524,156,28,-128,-791,835
240,801139,156,50,-106,184,408
241,7463923,156,22,-134,-2596,1091
242,4415660,156,52,-104,199,402
243,9043796,156,23,-133,-2133,959
244,10509641,156,30,-126,-512,923
245,3981634,156,39,-117,-7,500
246,6470877,156,22,-134,-2596,1067
247,2745601,156,38,-118,-30,440
248,10218082,156,37,-119,-62,438
249,7512878,155,18,-137,-5646,3258
250,8693805,155,23,-132,-2119,2021
251,8879664,155,19,-136,-4626,1720
252,4161887,155,40,-115,34,538
253,594134,155,46,-109,150,428
254,10542938,155,24,-131,-1749,1658
255,4856924,155,26,-129,-1190,1376
256,11337892,155,21,-134,-3137,970
257,322195,155,35,-120,-121,564
258,3869622,155,23,-132,-2129,657
259,4892116,155,40,-115,45,731
260,1975725,155,27,-128,-961,718
261,11521821,155,34,-121,-199,402
262,3983375,154,32,-122,-325,672
263,8686107,154,25,-129,-1468,1050
264,13684795,154,19,-135,-4617,1309
265,10209666,154,26,-128,-1201,959
266,7204989,154,28,-126,-760,897
267,5331423,154,23,-131,-2116,783
268,8570362,154,40,-114,47,426
269,7159174,154,35,-119,-103,641
270,6585549,154,46,-108,157,382
271,3180855,153,46,-107,165,445
272,12069290,153,20,-133,-3780,2128
273,2658409,153,24,-129,-1738,1137
274,4711920,153,31,-122,-395,658
275,865370,153,39,-114,31,903
276,7480960,153,22,-131,-2544,1236
277,6453968,153,29,-124,-668,433
278,11776138,153,20,-133,-3789,1130
279,4024057,153,39,-114,32,506
280,746540,153,23,-130,-2091,837
281,13491348,153,22,-131,-2565,828
282,9731660,152,28,-124,-734,1026
283,6535423,152,33,-119,-221,539
284,10015265,152,27,-125,-958,711
285,12555196,152,28,-124,-738,1119
286,166990,152,37,-115,-21,606
287,1242573,152,35,-117,-88,633
288,6424941,152,28,-124,-749,700
289,13659634,152,35,-117,-123,364
290,4849823,152,30,-122,-486,644
291,12629806,152,52,-100,245,441
292,6505239,152,21,-131,-3105,724
293,5078543,151,43,-108,141,404
294,10222543,151,26,-125,-1168,1316
295,12675874,151,31,-120,-375,999
296,934687,151,42,-109,126,882
297,10851275,151,31,-120,-365,1087
298,7170358,151,34,-117,-150,534
299,1464061,151,34,-117,-137,578
300,7899061,151,30,-121,-454,845
301,6977461,151,36,-115,-32,429
302,12017134,151,33,-118,-228,517
303,9338435,151,27,-124,-912,637
304,13491536,150,42,-108,127,486
305,8794486,150,34,-116,-127,652
306,8736088,150,32,-118,-293,719
307,12036667,150,46,-104,209,439
308,2031834,150,25,-125,-1407,1053
309,1922765,150,52,-98,264,380
310,13039147,150,41,-109,104,473
311,13235419,150,22,-128,-2533,992
312,1648624,150,27,-123,-931,552
313,5380972,149,26,-123,-1130,1372
314,8140432,149,32,-117,-288,538
315,3829461,149,19,-130,-4561,2048
316,9891695,149,26,-123,-1145,828
317,12248926,149,27,-122,-907,910
318,1091390,149,26,-123,-1140,1040
319,2795506,149,40,-109,103,1105
320,11706030,149,25,-124,-1407,872
321,5023184,149,19,-130,-4568,977
322,5024671,149,20,-129,-3740,920
323,9693135,149,48,-101,250,459
324,581753,149,47,-102,240,627
325,634539,149,42,-107,146,482
326,969703,149,24,-125,-1711,729
327,2980459,149,45,-104,203,363
328,5572671,148,48,-100,264,553
329,4447470,148,32,-116,-250,715
330,9308643,148,45,-103,212,433
331,10476158,148,37,-111,17,633
332,11202602,148,32,-116,-254,856
333,11011273,148,50,-98,276,391
334,8360480,148,28,-120,-690,1121
335,7297836,148,50,-98,282,338
336,9457498,148,35,-113,-44,428
337,10318924,148,21,-127,-3044,1877
338,3414669,148,47,-101,256,451
339,813880,148,27,-121,-909,577
340,11788229,148,27,-121,-874,870
341,13046665,148,35,-113,-36,654
342,10579853,148,20,-128,-3717,910
343,10099792,148,28,-120,-693,805
344,10801873,148,24,-124,-1695,875
345,799233,148,29,-119,-570,492
346,3978719,148,22,-126,-2504,721
347,8086929,148,28,-120,-702,680
348,12995966,148,30,-118,-430,533
349,2468788,147,26,-121,-1100,1190
350,5660226,147,24,-123,-1659,1272
351,10761065,147,25,-122,-1356,974
352,8085036,147,29,-118,-524,1126
353,12203369,147,23,-124,-2024,1274
354,2840520,147,23,-124,-2026,1066
355,9683503,147,22,-125,-2466,1202
356,773954,147,34,-113,-95,395
357,8542601,147,30,-117,-426,596
358,4463879,147,46,-101,251,336
359,1862434,147,26,-121,-1123,662
360,3358870,147,25,-122,-1362,750
361,4323104,147,34,-113,-86,456
362,4101734,147,30,-117,-415,517
363,8738144,146,42,-104,192,379
364,8115288,146,42,-104,189,495
365,11063113,146,30,-116,-398,1239
366,6568216,146,30,-116,-399,789
367,5054989,146,21,-125,-3018,1319
368,6722165,146,27,-119,-857,1007
369,6922052,146,45,-101,248,618
370,8894253,146,25,-121,-1341,1179
371,6880726,146,28,-118,-686,579
372,6639896,146,32,-114,-229,489
373,5231410,146,20,-126,-3688,908
374,9424666,146,27,-119,-885,530
375,6563944,146,27,-119,-866,657
376,13163956,146,28,-118,-678,541
377,10062121,146,28,-118,-645,623
378,2295401,146,27,-119,-839,746
379,9625704,145,37,-108,73,461
380,12169351,145,33,-112,-137,695
381,13458359,145,33,-112,-124,943
382,3332484,145,27,-118,-826,1632
383,12929157,145,22,-123,-2439,1510
384,12637545,145,22,-123,-2448,1502
385,9969692,145,33,-112,-127,646
386,3437423,145,40,-105,164,409
387,850749,145,46,-99,285,349
388,4359941,145,46,-99,279,577
389,7634095,145,28,-117,-670,677
390,10272637,145,34,-111,-35,1017
391,1502835,145,29,-116,-493,728
392,8156850,145,38,-107,125,521
393,13566595,145,42,-103,208,378
394,10206442,145,60,-85,378,302
395,7248794,145,36,-109,59,504
396,3183171,145,33,-112,-119,625
397,8346761,145,45,-100,272,413
398,13149009,144,33,-111,-127,648
399,1822010,144,49,-95,337,475
400,5383568,144,26,-118,-1063,1000
401,13120868,144,20,-124,-3652,1728
402,11044805,144,23,-121,-1983,1085
403,10762827,144,24,-120,-1616,1002
404,11691208,144,22,-122,-2427,914
405,11016824,144,24,-120,-1609,1174
406,4517289,144,22,-122,-2472,610
407,5016052,144,20,-124,-3670,971
408,3234457,144,20,-124,-3722,699
409,6872121,144,42,-102,235,556
410,6354336,144,31,-113,-253,725
411,7599636,144,43,-101,251,310
412,7588114,144,17,-127,-6799,1293
413,131737,143,44,-99,281,346
414,4808180,143,30,-113,-346,1012
415,9974429,143,28,-115,-636,778
416,5490285,143,42,-101,236,438
417,5882197,143,31,-112,-258,809
418,12751751,143,28,-115,-635,656
419,9386249,143,28,-115,-619,710
420,11208733,143,32,-111,-175,523
421,4921825,143,28,-115,-599,740
422,11064177,143,23,-120,-1956,752
423,7987482,143,16,-127,-8542,1304
424,11151604,143,33,-110,-118,376
425,9945717,143,27,-116,-787,848
426,4753887,143,29,-114,-452,778
427,257160,143,31,-112,-255,549
428,7048619,143,27,-116,-830,544
429,6953248,143,17,-126,-6796,822
430,8233431,143,43,-100,269,281
431,239806,142,22,-120,-2392,1727
432,6632154,142,27,-115,-802,748
433,8382816,142,24,-118,-1584,1026
434,2699514,142,21,-121,-2949,1522
435,6306647,142,25,-117,-1290,692
436,102068,142,22,-120,-2394,903
437,8456786,142,30,-112,-350,739
438,4596262,142,25,-117,-1270,1217
439,9477860,142,37,-105,122,341
440,1783126,142,30,-112,-378,470
441,2275911,142,19,-123,-4441,1082
442,3936543,142,18,-124,-5455,1323
443,10935129,142,22,-120,-2391,1571
444,3646933,142,30,-112,-350,617
445,3850817,142,20,-122,-3612,916
446,11013929,142,54,-88,412,354
447,3092815,142,43,-99,299,558
448,1860982,142,33,-109,-87,415
449,2268676,142,36,-106,114,581
450,4901910,142,34,-108,-2,663
451,1784073,141,21,-120,-2935,1152
452,10263596,141,49,-92,389,277
453,5570238,141,24,-117,-1557,1186
454,5644017,141,21,-120,-2934,997
455,8882255,141,40,-101,236,636
456,11955484,141,24,-117,-1552,1151
457,2850933,141,27,-114,-776,776
458,12105080,141,24,-117,-1571,776
459,471248,141,44,-97,325,384
460,6269580,141,30,-111,-298,1035
461,1293946,141,32,-109,-162,342
462,5858883,141,20,-121,-3612,1158
463,11731890,141,26,-115,-1012,700
464,7719400,141,18,-123,-5437,1179
465,7617876,141,37,-104,161,506
466,11389780,141,29,-112,-428,689
467,1503385,141,40,-101,230,313
468,689225,140,32,-108,-115,840
469,2526199,140,30,-110,-298,580
470,3766688,140,40,-100,253,242
471,9315732,140,25,-115,-1246,796
472,11520814,140,22,-118,-2376,1133
473,9738976,140,11,-129,-29191,1615
474,1125251,140,28,-112,-596,729
475,8041099,140,22,-118,-2350,1696
476,2851955,140,30,-110,-294,640
477,1447564,140,27,-113,-758,794
478,6102629,140,21,-119,-2956,607
479,104283,140,52,-88,435,350
480,6189194,140,22,-118,-2386,904
481,5755120,139,44,-95,345,281
482,2380914,139,30,-109,-271,1391
483,8283744,139,22,-117,-2358,1365
484,11721204,139,21,-118,-2926,905
485,6476519,139,19,-120,-4400,1359
486,9600895,139,28,-111,-549,874
487,6576341,139,26,-113,-986,671
488,6795558,139,30,-109,-300,809
489,2319621,139,31,-108,-184,837
490,5238027,139,30,-109,-283,538
491,1158410,139,26,-113,-1022,626
492,6305099,139,20,-119,-3568,1093
493,1938122,139,29,-110,-386,969
494,5336568,139,25,-114,-1227,893
495,8068019,139,29,-110,-391,847
496,2893288,139,24,-115,-1528,997
497,4216435,139,22,-117,-2376,741
498,11196681,139,19,-120,-4397,858
499,3051726,139,32,-107,-99,659
500,250147,139,24,-115,-1575,493
501,3218548,138,40,-98,270,294
502,8169855,138,29,-109,-380,1312
503,11343707,138,32,-106,-88,657
504,7741716,138,27,-111,-735,751
505,7411820,138,24,-114,-1522,929
506,12300358,138,29,-109,-394,478
507,8426744,138,34,-104,76,488
508,2403426,138,20,-118,-3547,1046
509,9147425,138,20,-118,-3557,1094
510,8841281,138,29,-109,-408,496
511,8725898,138,37,-101,209,637
512,4899356,138,26,-112,-957,750
513,8210896,138,22,-116,-2330,968
514,8912720,138,34,-104,85,568
515,6609264,137,27,-110,-696,933
516,11843773,137,28,-109,-536,799
517,6415132,137,22,-115,-2307,1076
518,6388574,137,28,-109,-492,769
519,7943099,137,30,-107,-260,720
520,6003788,137,18,-119,-5383,1154
521,2198854,137,25,-112,-1247,607
522,6486996,137,19,-118,-4368,1093
523,1672594,137,18,-119,-5376,1523
524,1783956,137,20,-117,-3551,1225
525,13316561,137,26,-111,-964,604
526,7483890,137,26,-111,-952,871
527,9134444,137,27,-110,-810,409
528,2129620,137,23,-114,-1851,742
529,7283332,137,17,-120,-6690,982
530,9639727,137,36,-101,190,527
531,11788401,137,21,-116,-2871,677
532,5417754,137,39,-98,277,425
533,5520576,137,33,-104,11,604
534,12621161,137,46,-91,422,407
535,9605283,137,22,-115,-2415,610
536,509816,137,35,-102,163,592
537,8890940,137,19,-118,-4360,734
538,811427,137,45,-92,415,384
539,2269569,137,32,-105,-49,556
540,6051957,136,38,-98,269,452
541,3090533,136,25,-111,-1188,1108
542,3808824,136,29,-107,-367,590
543,8744064,136,38,-98,274,348
544,587808,136,24,-112,-1521,752
545,7459416,136,27,-109,-719,508
546,2572999,136,29,-107,-361,695
547,13002384,136,24,-112,-1526,558
548,13080812,136,23,-113,-1833,1075
549,1706702,136,28,-108,-536,612
550,7140362,136,25,-111,-1174,627
551,1969242,136,23,-113,-1894,484
552,11441644,136,26,-110,-949,532
553,9322610,136,30,-106,-249,374
554,2397923,136,34,-102,116,505
555,6608535,136,51,-85,505,440
556,11462600,136,27,-109,-699,663
557,4576087,136,43,-93,401,305
558,12515950,136,23,-113,-1824,810
559,7053596,136,47,-89,472,333
560,3870569,136,25,-111,-1190,612
561,6019599,136,34,-102,106,588
562,12398209,136,26,-110,-923,694
563,11647755,136,22,-114,-2288,761
564,6779401,136,23,-113,-1840,688
565,8693252,136,30,-106,-238,389
566,3072389,136,40,-96,337,492
567,7857947,135,21,-114,-2828,1223
568,12120479,135,27,-108,-655,468
569,4183247,135,22,-113,-2276,868
570,5007106,135,27,-108,-656,720
571,6410157,135,19,-116,-4321,1154
572,4944262,135,31,-104,-95,904
573,1341896,135,46,-89,472,382
574,8471580,135,22,-113,-2283,797
575,1647272,135,25,-110,-1127,1275
576,13608647,135,30,-105,-185,1053
577,11130391,135,24,-111,-1463,724
578,10449702,135,24,-111,-1494,696
579,5999551,135,20,-115,-3477,1481
580,8810744,135,32,-103,-13,744
581,4838563,135,21,-114,-2828,799
582,12865354,135,33,-102,53,737
583,3144174,135,23,-112,-1816,879
584,2715773,135,23,-112,-1847,594
585,10091561,135,20,-115,-3498,780
586,8268352,135,24,-111,-1503,583
587,1425678,135,25,-110,-1226,414
588,10047510,135,27,-108,-661,442
589,6040369,135,37,-98,273,436
590,7452949,135,29,-106,-298,549
591,1868219,134,32,-102,-12,481
592,657676,134,19,-115,-4280,2383
593,11078591,134,23,-111,-1793,919
594,9993404,134,30,-104,-221,350
595,10491551,134,18,-116,-5301,1873
596,7251705,134,46,-88,486,643
597,8063411,134,34,-100,148,445
598,3955749,134,33,-101,101,1347
599,9289760,134,20,-114,-3524,677
600,8708204,134,28,-106,-434,755
601,4529787,134,20,-114,-3487,669
602,8316946,134,25,-109,-1130,583
603,11583021,134,22,-112,-2282,527
604,2697635,134,34,-100,127,449
605,5271961,134,43,-91,460,580
606,84410,134,26,-108,-899,649
607,11015496,134,33,-101,66,528
608,10187361,134,30,-104,-164,721
609,8837594,134,29,-105,-268,640
610,13332980,134,33,-101,66,330
611,6975392,134,34,-100,169,524
612,985750,134,33,-101,88,429
613,13715733,134,21,-113,-2827,728
614,7736586,134,19,-115,-4375,612
615,3245386,134,20,-114,-3533,541
616,3666024,134,34,-100,157,410
617,7225928,134,21,-113,-2830,540
618,7689763,134,47,-87,524,275
619,7350785,133,31,-102,-53,818
620,2655698,133,26,-107,-888,698
621,12154668,133,25,-108,-1123,569
622,7594496,133,20,-113,-3520,899
623,9738056,133,33,-100,114,586
624,9377906,133,18,-115,-5274,1400
625,6299425,133,22,-111,-2263,867
626,13707061,133,26,-107,-876,660
627,4810416,133,53,-80,589,381
628,4867277,133,23,-110,-1816,650
629,7036534,133,32,-101,22,419
630,1742796,133,24,-109,-1403,714
631,7938681,133,41,-92,435,508
632,11370404,133,24,-109,-1383,829
633,7903380,133,37,-96,322,395
634,8170244,133,34,-99,199,695
635,8668512,133,38,-95,357,306
636,1713627,133,22,-111,-2182,1397
637,3486995,133,27,-106,-595,589
638,9422404,133,35,-98,271,554
639,9221051,133,40,-93,413,583
640,5483222,133,21,-112,-2774,719
641,4764454,133,28,-105,-376,895
642,6435505,133,15,-118,-10531,932
643,11380201,133,26,-107,-886,712
644,5210112,133,26,-107,-907,582
645,3217749,133,19,-114,-4285,624
646,3609906,133,26,-107,-933,432
647,11499573,133,42,-91,463,298
648,5371014,133,22,-111,-2220,469
649,579225,132,39,-93,401,449
650,11680030,132,35,-97,267,474
651,13567623,132,29,-103,-229,722
652,6688301,132,28,-104,-367,640
653,391440,132,46,-86,542,382
654,4399470,132,21,-111,-2730,1289
655,2076644,132,30,-102,-130,510
656,4787608,132,26,-106,-824,785
657,11882341,132,27,-105,-574,712
658,7821394,132,25,-107,-1117,553
659,11396879,132,20,-112,-3432,1022
660,10677432,132,41,-91,460,268
661,7508360,132,31,-101,-30,458
662,2509027,132,24,-108,-1356,678
663,13066778,132,24,-108,-1404,510
664,8426727,132,22,-110,-2235,673
665,3937506,132,23,-109,-1707,1041
666,10380431,132,24,-108,-1413,706
667,11487689,132,26,-106,-809,822
668,3730327,132,34,-98,224,590
669,6182612,132,22,-110,-2223,687
670,4253050,132,28,-104,-390,586
671,2452123,132,15,-117,-10529,731
672,5927536,132,31,-101,-4,442
673,7167783,132,30,-102,-98,483
674,9043785,132,30,-102,-156,310
675,13606153,132,43,-89,517,295
676,6971465,132,25,-107,-1057,677
677,4599122,132,15,-117,-10506,550
678,6019391,132,34,-98,200,403
679,12669591,131,35,-96,274,425
680,11995675,131,29,-102,-260,341
681,6596282,131,17,-114,-6525,2200
682,2379844,131,39,-92,440,598
683,9753501,131,22,-109,-2145,1306
684,4904211,131,19,-112,-4196,891
685,12564436,131,22,-109,-2162,1017
686,3880529,131,31,-100,-41,271
687,8740419,131,18,-113,-5223,871
688,1429883,131,33,-98,181,556
689,11770271,131,25,-106,-1062,860
690,9656186,131,33,-98,123,280
691,11895628,131,18,-113,-5216,1281
692,9361395,131,29,-102,-240,424
693,6221490,131,32,-99,84,511
694,1133516,131,27,-104,-593,523
695,2077437,131,23,-108,-1710,720
696,3988361,131,26,-105,-759,835
697,9991,131,28,-103,-361,522
698,11472473,131,18,-113,-5231,965
699,25449,131,18,-113,-5212,927
700,11467445,131,21,-110,-2705,722
701,4358691,131,20,-111,-3419,754
702,10260030,131,21,-110,-2710,923
703,2632386,131,26,-105,-748,643
704,12130158,131,18,-113,-5230,920
705,3927147,131,29,-102,-180,667
706,8345627,131,27,-104,-524,754
707,1874524,131,21,-110,-2731,678
708,7199561,131,31,-100,24,493
709,4335098,131,18,-113,-5248,697
710,990085,131,32,-99,97,368
711,2955818,131,27,-104,-570,416
712,395965,131,29,-102,-208,399
713,406144,131,30,-101,-111,411
714,1245724,130,32,-98,120,505
715,8285378,130,28,-102,-327,826
716,12712539,130,43,-87,567,383
717,21780,130,36,-94,373,417
718,4072474,130,24,-106,-1302,1233
719,2685968,130,20,-110,-3339,1124
720,3478498,130,35,-95,316,268
721,4520608,130,28,-102,-386,311
722,3444327,130,26,-104,-749,669
723,976485,130,28,-102,-378,564
724,3728019,130,25,-105,-999,673
725,6510018,130,17,-113,-6483,1442
726,1397447,130,34,-96,283,527
727,11027930,130,26,-104,-808,584
728,8931330,130,17,-113,-6485,1223
729,6571422,130,34,-96,289,551
730,9737076,130,22,-108,-2086,1549
731,6073771,130,23,-107,-1737,528
732,9291623,130,16,-114,-8240,1157
733,10596173,130,19,-111,-4188,973
734,3509005,130,18,-112,-5166,1265
735,11411812,130,43,-87,576,294
736,2952352,130,38,-92,449,299
737,6344469,130,18,-112,-5169,1050
738,5156997,130,24,-106,-1350,560
739,10385651,130,23,-107,-1658,1013
740,9782620,130,18,-112,-5162,848
741,11849987,130,18,-112,-5183,973
742,2420057,130,27,-103,-504,435
743,11428558,130,19,-111,-4192,724
744,8298423,130,22,-108,-2310,408
745,7969179,130,21,-109,-2696,696
746,13105952,130,20,-110,-3403,620
747,12605497,130,20,-110,-3418,560
748,12690907,130,34,-96,282,266
749,636206,130,31,-99,66,441
750,9695651,130,23,-107,-1840,386
751,5481038,130,20,-110,-3394,657
752,5588476,130,32,-98,141,424
753,1433696,130,27,-103,-540,371
754,11269239,129,25,-104,-976,719
755,6830458,129,48,-81,681,298
756,9622700,129,27,-102,-473,539
757,1267647,129,28,-101,-268,920
758,3040717,129,43,-86,604,426
759,2208801,129,25,-104,-981,785
760,6967526,129,23,-106,-1633,996
761,1594974,129,20,-109,-3333,685
762,7069433,129,28,-101,-279,635
763,9990259,129,27,-102,-465,608
764,10535537,129,20,-109,-3336,727
765,10917883,129,28,-101,-327,453
766,10814448,129,20,-109,-3319,1064
767,3788772,129,32,-97,130,359
768,6511959,129,20,-109,-3369,756
769,3130258,129,23,-106,-1709,834
770,6314658,129,23,-106,-1624,888
771,5001251,129,24,-105,-1276,471
772,10832345,129,24,-105,-1279,479
773,5712434,129,18,-111,-5170,778
774,9728608,129,30,-99,-8,600
775,1290653,129,13,-116,-17067,1043
776,11249458,129,22,-107,-2076,746
777,7150427,129,23,-106,-1607,704
778,3803677,129,19,-110,-4255,692
779,2440090,129,18,-111,-5146,782
780,3305779,129,25,-104,-979,716
781,9524778,129,39,-90,525,343
782,10870100,129,26,-103,-745,594
783,9320498,129,22,-107,-2093,606
784,1454352,129,28,-101,-243,705
785,408222,129,19,-110,-4159,738
786,2538282,129,23,-106,-1617,552
787,2584088,129,26,-103,-717,478
788,9116865,129,31,-98,89,336
789,12619922,129,23,-106,-1681,566
790,10499135,128,26,-102,-664,989
791,13637563,128,30,-98,-16,542
792,9277283,128,32,-96,207,743
793,11342748,128,30,-98,-27,672
794,5619654,128,30,-98,-29,344
795,2227225,128,26,-102,-711,575
796,2612731,128,25,-103,-918,1037
797,4895726,128,18,-110,-5107,1438
798,11808652,128,20,-108,-3266,1137
799,500274,128,27,-101,-475,509
800,7815137,128,26,-102,-714,699
801,8135221,128,21,-107,-2676,689
802,11505053,128,24,-104,-1229,864
803,3172048,128,22,-106,-2030,769
804,13660475,128,27,-101,-456,491
805,1410714,128,22,-106,-2108,884
806,12530533,128,21,-107,-2584,942
807,11296668,128,28,-100,-208,826
808,4882351,128,22,-106,-2130,467
809,3508551,128,35,-93,408,498
810,13259303,128,18,-110,-5117,789
811,596415,128,21,-107,-2642,702
812,2424602,128,26,-102,-679,466
813,12343624,128,19,-109,-4094,869
814,3745999,128,18,-110,-5105,848
815,12304779,128,35,-93,422,499
816,2634882,128,23,-105,-1594,763
817,740183,128,21,-107,-2634,858
818,3824259,128,25,-103,-1027,440
819,3004300,128,30,-98,3,496
820,8143029,128,24,-104,-1235,673
821,10095171,128,35,-93,442,607
822,7777100,128,27,-101,-473,350
823,11035696,128,18,-110,-5179,703
824,10252367,128,25,-103,-942,501
825,12537528,128,24,-104,-1252,689
826,7182010,128,24,-104,-1195,667
827,8810443,128,24,-104,-1294,482
828,11655654,128,32,-96,214,379
829,4775284,128,19,-109,-4112,800
830,3560594,128,33,-95,319,524
831,1224157,128,30,-98,2,332
832,7331556,128,30,-98,11,490
833,769038,128,38,-90,548,301
834,96145,128,26,-102,-729,402
835,832205,127,24,-103,-1190,925
836,5492909,127,24,-103,-1242,666
837,9441118,127,24,-103,-1226,533
838,7889002,127,28,-99,-236,678
839,12460383,127,13,-114,-16991,2112
840,3572607,127,25,-102,-908,631
841,9514755,127,23,-104,-1549,908
842,5014355,127,25,-102,-916,563
843,2955806,127,20,-107,-3246,1049
844,9290537,127,19,-108,-4095,843
845,6282057,127,40,-87,613,328
846,5145934,127,16,-111,-8117,1389
847,11124262,127,21,-106,-2614,681
848,8175108,127,26,-101,-678,519
849,4004552,127,28,-99,-183,630
850,10590428,127,23,-104,-1638,525
851,2344650,127,22,-105,-1985,1018
852,10898128,127,21,-106,-2535,1140
853,4326566,127,24,-103,-1237,470
854,13697333,127,20,-107,-3321,615
855,12115946,127,30,-97,75,560
856,2618186,127,28,-99,-250,432
857,508737,127,21,-106,-2605,750
858,2990579,127,30,-97,22,304
859,3292817,127,24,-103,-1271,538
860,9835674,127,26,-101,-657,381
861,3881870,127,20,-107,-3278,723
862,7036424,127,21,-106,-2564,784
863,13659730,127,34,-93,413,368
864,10659035,127,25,-102,-944,548
865,1122115,127,21,-106,-2600,410
866,12287851,127,36,-91,525,364
867,3206448,127,24,-103,-1281,425
868,9735122,127,27,-100,-385,495
869,700529,127,35,-92,458,387
870,10539140,127,35,-92,476,513
871,10447246,127,23,-104,-1542,596
872,8290022,127,37,-90,550,267
873,12248322,127,36,-91,519,294
874,11235872,127,32,-95,250,255
875,2172662,127,22,-105,-2032,510
876,7765894,127,30,-97,81,562
877,8188613,127,32,-95,236,229
878,11841679,126,35,-91,516,313
879,5674740,126,28,-98,-154,406
880,12605113,126,38,-88,608,261
881,2574707,126,32,-94,253,256
882,10532608,126,30,-96,43,436
883,1706195,126,26,-100,-610,641
884,11890810,126,26,-100,-581,899
885,7431009,126,30,-96,94,495
886,4962179,126,32,-94,276,415
887,767860,126,26,-100,-587,692
888,10034794,126,34,-92,425,333
889,5800261,126,16,-110,-8073,1427
890,9583892,126,27,-99,-361,675
891,13566611,126,22,-104,-1962,975
892,464294,126,23,-103,-1508,537
893,7548048,126,23,-103,-1525,463
894,7169167,126,23,-103,-1541,359
895,3026506,126,24,-102,-1133,845
896,7011580,126,20,-106,-3180,1166
897,11641614,126,28,-98,-132,672
898,5857436,126,19,-107,-4006,770
899,8772248,126,23,-103,-1469,1051
900,10116933,126,30,-96,104,415
901,5787191,126,20,-106,-3216,788
902,2235509,126,23,-103,-1512,584
903,4608569,126,16,-110,-8067,1173
904,3061623,126,20,-106,-3266,751
905,6757536,126,35,-91,534,627
906,356321,126,18,-108,-5077,738
907,3866805,126,25,-101,-809,988
908,8556261,126,28,-98,-163,424
909,1675658,126,33,-93,357,314
910,12262873,126,20,-106,-3172,1121
911,4204636,126,17,-109,-6343,551
912,3511630,126,26,-100,-571,604
913,12253965,126,27,-99,-307,1093
914,11012191,126,30,-96,124,453
915,12393602,126,22,-104,-2150,312
916,12896556,126,20,-106,-3210,444
917,665405,126,26,-100,-614,455
918,12474728,126,22,-104,-2048,560
919,11546360,126,19,-107,-4018,750
920,11414057,126,19,-107,-4050,454
921,2325905,126,16,-110,-8099,878
922,12014636,126,20,-106,-3180,493
923,5182974,126,31,-95,209,415
924,7454613,126,24,-102,-1140,594
925,6884285,126,20,-106,-3326,565
926,4036002,126,25,-101,-933,397
927,9944882,125,33,-92,395,253
928,11659910,125,42,-83,760,397
929,996312,125,26,-99,-527,1265
930,10535657,125,43,-82,777,323
931,2658184,125,21,-104,-2473,665
932,1928397,125,27,-98,-315,689
933,2135951,125,38,-87,658,336
934,8118071,125,22,-103,-1935,824
935,8789330,125,19,-106,-4025,724
936,10259888,125,34,-91,480,383
937,7061204,125,22,-103,-1972,768
938,7084073,125,34,-91,481,242
939,4902525,125,19,-106,-3954,1461
940,9413168,125,19,-106,-3962,1115
941,292677,125,17,-108,-6286,908
942,1464206,125,24,-101,-1063,1267
943,10891976,125,19,-106,-3953,1242
944,9854245,125,26,-99,-548,987
945,11255820,125,24,-101,-1151,750
946,12803450,125,25,-100,-835,588
947,356373,125,19,-106,-3996,784
948,3365189,125,19,-106,-3952,840
949,1967658,125,22,-103,-1975,759
950,813620,125,20,-105,-3205,633
951,1892797,125,19,-106,-3968,724
952,1189659,125,26,-99,-547,852
953,12994913,125,18,-107,-5036,575
954,13577331,125,16,-109,-8040,1000
955,4680226,125,19,-106,-4112,524
956,5849019,125,31,-94,230,381
957,9562642,125,21,-104,-2544,643
958,7290163,125,40,-85,728,353
959,890273,125,21,-104,-2718,278
960,1244577,125,19,-106,-3948,711
961,3664185,125,26,-99,-573,377
962,1220795,125,21,-104,-2458,463
963,13301996,125,24,-101,-1147,399
964,397582,125,18,-107,-4954,638
965,7437741,125,24,-101,-1047,764
966,5214505,125,18,-107,-5013,532
967,4047855,125,21,-104,-2464,557
968,1563838,124,50,-74,913,264
969,4185804,124,26,-98,-490,660
970,11996570,124,22,-102,-1941,625
971,13321205,124,26,-98,-506,765
972,4630214,124,21,-103,-2449,763
973,3636331,124,28,-96,-70,400
974,3057981,124,23,-101,-1473,549
975,6461321,124,25,-99,-811,567
976,12077016,124,27,-97,-287,462
977,12673125,124,42,-82,795,290
978,9734522,124,19,-105,-3935,779
979,11044059,124,19,-105,-3920,1030
980,10981971,124,35,-89,582,325
981,8966626,124,17,-107,-6241,1258
982,1317443,124,33,-91,461,480
983,739196,124,23,-101,-1419,764
984,1187512,124,24,-100,-1070,656
985,3685474,124,42,-82,797,270
986,6887457,124,19,-105,-4121,545
987,6021265,124,36,-88,655,420
988,1894177,124,15,-109,-10193,955
989,7440739,124,36,-88,655,421
990,8891041,124,21,-103,-2508,550
991,11968750,124,35,-89,607,419
992,9521931,124,21,-103,-2554,606
993,4558383,124,20,-104,-3128,808
994,1748681,124,25,-99,-741,576
995,8178937,124,34,-90,526,401
996,3829502,124,28,-96,-86,562
997,12480811,124,33,-91,437,308
998,10466891,124,36,-88,643,261
999,1835531,124,43,-81,842,368
1000,2522634,124,18,-106,-5147,517
1001,10061335,124,29,-95,41,351
1002,4998111,124,20,-104,-3104,672
1003,655953,124,25,-99,-860,308
1004,12268612,124,16,-108,-8352,400
1005,6392432,124,32,-92,390,318
1006,11441969,124,25,-99,-757,453
1007,7849560,124,20,-104,-3112,395
1008,1715701,123,23,-100,-1422,827
1009,9917710,123,26,-97,-516,486
1010,11520281,123,20,-103,-3062,1096
1011,10049955,123,32,-91,407,351
1012,13550762,123,23,-100,-1407,906
1013,7301616,123,14,-109,-12994,2075
1014,10642843,123,31,-92,340,415
1015,10802141,123,22,-101,-1857,764
1016,8263919,123,20,-103,-3074,963
1017,4438625,123,23,-100,-1419,580
1018,700521,123,21,-102,-2536,638
1019,4245592,123,33,-90,493,355
1020,4762161,123,24,-99,-1149,470
1021,13410044,123,21,-102,-2438,658
1022,7767222,123,30,-93,170,230
1023,1144802,123,22,-101,-1841,1093
1024,6106258,123,24,-99,-999,910
1025,7659204,123,44,-79,887,231
1026,2790742,123,15,-108,-10135,1216
1027,4239620,123,19,-104,-3952,522
1028,5239712,123,22,-101,-1810,876
1029,2967842,123,31,-92,339,528
1030,8781280,123,20,-103,-3131,521
1031,12541096,123,36,-87,680,359
1032,10600885,123,23,-100,-1356,796
1033,8189092,123,16,-107,-7942,981
1034,9672660,123,19,-104,-3860,1027
1035,8235390,123,36,-87,679,281
1036,5965719,123,13,-110,-16799,1168
1037,11217710,123,15,-108,-10128,904
1038,5708095,123,21,-102,-2385,720
1039,1469072,123,56,-67,1015,376
1040,1671647,123,15,-108,-10147,864
1041,2208266,123,18,-105,-4887,741
1042,9626651,123,24,-99,-996,592
1043,10723751,123,25,-98,-706,757
1044,4123817,123,22,-101,-1815,715
1045,1176101,123,30,-93,259,423
1046,9787277,123,20,-103,-3194,439
1047,6888095,123,18,-105,-4924,772
1048,12479112,123,25,-98,-749,597
1049,13180452,123,34,-89,595,443
1050,8280410,123,28,-95,-52,446
1051,8008396,123,21,-102,-2405,545
1052,9063030,123,22,-101,-2009,343
1053,7520532,123,30,-93,254,478
1054,12868174,123,20,-103,-3128,683
1055,4152850,123,21,-102,-2428,373
1056,6882062,123,18,-105,-4858,711
1057,8535139,123,27,-96,-239,530
1058,13065867,123,19,-104,-3908,655
1059,11298802,123,24,-99,-1049,497
1060,2166348,123,19,-104,-3949,483
1061,6629732,123,20,-103,-3143,500
1062,11450010,123,33,-90,531,381
1063,6283088,123,20,-103,-3173,478
1064,8772760,123,29,-94,136,310
1065,4370292,122,39,-83,822,270
1066,12719509,122,28,-94,45,434
1067,10813706,122,27,-95,-151,354
1068,9656017,122,24,-98,-1027,557
1069,12144570,122,20,-102,-3001,1138
1070,1248479,122,22,-100,-1858,702
1071,5502455,122,23,-99,-1350,1043
1072,431721,122,31,-91,331,260
1073,9494010,122,16,-106,-7900,1064
1074,13203563,122,20,-102,-2989,1472
1075,4008390,122,23,-99,-1386,654
1076,12926869,122,23,-99,-1376,751
1077,11079537,122,20,-102,-2996,917
1078,2152980,122,31,-91,348,233
1079,12610157,122,17,-105,-6198,802
1080,5249834,122,25,-97,-665,618
1081,7359589,122,31,-91,401,512
1082,3445028,122,20,-102,-3062,854
1083,8879588,122,41,-81,871,303
1084,10572868,122,16,-106,-7880,1419
1085,5312142,122,18,-104,-4820,1168
1086,9890581,122,45,-77,967,297
1087,12424665,122,21,-101,-2328,719
1088,13148924,122,10,-112,-38030,1940
1089,11759039,122,18,-104,-4820,1128
1090,7233653,122,41,-81,897,706
1091,4037918,122,14,-108,-12926,997
1092,641717,122,22,-100,-1809,680
1093,178122,122,20,-102,-3039,710
1094,2761062,122,24,-98,-965,792
1095,11731495,122,19,-103,-3806,864
1096,10497814,122,31,-91,392,322
1097,2563587,122,16,-106,-7877,997
1098,4765919,122,34,-88,630,317
1099,3500055,122,27,-95,-203,446
1100,3561375,122,20,-102,-3034,673
1101,5694646,122,18,-104,-4894,754
1102,3729300,122,18,-104,-4847,734
1103,4852636,122,18,-104,-4981,519
1104,8902401,122,19,-103,-3848,846
1105,13653781,122,25,-97,-674,629
1106,4998479,122,15,-107,-10069,791
1107,12267893,122,20,-102,-3018,693
1108,10415086,122,28,-94,4,332
1109,2370667,122,22,-100,-1979,399
1110,576664,122,28,-94,22,441
1111,13005961,122,22,-100,-1743,728
1112,11394403,122,23,-99,-1277,616
1113,898067,122,22,-100,-1885,351
1114,6281154,122,15,-107,-10102,734
1115,10766527,122,25,-97,-677,432
1116,3014503,122,30,-92,323,472
1117,1632775,122,32,-90,511,453
1118,5818700,122,17,-105,-6147,691
1119,1957526,122,24,-98,-1023,376
1120,6069486,122,28,-94,0,376
1121,8381641,122,43,-79,966,308
1122,190458,122,20,-102,-3138,472
1123,6521015,121,41,-80,912,321
1124,48276,121,27,-94,-160,399
1125,12297296,121,33,-88,587,314
1126,12091099,121,17,-104,-6092,906
1127,10927353,121,19,-102,-3779,1030
1128,11740222,121,26,-95,-344,692
1129,12138887,121,29,-92,237,487
1130,1527028,121,17,-104,-6087,1102
1131,1237316,121,23,-98,-1243,884
1132,848577,121,23,-98,-1351,735
1133,4558458,121,21,-100,-2322,790
1134,6063608,121,15,-106,-10023,1293
1135,12184045,121,24,-97,-959,602
1136,4157024,121,33,-88,565,191
1137,10183122,121,25,-96,-674,541
1138,6029282,121,17,-104,-6101,832
1139,3087824,121,10,-111,-37978,1972
1140,7494931,121,21,-100,-2387,610
1141,2486332,121,21,-100,-2265,695
1142,11943090,121,24,-97,-908,703
1143,13029611,121,23,-98,-1253,752
1144,352326,121,24,-97,-937,423
1145,7122190,121,23,-98,-1320,636
1146,8511356,121,42,-79,974,723
1147,6083850,121,17,-104,-6073,817
1148,11839082,121,35,-86,732,292
1149,4020961,121,17,-104,-6233,751
1150,638877,121,16,-105,-7832,1147
1151,7709741,121,14,-107,-12864,918
1152,8492899,121,23,-98,-1304,484
1153,12999959,121,19,-102,-3783,774
1154,2371503,121,18,-103,-4754,1079
1155,13215047,121,24,-97,-901,736
1156,1477448,121,14,-107,-12886,901
1157,1686604,121,21,-100,-2402,390
1158,688531,121,25,-96,-578,580
1159,2489160,121,29,-92,181,299
1160,8853118,121,47,-74,1068,308
1161,9013659,121,38,-83,880,351
1162,13311174,121,22,-99,-1743,618
1163,10299677,121,18,-103,-4790,756
1164,755009,121,16,-105,-7916,704
1165,11460531,121,20,-101,-2913,1284
1166,7943671,121,30,-91,357,446
1167,9365542,121,24,-97,-1037,322
1168,9757946,121,19,-102,-3855,414
1169,4075915,121,31,-90,451,377
1170,6783396,121,17,-104,-6298,465
1171,4188609,121,15,-106,-10041,846
1172,10032151,121,22,-99,-1782,446
1173,12563418,121,29,-92,230,279
1174,12570955,121,21,-100,-2323,436
1175,11579522,121,31,-90,482,445
1176,6871192,121,31,-90,495,380
1177,10303591,120,27,-93,-63,374
1178,5133685,120,34,-86,733,356
1179,537673,120,30,-90,346,366
1180,5215769,120,26,-94,-317,385
1181,1150543,120,23,-97,-1278,648
1182,8363537,120,22,-98,-1685,951
1183,8775865,120,24,-96,-870,491
1184,10200815,120,23,-97,-1241,840
1185,12903726,120,17,-103,-6031,1201
1186,12499332,120,20,-100,-2898,1057
1187,10829354,120,29,-91,283,573
1188,10537264,120,20,-100,-2866,1503
1189,7892735,120,28,-92,150,592
1190,10010205,120,19,-101,-3734,757
1191,9014020,120,21,-99,-2248,631
1192,11532582,120,18,-102,-4724,1088
1193,4835217,120,20,-100,-3020,446
1194,10857118,120,35,-85,820,470
1195,6521191,120,22,-98,-1768,479
1196,11837410,120,12,-108,-21720,1818
1197,13178304,120,18,-102,-4733,1030
1198,11461200,120,24,-96,-941,484
1199,1558914,120,16,-104,-7803,769
1200,13184412,120,31,-89,489,421
1201,3367313,120,42,-78,1035,253
1202,2323151,120,19,-101,-3714,815
1203,4340730,120,28,-92,61,295
1204,4929379,120,18,-102,-4751,701
1205,1874529,120,20,-100,-2887,885
1206,10587955,120,31,-89,510,418
1207,9086106,120,34,-86,727,347
1208,10121813,120,22,-98,-1672,706
1209,8290941,120,18,-102,-4756,826
1210,13401339,120,17,-103,-6071,625
1211,469343,120,27,-93,-81,428
1212,11924257,120,19,-101,-3698,801
1213,5797552,120,41,-79,1006,214
1214,763316,120,35,-85,829,336
1215,12000208,120,34,-86,769,490
1216,3455003,120,16,-104,-7888,492
1217,10846453,120,23,-97,-1236,594
1218,4674878,120,30,-90,443,391
1219,6856447,120,16,-104,-7903,645
1220,12524511,120,13,-107,-16619,994
1221,11408426,120,19,-101,-3742,726
1222,10946433,120,31,-89,501,365
1223,8215271,120,17,-103,-6000,776
1224,1387017,120,20,-100,-3058,577
1225,5832862,120,20,-100,-2879,777
1226,10474557,120,22,-98,-1757,462
1227,3229469,120,22,-98,-1770,446
1228,9058568,120,15,-105,-10051,664
1229,9716632,120,39,-81,975,358
1230,3619855,120,17,-103,-6137,535
1231,11677282,120,31,-89,533,368
1232,8450478,120,24,-96,-930,471
1233,917015,120,17,-103,-6144,396
1234,3312347,120,24,-96,-924,309
1235,2286837,120,26,-94,-347,455
1236,9877690,120,22,-98,-1744,458
1237,840740,120,17,-103,-6022,545
1238,13258390,120,23,-97,-1314,276
1239,2899761,120,28,-92,170,383
1240,9372571,119,34,-85,821,440
1241,12679451,119,29,-90,348,561
1242,11035594,119,21,-98,-2149,950
1243,6297325,119,22,-97,-1615,978
1244,11441791,119,19,-100,-3639,1586
1245,9063836,119,25,-94,-460,657
1246,3579843,119,20,-99,-2853,647
1247,12581325,119,21,-98,-2182,575
1248,12802697,119,22,-97,-1579,1325
1249,3426870,119,29,-90,353,585
1250,5081651,119,25,-94,-507,503
1251,6306931,119,23,-96,-1245,541
1252,10411770,119,20,-99,-2888,636
1253,9516178,119,20,-99,-2850,669
1254,9424198,119,16,-103,-7723,1085
1255,13205926,119,24,-95,-761,611
1256,3508747,119,47,-72,1163,298
1257,2903900,119,23,-96,-1227,723
1258,5766929,119,21,-98,-2188,602
1259,9797177,119,16,-103,-7736,931
1260,436293,119,18,-101,-4676,737
1261,6993588,119,28,-91,84,273
1262,486090,119,19,-100,-3696,600
1263,4108038,119,14,-105,-12758,1165
1264,3285106,119,19,-100,-3721,618
1265,6965114,119,40,-79,1040,336
1266,6908840,119,16,-103,-7720,966
1267,5080835,119,22,-97,-1628,533
1268,6928749,119,20,-99,-2928,632
1269,2499173,119,21,-98,-2139,731
1270,1327132,119,23,-96,-1295,448
1271,7066547,119,32,-87,628,327
1272,101497,119,22,-97,-1649,431
1273,9412648,119,26,-93,-242,613
1274,3487337,119,22,-97,-1626,572
1275,11451082,119,18,-101,-4648,1116
1276,5965135,119,20,-99,-2910,810
1277,9762871,119,28,-91,137,456
1278,4411326,119,18,-101,-4690,628
1279,4666632,119,15,-104,-9924,806
1280,12959153,119,23,-96,-1135,579
1281,539937,119,28,-91,182,434
1282,3735671,119,18,-101,-4758,474
1283,8952263,119,21,-98,-2147,648
1284,2293321,119,21,-98,-2219,449
1285,3606276,119,24,-95,-773,655
1286,10446600,119,37,-82,974,325
1287,2200336,119,31,-88,609,444
1288,3374427,119,23,-96,-1255,373
1289,9636869,119,27,-92,14,307
1290,8949494,119,15,-104,-9977,608
1291,11170552,119,29,-90,377,343
1292,147785,119,17,-102,-6196,443
1293,6076664,119,28,-91,176,383
1294,10866287,119,29,-90,371,299
1295,5869257,119,22,-97,-1679,468
1296,7398962,119,18,-101,-4723,564
1297,8744566,119,28,-91,194,440
1298,5244991,119,14,-105,-12740,608
1299,4926331,119,25,-94,-585,278
1300,757708,118,24,-94,-769,565
1301,6619881,118,31,-87,640,472
1302,733660,118,24,-94,-720,560
1303,8241999,118,24,-94,-765,411
1304,2855523,118,40,-78,1081,283
1305,10708463,118,16,-102,-7686,768
1306,4207331,118,24,-94,-728,772
1307,676215,118,26,-92,-183,924
1308,6161888,118,35,-83,917,274
1309,13452224,118,30,-88,499,439
1310,13356965,118,29,-89,383,350
1311,8896539,118,28,-90,233,310
1312,8000240,118,35,-83,931,524
1313,962654,118,24,-94,-788,635
1314,10919337,118,18,-100,-4598,1027
1315,11071011,118,19,-99,-3612,809
1316,4016510,118,29,-89,383,308
1317,2642294,118,23,-95,-1162,598
1318,10409983,118,22,-96,-1597,710
1319,11590103,118,29,-89,371,280
1320,8264434,118,22,-96,-1566,627
1321,6708026,118,18,-100,-4676,657
1322,10559139,118,16,-102,-7659,1161
1323,933325,118,23,-95,-1086,773
1324,4217427,118,19,-99,-3579,864
1325,11222915,118,18,-100,-4680,630
1326,7838821,118,22,-96,-1549,528
1327,6451848,118,24,-94,-756,400
1328,238914,118,20,-98,-2878,539
1329,1323533,118,25,-93,-543,482
1330,12662701,118,18,-100,-4583,1184
1331,4652604,118,19,-99,-3662,690
1332,11793659,118,22,-96,-1614,541
1333,962068,118,16,-102,-7668,814
1334,3735608,118,16,-102,-7725,810
1335,2482785,118,31,-87,647,410
1336,13345359,118,42,-76,1150,224
1337,3603465,118,22,-96,-1716,519
1338,96389,118,26,-92,-236,338
1339,3079155,118,16,-102,-7693,718
1340,2591950,118,17,-101,-5939,914
1341,10343291,118,17,-101,-5873,1061
1342,208012,118,20,-98,-2835,527
1343,204462,118,18,-100,-4648,614
1344,9164869,118,47,-71,1253,267
1345,13294379,118,14,-104,-12696,755
1346,3573696,118,23,-95,-1062,851
1347,4294252,118,23,-95,-1162,576
1348,10043192,118,26,-92,-163,466
1349,12133276,118,13,-105,-16505,1030
1350,12541546,118,26,-92,-166,446
1351,8291323,118,31,-87,662,412
1352,9183876,118,38,-80,1072,209
1353,7290430,118,22,-96,-1607,429
1354,2979219,118,33,-85,811,354
1355,3871786,118,15,-103,-9827,708
1356,7795460,118,29,-89,409,395
1357,5033958,118,25,-93,-521,322
1358,9146179,118,43,-75,1196,244
1359,94748,118,24,-94,-727,508
1360,12764317,118,21,-97,-2196,388
1361,9773849,117,41,-76,1157,269
1362,5066448,117,23,-94,-1029,977
1363,5178935,117,19,-98,-3535,1048
1364,12947173,117,24,-93,-733,440
1365,8206644,117,20,-97,-2766,840
1366,6423842,117,32,-85,739,365
1367,11053972,117,28,-89,253,461
1368,2705218,117,39,-78,1115,324
1369,6832898,117,23,-94,-1094,420
1370,1566902,117,19,-98,-3545,811
1371,12046441,117,27,-90,42,406
1372,299812,117,30,-87,510,307
1373,11414068,117,28,-89,239,365
1374,1519190,117,19,-98,-3549,936
1375,2727534,117,30,-87,583,448
1376,9421176,117,22,-95,-1501,749
1377,3485564,117,25,-92,-360,657
1378,1537385,117,21,-96,-2145,487
1379,4063816,117,21,-96,-2116,523
1380,2069751,117,20,-97,-2761,716
1381,1477997,117,12,-105,-21539,1327
1382,6742153,117,16,-101,-7606,1032
1383,13157760,117,20,-97,-2741,814
1384,10315037,117,26,-91,-169,387
1385,6982424,117,18,-99,-4563,796
1386,104136,117,17,-100,-5872,748
1387,5327197,117,19,-98,-3620,795
1388,4430257,117,32,-85,759,303
1389,183310,117,16,-101,-7582,1310
1390,11357187,117,34,-83,925,395
1391,1485912,117,18,-99,-4603,604
1392,5296611,117,23,-94,-1066,633
1393,1475624,117,33,-84,843,343
1394,11275592,117,20,-97,-2827,619
1395,9852686,117,24,-93,-651,719
1396,11243223,117,19,-98,-3549,650
1397,5456253,117,27,-90,147,526
1398,7233323,117,30,-87,632,571
1399,7707064,117,34,-83,958,324
1400,5298627,117,29,-88,462,418
1401,10501443,117,19,-98,-3667,498
1402,9281365,117,22,-95,-1510,587
1403,12829936,117,23,-94,-1020,469
1404,5591640,117,21,-96,-2015,631
1405,9392849,117,37,-80,1096,309
1406,223237,117,13,-104,-16435,844
1407,9974904,117,19,-98,-3651,484
1408,1198562,117,21,-96,-2079,483
1409,3728453,117,17,-100,-5982,479
1410,4880638,117,23,-94,-1067,467
1411,9980324,117,28,-89,366,487
1412,5991192,117,24,-93,-688,336
1413,2891171,117,15,-102,-9926,565
1414,9508508,117,20,-97,-2708,563
1415,586734,117,15,-102,-9810,696
1416,912103,117,27,-90,178,579
1417,12602282,117,27,-90,140,513
1418,13019693,117,24,-93,-702,414
1419,3315898,117,32,-85,807,393
1420,5550508,117,23,-94,-1030,486
1421,1688986,117,34,-83,960,389
1422,13619590,117,22,-95,-1563,425
1423,11179052,117,18,-99,-4537,552
1424,11475490,116,22,-94,-1463,670
1425,2118729,116,19,-97,-3463,1348
1426,8328857,116,30,-86,622,385
1427,11468801,116,23,-93,-1132,301
1428,1243201,116,20,-96,-2848,396
1429,7269973,116,21,-95,-2006,772
1430,6489687,116,31,-85,751,323
1431,5066731,116,21,-95,-2042,557
1432,3915585,116,24,-92,-734,408
1433,5101959,116,15,-101,-9725,1508
1434,9481939,116,20,-96,-2677,730
1435,10573729,116,27,-89,95,470
1436,7409521,116,25,-91,-355,429
1437,6813852,116,27,-89,99,434
1438,8623374,116,27,-89,171,635
1439,7822403,116,19,-97,-3534,750
1440,2565018,116,31,-85,730,409
1441,4580292,116,18,-98,-4506,728
1442,12522036,116,18,-98,-4546,753
1443,3526632,116,16,-100,-7535,970
1444,3046837,116,25,-91,-302,457
1445,9945100,116,19,-97,-3568,355
1446,11199825,116,22,-94,-1503,623
1447,6398081,116,21,-95,-2017,664
1448,1991228,116,22,-94,-1401,1087
1449,12215124,116,26,-90,-116,573
1450,10734897,116,24,-92,-654,451
1451,3836571,116,19,-97,-3477,672
1452,5517485,116,16,-100,-7557,937
1453,5657953,116,26,-90,-17,407
1454,10502852,116,16,-100,-7613,718
1455,4437984,116,23,-93,-1130,552
1456,13119976,116,25,-91,-298,583
1457,13447666,116,29,-87,486,412
1458,8321358,116,23,-93,-1113,378
1459,5190812,116,38,-78,1186,379
1460,5580481,116,15,-101,-9728,883
1461,7559150,116,13,-103,-16396,906
1462,8806556,116,21,-95,-1966,594
1463,9332907,116,24,-92,-569,821
1464,10229909,116,33,-83,945,391
1465,1603218,116,24,-92,-651,491
1466,4661834,116,19,-97,-3439,1002
1467,987999,116,36,-80,1109,314
1468,2351522,116,24,-92,-598,455
1469,2362167,116,25,-91,-338,427
1470,3929009,116,23,-93,-905,1013
1471,10378973,116,17,-99,-5777,869
1472,9928325,116,13,-103,-16365,1068
1473,6155379,116,18,-98,-4700,540
1474,4936803,116,21,-95,-2037,548
1475,6094140,116,11,-105,-28217,783
1476,9577627,116,13,-103,-16419,645
1477,8777904,116,21,-95,-2041,443
1478,10351500,116,26,-90,-90,280
1479,11351545,116,22,-94,-1384,641
1480,680845,116,19,-97,-3500,696
1481,7385170,116,25,-91,-274,430
1482,8613304,116,19,-97,-3477,587
1483,2104858,116,41,-75,1273,360
1484,11590406,116,36,-80,1132,275
1485,13597435,116,15,-101,-9773,632
1486,640837,116,25,-91,-320,441
1487,1865739,116,18,-98,-4592,585
1488,12181746,116,25,-91,-333,445
1489,1906865,116,17,-99,-5841,602
1490,12277490,116,19,-97,-3597,401
1491,13407284,116,18,-98,-4465,559
1492,3711523,116,40,-76,1258,288
1493,10575422,116,15,-101,-9756,583
1494,2482917,116,20,-96,-2713,659
1495,3008615,116,20,-96,-2667,535
1496,10512219,116,27,-89,216,523
1497,10311209,116,23,-93,-1029,417
1498,8356928,116,28,-88,398,356
1499,2511468,116,17,-99,-5915,590
1500,10421128,116,20,-96,-2647,647
1501,8797076,116,18,-98,-4793,336
1502,166580,116,18,-98,-4808,297
1503,9273529,115,23,-92,-934,507
1504,10883531,115,34,-81,1065,371
1505,13165025,115,28,-87,450,807
1506,12395992,115,28,-87,426,715
1507,2504632,115,24,-91,-573,627
1508,2202623,115,23,-92,-1026,492
1509,6919022,115,19,-96,-3416,433
1510,6686390,115,29,-86,534,259
1511,11457083,115,12,-103,-21408,1599
1512,6925870,115,30,-85,681,328
1513,437984,115,26,-89,-65,389
1514,3680393,115,19,-96,-3470,705
1515,937249,115,23,-92,-925,862
1516,7161623,115,24,-91,-566,419
1517,11889130,115,46,-69,1409,226
1518,3206803,115,18,-97,-4402,886
1519,4770644,115,21,-94,-2054,315
1520,2482416,115,25,-90,-273,478
1521,8608611,115,17,-98,-5710,973
1522,7369868,115,17,-98,-5707,1343
1523,7286836,115,19,-96,-3409,597
1524,3005735,115,26,-89,-95,433
1525,6328132,115,26,-89,-96,318
1526,958315,115,22,-93,-1564,358
1527,10199032,115,18,-97,-4449,691
1528,11451275,115,33,-82,983,356
1529,11764202,115,25,-90,-302,418
1530,5645987,115,35,-80,1154,352
1531,4669393,115,18,-97,-4439,849
1532,4015792,115,14,-101,-12486,1237
1533,10638710,115,23,-92,-924,585
1534,1723313,115,22,-93,-1421,412
1535,8510590,115,15,-100,-9716,641
1536,11014544,115,29,-86,590,459
1537,4541457,115,34,-81,1084,359
1538,910178,115,23,-92,-956,437
1539,8281506,115,27,-88,216,290
1540,11346057,115,20,-95,-2627,644
1541,8473232,115,18,-97,-4401,750
1542,6556287,115,18,-97,-4479,502
1543,12909855,115,24,-91,-570,591
1544,2461938,115,20,-95,-2616,686
1545,8102625,115,24,-91,-598,344
1546,9387765,115,24,-91,-497,592
1547,12724013,115,16,-99,-7565,594
1548,6251805,115,17,-98,-5676,712
1549,5187358,115,20,-95,-2694,555
1550,2825363,115,18,-97,-4409,667
1551,5849657,115,19,-96,-3474,502
1552,6270844,115,20,-95,-2602,580
1553,10101533,115,19,-96,-3489,498
1554,2211200,115,23,-92,-1010,284
1555,432337,115,34,-81,1073,297
1556,1740233,115,24,-91,-506,431
1557,11781289,115,17,-98,-5897,475
1558,6037185,115,10,-105,-37569,1125
1559,5980183,115,25,-90,-219,426
1560,11871473,115,18,-97,-4558,522
1561,5317349,115,20,-95,-2686,332
1562,3945690,114,25,-89,-157,719
1563,10205683,114,36,-78,1226,205
1564,3256844,114,23,-91,-848,760
1565,4071008,114,30,-84,796,349
1566,9926635,114,24,-90,-486,1012
1567,11926944,114,26,-88,8,509
1568,11410770,114,21,-93,-1881,997
1569,6034807,114,20,-94,-2510,1342
1570,12373230,114,28,-86,498,534
1571,3491640,114,27,-87,262,522
1572,10983493,114,21,-93,-1831,807
1573,8451280,114,17,-97,-5716,806
1574,761319,114,33,-81,1017,252
1575,12285007,114,21,-93,-1904,678
1576,1522726,114,17,-97,-5654,853
1577,10004905,114,17,-97,-5839,419
1578,12988801,114,20,-94,-2508,1346
1579,13405349,114,22,-92,-1425,532
1580,12402157,114,32,-82,960,276
1581,10307184,114,28,-86,553,393
1582,6679491,114,18,-96,-4358,1044
1583,3232731,114,22,-92,-1395,679
1584,5988181,114,16,-98,-7401,876
1585,13720441,114,27,-87,279,308
1586,1256184,114,41,-73,1378,299
1587,4808268,114,16,-98,-7396,875
1588,7120545,114,21,-93,-1994,374
1589,11299126,114,20,-94,-2563,553
1590,4673858,114,47,-67,1500,300
1591,1992608,114,21,-93,-1809,615
1592,6691003,114,25,-89,-126,837
1593,9114055,114,20,-94,-2570,667
1594,6620897,114,15,-99,-9561,1109
1595,8060333,114,17,-97,-5699,566
1596,3637113,114,35,-79,1208,424
1597,6026746,114,17,-97,-5641,822
1598,6662848,114,26,-88,50,502
1599,7927095,114,15,-99,-9585,899
1600,1760734,114,16,-98,-7415,911
1601,3793292,114,22,-92,-1295,477
1602,6337169,114,23,-91,-976,317
1603,5099243,114,20,-94,-2721,371
1604,4686772,114,21,-93,-1874,505
1605,5959242,114,15,-99,-9623,865
1606,3119403,114,21,-93,-2026,341
1607,8218082,114,22,-92,-1297,618
1608,1941515,114,17,-97,-5656,742
1609,358073,114,40,-74,1374,352
1610,2327537,114,34,-80,1131,396
1611,7142825,114,20,-94,-2607,436
1612,8851672,114,24,-90,-449,847
1613,5101807,114,41,-73,1411,313
1614,2992249,114,22,-92,-1309,588
1615,1273728,114,25,-89,-229,358
1616,9284622,114,20,-94,-2564,549
1617,12077409,114,15,-99,-9712,506
1618,7062597,114,40,-74,1382,263
1619,10465221,114,32,-82,998,546
1620,10390434,114,24,-90,-485,493
1621,11780923,114,19,-95,-3391,481
1622,13210057,114,23,-91,-999,352
1623,944431,114,20,-94,-2515,683
1624,12160795,114,26,-88,128,483
1625,5693584,114,30,-84,771,317
1626,7435019,114,14,-100,-12424,651
1627,11701696,114,17,-97,-5726,522
1628,3279054,114,27,-87,270,243
1629,13425946,114,15,-99,-9717,510
1630,7937908,114,23,-91,-966,513
1631,13123254,114,18,-96,-4380,360
1632,5990476,114,20,-94,-2566,418
1633,13635144,114,19,-95,-3367,522
1634,5358705,114,15,-99,-9601,557
1635,9492894,114,21,-93,-1819,508
1636,8394737,114,23,-91,-854,373
1637,3123618,114,24,-90,-528,424
1638,6752925,114,37,-77,1314,217
1639,4103200,114,19,-95,-3420,331
1640,4733375,113,27,-86,367,309
1641,781510,113,29,-84,728,591
1642,5718028,113,38,-75,1366,228
1643,2290167,113,41,-72,1442,237
1644,857536,113,23,-90,-748,1069
1645,4823440,113,26,-87,95,694
1646,8186116,113,22,-91,-1252,494
1647,8096016,113,25,-88,-115,464
1648,12875761,113,41,-72,1445,341
1649,10853490,113,33,-80,1121,222
1650,1278146,113,38,-75,1376,375
1651,8498523,113,15,-98,-9501,2357
1652,3312983,113,29,-84,693,302
1653,2243846,113,15,-98,-9546,810
1654,3807637,113,23,-90,-875,506
1655,6105109,113,23,-90,-769,555
1656,12737159,113,28,-85,558,514
1657,7612271,113,26,-87,72,672
1658,92860,113,21,-92,-1838,696
1659,7491754,113,23,-90,-769,658
1660,6934747,113,22,-91,-1299,449
1661,470547,113,18,-95,-4301,590
1662,11015402,113,21,-92,-1934,523
1663,6124500,113,32,-81,1055,351
1664,6332937,113,18,-95,-4277,826
1665,5819648,113,35,-78,1270,254
1666,770179,113,21,-92,-1826,729
1667,6144563,113,30,-83,893,549
1668,5141983,113,23,-90,-798,467
1669,10066910,113,21,-92,-1738,759
1670,5188124,113,20,-93,-2604,552
1671,12234605,113,15,-98,-9548,939
1672,9372573,113,21,-92,-1876,351
1673,3380508,113,15,-98,-9503,1063
1674,5667798,113,26,-87,180,464
1675,381663,113,12,-101,-21256,1228
1676,11205932,113,17,-96,-5597,928
1677,11684234,113,19,-94,-3373,449
1678,2970324,113,17,-96,-5653,652
1679,11584468,113,24,-89,-439,562
1680,6211615,113,26,-87,201,540
1681,9896963,113,18,-95,-4361,523
1682,6450747,113,15,-98,-9490,911
1683,8885257,113,24,-89,-450,441
1684,3657835,113,22,-91,-1316,430
1685,4721792,113,16,-97,-7318,782
1686,1138134,113,17,-96,-5627,823
1687,7982155,113,36,-77,1349,313
1688,2944294,113,13,-100,-16174,772
1689,2259535,113,24,-89,-461,449
1690,9344235,113,19,-94,-3243,691
1691,11872253,113,23,-90,-830,404
1692,4195915,113,17,-96,-5595,578
1693,10567908,113,17,-96,-5592,800
1694,5323029,113,19,-94,-3609,259
1695,10633507,113,30,-83,881,486
1696,1849980,113,28,-85,603,413
1697,11350850,113,15,-98,-9710,492
1698,8852987,113,13,-100,-16208,657
1699,12039482,113,21,-92,-1832,483
1700,415401,113,15,-98,-9607,572
1701,7279536,113,17,-96,-5631,540
1702,10234851,113,22,-91,-1223,490
1703,11167127,113,18,-95,-4356,512
1704,6116835,113,19,-94,-3207,619
1705,8762221,113,17,-96,-5770,637
1706,5679255,113,23,-90,-880,372
1707,9953402,113,16,-97,-7419,462
1708,9672074,113,20,-93,-2389,658
1709,12584325,113,26,-87,206,529
1710,5188146,113,22,-91,-1312,395
1711,3381761,113,15,-98,-9546,515
1712,4546767,113,21,-92,-1733,529
1713,3029635,113,35,-78,1316,280
1714,5279856,113,17,-96,-5698,606
1715,1046052,113,18,-95,-4380,521
1716,2307276,113,20,-93,-2465,474
1717,10874827,113,23,-90,-895,285
1718,12852845,113,13,-100,-16248,620
1719,6964218,113,16,-97,-7498,534
1720,9241877,113,23,-90,-766,420
1721,9811390,113,14,-99,-12454,479
1722,3680267,113,25,-88,-174,284
1723,8141152,113,21,-92,-1905,265
1724,10701426,113,26,-87,184,470
1725,9539228,113,24,-89,-442,402
1726,1501889,113,11,-102,-28046,602
1727,6579295,113,19,-94,-3414,414
1728,12662648,112,38,-74,1464,232
1729,3934193,112,36,-76,1402,321
1730,1083023,112,36,-76,1391,293
1731,1646236,112,61,-51,1717,285
1732,3477122,112,29,-83,810,461
1733,1793088,112,21,-91,-1715,494
1734,8470707,112,26,-86,216,448
1735,5561380,112,19,-93,-3219,562
1736,10102797,112,27,-85,437,545
1737,10695977,112,24,-88,-347,605
1738,3140265,112,35,-77,1325,232
1739,11232910,112,15,-97,-9414,1507
1740,8915577,112,23,-89,-676,780
1741,2476676,112,20,-92,-2346,906
1742,1819155,112,15,-97,-9421,1102
1743,1023781,112,15,-97,-9448,794
1744,4872638,112,25,-87,-84,384
1745,6133877,112,20,-92,-2575,386
1746,13662082,112,16,-96,-7265,879
1747,2023547,112,35,-77,1355,300
1748,2809367,112,29,-83,853,490
1749,2979295,112,21,-91,-1882,359
1750,7273154,112,20,-92,-2445,699
1751,4404561,112,25,-87,-16,434
1752,11114539,112,12,-100,-21175,1274
1753,11417313,112,15,-97,-9437,829
1754,7093574,112,14,-98,-12281,888
1755,8442069,112,35,-77,1373,359
1756,5240481,112,26,-86,192,527
1757,1464745,112,12,-100,-21204,782
1758,8932019,112,26,-86,258,723
1759,13461977,112,22,-90,-1184,570
1760,10302351,112,24,-88,-363,323
1761,4890321,112,15,-97,-9405,1082
1762,11676123,112,14,-98,-12262,944
1763,11019253,112,12,-100,-21179,885
1764,1428991,112,19,-93,-3191,588
1765,7514944,112,19,-93,-3223,693
1766,6193863,112,26,-86,282,523
1767,4466270,112,20,-92,-2418,527
1768,1455567,112,16,-96,-7425,558
1769,909493,112,23,-89,-756,385
1770,4401925,112,17,-95,-5465,767
1771,1411664,112,18,-94,-4413,331
1772,8585926,112,17,-95,-5650,538
1773,13430355,112,20,-92,-2489,486
1774,2829142,112,27,-85,498,399
1775,10250869,112,24,-88,-396,416
1776,8056294,112,18,-94,-4141,814
1777,7670162,112,18,-94,-4168,742
1778,9382006,112,17,-95,-5474,765
1779,8023545,112,16,-96,-7255,671
1780,4453258,112,21,-91,-1656,570
1781,2534354,112,14,-98,-12245,1180
1782,8250206,112,27,-85,485,389
1783,5729451,112,28,-84,632,343
1784,13329607,112,27,-85,481,343
1785,10492108,112,23,-89,-825,353
1786,3703740,112,12,-100,-21144,1012
1787,8669450,112,22,-90,-1148,584
1788,6331649,112,18,-94,-4395,423
1789,1057214,112,14,-98,-12361,607
1790,6754367,112,31,-81,1085,323
1791,9439490,112,16,-96,-7347,566
1792,3676206,112,16,-96,-7289,684
1793,2839800,112,31,-81,1046,277
1794,4947118,112,23,-89,-698,424
1795,11768343,112,23,-89,-735,290
1796,3246500,112,18,-94,-4156,601
1797,29232,112,17,-95,-5537,581
1798,10907068,112,20,-92,-2533,461
1799,12890600,112,29,-83,916,545
1800,5353006,112,30,-82,957,301
1801,7406712,112,24,-88,-427,365
1802,3228990,112,17,-95,-5522,420
1803,10766683,112,17,-95,-5669,431
1804,11373572,112,15,-97,-9602,425
1805,105929,112,28,-84,709,427
1806,6999993,112,23,-89,-805,264
1807,10224000,111,25,-86,97,294
1808,7936974,111,47,-64,1728,210
1809,469848,111,32,-79,1219,363
1810,371010,111,27,-84,573,354
1811,10749212,111,27,-84,554,321
1812,3221123,111,21,-90,-1604,760
1813,8080269,111,23,-88,-649,727
1814,5660455,111,22,-89,-1232,292
1815,5543096,111,20,-91,-2297,663
1816,5730081,111,40,-71,1589,440
1817,4435704,111,30,-81,1009,328
1818,839104,111,25,-86,-49,392
1819,4540335,111,17,-94,-5396,1263
1820,10487800,111,21,-90,-1665,560
1821,333219,111,41,-70,1622,293
1822,2535477,111,25,-86,-20,597
1823,1235286,111,21,-90,-1620,403
1824,9565405,111,26,-85,337,629
1825,13583214,111,25,-86,-40,322
1826,6106942,111,22,-89,-1065,849
1827,8868931,111,13,-98,-16004,1879
1828,10189611,111,31,-80,1111,446
1829,11896907,111,34,-77,1395,473
1830,5403139,111,20,-91,-2263,935
1831,751135,111,26,-85,385,1199
1832,4172085,111,22,-89,-1126,723
1833,9650273,111,19,-92,-3260,550
1834,7773070,111,21,-90,-1648,860
1835,4876442,111,16,-95,-7131,1499
1836,7526596,111,29,-82,945,571
1837,9904199,111,19,-92,-3135,654
1838,10610530,111,12,-99,-21083,1116
1839,10816493,111,22,-89,-1043,463
1840,5703593,111,20,-91,-2336,678
1841,7077766,111,20,-91,-2268,603
1842,643487,111,19,-92,-3219,490
1843,2480495,111,31,-80,1143,402
1844,10661178,111,22,-89,-1216,543
1845,9869113,111,14,-97,-12187,1076
1846,12566422,111,19,-92,-3252,609
1847,13372717,111,21,-90,-1585,915
1848,7786046,111,14,-97,-12172,932
1849,3437103,111,24,-87,-300,496
1850,10603838,111,20,-91,-2350,606
1851,4519166,111,16,-95,-7265,524
1852,3705671,111,14,-97,-12184,1018
1853,5272287,111,18,-93,-4153,621
1854,5178120,111,22,-89,-1002,976
1855,11697919,111,13,-98,-15989,864
1856,9029967,111,12,-99,-21085,1142
1857,11970028,111,19,-92,-3125,469
1858,2831583,111,20,-91,-2477,531
1859,1174957,111,16,-95,-7158,699
1860,13619733,111,17,-94,-5549,679
1861,17764,111,19,-92,-3086,751
1862,4917693,111,17,-94,-5401,827
1863,6616197,111,14,-97,-12245,633
1864,13146843,111,22,-89,-1209,401
1865,9702895,111,30,-81,1053,405
1866,3501672,111,17,-94,-5470,601
1867,12240540,111,19,-92,-3045,1109
1868,3899113,111,28,-83,802,416
1869,3195953,111,23,-88,-563,458
1870,2293973,111,28,-83,797,651
1871,1108655,111,27,-84,555,396
1872,8863771,111,17,-94,-5470,626
1873,4491874,111,17,-94,-5476,599
1874,9247122,111,13,-98,-15986,805
1875,12198991,111,21,-90,-1543,752
1876,13195243,111,33,-78,1328,387
1877,10552817,111,18,-93,-4176,494
1878,977899,111,30,-81,1046,389
1879,6604654,111,23,-88,-519,722
1880,13705875,111,24,-87,-245,508
1881,13248886,111,16,-95,-7127,735
1882,1155388,111,15,-96,-9361,592
1883,3464918,111,19,-92,-3153,667
1884,5786158,111,14,-97,-12262,665
1885,4284549,111,15,-96,-9495,503
1886,8093384,111,29,-82,960,435
1887,4530302,111,20,-91,-2318,436
1888,1657757,111,32,-79,1256,278
1889,8425497,111,17,-94,-5452,624
1890,12560097,111,24,-87,-186,530
1891,7551550,111,25,-86,138,375
1892,1958826,111,20,-91,-2292,691
1893,12682081,111,34,-77,1431,350
1894,2674400,111,16,-95,-7376,428
1895,6853709,111,15,-96,-9483,509
1896,6485086,111,22,-89,-1233,412
1897,7527708,111,21,-90,-1575,462
1898,3476341,111,24,-87,-290,384
1899,6721830,111,21,-90,-1652,335
1900,3929973,111,13,-98,-16010,656
1901,529594,111,13,-98,-16109,545
1902,6465364,111,29,-82,958,267
1903,12533617,111,22,-89,-1053,511
1904,5945188,111,25,-86,101,324
1905,7359621,111,31,-80,1198,344
1906,9527566,111,16,-95,-7403,447
1907,11444961,110,19,-91,-2979,929
1908,7845224,110,41,-69,1711,420
1909,1724912,110,27,-83,665,372
1910,3192211,110,34,-76,1490,337
1911,11335968,110,50,-60,1853,206
1912,4940948,110,31,-79,1193,200
1913,1848305,110,48,-62,1838,261
1914,13277114,110,24,-86,-173,885
1915,1641604,110,19,-91,-3219,575
1916,513291,110,23,-87,-553,488
1917,8802712,110,20,-90,-2394,466
1918,7116262,110,17,-93,-5310,1239
1919,10300670,110,27,-83,634,320
1920,6628168,110,20,-90,-2223,632
1921,1527910,110,23,-87,-620,362
1922,13651025,110,17,-93,-5362,696
1923,9814245,110,28,-82,873,592
1924,6326845,110,23,-87,-589,439
1925,7675968,110,26,-84,264,382
1926,2157549,110,17,-93,-5307,918
1927,10706369,110,11,-99,-27742,1482
1928,11966102,110,17,-93,-5490,611
1929,1877127,110,16,-94,-7047,1088
1930,11427095,110,16,-94,-7264,628
1931,99937,110,22,-88,-1011,576
1932,2132177,110,19,-91,-3192,496
1933,6606326,110,21,-89,-1558,721
1934,8200784,110,21,-89,-1541,589
1935,13363568,110,11,-99,-27746,1155
1936,9645929,110,14,-96,-12087,964
1937,1565447,110,16,-94,-7060,1121
1938,4090133,110,25,-85,182,451
1939,13115475,110,17,-93,-5372,605
1940,1258328,110,16,-94,-7401,550
1941,13551084,110,17,-93,-5300,655
1942,3735480,110,25,-85,22,352
1943,10106689,110,27,-83,691,608
1944,9891657,110,17,-93,-5334,732
1945,12873710,110,13,-97,-15928,852
1946,673598,110,23,-87,-541,448
1947,8404842,110,15,-95,-9217,1038
1948,2307855,110,18,-92,-4042,780
1949,10743901,110,19,-91,-3080,522
1950,122180,110,22,-88,-964,398
1951,8122176,110,8,-102,-69946,1842
1952,8810062,110,20,-90,-2420,397
1953,12371272,110,37,-73,1633,236
1954,10595216,110,28,-82,867,451
1955,13073897,110,20,-90,-2264,480
1956,7615243,110,22,-88,-941,531
1957,466100,110,19,-91,-3081,553
1958,234845,110,23,-87,-469,404
1959,12822183,110,16,-94,-7048,742
1960,13641787,110,15,-95,-9248,752
1961,3687995,110,18,-92,-4082,514
1962,941207,110,16,-94,-7050,918
1963,128322,110,22,-88,-897,721
1964,5497417,110,22,-88,-1009,421
1965,93802,110,17,-93,-5568,388
1966,1380250,110,17,-93,-5354,712
1967,2180320,110,12,-98,-21025,654
1968,433320,110,20,-90,-2336,518
1969,6192905,110,17,-93,-5452,479
1970,577828,110,16,-94,-7263,528
1971,5371643,110,15,-95,-9242,628
1972,11883666,110,30,-80,1124,248
1973,6089991,110,25,-85,149,368
1974,5708531,110,38,-72,1684,209
1975,10786546,110,17,-93,-5280,490
1976,11547762,110,18,-92,-4252,437
1977,136718,110,16,-94,-7125,480
1978,7963785,110,22,-88,-967,529
1979,11228022,110,15,-95,-9275,769
1980,11658966,110,30,-80,1109,233
1981,8900964,110,25,-85,181,406
1982,8738406,110,33,-77,1448,364
1983,8906453,110,19,-91,-3102,578
1984,10164616,110,35,-75,1578,315
1985,13085077,110,29,-81,992,340
1986,7138518,110,20,-90,-2240,441
1987,6244426,110,21,-89,-1577,376
1988,3672757,110,27,-83,687,327
1989,7123888,110,17,-93,-5338,417
1990,11304027,110,16,-94,-7213,437
1991,105674,110,19,-91,-3099,434
1992,9532224,110,18,-92,-4015,587
1993,12769542,110,16,-94,-7202,472
1994,6318313,110,18,-92,-4224,466
1995,8567215,110,13,-97,-16060,610
1996,12366688,110,23,-87,-452,418
1997,1851105,110,28,-82,932,389
1998,5761168,110,16,-94,-7175,429
1999,3021339,109,27,-82,777,402
2000,9906427,109,31,-78,1268,305
2001,1576763,109,17,-92,-5236,1036
2002,8514283,109,15,-94,-9158,957
2003,5621423,109,34,-75,1518,289
2004,11489712,109,18,-91,-3929,1282
2005,6333338,109,24,-85,-30,642
2006,1883148,109,21,-88,-1419,1092
2007,2969748,109,33,-76,1460,344
2008,6067884,109,31,-78,1302,322
2009,3184537,109,27,-82,661,261
2010,11763714,109,22,-87,-921,525
2011,3971905,109,22,-87,-891,532
2012,3427979,109,22,-87,-1084,320
2013,5361052,109,24,-85,-106,447
2014,8088751,109,16,-93,-7005,859
2015,8536712,109,15,-94,-9141,1470
2016,6156420,109,16,-93,-7062,735
2017,7281494,109,25,-84,291,469
2018,3818812,109,22,-87,-957,482
2019,5164890,109,17,-92,-5243,951
2020,5290874,109,15,-94,-9194,581
2021,5992815,109,28,-81,869,300
2022,8548648,109,11,-98,-27655,1101
2023,2037852,109,22,-87,-903,507
2024,9184229,109,27,-82,682,332
2025,12633616,109,18,-91,-4119,374
2026,9568129,109,19,-90,-2924,624
2027,8428368,109,19,-90,-2944,600
2028,3150249,109,26,-83,496,423
2029,3000435,109,17,-92,-5271,722
2030,13312502,109,24,-85,-206,367
2031,9075753,109,20,-89,-2225,432
2032,9261081,109,16,-93,-7187,538
2033,7257387,109,16,-93,-7042,859
2034,3943923,109,26,-83,423,338
2035,4320906,109,20,-89,-2080,733
2036,6426834,109,27,-82,631,208
2037,11331485,109,15,-94,-9187,785
2038,10818838,109,16,-93,-6987,833
2039,9388660,109,31,-78,1299,235
2040,9730179,109,17,-92,-5202,852
2041,6915518,109,16,-93,-6994,905
2042,8622748,109,19,-90,-3018,679
2043,132963,109,25,-84,214,410
2044,10284757,109,18,-91,-3940,524
2045,9940590,109,13,-96,-15800,986
2046,11248393,109,16,-93,-6972,800
2047,12133892,109,22,-87,-921,457
2048,7108803,109,16,-93,-6990,780
2049,431104,109,22,-87,-880,737
2050,4558491,109,19,-90,-2919,634
2051,3191335,109,23,-86,-398,484
2052,12316518,109,15,-94,-9264,674
2053,9661091,109,12,-97,-20926,842
2054,9552234,109,20,-89,-2255,458
2055,4960270,109,16,-93,-7104,599
2056,7303203,109,21,-88,-1520,444
2057,5667316,109,28,-81,981,362
2058,6231180,109,21,-88,-1550,423
2059,10685003,109,19,-90,-3136,388
2060,10194827,109,17,-92,-5513,555
2061,8397322,109,19,-90,-2922,588
2062,2501729,109,19,-90,-2949,684
2063,321062,109,27,-82,662,232
2064,2968853,109,16,-93,-7000,640
2065,3350148,109,15,-94,-9312,676
2066,9772894,109,21,-88,-1597,346
2067,1651384,109,17,-92,-5368,412
2068,6520196,109,18,-91,-4126,402
2069,10269508,109,15,-94,-9216,624
2070,5115845,109,16,-93,-7020,545
2071,4916561,109,33,-76,1534,305
2072,6828398,109,23,-86,-464,269
2073,4099084,109,14,-95,-11975,671
2074,8144880,109,38,-71,1790,281
2075,5619938,109,12,-97,-20883,935
2076,3874248,109,14,-95,-11949,749
2077,4560631,109,14,-95,-12006,708
2078,9699262,109,25,-84,305,532
2079,1506850,109,33,-76,1513,246
2080,8372486,109,15,-94,-9222,530
2081,4940890,109,28,-81,936,289
2082,7608237,109,25,-84,311,307
2083,12405417,109,16,-93,-7272,436
2084,5962226,109,14,-95,-12228,537
2085,1128747,109,18,-91,-4043,433
2086,1878772,109,13,-96,-15884,493
2087,9843933,109,29,-80,1124,359
2088,12951613,109,17,-92,-5249,465
2089,11829305,109,31,-78,1365,344
2090,5178378,109,20,-89,-2163,374
2091,3967787,109,15,-94,-9547,419
2092,3512564,108,25,-83,379,636
2093,3619486,108,31,-77,1425,349
2094,1010172,108,33,-75,1540,218
2095,8148855,108,22,-86,-824,690
2096,6737540,108,38,-70,1807,229
2097,13003340,108,27,-81,806,315
2098,3427361,108,18,-90,-3841,506
2099,9373608,108,26,-82,579,551
2100,8859900,108,22,-86,-852,533
2101,2064245,108,23,-85,-404,517
2102,6202500,108,14,-94,-11909,1936
2103,1871735,108,17,-91,-5154,539
2104,10178877,108,37,-71,1785,203
2105,10913941,108,32,-76,1489,181
2106,721865,108,20,-88,-2072,722
2107,4077871,108,28,-80,926,273
2108,1812522,108,26,-82,598,481
2109,9666272,108,15,-93,-9045,1469
2110,11158708,108,17,-91,-5124,1202
2111,9680195,108,17,-91,-5248,488
2112,6940732,108,28,-80,1068,244
2113,208653,108,14,-94,-11897,1963
2114,6079208,108,27,-81,860,422
2115,9279980,108,23,-85,-501,356
2116,1304139,108,14,-94,-11906,1196
2117,1928561,108,16,-92,-7004,700
2118,4786177,108,19,-89,-2976,449
2119,8066939,108,18,-90,-3818,1120
2120,1545323,108,17,-91,-5175,628
2121,10254107,108,16,-92,-6924,801
2122,6587146,108,31,-77,1377,209
2123,1921709,108,16,-92,-7000,601
2124,3790896,108,33,-75,1611,283
2125,6159451,108,23,-85,-391,329
2126,825802,108,21,-87,-1360,427
2127,13099206,108,16,-92,-6957,689
2128,2853524,108,15,-93,-9051,670
2129,11146802,108,17,-91,-5192,557
2130,6645061,108,23,-85,-352,507
2131,13218611,108,27,-81,915,517
2132,540385,108,19,-89,-2806,715
2133,1862719,108,15,-93,-9104,790
2134,9456289,108,17,-91,-5185,772
2135,6080464,108,26,-82,464,309
2136,2842523,108,21,-87,-1431,528
2137,1566613,108,20,-88,-2197,460
2138,8608254,108,16,-92,-7221,404
2139,6759306,108,31,-77,1397,270
2140,7634240,108,26,-82,546,376
2141,37390,108,13,-95,-15741,738
2142,5552453,108,15,-93,-9169,611
2143,1210638,108,19,-89,-2877,555
2144,5663114,108,24,-84,33,451
2145,5753118,108,19,-89,-2801,694
2146,3317346,108,27,-81,756,256
2147,10276004,108,25,-83,254,358
2148,523461,108,15,-93,-9125,681
2149,5023413,108,21,-87,-1497,376
2150,11263617,108,18,-90,-3781,810
2151,6348456,108,20,-88,-2217,518
2152,4762640,108,32,-76,1552,290
2153,2575485,108,18,-90,-3861,602
2154,11171974,108,14,-94,-12092,588
2155,5968510,108,10,-98,-36988,810
2156,295086,108,16,-92,-6904,844
2157,10858307,108,18,-90,-3815,600
2158,8037295,108,21,-87,-1364,485
2159,3386612,108,26,-82,652,427
2160,11929314,108,13,-95,-15798,880
2161,5298658,108,15,-93,-9412,485
2162,12885694,108,24,-84,10,445
2163,10255244,108,24,-84,49,526
2164,8204061,108,19,-89,-2986,391
2165,1016331,108,29,-79,1231,352
2166,10756777,108,21,-87,-1517,343
2167,4861184,108,14,-94,-11947,681
2168,2312617,108,35,-73,1759,401
2169,3894480,108,22,-86,-692,676
2170,11625011,108,18,-90,-4074,332
2171,9717941,108,28,-80,1055,264
2172,8710222,108,14,-94,-11890,616
2173,211825,108,30,-78,1347,434
2174,7554019,108,15,-93,-9185,429
2175,13605710,108,20,-88,-2080,491
2176,7550233,108,14,-94,-12002,532
2177,402439,108,18,-90,-3833,495
2178,8250967,108,16,-92,-7066,630
2179,4229137,108,11,-97,-27567,639
2180,12227083,108,13,-95,-15718,672
2181,2156423,108,20,-88,-2076,581
2182,9740400,108,15,-93,-9035,573
2183,11874318,108,19,-89,-2926,483
2184,7052535,108,12,-96,-20843,554
2185,1600435,108,23,-85,-237,508
2186,9782324,108,21,-87,-1540,330
2187,13404983,108,15,-93,-9356,464
2188,9501056,108,18,-90,-3972,654
2189,524719,108,19,-89,-2832,508
2190,2479117,108,14,-94,-12156,460
2191,5869212,108,14,-94,-12209,434
2192,9610616,108,15,-93,-9132,464
2193,917529,108,15,-93,-9302,440
2194,624166,108,12,-96,-21076,482
2195,5910000,108,17,-91,-5161,467
2196,5561137,108,26,-82,616,308
2197,6882059,108,23,-85,-274,350
2198,12452979,107,20,-87,-1907,459
2199,4074269,107,16,-91,-6769,1055
2200,13605967,107,21,-86,-1189,580
2201,6529378,107,19,-88,-2719,441
2202,10679649,107,24,-83,176,963
2203,13422994,107,45,-62,2081,299
2204,9691913,107,26,-81,644,432
2205,12045015,107,22,-85,-715,466
2206,1839219,107,24,-83,28,441
2207,6588481,107,24,-83,53,444
2208,1668662,107,26,-81,748,468
2209,10214769,107,34,-73,1738,250
2210,4439305,107,25,-82,398,336
2211,3074090,107,17,-90,-5082,620
2212,10222202,107,19,-88,-2766,781
2213,722753,107,24,-83,-28,315
2214,1845427,107,16,-91,-6823,857
2215,3891594,107,22,-85,-784,434
2216,571692,107,18,-89,-3728,1200
2217,10558830,107,25,-82,361,328
2218,11702138,107,19,-88,-2758,488
2219,3479707,107,23,-84,-325,465
2220,6966947,107,19,-88,-2883,569
2221,13622606,107,17,-90,-5047,833
2222,4996520,107,15,-92,-9023,690
2223,9578602,107,30,-77,1396,243
2224,179309,107,13,-94,-15623,868
2225,1226272,107,24,-83,70,294
2226,11771794,107,14,-93,-11807,645
2227,12638808,107,40,-67,1994,236
2228,1491810,107,19,-88,-2782,597
2229,10927751,107,18,-89,-3748,743
2230,1425331,107,23,-84,-308,411
2231,3934940,107,21,-86,-1257,468
2232,4034823,107,15,-92,-8964,681
2233,2510963,107,19,-88,-3090,372
2234,5436206,107,23,-84,-400,235
2235,2498569,107,16,-91,-6873,860
2236,8437906,107,18,-89,-3855,570
2237,268184,107,15,-92,-8967,723
2238,11478884,107,33,-74,1724,444
2239,4079644,107,22,-85,-778,343
2240,4490600,107,29,-78,1311,277
2241,3866754,107,25,-82,477,458
2242,2689380,107,20,-87,-2048,550
2243,7972054,107,19,-88,-2686,989
2244,5407431,107,20,-87,-1909,903
2245,9057816,107,19,-88,-2873,479
2246,8098629,107,21,-86,-1372,472
2247,4459073,107,14,-93,-11781,993
2248,13266352,107,25,-82,458,556
2249,8040996,107,17,-90,-5130,627
2250,2053,107,22,-85,-744,457
2251,6477906,107,20,-87,-1867,628
2252,13689428,107,19,-88,-3008,431
2253,4121993,107,28,-79,1093,241
2254,10674288,107,16,-91,-6856,717
2255,11206,107,20,-87,-2016,516
2256,1660001,107,18,-89,-3731,649
2257,9500176,107,26,-81,674,334
2258,5152488,107,19,-88,-2774,491
2259,6238844,107,34,-73,1792,283
2260,10534734,107,21,-86,-1266,433
2261,5588199,107,20,-87,-1947,551
2262,1760762,107,18,-89,-3862,594
2263,3370957,107,13,-94,-15602,1077
2264,10124805,107,15,-92,-9067,722
2265,5229641,107,17,-90,-5018,648
2266,2349671,107,25,-82,519,532
2267,2042830,107,21,-86,-1294,365
2268,9406011,107,17,-90,-5100,566
2269,7097984,107,29,-78,1314,228
2270,10924615,107,26,-81,802,644
2271,6552450,107,15,-92,-9052,677
2272,3389889,107,19,-88,-2829,606
2273,2922097,107,19,-88,-2774,455
2274,10113875,107,18,-89,-3778,604
2275,3633943,107,27,-80,869,245
2276,10023840,107,17,-90,-4960,571
2277,10416247,107,20,-87,-1995,489
2278,2847955,107,18,-89,-3803,542
2279,4645661,107,30,-77,1435,389
2280,6518328,107,36,-71,1921,240
2281,13352176,107,17,-90,-5009,818
2282,5306934,107,16,-91,-6805,770
2283,7610463,107,15,-92,-8897,820
2284,10164231,107,18,-89,-3827,430
2285,6884926,107,13,-94,-15581,846
2286,4570466,107,21,-86,-1230,448
2287,5817947,107,13,-94,-15601,697
2288,4989368,107,19,-88,-2706,791
2289,10025533,107,15,-92,-8934,779
2290,6585709,107,20,-87,-1911,683
2291,6581458,107,12,-95,-20728,722
2292,13028463,107,24,-83,29,289
2293,11195780,107,18,-89,-3873,389
2294,3094887,107,19,-88,-2806,517
2295,522298,107,15,-92,-8910,629
2296,8572190,107,18,-89,-3803,453
2297,9920597,107,12,-95,-20726,702
2298,5028307,107,20,-87,-1954,501
2299,12474854,107,28,-79,1166,257
2300,2575469,107,32,-75,1661,317
2301,7536486,107,14,-93,-11852,577
2302,8786433,107,15,-92,-9058,503
2303,9521222,107,22,-85,-899,290
2304,757108,107,23,-84,-249,336
2305,10744173,107,29,-78,1340,414
2306,3552115,107,21,-86,-1452,437
2307,11880178,107,22,-85,-663,427
2308,3289744,107,22,-85,-710,413
2309,4310566,107,18,-89,-3717,538
2310,10123685,107,16,-91,-6766,568
2311,8206618,107,31,-76,1598,372
2312,4049195,107,17,-90,-5071,567
2313,7965064,107,20,-87,-2134,344
2314,3212319,107,14,-93,-11735,780
2315,13045751,107,31,-76,1582,271
2316,2773860,107,27,-80,956,286
2317,10260977,107,15,-92,-9037,601
2318,8230537,107,20,-87,-1931,350
2319,12833812,107,18,-89,-3742,496
2320,8884200,107,25,-82,477,305
2321,4104894,107,16,-91,-6712,696
2322,9187276,107,29,-78,1410,431
2323,3112189,107,29,-78,1382,437
2324,12610223,107,23,-84,-267,379
2325,13278669,107,10,-97,-36893,690
2326,8571644,107,25,-82,429,305
2327,10863285,107,16,-91,-6830,464
2328,6576376,107,18,-89,-3762,493
2329,6177574,107,26,-81,783,321
2330,4376798,107,15,-92,-9214,421
2331,10799859,107,20,-87,-2036,298
2332,11313138,107,16,-91,-6978,427
2333,13540197,107,24,-83,195,407
2334,3811287,107,17,-90,-5032,479
2335,8351052,107,21,-86,-1218,444
2336,1251647,107,22,-85,-677,308
2337,3805509,106,25,-81,603,348
2338,10432536,106,16,-90,-6641,475
2339,11432786,106,21,-85,-1043,445
2340,11776031,106,16,-90,-6627,660
2341,1599074,106,20,-86,-1740,781
2342,10462008,106,24,-82,152,476
2343,7796651,106,30,-76,1482,327
2344,4602470,106,27,-79,1073,280
2345,1959842,106,20,-86,-1849,648
2346,7824186,106,16,-90,-6647,950
2347,6444856,106,29,-77,1412,482
2348,1206884,106,20,-86,-1841,739
2349,11302153,106,17,-89,-4907,805
2350,2900445,106,18,-88,-3600,617
2351,3695482,106,20,-86,-1937,530
2352,6840331,106,20,-86,-1777,563
2353,1325045,106,21,-85,-1069,899
2354,1134597,106,21,-85,-1182,480
2355,2665454,106,16,-90,-6668,737
2356,678244,106,16,-90,-6650,703
2357,1270554,106,23,-83,-223,305
2358,12407182,106,22,-84,-576,702
2359,4985164,106,26,-80,803,346
2360,12754312,106,13,-93,-15472,1463
2361,1227317,106,20,-86,-1832,927
2362,13479191,106,18,-88,-3751,638
2363,11212834,106,22,-84,-707,534
2364,11536517,106,29,-77,1389,217
2365,659503,106,19,-87,-2691,700
2366,8221067,106,26,-80,830,603
2367,630263,106,23,-83,-200,419
2368,10473216,106,23,-83,-143,656
2369,1031772,106,14,-92,-11694,1017
2370,9186457,106,29,-77,1412,286
2371,359707,106,18,-88,-3866,494
2372,8079200,106,18,-88,-3549,825
2373,9231929,106,19,-87,-2705,451
2374,10317474,106,18,-88,-3718,424
2375,12628099,106,17,-89,-4943,579
2376,10710734,106,29,-77,1423,237
2377,1826125,106,20,-86,-1718,1428
2378,5789845,106,15,-91,-8925,499
2379,4046362,106,28,-78,1289,369
2380,2972362,106,14,-92,-11679,776
2381,4939325,106,16,-90,-6599,961
2382,5835663,106,25,-81,511,378
2383,9259927,106,20,-86,-1807,497
2384,6535195,106,20,-86,-1712,695
2385,13340153,106,17,-89,-5044,455
2386,2549091,106,17,-89,-4854,844
2387,2709708,106,22,-84,-646,400
2388,9086539,106,21,-85,-1307,437
2389,11826693,106,20,-86,-1919,467
2390,2659799,106,16,-90,-6632,870
2391,2366742,106,25,-81,590,513
2392,10906951,106,29,-77,1431,248
2393,10035984,106,29,-77,1468,245
2394,206809,106,23,-83,-172,358
2395,6177904,106,38,-68,2107,201
2396,4455157,106,15,-91,-9019,596
2397,707605,106,19,-87,-2517,618
2398,7397459,106,16,-90,-6849,547
2399,8451385,106,30,-76,1546,203
2400,10021664,106,24,-82,288,858
2401,1549978,106,34,-72,1920,291
2402,917704,106,14,-92,-11635,738
2403,13560534,106,29,-77,1408,233
2404,3013092,106,10,-96,-36788,769
2405,12266001,106,19,-87,-2861,461
2406,12440339,106,19,-87,-2767,398
2407,6811273,106,14,-92,-11834,392
2408,2811750,106,15,-91,-8935,618
2409,6480635,106,18,-88,-3771,421
2410,6613808,106,16,-90,-6810,374
2411,5858326,106,17,-89,-4952,526
2412,11506127,106,16,-90,-6724,693
2413,3866553,106,27,-79,1102,284
2414,8125593,106,18,-88,-3594,560
2415,9223924,106,19,-87,-2935,348
2416,6868623,106,16,-90,-6744,567
2417,9372956,106,24,-82,253,430
2418,13333602,106,29,-77,1468,399
2419,10996844,106,11,-95,-27355,662
2420,7250107,106,16,-90,-6721,701
2421,6835383,106,13,-93,-15470,589
2422,2543816,106,24,-82,337,514
2423,6161768,106,34,-72,1939,332
2424,5555224,106,25,-81,472,236
2425,8806111,106,24,-82,266,278
2426,11953061,106,19,-87,-2710,442
2427,4032102,106,33,-73,1876,274
2428,10755104,106,22,-84,-534,319
2429,2837862,106,29,-77,1480,370
2430,12713190,106,22,-84,-557,353
2431,8430349,106,22,-84,-513,432
2432,7413691,106,16,-90,-6581,528
2433,4478205,106,14,-92,-12148,453
2434,5114462,106,26,-80,793,343
2435,9520188,106,18,-88,-3653,415
2436,13226768,106,19,-87,-2876,331
2437,993015,106,12,-94,-20664,457
2438,8839226,106,33,-73,1869,213
2439,1600919,106,24,-82,229,250
2440,10081910,106,32,-74,1814,290
2441,8589519,106,19,-87,-2884,257
2442,7999124,105,29,-76,1561,285
2443,3916837,105,34,-71,1969,317
2444,12925190,105,28,-77,1349,292
2445,1585689,105,23,-82,16,489
2446,2596823,105,21,-84,-967,300
2447,13328302,105,28,-77,1385,358
2448,5050636,105,26,-79,911,520
2449,3425304,105,22,-83,-459,677
2450,3417344,105,22,-83,-443,843
2451,2644742,105,36,-69,2108,223
2452,13497513,105,20,-85,-1658,780
2453,7636576,105,20,-85,-1788,548
2454,9660144,105,12,-93,-20472,1323
2455,4505483,105,37,-68,2134,231
2456,642816,105,19,-86,-2709,360
2457,6032880,105,21,-84,-1032,571
2458,9495127,105,22,-83,-511,447
2459,9136956,105,17,-88,-4829,641
2460,6248168,105,14,-91,-11553,1424
2461,9941707,105,17,-88,-4836,676
2462,3377198,105,18,-87,-3489,787
2463,229119,105,30,-75,1658,211
2464,9225884,105,22,-83,-565,300
2465,12383660,105,16,-89,-6522,969
2466,12910661,105,19,-86,-2631,434
2467,10598603,105,16,-89,-6696,585
2468,320140,105,24,-81,293,468
2469,1025984,105,20,-85,-1846,481
2470,1791635,105,22,-83,-521,605
2471,12035582,105,14,-91,-11616,689
2472,6845127,105,18,-87,-3668,592
2473,9784822,105,20,-85,-1828,477
2474,2832928,105,16,-89,-6641,591
2475,5664514,105,21,-84,-1105,439
2476,5726971,105,19,-86,-2558,504
2477,60448,105,17,-88,-4755,754
2478,3529184,105,18,-87,-3673,336
2479,6967691,105,16,-89,-6846,587
2480,12348109,105,22,-83,-391,877
2481,839875,105,13,-92,-15433,896
2482,6893816,105,15,-90,-8696,988
2483,10891318,105,16,-89,-6715,561
2484,3936139,105,24,-81,436,334
2485,3905524,105,18,-87,-3642,535
2486,9498324,105,18,-87,-3690,517
2487,13019973,105,21,-84,-976,654
2488,10583442,105,27,-78,1141,303
2489,7954772,105,24,-81,251,245
2490,2183456,105,16,-89,-6768,608
2491,12325690,105,16,-89,-6675,503
2492,1236422,105,14,-91,-11600,548
2493,9764634,105,18,-87,-3562,541
2494,12323321,105,13,-92,-15409,719
2495,7811842,105,14,-91,-11587,884
2496,12597237,105,15,-90,-8745,744
2497,1705418,105,16,-89,-6592,758
2498,9139101,105,17,-88,-4825,688
2499,2262947,105,11,-94,-27194,930
2500,8499104,105,17,-88,-4888,562
2501,5626225,105,20,-85,-1721,559
2502,4299,105,24,-81,339,343
2503,10706675,105,26,-79,922,343
2504,8053939,105,15,-90,-8714,731
2505,9788446,105,15,-90,-8688,763
2506,265346,105,16,-89,-6704,571
2507,9754574,105,18,-87,-3655,563
2508,13203062,105,42,-63,2327,265
2509,5416035,105,22,-83,-472,517
2510,3777107,105,12,-93,-20464,632
2511,8320609,105,21,-84,-1052,387
2512,578935,105,15,-90,-8683,909
2513,1866018,105,12,-93,-20451,788
2514,2307067,105,15,-90,-8850,496
2515,7879253,105,14,-91,-11550,923
2516,92776,105,14,-91,-11515,927
2517,3816806,105,16,-89,-6796,511
2518,10450321,105,21,-84,-881,973
2519,5879390,105,13,-92,-15373,793
2520,593164,105,22,-83,-369,410
2521,1253089,105,15,-90,-8821,733
2522,10287475,105,20,-85,-1837,383
2523,12351031,105,19,-86,-2835,295
2524,6572712,105,20,-85,-1642,586
2525,12805962,105,14,-91,-11552,809
2526,3468172,105,24,-81,366,328
2527,10595615,105,14,-91,-11489,881
2528,2184386,105,17,-88,-4698,805
2529,1678590,105,22,-83,-651,375
2530,4121218,105,18,-87,-3661,409
2531,3924318,105,19,-86,-2668,437
2532,13681318,105,22,-83,-390,423
2533,3181173,105,26,-79,992,371
2534,6533847,105,16,-89,-6538,639
2535,5249037,105,24,-81,437,345
2536,4803751,105,25,-80,738,557
2537,6052543,105,19,-86,-2459,581
2538,10490493,105,29,-76,1608,319
2539,2983226,105,18,-87,-3534,486
2540,3209347,105,22,-83,-425,457
2541,11140618,105,15,-90,-8920,575
2542,12020144,105,26,-79,1020,373
2543,2557349,105,21,-84,-1050,387
2544,9680630,105,20,-85,-1639,471
2545,10896602,105,16,-89,-6583,637
2546,13143491,105,15,-90,-8809,578
2547,9312027,105,26,-79,992,324
2548,5005712,105,30,-75,1685,210
2549,929202,105,18,-87,-3497,509
2550,2970081,105,29,-76,1614,318
2551,2041541,105,9,-96,-50067,678
2552,6018686,105,15,-90,-8680,588
2553,2014286,105,18,-87,-3513,464
2554,10595716,105,29,-76,1643,294
2555,13522362,105,26,-79,1032,405
2556,13287544,105,14,-91,-11782,505
2557,8658988,105,27,-78,1202,374
2558,7736469,105,11,-94,-27148,779
2559,42530,105,15,-90,-8922,496
2560,10430553,105,28,-77,1466,448
2561,6874860,105,24,-81,360,283
2562,3307610,105,16,-89,-6570,440
2563,6560061,105,14,-91,-11592,582
2564,5157772,105,24,-81,280,272
2565,9865689,105,14,-91,-11628,474
2566,11124880,105,15,-90,-8858,447
2567,10123886,105,12,-93,-20608,567
2568,2586463,105,28,-77,1439,493
2569,12564018,105,22,-83,-481,312
2570,12537745,105,15,-90,-8927,510
2571,8767622,105,19,-86,-2543,545
2572,10553857,105,25,-80,715,303
2573,7203433,105,13,-92,-15526,540
2574,7620923,105,15,-90,-8940,397
2575,3256186,105,13,-92,-15591,427
2576,1118834,105,27,-78,1293,334
2577,4904550,105,13,-92,-15493,494
2578,10726818,104,31,-73,1886,185
2579,9521438,104,19,-85,-2305,873
2580,13219903,104,25,-79,838,750
2581,3576139,104,23,-81,50,321
2582,3157035,104,33,-71,2076,235
2583,7474226,104,19,-85,-2488,425
2584,5506759,104,30,-74,1744,230
2585,4874089,104,20,-84,-1566,697
2586,5093451,104,27,-77,1229,377
2587,5020544,104,25,-79,761,251
2588,2088500,104,25,-79,765,413
2589,3784403,104,16,-88,-6462,631
2590,10807723,104,54,-50,2555,166
2591,535058,104,22,-82,-425,597
2592,9402073,104,36,-68,2239,222
2593,1102549,104,20,-84,-1617,555
2594,3246202,104,34,-70,2106,322
2595,12556212,104,33,-71,2056,225
2596,2441186,104,24,-80,417,308
2597,6535447,104,32,-72,1961,334
2598,11494037,104,38,-66,2312,199
2599,10130510,104,18,-86,-3368,1043
2600,11553779,104,19,-85,-2406,515
2601,13491667,104,20,-84,-1513,619
2602,8715496,104,17,-87,-4702,1022
2603,11561559,104,33,-71,2031,164
2604,13283897,104,17,-87,-4819,554
2605,9884864,104,20,-84,-1664,432
2606,7785396,104,21,-83,-1063,368
2607,7401899,104,15,-89,-8819,547
2608,161574,104,18,-86,-3415,351
2609,4147486,104,17,-87,-4682,593
2610,6855394,104,11,-93,-27061,1196
2611,9266478,104,23,-81,35,345
2612,120783,104,12,-92,-20334,976
2613,8481546,104,12,-92,-20319,1276
2614,13551621,104,22,-82,-372,439
2615,3151279,104,25,-79,872,310
2616,12747657,104,20,-84,-1747,356
2617,9439827,104,16,-88,-6445,769
2618,1124555,104,20,-84,-1555,494
2619,149264,104,26,-78,1107,434
2620,9312667,104,22,-82,-298,421
2621,12166786,104,28,-76,1502,282
2622,10079340,104,25,-79,826,420
2623,4075729,104,27,-77,1351,297
2624,503729,104,33,-71,2071,242
2625,7669922,104,33,-71,2092,262
2626,5040158,104,17,-87,-4660,700
2627,5199619,104,27,-77,1323,387
2628,1814339,104,35,-69,2228,340
2629,8176646,104,8,-96,-69270,1450
2630,10012750,104,17,-87,-4613,872
2631,8686688,104,16,-88,-6358,987
2632,6599635,104,36,-68,2275,251
2633,4890493,104,13,-91,-15367,641
2634,5170220,104,27,-77,1283,304
2635,797712,104,17,-87,-4977,540
2636,8788960,104,29,-75,1679,278
2637,7611830,104,19,-85,-2665,309
2638,214798,104,15,-89,-8533,949
2639,5029507,104,20,-84,-1711,365
2640,646595,104,29,-75,1739,436
2641,5178264,104,18,-86,-3491,502
2642,8642795,104,16,-88,-6871,410
2643,7221904,104,14,-90,-11501,606
2644,6641929,104,31,-73,1919,328
2645,5068095,104,15,-89,-8749,717
2646,3415297,104,25,-79,816,320
2647,690625,104,15,-89,-8714,678
2648,9330194,104,17,-87,-4767,638
2649,9681664,104,17,-87,-4612,667
2650,5732795,104,20,-84,-1756,447
2651,4203980,104,18,-86,-3369,651
2652,13108760,104,18,-86,-3422,410
2653,6200972,104,26,-78,1076,413
2654,3577306,104,17,-87,-4845,489
2655,4389456,104,17,-87,-4621,622
2656,7672097,104,44,-60,2516,247
2657,10148837,104,16,-88,-6511,427
2658,1583092,104,15,-89,-8825,492
2659,12496830,104,16,-88,-6491,528
2660,9040376,104,17,-87,-4782,364
2661,10929172,104,19,-85,-2452,365
2662,5133357,104,27,-77,1343,300
2663,9985480,104,19,-85,-2466,478
2664,13445579,104,21,-83,-747,772
2665,4158340,104,19,-85,-2357,491
2666,10014329,104,15,-89,-8854,500
2667,7818823,104,11,-93,-27081,729
2668,12338047,104,14,-90,-11405,741
2669,1430298,104,14,-90,-11402,768
2670,859106,104,22,-82,-333,379
2671,12498069,104,22,-82,-262,366
2672,10499255,104,12,-92,-20304,621
2673,2395085,104,18,-86,-3525,457
2674,3492120,104,22,-82,-308,448
2675,12050691,104,18,-86,-3507,397
2676,5469562,104,26,-78,1127,397
2677,3445714,104,14,-90,-12135,286
2678,13357800,104,19,-85,-2387,412
2679,9910771,104,15,-89,-8836,463
2680,1177605,104,20,-84,-1558,482
2681,11208080,104,23,-81,64,333
2682,2025405,104,9,-95,-49921,785
2683,8393729,104,24,-80,444,290
2684,5219065,104,16,-88,-6468,508
2685,6107101,104,20,-84,-1673,380
2686,6696155,104,21,-83,-1074,327
2687,4710649,104,12,-92,-20409,536
2688,11403002,104,24,-80,432,267
2689,11756626,104,23,-81,127,295
2690,7069928,104,18,-86,-3415,446
2691,11404998,104,22,-82,-538,230
2692,9070421,104,20,-84,-1698,389
2693,66398,104,27,-77,1423,365
2694,4007479,104,24,-80,451,301
2695,10170086,103,28,-75,1586,185
2696,830084,103,19,-84,-2191,907
2697,8885239,103,19,-84,-2252,647
2698,11288479,103,29,-74,1800,197
2699,4881377,103,20,-83,-1436,978
2700,9506218,103,22,-81,-391,178
2701,12837598,103,16,-87,-6360,540
2702,12944103,103,17,-86,-4543,1075
2703,9912816,103,12,-91,-20221,1400
2704,8845423,103,24,-79,505,270
2705,1648265,103,23,-80,198,366
2706,13716054,103,29,-74,1801,445
2707,1024539,103,21,-82,-872,420
2708,3752530,103,24,-79,455,293
2709,10605544,103,20,-83,-1580,611
2710,1824001,103,27,-76,1380,538
2711,11538531,103,22,-81,-454,297
2712,13055028,103,19,-84,-2292,901
2713,6227227,103,22,-81,-502,321
2714,8119530,103,23,-80,225,437
2715,6623949,103,27,-76,1398,219
2716,274746,103,27,-76,1316,342
2717,513832,103,21,-82,-727,408
2718,675824,103,21,-82,-794,396
2719,6333914,103,10,-93,-36400,1649
2720,13455379,103,14,-89,-11319,947
2721,2469481,103,18,-85,-3402,429
2722,5342348,103,22,-81,-349,501
2723,11314671,103,20,-83,-1621,574
2724,11581492,103,18,-85,-3285,597
2725,8943975,103,18,-85,-3302,691
2726,5918038,103,17,-86,-4731,624
2727,11946806,103,18,-85,-3624,257
2728,3850620,103,21,-82,-870,506
2729,4455632,103,16,-87,-6271,516
2730,5225005,103,23,-80,100,347
2731,7529945,103,13,-90,-15216,507
2732,3875778,103,10,-93,-36392,1244
2733,1860289,103,25,-78,973,450
2734,4457566,103,19,-84,-2377,592
2735,1871828,103,11,-92,-26947,1148
2736,7523288,103,30,-73,1952,408
2737,12257498,103,20,-83,-1493,372
2738,2808610,103,17,-86,-4595,773
2739,7152408,103,22,-81,-339,417
2740,9274208,103,18,-85,-3389,502
2741,12008409,103,19,-84,-2351,583
2742,7253393,103,11,-92,-26931,1243
2743,12364714,103,15,-88,-8427,1165
2744,843948,103,18,-85,-3536,483
2745,7794917,103,35,-68,2349,234
2746,3558570,103,19,-84,-2426,380
2747,8298487,103,22,-81,-425,291
2748,11913436,103,13,-90,-15120,1130
2749,3080438,103,28,-75,1652,317
2750,2539109,103,18,-85,-3703,382
2751,13655753,103,17,-86,-4599,752
2752,886305,103,16,-87,-6274,733
2753,7280215,103,17,-86,-4694,691
2754,12246953,103,18,-85,-3611,404
2755,7749873,103,18,-85,-3280,588
2756,408294,103,13,-90,-15162,812
2757,9080942,103,28,-75,1668,351
2758,7660934,103,19,-84,-2370,662
2759,7284651,103,22,-81,-268,493
2760,5048535,103,22,-81,-242,440
2761,3390361,103,11,-92,-26940,915
2762,6901288,103,11,-92,-26945,714
2763,9532280,103,20,-83,-1439,507
2764,5534063,103,18,-85,-3270,289
2765,2092309,103,15,-88,-8610,560
2766,6994221,103,18,-85,-3323,535
2767,8564620,103,13,-90,-15172,682
2768,3025891,103,17,-86,-4695,429
2769,11271845,103,23,-80,201,360
2770,3362995,103,22,-81,-394,322
2771,326804,103,15,-88,-8616,569
2772,13603382,103,14,-89,-11337,721
2773,9528857,103,14,-89,-11403,586
2774,5426515,103,25,-78,1013,455
2775,7760167,103,25,-78,956,300
2776,12593556,103,28,-75,1609,191
2777,6034150,103,22,-81,-133,414
2778,10284177,103,18,-85,-3298,560
2779,8901018,103,19,-84,-2224,544
2780,13416106,103,16,-87,-6327,684
2781,555335,103,17,-86,-4655,444
2782,9857928,103,21,-82,-651,453
2783,9092526,103,22,-81,-193,390
2784,7083063,103,22,-81,-152,634
2785,9183368,103,13,-90,-15167,631
2786,3191939,103,14,-89,-11440,598
2787,12154309,103,13,-90,-15153,623
2788,7076101,103,16,-87,-6269,684
2789,270711,103,17,-86,-4591,466
2790,9231807,103,18,-85,-3478,497
2791,11442864,103,16,-87,-6300,619
2792,1178351,103,15,-88,-8596,523
2793,935724,103,29,-74,1841,356
2794,8299537,103,18,-85,-3375,412
2795,4596120,103,18,-85,-3299,440
2796,9763585,103,20,-83,-1569,339
2797,9372277,103,8,-95,-69135,775
2798,11000783,103,25,-78,961,324
2799,12945756,103,21,-82,-785,221
2800,2770782,103,20,-83,-1530,338
2801,10657958,103,16,-87,-6395,539
2802,1045245,103,17,-86,-4464,557
2803,571647,103,19,-84,-2365,442
2804,9724470,103,16,-87,-6599,440
2805,6117909,103,19,-84,-2481,378
2806,12914697,103,10,-93,-36366,806
2807,9489983,103,20,-83,-1300,480
2808,118115,103,15,-88,-8637,435
2809,8049858,103,19,-84,-2447,339
2810,5967208,103,28,-75,1727,377
2811,12483324,103,23,-80,377,508
2812,140706,103,15,-88,-8752,347
2813,13290909,103,25,-78,1024,535
2814,4488355,103,14,-89,-11276,653
2815,5922563,103,22,-81,-242,377
2816,1831643,103,29,-74,1844,352
2817,219296,103,21,-82,-874,458
2818,5673054,103,34,-69,2343,192
2819,8467684,103,17,-86,-4796,332
2820,8274196,103,18,-85,-3570,327
2821,3511643,103,20,-83,-1518,293
2822,5194182,103,13,-90,-15153,511
2823,3227543,103,14,-89,-11471,578
2824,5144463,103,23,-80,254,334
2825,353677,103,20,-83,-1441,349
2826,4918391,103,12,-91,-20306,492
2827,2503126,103,13,-90,-15348,514
2828,11228217,103,26,-77,1199,271
2829,1720242,103,16,-87,-6953,265
2830,12687809,103,14,-89,-11923,311
2831,3991513,103,14,-89,-11531,515
2832,1961328,103,19,-84,-2349,335
2833,1697592,103,28,-75,1698,300
2834,11728665,103,14,-89,-11425,452
2835,10851979,103,23,-80,186,274
2836,5846055,103,17,-86,-5177,274
2837,6115201,103,28,-75,1725,262
2838,4928048,102,20,-82,-1260,393
2839,8178250,102,25,-77,1111,236
2840,5138167,102,24,-78,799,359
2841,9566314,102,30,-72,1995,293
2842,1623363,102,28,-74,1831,264
2843,3322075,102,30,-72,2032,265
2844,12173874,102,25,-77,1068,1094
2845,5648688,102,20,-82,-1327,686
2846,9503756,102,25,-77,1066,294
2847,10320082,102,40,-62,2608,236
2848,2742335,102,19,-83,-2315,500
2849,7899175,102,25,-77,964,334
2850,7606433,102,33,-69,2280,281
2851,1795593,102,16,-86,-6201,727
2852,12427742,102,24,-78,626,325
2853,2528311,102,15,-87,-8416,634
2854,334153,102,21,-81,-603,319
2855,8103385,102,29,-73,1934,262
2856,8931081,102,26,-76,1228,409
2857,13214023,102,30,-72,2029,411
2858,8886498,102,19,-83,-2258,414
2859,7049321,102,24,-78,742,426
2860,3543221,102,30,-72,1990,229
2861,9597797,102,13,-89,-14972,1495
2862,5948493,102,21,-81,-707,352
2863,7336412,102,15,-87,-8363,649
2864,6522696,102,32,-70,2215,286
2865,8545974,102,19,-83,-2110,615
2866,1119143,102,22,-80,-37,575
2867,9233488,102,15,-87,-8549,555
2868,7563572,102,16,-86,-6186,831
2869,13709718,102,20,-82,-1528,402
2870,7416131,102,22,-80,-325,260
2871,3088083,102,22,-80,-270,338
2872,1241572,102,25,-77,985,303
2873,2695962,102,23,-79,413,399
2874,8996994,102,29,-73,1894,217
2875,7755811,102,18,-84,-3091,582
2876,258702,102,25,-77,949,381
2877,7285020,102,17,-85,-4578,433
2878,7744104,102,17,-85,-4523,449
2879,10238389,102,13,-89,-14998,788
2880,338306,102,28,-74,1731,195
2881,8258347,102,16,-86,-6771,304
2882,11557652,102,8,-94,-69018,1345
2883,5254707,102,28,-74,1775,278
2884,1538005,102,20,-82,-1244,753
2885,6849861,102,22,-80,-208,378
2886,4209063,102,22,-80,5,516
2887,4568872,102,20,-82,-1407,395
2888,832849,102,23,-79,416,355
2889,1227196,102,18,-84,-3167,606
2890,8807268,102,44,-58,2753,338
2891,12438373,102,13,-89,-14947,1004
2892,8781915,102,19,-83,-2282,405
2893,1005299,102,15,-87,-8296,1051
2894,2361382,102,15,-87,-8353,680
2895,6726937,102,17,-85,-4476,563
2896,483885,102,16,-86,-6381,519
2897,3306581,102,14,-88,-11368,573
2898,6067885,102,12,-90,-20037,981
2899,6697669,102,18,-84,-3593,383
2900,485375,102,14,-88,-11471,492
2901,4898885,102,17,-85,-4489,569
2902,2973905,102,13,-89,-14994,977
2903,5774488,102,16,-86,-6215,580
2904,7407591,102,23,-79,264,230
2905,4196593,102,34,-68,2422,278
2906,8130211,102,15,-87,-8415,395
2907,6667052,102,14,-88,-11324,588
2908,13238354,102,14,-88,-11410,526
2909,7631935,102,13,-89,-14975,816
2910,646206,102,21,-81,-975,387
2911,12607278,102,15,-87,-8468,509
2912,10045441,102,16,-86,-6212,662
2913,2487233,102,25,-77,1095,378
2914,82987,102,14,-88,-11258,490
2915,7879488,102,14,-88,-11149,706
2916,10428569,102,20,-82,-1243,589
2917,596105,102,24,-78,735,489
2918,4135792,102,11,-91,-26761,867
2919,10114634,102,14,-88,-11220,641
2920,7117143,102,16,-86,-6096,695
2921,4926280,102,19,-83,-2216,380
2922,8865118,102,17,-85,-4586,393
2923,4041027,102,20,-82,-1314,497
2924,1977887,102,15,-87,-8613,439
2925,6066995,102,21,-81,-568,369
2926,10661276,102,24,-78,693,364
2927,8455171,102,15,-87,-8447,609
2928,7753717,102,17,-85,-4654,483
2929,4562364,102,20,-82,-1245,564
2930,8630391,102,27,-75,1608,236
2931,6432921,102,26,-76,1389,354
2932,3430410,102,13,-89,-15136,589
2933,5578251,102,17,-85,-4626,451
2934,3897068,102,15,-87,-8504,531
2935,12204465,102,20,-82,-1289,523
2936,2985828,102,14,-88,-11367,567
2937,9096471,102,14,-88,-11279,395
2938,8031494,102,25,-77,1113,408
2939,2893766,102,12,-90,-20142,777
2940,9626792,102,15,-87,-8494,358
2941,7799564,102,13,-89,-15302,457
2942,12496859,102,15,-87,-8320,552
2943,5328685,102,22,-80,-253,253
2944,7760640,102,24,-78,783,273
2945,1550375,102,28,-74,1830,301
2946,4509924,102,13,-89,-15069,499
2947,11901385,102,24,-78,838,330
2948,10344417,102,18,-84,-3309,455
2949,9918385,102,13,-89,-14972,611
2950,5249853,102,15,-87,-8552,416
2951,8444238,102,25,-77,1168,297
2952,8935301,102,15,-87,-8749,403
2953,13059182,102,20,-82,-1334,449
2954,8310945,102,16,-86,-6587,302
2955,1591977,102,16,-86,-6072,635
2956,52674,102,13,-89,-15373,524
2957,220756,102,14,-88,-11367,503
2958,11851747,102,30,-72,2139,488
2959,5228731,102,9,-93,-49643,797
2960,11087252,102,29,-73,2006,218
2961,1137930,102,15,-87,-8533,377
2962,7229824,102,22,-80,-300,257
2963,451041,102,15,-87,-8333,471
2964,12681649,102,17,-85,-4754,324
2965,448729,102,17,-85,-4461,464
2966,347331,102,31,-71,2235,228
2967,3193758,102,17,-85,-4574,514
2968,12489709,102,18,-84,-2996,547
2969,12921604,102,19,-83,-2105,394
2970,1627712,102,13,-89,-15308,410
2971,7797348,102,14,-88,-11627,319
2972,13359804,102,21,-81,-609,267
2973,4246482,102,17,-85,-4610,289
2974,8302256,102,10,-92,-36378,421
2975,12344345,101,25,-76,1193,421
2976,3550354,101,26,-75,1392,534
2977,10490506,101,12,-89,-19935,3618
2978,11176178,101,20,-81,-1214,519
2979,9399014,101,18,-83,-2984,475
2980,10640920,101,19,-82,-2001,740
2981,1118901,101,38,-63,2715,265
2982,9540285,101,24,-77,856,719
2983,11078298,101,24,-77,715,222
2984,5431721,101,28,-73,1802,217
2985,6328404,101,18,-83,-2969,350
2986,4796087,101,26,-75,1382,447
2987,9320704,101,23,-78,592,701
2988,5281095,101,22,-79,-42,408
2989,2557182,101,30,-71,2164,706
2990,3566917,101,20,-81,-1224,642
2991,8493564,101,27,-74,1755,274
2992,13233997,101,18,-83,-2977,709
2993,12335879,101,21,-80,-449,378
2994,174868,101,24,-77,892,260
2995,12132317,101,17,-84,-4307,773
2996,1334876,101,25,-76,1126,221
2997,9716992,101,28,-73,1861,351
2998,8104551,101,16,-85,-5998,944
2999,5729701,101,17,-84,-4339,693
3000,5336603,101,15,-86,-8253,804
3001,1157951,101,21,-80,-616,374
3002,1378549,101,14,-87,-11065,912
3003,10555904,101,17,-84,-4250,622
3004,3924074,101,20,-81,-1277,608
3005,2239310,101,15,-86,-8189,674
3006,4063749,101,39,-62,2749,246
3007,11677215,101,13,-88,-14867,504
3008,6564313,101,15,-86,-8244,719
3009,11409693,101,26,-75,1442,254
3010,8047752,101,13,-88,-14857,1198
3011,7437173,101,18,-83,-2947,641
3012,9700042,101,21,-80,-496,495
3013,3662318,101,24,-77,795,348
3014,6597995,101,20,-81,-1296,347
3015,5031780,101,31,-70,2320,288
3016,10318750,101,17,-84,-4344,685
3017,11968911,101,14,-87,-11231,402
3018,8818161,101,18,-83,-3175,476
3019,6413195,101,23,-78,544,533
3020,3985404,101,13,-88,-14896,661
3021,8070615,101,26,-75,1477,286
3022,9358794,101,11,-90,-26672,1023
3023,9194640,101,14,-87,-11221,663
3024,8284429,101,20,-81,-1226,680
3025,8208882,101,16,-85,-6193,494
3026,8111678,101,13,-88,-14927,691
3027,4750880,101,22,-79,16,367
3028,13388251,101,22,-79,-74,293
3029,13715908,101,17,-84,-4352,755
3030,11549421,101,15,-86,-8300,695
3031,5458741,101,13,-88,-14893,583
3032,1526461,101,17,-84,-4444,619
3033,11463948,101,14,-87,-11168,468
3034,10653208,101,18,-83,-3007,586
3035,11819733,101,14,-87,-10994,969
3036,4291377,101,16,-85,-6227,505
3037,2253107,101,25,-76,1260,472
3038,650377,101,20,-81,-1149,482
3039,486117,101,17,-84,-4491,564
3040,203476,101,13,-88,-14915,678
3041,12622213,101,14,-87,-11606,440
3042,8846333,101,17,-84,-4303,450
3043,437295,101,13,-88,-14836,936
3044,12101946,101,18,-83,-2936,507
3045,4519779,101,17,-84,-4375,397
3046,2524270,101,16,-85,-6084,716
3047,5633386,101,19,-82,-2146,225
3048,8872597,101,20,-81,-1164,381
3049,7369939,101,21,-80,-481,476
3050,7234426,101,19,-82,-1890,898
3051,12941300,101,12,-89,-19945,780
3052,8009139,101,16,-85,-6179,385
3053,3832923,101,18,-83,-2976,723
3054,11664436,101,15,-86,-8488,519
3055,4570287,101,17,-84,-4355,424
3056,11669333,101,28,-73,1977,642
3057,3746492,101,19,-82,-1920,678
3058,8380409,101,17,-84,-4189,733
3059,1647045,101,24,-77,923,401
3060,2721359,101,29,-72,2093,234
3061,6234902,101,13,-88,-14978,581
3062,9984874,101,18,-83,-3163,435
3063,10848010,101,19,-82,-2076,523
3064,3171995,101,20,-81,-1197,432
3065,2877204,101,15,-86,-8384,508
3066,122408,101,26,-75,1536,534
3067,1616297,101,18,-83,-3175,361
3068,3935447,101,22,-79,174,425
3069,11678795,101,14,-87,-11098,727
3070,13299255,101,15,-86,-8207,532
3071,9788168,101,13,-88,-14911,726
3072,2558144,101,10,-91,-36079,745
3073,10584435,101,15,-86,-8387,493
3074,4748040,101,20,-81,-1340,370
3075,7447248,101,18,-83,-3070,495
3076,7898461,101,14,-87,-11114,612
3077,1657774,101,14,-87,-11007,657
3078,1145734,101,19,-82,-1957,552
3079,10831987,101,15,-86,-8455,640
3080,2652768,101,18,-83,-3311,285
3081,3838369,101,15,-86,-8167,701
3082,7603462,101,26,-75,1525,421
3083,9192866,101,22,-79,64,521
3084,2592778,101,25,-76,1274,297
3085,7940943,101,16,-85,-6061,425
3086,10363204,101,19,-82,-2067,447
3087,3317758,101,17,-84,-4543,327
3088,6000364,101,11,-90,-26800,525
3089,11459028,101,17,-84,-4364,376
3090,12653785,101,23,-78,562,267
3091,11807562,101,12,-89,-19991,490
3092,4878567,101,13,-88,-14982,528
3093,5738425,101,17,-84,-4449,551
3094,6062588,101,31,-70,2374,242
3095,3618282,101,15,-86,-8261,518
3096,2902009,101,23,-78,599,507
3097,6803234,101,11,-90,-26665,784
3098,9723530,101,20,-81,-1147,417
3099,11674613,101,24,-77,838,259
3100,7534393,101,20,-81,-1446,238
3101,342075,101,13,-88,-14848,632
3102,9105382,101,16,-85,-5968,705
3103,1093429,101,16,-85,-6302,544
3104,4257586,101,16,-85,-6248,434
3105,12077378,101,17,-84,-4200,591
3106,12513232,101,22,-79,-18,387
3107,1340505,101,18,-83,-3139,410
3108,13592659,101,12,-89,-20005,608
3109,10456032,101,15,-86,-8225,482
3110,6513790,101,19,-82,-2269,372
3111,4270231,101,25,-76,1183,223
3112,750265,101,16,-85,-6042,448
3113,9016676,101,22,-79,136,560
3114,418504,101,25,-76,1161,227
3115,6805766,101,16,-85,-6689,243
3116,11180622,101,11,-90,-27218,379
3117,8724172,101,18,-83,-3199,290
3118,8643180,101,17,-84,-4617,359
3119,338016,101,14,-87,-11062,476
3120,10919069,101,12,-89,-20141,509
3121,10944519,101,25,-76,1227,288
3122,6335444,101,21,-80,-487,317
3123,12965343,101,22,-79,152,407
3124,34252,100,21,-79,-274,373
3125,6520963,100,26,-74,1571,297
3126,1940176,100,25,-75,1299,287
3127,12398143,100,21,-79,-297,246
3128,672182,100,19,-81,-1863,797
3129,7398846,100,30,-70,2270,227
3130,6066465,100,22,-78,151,373
3131,12078962,100,16,-84,-5942,463
3132,6653977,100,19,-81,-2039,345
3133,3539260,100,17,-83,-4228,469
3134,10799154,100,24,-76,1028,238
3135,875442,100,27,-73,1789,255
3136,9122964,100,25,-75,1260,273
3137,9054494,100,27,-73,1855,415
3138,8591496,100,21,-79,-491,385
3139,221509,100,21,-79,-426,665
3140,11749899,100,26,-74,1503,231
3141,13204143,100,18,-82,-2794,763
3142,9849355,100,23,-77,701,492
3143,3341080,100,23,-77,644,326
3144,2772435,100,29,-71,2162,178
3145,1145988,100,22,-78,198,504
3146,4286196,100,19,-81,-1807,628
3147,9548734,100,18,-82,-2889,448
3148,7332521,100,28,-72,2020,219
3149,8373768,100,29,-71,2161,322
3150,1064788,100,16,-84,-6218,500
3151,2368943,100,25,-75,1363,458
3152,12836890,100,17,-83,-4426,455
3153,3372621,100,13,-87,-14695,1369
3154,11677580,100,18,-82,-2895,508
3155,8739532,100,34,-66,2685,260
3156,13601654,100,19,-81,-1883,314
3157,2108136,100,17,-83,-4191,695
3158,12401805,100,15,-85,-8168,647
3159,1106334,100,17,-83,-4519,333
3160,2464454,100,11,-89,-26518,1177
3161,2354694,100,22,-78,-10,335
3162,385909,100,19,-81,-1997,342
3163,1465913,100,18,-82,-3167,432
3164,10742026,100,17,-83,-4371,467
3165,10432718,100,19,-81,-1766,439
3166,11604618,100,19,-81,-2254,357
3167,2174426,100,28,-72,2083,321
3168,8305466,100,25,-75,1258,309
3169,10629509,100,22,-78,137,567
3170,9347290,100,17,-83,-4241,619
3171,3762820,100,14,-86,-10883,843
3172,5098394,100,15,-85,-8093,707
3173,9555627,100,17,-83,-4743,379
3174,7430705,100,14,-86,-10853,993
3175,6423364,100,26,-74,1637,330
3176,3985613,100,22,-78,181,294
3177,8728266,100,18,-82,-2886,544
3178,1184386,100,19,-81,-1988,333
3179,1247428,100,17,-83,-4161,697
3180,6833912,100,13,-87,-14763,667
3181,6908835,100,16,-84,-5925,586
3182,10192321,100,18,-82,-3176,430
3183,6602155,100,16,-84,-5996,554
3184,11906715,100,24,-76,991,462
3185,6483077,100,16,-84,-5851,759
3186,6541930,100,20,-80,-1017,408
3187,6979635,100,14,-86,-10873,775
3188,6962879,100,23,-77,669,326
3189,2348493,100,16,-84,-6071,657
3190,7330464,100,15,-85,-8378,450
3191,12230340,100,27,-73,1847,240
3192,3855747,100,12,-88,-19789,763
3193,9811547,100,17,-83,-4382,518
3194,2279248,100,27,-73,1807,242
3195,9146543,100,19,-81,-2051,446
3196,5327916,100,13,-87,-14895,570
3197,11498341,100,18,-82,-2953,525
3198,6974156,100,20,-80,-1118,300
3199,1725155,100,16,-84,-6138,506
3200,7190069,100,24,-76,969,322
3201,10401421,100,22,-78,107,309
3202,5193256,100,31,-69,2490,806
3203,781593,100,24,-76,969,299
3204,883585,100,18,-82,-3176,341
3205,10313175,100,18,-82,-2956,683
3206,12557411,100,18,-82,-3275,377
3207,3394473,100,12,-88,-19782,819
3208,745229,100,14,-86,-10972,804
3209,3867124,100,17,-83,-4314,475
3210,11218188,100,25,-75,1395,246
3211,12291874,100,16,-84,-6062,501
3212,1296314,100,14,-86,-10908,770
3213,6996849,100,15,-85,-8254,545
3214,7363179,100,25,-75,1311,186
3215,2410291,100,22,-78,54,417
3216,9870693,100,14,-86,-11458,394
3217,5777622,100,15,-85,-8102,510
3218,6137455,100,14,-86,-11034,614
3219,3880831,100,25,-75,1424,408
3220,3918628,100,19,-81,-1754,394
3221,3510517,100,11,-89,-26554,595
3222,10456002,100,19,-81,-2094,237
3223,4088303,100,15,-85,-8089,572
3224,9106183,100,26,-74,1715,390
3225,11905703,100,18,-82,-2939,367
3226,1799537,100,14,-86,-10871,586
3227,10707138,100,19,-81,-1862,283
3228,9962117,100,25,-75,1338,345
3229,4085624,100,12,-88,-19781,722
3230,2687292,100,13,-87,-14739,615
3231,3588641,100,14,-86,-10884,784
3232,3081391,100,16,-84,-6202,574
3233,3985029,100,24,-76,1041,306
3234,1399869,100,29,-71,2310,404
3235,3935170,100,16,-84,-6149,536
3236,13052815,100,13,-87,-14758,544
3237,2272913,100,14,-86,-10986,535
3238,3408584,100,15,-85,-8060,559
3239,4985531,100,15,-85,-8159,501
3240,264840,100,22,-78,251,313
3241,1849381,100,15,-85,-8456,328
3242,4763482,100,19,-81,-1974,421
3243,2284393,100,13,-87,-14783,457
3244,1906111,100,18,-82,-3034,424
3245,11586200,100,17,-83,-4461,434
3246,9285940,100,28,-72,2105,344
3247,449709,100,18,-82,-2751,730
3248,10605856,100,11,-89,-26634,507
3249,5084197,100,13,-87,-14809,535
3250,13084836,100,11,-89,-26521,655
3251,10398174,100,23,-77,812,522
3252,8827473,100,15,-85,-8261,445
3253,4658284,100,14,-86,-11039,508
3254,5568992,100,14,-86,-11199,319
3255,727483,100,15,-85,-8393,422
3256,7591785,100,22,-78,142,279
3257,12428451,100,18,-82,-2868,454
3258,5788273,100,14,-86,-10910,627
3259,7220044,100,20,-80,-1083,425
3260,1925566,100,20,-80,-1165,290
3261,3017642,100,27,-73,1936,384
3262,12522800,100,18,-82,-2731,553
3263,2636361,100,26,-74,1716,354
3264,7737265,100,28,-72,2088,239
3265,11721032,100,23,-77,726,428
3266,12242211,100,25,-75,1380,349
3267,13547659,100,14,-86,-10965,606
3268,4150560,100,14,-86,-10850,620
3269,11344112,100,23,-77,826,563
3270,9921212,100,18,-82,-3021,390
3271,2378949,100,20,-80,-1306,237
3272,9325372,100,13,-87,-15108,485
3273,2921227,100,19,-81,-1928,398
3274,10623960,100,15,-85,-8111,524
3275,4028132,100,16,-84,-6067,444
3276,5904499,100,16,-84,-5988,417
3277,8259560,100,31,-69,2531,267
3278,8540573,100,13,-87,-14960,404
3279,10540221,100,15,-85,-8317,398
3280,2775578,100,23,-77,829,535
3281,752336,100,18,-82,-3483,237
3282,11457587,100,18,-82,-3162,288
3283,9016466,100,27,-73,1899,304
3284,13123235,100,29,-71,2305,298
3285,4622620,100,16,-84,-5846,448
3286,2258406,100,31,-69,2549,250
3287,6437874,100,27,-73,1959,314
3288,8277273,100,12,-88,-19749,530
3289,10921197,100,17,-83,-4358,441
3290,11729124,100,14,-86,-11137,396
3291,10796673,100,22,-78,319,307
3292,4615822,100,20,-80,-1022,445
3293,827703,100,13,-87,-15167,459
3294,4580493,100,9,-91,-49405,555
3295,7326052,100,17,-83,-4057,460
3296,5716832,100,18,-82,-2861,378
3297,13079407,100,16,-84,-6267,361
3298,7351555,100,17,-83,-4474,359
3299,12652832,100,22,-78,259,356
3300,12445439,100,26,-74,1669,305
3301,11249823,100,22,-78,216,266
3302,1217942,100,19,-81,-2054,267
3303,3369843,100,14,-86,-11503,307
3304,10619486,100,23,-77,646,280
3305,13367326,100,18,-82,-2926,311
3306,4041335,99,29,-70,2390,180
3307,5931059,99,27,-72,2045,228
3308,3671109,99,26,-73,1756,188
3309,11033554,99,19,-80,-1728,418
3310,11888337,99,18,-81,-2718,352
3311,12497569,99,20,-79,-1046,402
3312,9229336,99,28,-71,2251,347
3313,6222322,99,30,-69,2507,243
3314,12604319,99,26,-73,1688,318
3315,11467587,99,15,-84,-7993,592
3316,5071219,99,20,-79,-954,466
3317,5254134,99,36,-63,2967,221
3318,2877884,99,27,-72,2004,296
3319,6405031,99,22,-77,271,493
3320,1708004,99,34,-65,2862,297
3321,12547998,99,20,-79,-918,711
3322,13251968,99,23,-76,627,235
3323,2682331,99,12,-87,-19615,985
3324,6338566,99,17,-82,-3985,587
3325,13277985,99,22,-77,221,480
3326,10047697,99,22,-77,169,340
3327,6517586,99,24,-75,1270,714
3328,6440642,99,27,-72,2015,421
3329,10038766,99,20,-79,-1162,308
3330,4504913,99,15,-84,-7971,692
3331,6432028,99,14,-85,-10805,527
3332,7266440,99,20,-79,-1051,510
3333,7015952,99,17,-82,-4174,606
3334,11163136,99,30,-69,2492,266
3335,11976589,99,11,-88,-26341,1104
3336,13036034,99,18,-81,-2764,533
3337,5672541,99,13,-86,-14516,907
3338,6736485,99,12,-87,-19617,1051
3339,655619,99,19,-80,-1603,605
3340,12839646,99,23,-76,621,490
3341,5433207,99,22,-77,262,305
3342,2259290,99,14,-85,-10852,663
3343,7573304,99,15,-84,-8033,489
3344,145309,99,24,-75,1198,287
3345,8905039,99,13,-86,-14592,410
3346,12172878,99,13,-86,-14526,935
3347,7921344,99,17,-82,-4093,476
3348,12377888,99,17,-82,-4146,449
3349,4597191,99,18,-81,-2698,701
3350,9348662,99,20,-79,-1105,416
3351,2763516,99,17,-82,-4199,570
3352,5923198,99,11,-88,-26358,667
3353,3954275,99,18,-81,-2857,339
3354,9959476,99,17,-82,-4004,722
3355,8755334,99,17,-82,-3973,405
3356,9858742,99,18,-81,-2648,553
3357,12733416,99,24,-75,1217,610
3358,1055250,99,21,-78,-352,472
3359,695911,99,21,-78,-175,362
3360,3450013,99,16,-83,-5688,717
3361,9889309,99,25,-74,1499,349
3362,4308607,99,24,-75,1127,465
3363,6942467,99,21,-78,-341,325
3364,2387453,99,19,-80,-1553,717
3365,1815666,99,18,-81,-2712,378
3366,12512717,99,18,-81,-2843,568
3367,740198,99,18,-81,-2917,392
3368,6784252,99,21,-78,-400,287
3369,2994202,99,12,-87,-19657,732
3370,9625695,99,16,-83,-5659,737
3371,589198,99,21,-78,-216,313
3372,12644594,99,16,-83,-6092,442
3373,10536063,99,17,-82,-4130,480
3374,7870155,99,11,-88,-26322,900
3375,685094,99,14,-85,-10732,856
3376,652351,99,15,-84,-8088,487
3377,6286079,99,36,-63,3035,205
3378,838304,99,31,-68,2684,278
3379,3411846,99,17,-82,-4006,584
3380,9396708,99,10,-89,-35772,921
3381,9183118,99,24,-75,1184,423
3382,6883979,99,15,-84,-8148,573
3383,13549394,99,17,-82,-4062,485
3384,1171088,99,23,-76,870,339
3385,4583101,99,20,-79,-786,543
3386,10151280,99,22,-77,252,207
3387,11066400,99,17,-82,-4050,526
3388,11395678,99,29,-70,2471,324
3389,10139450,99,35,-64,3000,312
3390,4828371,99,16,-83,-6140,417
3391,1953975,99,19,-80,-1607,572
3392,10922726,99,16,-83,-5862,388
3393,10820099,99,21,-78,-449,238
3394,6552220,99,16,-83,-5858,496
3395,11609634,99,28,-71,2231,252
3396,8369964,99,16,-83,-6126,328
3397,6806522,99,19,-80,-1829,427
3398,10388761,99,15,-84,-8156,550
3399,11700059,99,29,-70,2435,358
3400,1820946,99,19,-80,-1644,451
3401,6593207,99,16,-83,-6209,303
3402,80670,99,23,-76,757,244
3403,12264976,99,11,-88,-26299,881
3404,8671981,99,25,-74,1563,291
3405,6860998,99,20,-79,-983,376
3406,713037,99,18,-81,-2713,418
3407,3072739,99,15,-84,-7961,514
3408,10348932,99,13,-86,-14873,573
3409,12740516,99,23,-76,863,418
3410,697049,99,18,-81,-2824,431
3411,10961425,99,11,-88,-26369,695
3412,6558606,99,12,-87,-19622,671
3413,2049514,99,17,-82,-4417,458
3414,13005485,99,23,-76,968,443
3415,1070032,99,14,-85,-10885,538
3416,9684976,99,15,-84,-7970,583
3417,13512776,99,21,-78,-121,313
3418,12800872,99,15,-84,-7920,515
3419,1672355,99,17,-82,-4426,319
3420,5602616,99,20,-79,-730,280
3421,6121354,99,16,-83,-6046,455
3422,13548318,99,15,-84,-8523,361
3423,5710504,99,17,-82,-4082,332
3424,11647347,99,12,-87,-19643,595
3425,7858217,99,20,-79,-803,506
3426,4806844,99,26,-73,1825,379
3427,610491,99,24,-75,1328,354
3428,1923524,99,16,-83,-5646,671
3429,12808562,99,12,-87,-19937,494
3430,4461185,99,14,-85,-10778,697
3431,7371800,99,14,-85,-11017,466
3432,12794009,99,23,-76,831,287
3433,2359626,99,13,-86,-14588,715
3434,3076846,99,14,-85,-11062,405
3435,11553006,99,16,-83,-5872,370
3436,663155,99,17,-82,-4578,259
3437,1713685,99,21,-78,-120,401
3438,7587662,99,22,-77,352,188
3439,6779944,99,21,-78,-153,316
3440,10070458,99,15,-84,-8265,377
3441,10273851,99,13,-86,-14592,544
3442,8474273,99,12,-87,-19608,573
3443,12930218,99,22,-77,578,504
3444,1167707,99,12,-87,-19562,609
3445,13279689,99,32,-67,2795,214
3446,13170008,99,15,-84,-7985,386
3447,2775735,99,17,-82,-4005,530
3448,2959595,99,14,-85,-10689,721
3449,8965631,99,17,-82,-4080,476
3450,5067219,99,18,-81,-2998,354
3451,10689773,99,13,-86,-14712,507
3452,6047284,99,33,-66,2891,264
3453,7494683,99,19,-80,-1971,280
3454,3286418,99,14,-85,-10668,541
3455,13314996,99,16,-83,-5982,352
3456,1776100,99,22,-77,253,326
3457,4145886,99,23,-76,1002,366
3458,2313950,99,20,-79,-1229,207
3459,1847602,99,15,-84,-7953,458
3460,7870536,99,11,-88,-26512,465
3461,12680918,99,22,-77,275,235
3462,8841150,99,22,-77,437,372
3463,2000438,99,23,-76,808,268
3464,636152,99,18,-81,-2863,280
3465,4905156,99,27,-72,2040,220
3466,1877773,99,24,-75,1286,458
3467,3327693,99,10,-89,-35802,554
3468,13239957,99,37,-62,3143,243
3469,8177450,99,22,-77,338,301
3470,6171736,98,24,-74,1440,315
3471,9932448,98,27,-71,2215,447
3472,1620785,98,24,-74,1430,300
3473,403846,98,26,-72,1992,196
3474,5040903,98,30,-68,2618,217
3475,9215831,98,16,-82,-5565,760
3476,1641513,98,19,-79,-1656,443
3477,4297671,98,24,-74,1441,359
3478,6280536,98,33,-65,2951,238
3479,6599562,98,15,-83,-7683,1498
3480,9332398,98,23,-75,957,317
3481,7556106,98,24,-74,1252,268
3482,5785733,98,29,-69,2490,241
3483,939277,98,19,-79,-1525,611
3484,131338,98,23,-75,889,348
3485,635356,98,22,-76,398,400
3486,2512609,98,24,-74,1292,492
3487,9678879,98,17,-81,-3812,761
3488,4526175,98,15,-83,-7723,775
3489,4039024,98,20,-78,-909,230
3490,13091953,98,17,-81,-3813,808
3491,12329400,98,17,-81,-3789,697
3492,5206262,98,16,-82,-5635,645
3493,7764495,98,22,-76,566,363
3494,9451477,98,23,-75,869,365
3495,11222642,98,18,-80,-2577,455
3496,5858347,98,19,-79,-1713,437
3497,10969124,98,23,-75,1006,348
3498,5278132,98,28,-70,2345,194
3499,3241572,98,15,-83,-7790,557
3500,10459384,98,20,-78,-723,486
3501,8873727,98,22,-76,540,534
3502,11439789,98,31,-67,2787,247
3503,12324127,98,12,-86,-19488,762
3504,13333350,98,26,-72,1912,297
3505,10803391,98,17,-81,-4130,329
3506,6572176,98,19,-79,-1493,447
3507,5413358,98,19,-79,-1576,396
3508,2843925,98,21,-77,-207,257
3509,2280642,98,19,-79,-1557,496
3510,9953856,98,16,-82,-5494,976
3511,9629597,98,14,-84,-10595,700
3512,13627349,98,31,-67,2811,231
3513,8938642,98,11,-87,-26157,1537
3514,9733528,98,25,-73,1675,237
3515,3111203,98,17,-81,-4123,326
3516,5121411,98,10,-88,-35625,958
3517,6634954,98,15,-83,-7749,710
3518,4902397,98,29,-69,2550,241
3519,11982902,98,29,-69,2609,341
3520,2231030,98,15,-83,-7777,661
3521,2567803,98,18,-80,-2401,842
3522,12786544,98,16,-82,-5761,428
3523,2071534,98,14,-84,-10538,847
3524,12384434,98,17,-81,-3876,501
3525,4276998,98,15,-83,-8144,378
3526,5861632,98,20,-78,-799,303
3527,7286862,98,17,-81,-4020,530
3528,7162907,98,25,-73,1607,242
3529,4166485,98,17,-81,-4008,438
3530,1338423,98,16,-82,-5792,563
3531,5979863,98,34,-64,3058,243
3532,4447197,98,21,-77,-78,481
3533,241591,98,18,-80,-2616,549
3534,12209293,98,15,-83,-7705,637
3535,7417170,98,20,-78,-744,554
3536,7408586,98,23,-75,1018,377
3537,9989681,98,7,-91,-97622,1505
3538,6843807,98,17,-81,-3928,571
3539,7141007,98,20,-78,-588,619
3540,10158737,98,20,-78,-719,517
3541,3849881,98,24,-74,1467,259
3542,8324598,98,19,-79,-1818,391
3543,2455035,98,14,-84,-10800,432
3544,7767086,98,14,-84,-10638,611
3545,1509493,98,14,-84,-10510,782
3546,13069110,98,14,-84,-10727,575
3547,9813492,98,12,-86,-19410,828
3548,10566797,98,12,-86,-19386,1071
3549,5271109,98,18,-80,-2433,620
3550,4520409,98,28,-70,2418,234
3551,4761635,98,19,-79,-1607,306
3552,4054475,98,21,-77,31,334
3553,4339320,98,19,-79,-1524,468
3554,9189759,98,27,-71,2254,284
3555,6671843,98,13,-85,-14391,727
3556,11185402,98,16,-82,-5701,669
3557,8605968,98,21,-77,-235,215
3558,9605701,98,17,-81,-3709,584
3559,12635279,98,22,-76,563,350
3560,10549611,98,10,-88,-35586,948
3561,6745638,98,8,-90,-68348,767
3562,6035565,98,21,-77,-28,316
3563,7152657,98,24,-74,1379,376
3564,2796926,98,17,-81,-3832,688
3565,10417091,98,15,-83,-7897,574
3566,2542296,98,19,-79,-1436,497
3567,5170066,98,13,-85,-14523,570
3568,882508,98,17,-81,-4506,318
3569,697053,98,22,-76,437,346
3570,12361625,98,13,-85,-14401,582
3571,13311233,98,13,-85,-14480,667
3572,58800,98,21,-77,-42,399
3573,7168863,98,15,-83,-7925,463
3574,715265,98,15,-83,-7943,427
3575,1816586,98,19,-79,-1420,467
3576,9596060,98,13,-85,-14359,799
3577,13508225,98,13,-85,-14365,709
3578,11364610,98,17,-81,-3954,524
3579,2763488,98,17,-81,-3985,506
3580,314547,98,29,-69,2674,366
3581,6077903,98,14,-84,-10589,684
3582,6470566,98,44,-54,3443,220
3583,7403437,98,20,-78,-792,390
3584,10324322,98,16,-82,-5545,545
3585,11916217,98,16,-82,-5715,442
3586,6179725,98,16,-82,-5616,556
3587,9006637,98,33,-65,3011,211
3588,3581874,98,16,-82,-5774,528
3589,12456155,98,23,-75,1151,545
3590,4281582,98,21,-77,-250,216
3591,4279918,98,21,-77,44,380
3592,43833,98,19,-79,-1745,268
3593,5955962,98,17,-81,-3958,339
3594,428335,98,14,-84,-10553,652
3595,9488451,98,14,-84,-10876,440
3596,11315025,98,19,-79,-1646,470
3597,4118390,98,12,-86,-19445,659
3598,3422375,98,17,-81,-4373,291
3599,7724377,98,16,-82,-5833,367
3600,1126669,98,21,-77,-44,642
3601,7001896,98,17,-81,-3892,361
3602,8619466,98,17,-81,-4037,327
3603,3164307,98,13,-85,-14345,693
3604,11436775,98,14,-84,-10581,377
3605,646463,98,16,-82,-5646,423
3606,12517,98,23,-75,1048,383
3607,11259534,98,19,-79,-1524,372
3608,3793467,98,15,-83,-7794,485
3609,9795845,98,27,-71,2276,319
3610,2257027,98,16,-82,-5597,435
3611,3326291,98,16,-82,-5849,426
3612,1794039,98,16,-82,-5739,496
3613,12974109,98,17,-81,-4341,327
3614,1159617,98,18,-80,-2876,387
3615,5897387,98,21,-77,-253,270
3616,2482213,98,10,-88,-35563,757
3617,972111,98,15,-83,-7653,552
3618,7273024,98,23,-75,1055,320
3619,3857455,98,13,-85,-14557,568
3620,12634322,98,17,-81,-4117,394
3621,3739512,98,14,-84,-10905,379
3622,6906553,98,13,-85,-14375,566
3623,3509374,98,13,-85,-14446,495
3624,1088652,98,12,-86,-19558,525
3625,13291983,98,15,-83,-8084,457
3626,3310993,98,23,-75,912,291
3627,10675771,98,13,-85,-14258,620
3628,1538219,98,14,-84,-10628,493
3629,12009864,98,13,-85,-14436,495
3630,12170923,98,16,-82,-5470,518
3631,5441484,98,18,-80,-2554,422
3632,522414,98,30,-68,2777,282
3633,10553614,98,13,-85,-14354,545
3634,6770590,98,14,-84,-10602,560
3635,4566653,98,13,-85,-14297,674
3636,8959985,98,15,-83,-7837,469
3637,7256738,98,10,-88,-35622,525
3638,7373726,98,16,-82,-5938,440
3639,7716440,98,26,-72,2050,366
3640,3997079,98,26,-72,2028,270
3641,9334043,98,18,-80,-2614,316
3642,6899962,98,17,-81,-3818,478
3643,4570568,98,16,-82,-5695,478
3644,4056890,98,18,-80,-2592,351
3645,2314014,98,17,-81,-3977,356
3646,7277530,98,14,-84,-10559,479
3647,691728,98,11,-87,-26121,631
3648,5710047,98,22,-76,408,233
3649,12593748,98,13,-85,-14591,458
3650,2424933,98,14,-84,-10915,390
3651,9250978,98,15,-83,-7768,443
3652,1878442,98,24,-74,1559,332
3653,4159761,98,20,-78,-687,365
3654,1803686,98,14,-84,-10847,450
3655,4848402,98,16,-82,-5663,375
3656,8032333,98,27,-71,2378,252
3657,6163373,98,22,-76,412,276
3658,9032204,98,12,-86,-19789,412
3659,5484959,98,21,-77,1,328
3660,3681051,98,14,-84,-10517,469
3661,7107501,98,15,-83,-8204,318
3662,2647943,98,20,-78,-650,363
3663,6301579,98,23,-75,1050,254
3664,4975552,98,13,-85,-14825,365
3665,2767578,98,28,-70,2543,303
3666,11716231,98,18,-80,-2736,315
3667,5692729,98,18,-80,-2898,230
3668,643181,98,20,-78,-813,294
3669,3825105,98,14,-84,-10864,369
3670,8757533,98,13,-85,-14799,315
3671,11164538,98,21,-77,0,272
3672,5439408,98,16,-82,-5741,303
3673,1702500,98,22,-76,455,259
3674,13020541,98,18,-80,-2764,232
3675,12715461,98,22,-76,447,267
3676,6579809,98,14,-84,-10737,391
3677,10996840,98,20,-78,-810,219
3678,9145291,98,22,-76,487,244
3679,10670733,97,20,-77,-467,532
3680,10508667,97,31,-66,2957,314
3681,4302364,97,26,-71,2108,384
3682,602116,97,11,-86,-25986,943
3683,3839810,97,31,-66,2945,198
3684,2201224,97,22,-75,656,454
3685,10074983,97,25,-72,1933,389
3686,4020694,97,17,-80,-3583,769
3687,3079693,97,27,-70,2360,302
3688,12249804,97,22,-75,534,319
3689,8764020,97,16,-81,-5456,667
3690,4552686,97,17,-80,-3679,592
3691,10033446,97,27,-70,2401,279
3692,5431321,97,18,-79,-2307,757
3693,11257999,97,12,-85,-19252,621
3694,4768232,97,22,-75,701,316
3695,2967003,97,38,-59,3416,205
3696,6579359,97,15,-82,-7614,682
3697,5394602,97,17,-80,-3573,1061
3698,8685642,97,26,-71,2051,287
3699,8181352,97,15,-82,-7588,658
3700,13443375,97,19,-78,-1494,503
3701,10425331,97,20,-77,-585,505
3702,2823638,97,36,-61,3356,259
3703,10554179,97,18,-79,-2342,684
3704,5951201,97,14,-83,-10372,691
3705,10218727,97,15,-82,-7492,802
3706,4639569,97,31,-66,2972,230
3707,13295814,97,10,-87,-35414,1291
3708,11442392,97,18,-79,-2378,435
3709,12195929,97,39,-58,3450,159
3710,8964709,97,27,-70,2412,349
3711,2646030,97,19,-78,-1370,450
3712,3725592,97,10,-87,-35417,1241
3713,6176238,97,16,-81,-5379,654
3714,3162777,97,25,-72,1897,401
3715,13638930,97,17,-80,-3624,713
3716,7294125,97,11,-86,-25969,1089
3717,5006236,97,12,-85,-19212,1287
3718,10279786,97,23,-74,1075,273
3719,850115,97,17,-80,-3792,595
3720,3662111,97,21,-76,214,325
3721,4925305,97,17,-80,-3741,491
3722,2973254,97,18,-79,-2464,343
3723,7759772,97,15,-82,-7749,569
3724,2880715,97,29,-68,2768,252
3725,11760532,97,17,-80,-3871,535
3726,618905,97,17,-80,-3883,595
3727,6128071,97,13,-84,-14175,909
3728,7640441,97,16,-81,-5256,1221
3729,5157980,97,12,-85,-19230,745
3730,12144790,97,16,-81,-5506,551
3731,3400184,97,25,-72,1876,350
3732,13431017,97,22,-75,573,457
3733,6164187,97,15,-82,-7766,441
3734,3339123,97,28,-69,2604,334
3735,4515576,97,17,-80,-3774,536
3736,6854241,97,17,-80,-3677,609
3737,12816611,97,35,-62,3330,233
3738,8372530,97,18,-79,-2416,353
3739,8615252,97,17,-80,-3725,398
3740,646437,97,35,-62,3332,352
3741,3783195,97,22,-75,804,462
3742,8746569,97,15,-82,-7651,585
3743,234284,97,14,-83,-10302,755
3744,12540042,97,13,-84,-14439,496
3745,5755649,97,13,-84,-14167,831
3746,1841592,97,17,-80,-3648,533
3747,6390043,97,35,-62,3337,291
3748,1338573,97,28,-69,2578,207
3749,3981814,97,15,-82,-7669,592
3750,13635823,97,17,-80,-3622,415
3751,4895919,97,25,-72,1882,309
3752,944903,97,12,-85,-19210,1037
3753,8087934,97,41,-56,3548,285
3754,283782,97,17,-80,-3792,583
3755,6956097,97,18,-79,-2349,546
3756,6319712,97,32,-65,3118,302
3757,1368422,97,15,-82,-8075,388
3758,10700280,97,17,-80,-3641,558
3759,8073950,97,28,-69,2603,180
3760,3958346,97,13,-84,-14412,449
3761,6526302,97,20,-77,-655,485
3762,11135348,97,17,-80,-3611,758
3763,1338550,97,15,-82,-7692,549
3764,1668043,97,17,-80,-3548,745
3765,2709172,97,17,-80,-3735,373
3766,1735520,97,17,-80,-3719,466
3767,12375350,97,21,-76,116,296
3768,12424285,97,16,-81,-5510,558
3769,11946397,97,14,-83,-10491,644
3770,12333259,97,19,-78,-1245,425
3771,2890487,97,19,-78,-1634,358
3772,793569,97,23,-74,1118,327
3773,1519828,97,19,-78,-1692,295
3774,3044783,97,19,-78,-1613,341
3775,2694858,97,13,-84,-14208,740
3776,1820027,97,21,-76,224,454
3777,7098996,97,29,-68,2800,216
3778,24221,97,16,-81,-5783,308
3779,13237884,97,13,-84,-14177,622
3780,10706499,97,16,-81,-5724,404
3781,470781,97,22,-75,775,258
3782,4228485,97,10,-87,-35367,778
3783,6625782,97,26,-71,2174,356
3784,2116084,97,18,-79,-2649,379
3785,3195493,97,17,-80,-3671,474
3786,12405884,97,14,-83,-10630,391
3787,4202872,97,19,-78,-1555,277
3788,7170814,97,11,-86,-25934,881
3789,1081437,97,25,-72,1990,414
3790,6456118,97,16,-81,-5432,479
3791,1885274,97,15,-82,-7872,313
3792,904541,97,19,-78,-1368,551
3793,6416232,97,25,-72,1842,325
3794,3978561,97,14,-83,-10372,657
3795,10560565,97,12,-85,-19293,619
3796,1842909,97,18,-79,-2549,380
3797,957967,97,13,-84,-14164,648
3798,6000418,97,13,-84,-14414,311
3799,6953037,97,11,-86,-26057,598
3800,12179578,97,14,-83,-10468,502
3801,10082089,97,16,-81,-5782,407
3802,6846754,97,19,-78,-1460,313
3803,7710008,97,16,-81,-5587,525
3804,1458846,97,17,-80,-3594,449
3805,10906146,97,13,-84,-14461,517
3806,5700090,97,23,-74,1303,476
3807,8474420,97,22,-75,632,263
3808,9525566,97,31,-66,3086,274
3809,1441729,97,14,-83,-10310,536
3810,4318263,97,15,-82,-7611,550
3811,8037572,97,37,-60,3488,249
3812,6331905,97,23,-74,1251,306
3813,4622829,97,19,-78,-1256,512
3814,3183509,97,12,-85,-19263,631
3815,3542627,97,16,-81,-5328,555
3816,7521730,97,23,-74,1208,342
3817,12842158,97,18,-79,-2254,531
3818,10516396,97,17,-80,-3865,287
3819,2356458,97,23,-74,1133,338
3820,9081576,97,12,-85,-19329,504
3821,9135666,97,14,-83,-10413,573
3822,6335648,97,16,-81,-5805,373
3823,11447892,97,16,-81,-5627,414
3824,7112993,97,13,-84,-14603,408
3825,6472271,97,14,-83,-10489,552
3826,9670665,97,19,-78,-1238,402
3827,3184956,97,11,-86,-25999,663
3828,6172615,97,19,-78,-1456,362
3829,1238802,97,13,-84,-14497,535
3830,678949,97,17,-80,-3935,377
3831,5774195,97,17,-80,-3484,534
3832,12232456,97,17,-80,-3961,478
3833,6186842,97,14,-83,-10458,469
3834,11704346,97,21,-76,305,397
3835,5660978,97,13,-84,-14546,445
3836,4769253,97,15,-82,-7879,428
3837,10812381,97,11,-86,-25992,549
3838,8161374,97,15,-82,-7462,639
3839,1200558,97,25,-72,1895,248
3840,8803038,97,16,-81,-5642,337
3841,1406716,97,19,-78,-1302,484
3842,10413528,97,17,-80,-3629,409
3843,5508967,97,22,-75,680,303
3844,10729718,97,21,-76,259,444
3845,1487660,97,14,-83,-10350,433
3846,5295550,97,25,-72,1946,203
3847,7272608,97,10,-87,-35566,530
3848,4340557,97,13,-84,-14388,473
3849,6223405,97,27,-70,2518,302
3850,5541449,97,19,-78,-1533,300
3851,3780388,97,13,-84,-14842,282
3852,3761804,97,23,-74,1278,338
3853,10059937,97,21,-76,86,232
3854,3150262,97,13,-84,-14421,458
3855,10259468,97,25,-72,1916,246
3856,5314983,97,17,-80,-3618,386
3857,13217147,97,11,-86,-25994,475
3858,6677069,97,17,-80,-4131,294
3859,1491654,97,24,-73,1614,314
3860,11060653,97,16,-81,-5526,381
3861,7462630,97,25,-72,1995,268
3862,4760029,97,19,-78,-1340,376
3863,8583976,97,11,-86,-25981,515
3864,13626814,97,16,-81,-5555,400
3865,3935107,97,17,-80,-3909,312
3866,7604280,96,28,-68,2826,416
3867,9421339,96,25,-71,2102,428
3868,1810237,96,24,-72,1741,347
3869,8691832,96,23,-73,1361,405
3870,1457794,96,24,-72,1696,434
3871,8136923,96,26,-70,2326,501
3872,5503209,96,19,-77,-1133,623
3873,12688941,96,16,-80,-5171,469
3874,3600381,96,16,-80,-5212,601
3875,13451057,96,23,-73,1502,866
3876,12008645,96,23,-73,1450,427
3877,9333933,96,24,-72,1742,438
3878,5691105,96,14,-82,-10134,979
3879,3321559,96,23,-73,1399,303
3880,2175087,96,20,-76,-403,560
3881,7320192,96,22,-74,830,569
3882,1858165,96,16,-80,-5229,369
3883,7150084,96,16,-80,-5180,682
3884,5538419,96,25,-71,1969,296
3885,5669155,96,23,-73,1229,274
3886,1727441,96,12,-84,-19036,1438
3887,7151837,96,17,-79,-3517,558
3888,1310475,96,18,-78,-2104,716
3889,4155953,96,24,-72,1673,320
3890,12403819,96,20,-76,-423,348
3891,3646997,96,25,-71,2009,500
3892,4618267,96,17,-79,-3430,632
3893,2071791,96,23,-73,1387,244
3894,6939213,96,13,-83,-13940,1481
3895,239133,96,16,-80,-5147,923
3896,8980240,96,19,-77,-1122,522
3897,10768960,96,13,-83,-13967,797
3898,2063673,96,16,-80,-5603,388
3899,12043925,96,18,-78,-2176,446
3900,7973923,96,24,-72,1753,470
3901,819310,96,18,-78,-2277,502
3902,11025266,96,18,-78,-2257,655
3903,2798396,96,15,-81,-7371,889
3904,11292249,96,15,-81,-7380,782
3905,6158372,96,27,-69,2660,412
3906,4204931,96,15,-81,-7349,566
3907,2716808,96,13,-83,-14210,428
3908,13344846,96,17,-79,-3338,698
3909,11445215,96,18,-78,-2092,771
3910,1442292,96,17,-79,-3397,669
3911,8256955,96,12,-84,-19049,1002
3912,1327359,96,21,-75,342,494
3913,10872199,96,14,-82,-10221,567
3914,12130339,96,17,-79,-3475,660
3915,6118671,96,25,-71,1959,190
3916,2243506,96,17,-79,-3471,707
3917,4922189,96,15,-81,-7304,692
3918,12909672,96,13,-83,-13932,899
3919,6223251,96,15,-81,-7273,889
3920,8941605,96,12,-84,-19082,685
3921,1804188,96,13,-83,-13999,797
3922,6218028,96,14,-82,-10591,574
3923,4526772,96,17,-79,-3750,344
3924,7439831,96,22,-74,957,367
3925,12955389,96,18,-78,-2596,294
3926,6154229,96,28,-68,2771,265
3927,11164536,96,23,-73,1343,248
3928,7903882,96,19,-77,-1214,515
3929,11111943,96,15,-81,-7315,773
3930,9745455,96,26,-70,2327,228
3931,1667116,96,28,-68,2794,236
3932,8325178,96,19,-77,-1117,633
3933,3628271,96,22,-74,724,327
3934,7187243,96,19,-77,-1365,354
3935,6053135,96,13,-83,-13984,812
3936,13045848,96,27,-69,2610,255
3937,9505593,96,12,-84,-19000,928
3938,2080052,96,16,-80,-5060,785
3939,4027278,96,20,-76,-422,340
3940,4578086,96,16,-80,-5421,516
3941,11140630,96,16,-80,-5083,644
3942,669773,96,13,-83,-14187,550
3943,5219157,96,14,-82,-10431,400
3944,479756,96,17,-79,-3571,400
3945,6638239,96,22,-74,846,450
3946,2151458,96,13,-83,-13983,771
3947,11179743,96,14,-82,-10241,734
3948,8019616,96,22,-74,655,205
3949,12651276,96,17,-79,-3799,486
3950,8859677,96,15,-81,-7554,621
3951,2281036,96,13,-83,-13949,874
3952,10439860,96,12,-84,-18999,996
3953,10787926,96,17,-79,-3600,723
3954,7987678,96,18,-78,-2183,412
3955,9245274,96,20,-76,-242,486
3956,2034977,96,16,-80,-5138,744
3957,4495136,96,20,-76,-341,411
3958,12269942,96,15,-81,-7424,581
3959,12018459,96,14,-82,-10139,701
3960,8754471,96,20,-76,-532,229
3961,549243,96,25,-71,2113,291
3962,4061699,96,15,-81,-7343,550
3963,6040870,96,16,-80,-5181,349
3964,5900534,96,14,-82,-10427,395
3965,7725850,96,16,-80,-5404,378
3966,1270018,96,13,-83,-13945,761
3967,8195153,96,25,-71,2061,239
3968,8579616,96,11,-85,-25867,659
3969,13013676,96,14,-82,-10217,666
3970,5145374,96,17,-79,-3574,377
3971,10007459,96,17,-79,-3630,520
3972,1377035,96,24,-72,1752,275
3973,3295289,96,19,-77,-1491,391
3974,9607184,96,13,-83,-14283,446
3975,1063565,96,26,-70,2477,414
3976,10512848,96,17,-79,-3522,494
3977,5942067,96,14,-82,-10057,881
3978,10004403,96,12,-84,-19092,606
3979,877216,96,15,-81,-7456,597
3980,13243590,96,19,-77,-1065,512
3981,11822587,96,14,-82,-10611,326
3982,7664201,96,19,-77,-1221,380
3983,1200549,96,15,-81,-7237,892
3984,2130700,96,15,-81,-7456,447
3985,10176189,96,21,-75,346,315
3986,6179082,96,17,-79,-3662,370
3987,6851551,96,15,-81,-7574,626
3988,13032245,96,19,-77,-1542,248
3989,7091837,96,14,-82,-10404,464
3990,5595229,96,17,-79,-3760,596
3991,9521442,96,17,-79,-3563,359
3992,8654027,96,19,-77,-1087,466
3993,12598502,96,15,-81,-7535,470
3994,9333649,96,18,-78,-2159,362
3995,6584122,96,31,-65,3259,318
3996,6395863,96,16,-80,-5124,509
3997,3187148,96,22,-74,1058,482
3998,796793,96,20,-76,-551,296
3999,522579,96,19,-77,-1221,342
4000,9432911,96,13,-83,-13849,807
4001,6928861,96,24,-72,1711,307
4002,10662011,96,17,-79,-3478,394
4003,12003450,96,27,-69,2742,552
4004,11034272,96,15,-81,-7348,620
4005,2771123,96,16,-80,-5482,345
4006,11707327,96,19,-77,-1283,394
4007,11222345,96,16,-80,-5086,556
4008,420947,96,13,-83,-14277,502
4009,10270606,96,17,-79,-3510,546
4010,8182462,96,13,-83,-14364,422
4011,4628641,96,21,-75,440,327
4012,11401333,96,12,-84,-19144,502
4013,5471306,96,19,-77,-952,394
4014,8083391,96,15,-81,-7643,388
4015,8102936,96,16,-80,-5517,470
4016,12327939,96,18,-78,-2184,382
4017,1862184,96,13,-83,-14568,456
4018,13267014,96,23,-73,1576,465
4019,11964123,96,17,-79,-3586,526
4020,12871071,96,30,-66,3152,177
4021,9892965,96,15,-81,-7257,502
4022,2412035,96,19,-77,-1116,419
4023,990819,96,19,-77,-1125,411
4024,10337568,96,25,-71,2192,271
4025,6282086,96,26,-70,2456,288
4026,6537546,96,14,-82,-10589,446
4027,7129172,96,19,-77,-1346,320
4028,10505196,96,18,-78,-2279,265
4029,1681091,96,16,-80,-5306,398
4030,369470,96,10,-86,-35135,721
4031,4926117,96,16,-80,-5653,367
4032,10193859,96,28,-68,2874,243
4033,11314077,96,14,-82,-10729,515
4034,2271561,96,33,-63,3471,213
4035,10112757,96,13,-83,-14037,462
4036,13678174,96,19,-77,-1099,351
4037,11504977,96,28,-68,2916,194
4038,4579954,96,39,-57,3778,196
4039,7511884,96,17,-79,-3572,433
4040,1355887,96,16,-80,-5454,420
4041,12432151,96,12,-84,-19146,556
4042,2147765,96,25,-71,2134,212
4043,7218602,96,11,-85,-25669,760
4044,1883478,96,13,-83,-14372,419
4045,2233617,96,19,-77,-1142,513
4046,5964278,96,27,-69,2639,256
4047,396568,96,14,-82,-10295,386
4048,12624554,96,21,-75,407,290
4049,2565965,96,19,-77,-1410,287
4050,9140173,96,22,-74,1109,603
4051,9148389,96,16,-80,-5795,353
4052,11458245,96,19,-77,-1277,333
4053,282806,96,21,-75,310,253
4054,2156314,96,12,-84,-19062,560
4055,4144026,96,16,-80,-5552,354
4056,7129322,96,12,-84,-19261,532
4057,10106769,96,12,-84,-19229,444
4058,12942183,96,17,-79,-3720,320
4059,8553164,96,19,-77,-1149,279
4060,9758644,96,12,-84,-19032,580
4061,12244346,96,29,-67,3092,227
4062,3263297,96,21,-75,530,344
4063,10167809,96,18,-78,-2239,351
4064,662880,96,12,-84,-19126,427
4065,2840992,96,18,-78,-2365,313
4066,3994099,96,18,-78,-2246,335
4067,10607498,96,33,-63,3499,181
4068,4839828,96,14,-82,-10540,383
4069,5832889,96,13,-83,-14181,477
4070,8010811,96,16,-80,-5077,527
4071,10886742,96,10,-86,-35486,432
4072,4162494,96,16,-80,-5585,302
4073,12101377,96,20,-76,-162,393
4074,7699519,96,17,-79,-4388,186
4075,6069787,96,17,-79,-3531,308
4076,1194929,96,14,-82,-10832,398
4077,9162767,96,15,-81,-7709,298
4078,4548742,96,14,-82,-10692,423
4079,13086723,96,17,-79,-3360,384
4080,10727938,96,17,-79,-3337,475
4081,3978093,96,14,-82,-10230,525
4082,5577114,96,22,-74,829,245
4083,6445689,96,20,-76,-527,289
4084,9371585,96,12,-84,-19372,392
4085,6120558,96,13,-83,-14238,373
4086,506965,96,13,-83,-14463,353
4087,1274070,96,14,-82,-10668,364
4088,5137878,96,22,-74,911,214
4089,6039916,96,17,-79,-3355,358
4090,9113528,96,15,-81,-7470,349
4091,7399445,96,16,-80,-5262,420
4092,5489659,96,18,-78,-2543,262
4093,13515948,96,27,-69,2734,286
4094,13562488,96,18,-78,-2411,275
4095,6634332,96,23,-73,1486,277
4096,12256713,96,14,-82,-10850,313
4097,8646601,95,32,-63,3449,226
4098,4703865,95,38,-57,3815,222
4099,633536,95,31,-64,3370,172
4100,6144087,95,27,-68,2761,704
4101,4207949,95,19,-76,-1019,359
4102,11885128,95,10,-85,-35032,859
4103,6925252,95,16,-79,-4947,792
4104,7895514,95,30,-65,3306,262
4105,5815838,95,17,-78,-3298,639
4106,8007722,95,21,-74,503,407
4107,368461,95,15,-80,-7131,492
4108,9226887,95,16,-79,-5195,479
4109,8418510,95,29,-66,3122,240
4110,6219158,95,32,-63,3488,232
4111,9772749,95,23,-72,1523,180
4112,7419242,95,20,-75,-122,429
4113,4576822,95,17,-78,-3317,303
4114,13077265,95,16,-79,-5041,634
4115,12784636,95,16,-79,-4981,664
4116,6252972,95,12,-83,-18809,1502
4117,8442958,95,29,-66,3227,230
4118,9624693,95,21,-74,258,219
4119,2045814,95,24,-71,2048,267
4120,6056235,95,17,-78,-3308,448
4121,4922266,95,14,-81,-10219,438
4122,6705393,95,22,-73,1216,291
4123,8949095,95,17,-78,-3247,766
4124,12940756,95,20,-75,-219,634
4125,8738378,95,25,-70,2200,240
4126,3241940,95,20,-75,-297,470
4127,10479479,95,11,-84,-25553,1254
4128,3576011,95,15,-80,-7162,743
4129,9884036,95,9,-86,-48443,1495
4130,13288232,95,29,-66,3156,240
4131,11026788,95,16,-79,-4861,864
4132,8294735,95,19,-76,-858,650
4133,9967491,95,14,-81,-9946,704
4134,11533534,95,25,-70,2349,243
4135,9618043,95,16,-79,-4911,865
4136,6396656,95,20,-75,-137,560
4137,1181371,95,15,-80,-7351,522
4138,8060152,95,19,-76,-1428,319
4139,4401578,95,19,-76,-947,486
4140,6518746,95,32,-63,3500,226
4141,2131159,95,15,-80,-7296,410
4142,5044612,95,15,-80,-7456,582
4143,203061,95,17,-78,-3767,374
4144,7224594,95,25,-70,2189,177
4145,10388770,95,16,-79,-4921,1020
4146,12977167,95,19,-76,-895,433
4147,4189461,95,13,-82,-13821,606
4148,5739796,95,15,-80,-7337,378
4149,4727653,95,23,-72,1622,409
4150,8214855,95,17,-78,-3317,451
4151,12917452,95,15,-80,-7158,742
4152,415882,95,24,-71,2020,411
4153,4163888,95,18,-77,-1863,564
4154,10488004,95,17,-78,-3324,423
4155,2592255,95,14,-81,-10160,396
4156,2345840,95,26,-69,2594,313
4157,2647923,95,17,-78,-3248,746
4158,9018383,95,18,-77,-2121,456
4159,5499369,95,12,-83,-18807,737
4160,1682516,95,16,-79,-5001,691
4161,8890517,95,17,-78,-3287,720
4162,12141311,95,23,-72,1437,247
4163,1402077,95,14,-81,-10111,605
4164,2874137,95,16,-79,-5148,499
4165,11670162,95,18,-77,-2003,450
4166,6456069,95,22,-73,946,258
4167,11601599,95,15,-80,-7281,547
4168,5321157,95,14,-81,-10467,536
4169,867196,95,13,-82,-13756,700
4170,9555393,95,22,-73,1287,713
4171,9879840,95,13,-82,-13757,782
4172,2443312,95,36,-59,3827,317
4173,8221267,95,13,-82,-13807,644
4174,2100350,95,17,-78,-3221,609
4175,3379235,95,16,-79,-5296,494
4176,2240820,95,11,-84,-25528,809
4177,93592,95,14,-81,-10053,617
4178,10151133,95,15,-80,-7072,716
4179,6254322,95,17,-78,-3765,293
4180,2288330,95,19,-76,-1272,213
4181,3098235,95,21,-74,548,243
4182,5577004,95,15,-80,-7452,462
4183,5035118,95,21,-74,481,327
4184,6451306,95,20,-75,-100,433
4185,11763244,95,8,-87,-67726,1057
4186,8895354,95,14,-81,-10140,687
4187,12843090,95,24,-71,1906,355
4188,8777518,95,14,-81,-10269,478
4189,2709219,95,15,-80,-7289,485
4190,10042115,95,12,-83,-18865,740
4191,8017581,95,28,-67,3086,396
4192,3846123,95,18,-77,-1963,452
4193,9460615,95,17,-78,-3886,277
4194,6725041,95,12,-83,-18880,634
4195,9972872,95,15,-80,-7235,500
4196,1200960,95,24,-71,2040,532
4197,6502701,95,15,-80,-7266,380
4198,7288472,95,12,-83,-18963,633
4199,6051622,95,15,-80,-7267,549
4200,12454454,95,12,-83,-18750,1025
4201,570450,95,16,-79,-5163,477
4202,5663195,95,13,-82,-13770,546
4203,3854723,95,21,-74,473,225
4204,4035155,95,22,-73,1288,454
4205,8330191,95,12,-83,-18910,645
4206,13245805,95,19,-76,-851,389
4207,512672,95,17,-78,-3315,351
4208,1481200,95,42,-53,4021,210
4209,5872322,95,14,-81,-10398,357
4210,10830784,95,12,-83,-18757,802
4211,6209049,95,26,-69,2650,240
4212,7072309,95,13,-82,-13889,535
4213,8400253,95,20,-75,-31,509
4214,8891082,95,29,-66,3272,206
4215,13123730,95,18,-77,-2114,272
4216,6477573,95,17,-78,-3148,646
4217,7313491,95,14,-81,-9942,595
4218,5885653,95,13,-82,-14125,467
4219,11072023,95,25,-70,2414,214
4220,10215904,95,17,-78,-3188,518
4221,196704,95,13,-82,-13864,649
4222,9120338,95,18,-77,-1774,482
4223,2197126,95,11,-84,-25555,762
4224,10223681,95,13,-82,-13720,523
4225,10336634,95,13,-82,-14055,623
4226,4578377,95,12,-83,-18775,640
4227,9524868,95,16,-79,-5406,415
4228,6156859,95,15,-80,-7299,476
4229,12948395,95,17,-78,-3178,606
4230,9197944,95,18,-77,-1787,590
4231,2380830,95,11,-84,-25501,710
4232,12833559,95,18,-77,-1914,510
4233,13116075,95,12,-83,-19018,487
4234,229922,95,13,-82,-13844,460
4235,12354012,95,16,-79,-5256,382
4236,3371442,95,16,-79,-4819,753
4237,488112,95,15,-80,-7441,526
4238,3175189,95,13,-82,-13666,566
4239,6108990,95,16,-79,-4974,411
4240,10355525,95,15,-80,-7306,345
4241,96284,95,15,-80,-7255,486
4242,4711983,95,25,-70,2391,270
4243,10919311,95,9,-86,-48408,694
4244,853221,95,14,-81,-9993,470
4245,7927761,95,13,-82,-14065,463
4246,2802079,95,11,-84,-25467,603
4247,4234041,95,15,-80,-7145,610
4248,8145643,95,17,-78,-3103,402
4249,2153123,95,26,-69,2607,187
4250,10402254,95,14,-81,-10561,472
4251,10799048,95,11,-84,-25506,678
4252,5316580,95,9,-86,-48402,743
4253,10239588,95,17,-78,-3683,353
4254,3110324,95,14,-81,-10026,473
4255,12017712,95,11,-84,-25566,547
4256,5879609,95,24,-71,2031,392
4257,5988658,95,24,-71,2061,329
4258,643869,95,11,-84,-25489,864
4259,731352,95,17,-78,-3675,306
4260,5561207,95,14,-81,-9897,631
4261,4937923,95,19,-76,-1013,332
4262,9021174,95,10,-85,-35008,597
4263,12270440,95,11,-84,-25610,679
4264,5374670,95,11,-84,-25588,546
4265,3209594,95,16,-79,-5319,427
4266,10708491,95,12,-83,-18853,669
4267,2786114,95,15,-80,-7290,512
4268,12277060,95,15,-80,-7704,394
4269,8974341,95,11,-84,-25535,582
4270,4421746,95,15,-80,-7101,818
4271,9432103,95,10,-85,-35012,569
4272,7631978,95,19,-76,-1062,273
4273,10977696,95,15,-80,-7184,560
4274,12622954,95,13,-82,-13718,598
4275,1744530,95,10,-85,-35066,545
4276,7470650,95,22,-73,1192,299
4277,3475517,95,16,-79,-5108,441
4278,12347683,95,12,-83,-18946,513
4279,10822479,95,13,-82,-13817,507
4280,10725574,95,12,-83,-18791,607
4281,6625026,95,20,-75,33,569
4282,2005269,95,10,-85,-35092,617
4283,9634601,95,20,-75,-16,395
4284,6413153,95,13,-82,-13950,434
4285,12056314,95,18,-77,-1831,374
4286,8646072,95,13,-82,-13716,421
4287,11302797,95,12,-83,-18770,505
4288,11485656,95,16,-79,-5414,239
4289,9559850,95,21,-74,740,426
4290,591171,95,13,-82,-13599,772
4291,4389318,95,16,-79,-5343,338
4292,1018416,95,29,-66,3292,190
4293,8632502,95,24,-71,2046,324
4294,7739919,95,20,-75,-375,284
4295,6671592,95,10,-85,-34931,733
4296,11760230,95,13,-82,-13828,516
4297,395071,95,11,-84,-25964,438
4298,7999172,95,16,-79,-4889,474
4299,5424910,95,14,-81,-10000,487
4300,3964017,95,22,-73,1162,284
4301,13164890,95,18,-77,-2300,298
4302,10352369,95,11,-84,-26686,325
4303,5772154,95,18,-77,-2445,217
4304,10336764,95,14,-81,-9986,392
4305,5814537,95,16,-79,-5018,456
4306,10416812,95,22,-73,1139,252
4307,4487262,95,19,-76,-1176,300
4308,4705582,95,13,-82,-14402,285
4309,9573319,95,13,-82,-14253,332
4310,4945603,95,31,-64,3567,261
4311,13463753,95,21,-74,774,291
4312,1508580,95,23,-72,1634,282
4313,12175559,95,23,-72,1645,277
4314,8182939,95,23,-72,1742,313
4315,12306036,95,14,-81,-10254,404
4316,9877789,95,24,-71,2050,265
4317,2974502,95,14,-81,-10073,414
4318,1514905,95,27,-68,2896,210
4319,5904095,95,9,-86,-48527,459
4320,575083,95,23,-72,1619,230
4321,7529471,95,21,-74,861,405
4322,621880,95,14,-81,-10150,327
4323,7781423,95,15,-80,-7819,260
4324,392806,94,27,-67,3056,233
4325,11032954,94,19,-75,-609,393
4326,6023676,94,33,-61,3780,199
4327,6275543,94,19,-75,-659,458
4328,6229710,94,19,-75,-698,691
4329,1805241,94,22,-72,1288,215
4330,3068654,94,18,-76,-1683,503
4331,9397740,94,26,-68,2798,235
4332,5917348,94,23,-71,1763,563
4333,3460065,94,21,-73,916,315
4334,10196811,94,18,-76,-1854,472
4335,4759261,94,20,-74,-131,310
4336,5806648,94,30,-64,3464,197
4337,1723077,94,14,-80,-9756,735
4338,2123131,94,15,-79,-7109,531
4339,1626441,94,17,-77,-3391,480
4340,1864019,94,22,-72,1333,363
4341,7667031,94,15,-79,-6939,605
4342,9417573,94,23,-71,1767,607
4343,5372844,94,17,-77,-3445,474
4344,12357785,94,18,-76,-1674,586
4345,6846991,94,24,-70,2142,378
4346,3057517,94,19,-75,-1046,373
4347,3113522,94,22,-72,1199,366
4348,10879241,94,18,-76,-1866,485
4349,12055072,94,21,-73,595,268
4350,7956073,94,21,-73,604,287
4351,10708470,94,15,-79,-7015,788
4352,771618,94,16,-78,-5020,515
4353,12030680,94,19,-75,-675,658
4354,5532197,94,9,-85,-48217,1545
4355,2470113,94,13,-81,-13504,944
4356,4697566,94,17,-77,-3312,391
4357,2490385,94,18,-76,-1697,479
4358,11459420,94,19,-75,-1083,268
4359,7686668,94,16,-78,-4723,739
4360,9367613,94,10,-84,-34772,1052
4361,12052416,94,18,-76,-1726,433
4362,12895058,94,15,-79,-7035,533
4363,9123459,94,15,-79,-7266,479
4364,745379,94,15,-79,-7087,473
4365,6359578,94,16,-78,-4645,921
4366,2652031,94,14,-80,-10066,456
4367,1763757,94,11,-83,-25348,885
4368,4588034,94,45,-49,4242,147
4369,12510021,94,20,-74,-84,480
4370,6525855,94,21,-73,863,477
4371,10723197,94,13,-81,-13522,724
4372,11055504,94,27,-67,3103,240
4373,524688,94,21,-73,632,335
4374,4811969,94,20,-74,19,423
4375,10395532,94,20,-74,207,327
4376,12449093,94,20,-74,16,316
4377,3477034,94,19,-75,-778,363
4378,8249217,94,15,-79,-7219,364
4379,13515685,94,33,-61,3821,161
4380,13351761,94,16,-78,-4966,400
4381,12554808,94,19,-75,-847,313
4382,8808214,94,11,-83,-25308,1066
4383,6289606,94,14,-80,-9748,814
4384,9714820,94,12,-82,-18611,866
4385,4203067,94,16,-78,-5054,419
4386,5925526,94,13,-81,-13722,625
4387,8910202,94,19,-75,-739,379
4388,807423,94,16,-78,-4957,472
4389,9354930,94,21,-73,846,419
4390,6449330,94,14,-80,-9960,579
4391,11039299,94,14,-80,-9950,566
4392,11959352,94,12,-82,-18573,1001
4393,12710145,94,12,-82,-18607,958
4394,2854192,94,13,-81,-13568,620
4395,13061459,94,21,-73,809,244
4396,5556336,94,26,-68,2745,260
4397,5240537,94,29,-65,3401,230
4398,10633313,94,17,-77,-3427,452
4399,2633778,94,16,-78,-5017,503
4400,2969330,94,17,-77,-3389,358
4401,8703145,94,18,-76,-1861,416
4402,5854266,94,14,-80,-9701,825
4403,11810618,94,16,-78,-4980,418
4404,4996979,94,11,-83,-25334,754
4405,7706485,94,15,-79,-7202,568
4406,4526327,94,10,-84,-34830,784
4407,7011264,94,19,-75,-745,474
4408,5550332,94,15,-79,-6793,1005
4409,9197252,94,19,-75,-618,299
4410,6625583,94,27,-67,3121,354
4411,5391154,94,19,-75,-557,494
4412,8672034,94,19,-75,-1014,339
4413,1556663,94,29,-65,3430,213
4414,8074796,94,21,-73,620,205
4415,3326441,94,16,-78,-4754,510
4416,10778927,94,25,-69,2558,266
4417,5198860,94,28,-66,3274,218
4418,4237354,94,12,-82,-18536,913
4419,4459693,94,25,-69,2542,176
4420,8528913,94,19,-75,-686,541
4421,6008783,94,16,-78,-4779,380
4422,5958124,94,10,-84,-34813,705
4423,11096912,94,14,-80,-9896,481
4424,6012269,94,19,-75,-907,315
4425,3200613,94,8,-86,-67501,924
4426,3778006,94,18,-76,-1512,708
4427,1867877,94,20,-74,7,363
4428,1385282,94,13,-81,-13612,707
4429,12611200,94,20,-74,213,329
4430,4524616,94,30,-64,3570,286
4431,1360236,94,11,-83,-25300,927
4432,6291099,94,29,-65,3446,211
4433,4942016,94,14,-80,-9746,710
4434,2782581,94,13,-81,-13619,569
4435,3879221,94,26,-68,2835,229
4436,8420032,94,36,-58,4088,185
4437,912436,94,32,-62,3807,171
4438,8963183,94,15,-79,-7607,358
4439,919119,94,12,-82,-18565,702
4440,9513203,94,18,-76,-1929,318
4441,1161806,94,15,-79,-7408,280
4442,8065672,94,16,-78,-4597,667
4443,9000884,94,13,-81,-13848,450
4444,845935,94,26,-68,2847,224
4445,4742313,94,18,-76,-1686,473
4446,3311191,94,24,-70,2244,357
4447,12873006,94,12,-82,-18744,643
4448,12043965,94,30,-64,3590,218
4449,3919008,94,16,-78,-4649,651
4450,12050556,94,15,-79,-6973,565
4451,5000971,94,21,-73,699,333
4452,3703001,94,15,-79,-7455,332
4453,6421275,94,15,-79,-6947,358
4454,553563,94,35,-59,4051,343
4455,4482731,94,17,-77,-3147,363
4456,10111840,94,11,-83,-25502,633
4457,13134622,94,13,-81,-13561,500
4458,11779179,94,16,-78,-4853,615
4459,12034903,94,13,-81,-13725,424
4460,13640274,94,31,-63,3744,189
4461,6118728,94,13,-81,-13580,364
4462,11773573,94,16,-78,-5040,423
4463,9691091,94,16,-78,-5288,310
4464,10681421,94,21,-73,656,270
4465,10325439,94,12,-82,-18922,480
4466,3387763,94,15,-79,-6719,846
4467,5062853,94,21,-73,749,250
4468,5757522,94,14,-80,-9910,419
4469,7965913,94,15,-79,-7166,540
4470,10551236,94,21,-73,855,366
4471,9378403,94,18,-76,-1685,345
4472,1929135,94,22,-72,1458,329
4473,313334,94,18,-76,-1746,314
4474,1818192,94,18,-76,-1550,436
4475,4955817,94,24,-70,2157,233
4476,2883998,94,21,-73,879,440
4477,10618938,94,13,-81,-13799,472
4478,10275905,94,14,-80,-9792,542
4479,25241,94,16,-78,-4961,470
4480,8852193,94,15,-79,-7148,461
4481,7341093,94,13,-81,-13987,421
4482,10449005,94,16,-78,-4940,394
4483,9224872,94,23,-71,1966,458
4484,10021538,94,13,-81,-13840,429
4485,10946243,94,15,-79,-6967,506
4486,3475042,94,10,-84,-34752,664
4487,6485124,94,12,-82,-18888,381
4488,1159033,94,14,-80,-10084,484
4489,12378656,94,17,-77,-3235,357
4490,12506363,94,29,-65,3493,238
4491,11235330,94,14,-80,-10442,353
4492,2046075,94,9,-85,-48161,617
4493,5934496,94,15,-79,-7847,260
4494,9254654,94,24,-70,2248,455
4495,8099957,94,17,-77,-3395,312
4496,3960697,94,23,-71,1864,251
4497,6344170,94,15,-79,-7730,267
4498,227815,94,19,-75,-607,327
4499,31071,94,13,-81,-13588,500
4500,4270263,94,25,-69,2587,342
4501,12367945,94,16,-78,-4978,455
4502,8035184,94,23,-71,1955,233
4503,844804,94,16,-78,-4837,401
4504,11841117,94,23,-71,2011,383
4505,7947223,94,20,-74,21,208
4506,6831185,94,16,-78,-4876,304
4507,37865,94,18,-76,-1752,399
4508,4911808,94,13,-81,-13661,616
4509,8034384,94,17,-77,-3467,232
4510,9351030,94,14,-80,-9821,383
4511,5968416,94,18,-76,-1741,318
4512,4994076,94,16,-78,-4995,362
4513,1724507,94,14,-80,-9708,443
4514,6168412,94,12,-82,-19189,303
4515,4994588,94,15,-79,-6992,326
4516,1612474,94,10,-84,-34758,458
4517,488000,94,15,-79,-6974,410
4518,5051144,94,14,-80,-10351,414
4519,11335289,94,30,-64,3674,242
4520,707819,94,12,-82,-18828,410
4521,6535391,94,13,-81,-13409,463
4522,2576267,94,19,-75,-721,283
4523,5840536,94,17,-77,-3275,383
4524,7568719,94,13,-81,-13827,397
4525,5718404,94,16,-78,-4614,455
4526,13596828,94,13,-81,-13818,372
4527,11036588,94,18,-76,-1607,395
4528,11388694,94,14,-80,-9694,365
4529,5555017,94,20,-74,70,226
4530,8799767,94,15,-79,-7103,390
4531,5431747,94,19,-75,-791,276
4532,1947309,94,27,-67,3138,213
4533,5465211,94,22,-72,1348,296
4534,5429406,94,18,-76,-1695,272
4535,205128,94,39,-55,4277,282
4536,691645,94,16,-78,-5197,292
4537,13085156,93,28,-65,3523,254
4538,12341087,93,23,-70,2036,516
4539,9023162,93,19,-74,-379,297
4540,12542056,93,18,-75,-1543,252
4541,11207839,93,25,-68,2694,812
4542,822006,93,21,-72,1075,437
4543,13543386,93,17,-76,-2800,366
4544,10005491,93,18,-75,-1506,404
4545,4024483,93,16,-77,-4588,508
4546,5228766,93,27,-66,3153,263
4547,1809987,93,25,-68,2738,293
4548,11571041,93,35,-58,4133,158
4549,11397115,93,21,-72,977,234
4550,5440168,93,31,-62,3847,274
4551,6514109,93,19,-74,-495,585
4552,6484137,93,23,-70,1998,629
4553,6867985,93,20,-73,276,443
4554,8199515,93,20,-73,287,311
4555,9321955,93,17,-76,-3040,455
4556,735138,93,19,-74,-727,270
4557,6550546,93,17,-76,-2868,338
4558,5601277,93,17,-76,-3005,446
4559,11042570,93,19,-74,-664,291
4560,8455280,93,17,-76,-3272,330
4561,3138381,93,16,-77,-4527,842
4562,6676311,93,23,-70,1912,251
4563,1738858,93,20,-73,181,418
4564,4546259,93,17,-76,-3021,404
4565,5296253,93,21,-72,714,199
4566,1598394,93,21,-72,886,460
4567,1752962,93,14,-79,-9533,862
4568,1534490,93,12,-81,-18385,913
4569,12126143,93,24,-69,2424,385
4570,12428539,93,20,-73,69,342
4571,13070063,93,13,-80,-13433,715
4572,765871,93,18,-75,-1506,363
4573,5444485,93,19,-74,-594,541
4574,13482272,93,18,-75,-1548,410
4575,9251100,93,18,-75,-1838,276
4576,10038862,93,15,-78,-6631,620
4577,8798046,93,23,-70,2096,392
4578,276935,93,17,-76,-3066,308
4579,10523344,93,32,-61,3935,191
4580,10737211,93,17,-76,-3053,387
4581,4997197,93,18,-75,-1920,318
4582,571172,93,19,-74,-562,432
4583,9228541,93,16,-77,-4607,426
4584,9307176,93,16,-77,-5007,331
4585,3037512,93,20,-73,317,479
4586,6927521,93,16,-77,-4793,749
4587,10621100,93,22,-71,1639,673
4588,6473764,93,33,-60,4032,219
4589,7531426,93,9,-84,-47984,1342
4590,2159467,93,20,-73,245,309
4591,3264678,93,13,-80,-13267,1053
4592,2218977,93,18,-75,-1706,513
4593,1957496,93,23,-70,1886,282
4594,7763817,93,16,-77,-4688,526
4595,13044489,93,17,-76,-2824,445
4596,5500390,93,25,-68,2655,197
4597,6537256,93,32,-61,4001,263
4598,1166920,93,19,-74,-572,528
4599,10283601,93,17,-76,-2693,658
4600,13702347,93,18,-75,-1596,410
4601,5039137,93,16,-77,-5047,368
4602,10678094,93,15,-78,-7164,371
4603,8698610,93,16,-77,-4843,440
4604,4077019,93,14,-79,-9559,738
4605,4148628,93,14,-79,-9527,801
4606,1929341,93,16,-77,-4569,563
4607,3183843,93,13,-80,-13384,837
4608,2008051,93,21,-72,1104,433
4609,12510974,93,20,-73,179,248
4610,2225483,93,18,-75,-1711,411
4611,4990986,93,11,-82,-25097,800
4612,2653121,93,15,-78,-6751,665
4613,9494802,93,10,-83,-34522,1033
4614,8352697,93,18,-75,-1454,529
4615,12442097,93,17,-76,-2656,483
4616,3273768,93,15,-78,-7166,414
4617,12872117,93,22,-71,1511,360
4618,9961961,93,18,-75,-1449,617
4619,6422918,93,14,-79,-9519,762
4620,7333353,93,11,-82,-25149,792
4621,12562573,93,13,-80,-13560,541
4622,3275984,93,14,-79,-9816,417
4623,1099360,93,28,-65,3454,228
4624,2965242,93,14,-79,-9560,469
4625,895579,93,18,-75,-1440,497
4626,2366214,93,16,-77,-5103,267
4627,837754,93,20,-73,59,408
4628,11525283,93,16,-77,-4872,407
4629,7339497,93,21,-72,897,301
4630,1278796,93,14,-79,-9511,539
4631,10393308,93,26,-67,3029,301
4632,11148955,93,11,-82,-25216,636
4633,5707745,93,9,-84,-47953,1189
4634,12473580,93,10,-83,-34526,872
4635,3082994,93,25,-68,2752,204
4636,9139435,93,13,-80,-13771,471
4637,3500810,93,37,-56,4324,259
4638,5094302,93,17,-76,-3073,458
4639,11773063,93,15,-78,-6676,688
4640,8177725,93,10,-83,-34576,752
4641,10907369,93,13,-80,-13228,999
4642,10048484,93,26,-67,3099,220
4643,13195010,93,12,-81,-18510,627
4644,4678183,93,14,-79,-9627,618
4645,10746244,93,16,-77,-4679,459
4646,1647428,93,19,-74,-873,300
4647,8834606,93,16,-77,-5278,300
4648,3703844,93,20,-73,264,236
4649,9187145,93,20,-73,29,204
4650,10821811,93,13,-80,-13778,479
4651,13695997,93,13,-80,-13581,654
4652,7876421,93,13,-80,-13284,772
4653,2961049,93,22,-71,1610,393
4654,6589306,93,11,-82,-25171,509
4655,153120,93,29,-64,3674,233
4656,8988048,93,18,-75,-1545,500
4657,10407055,93,13,-80,-13617,517
4658,9321204,93,12,-81,-18587,585
4659,9082263,93,14,-79,-9863,403
4660,11142496,93,19,-74,-777,317
4661,6646696,93,14,-79,-9786,447
4662,13004302,93,12,-81,-18432,686
4663,2438523,93,12,-81,-18463,598
4664,3662800,93,17,-76,-2680,599
4665,1542609,93,9,-84,-47925,993
4666,10873181,93,21,-72,1164,391
4667,2268553,93,14,-79,-9573,570
4668,3118594,93,15,-78,-6790,502
4669,10187542,93,16,-77,-5272,345
4670,6800592,93,11,-82,-25238,581
4671,6946116,93,16,-77,-4412,647
4672,9979563,93,19,-74,-669,277
4673,4385061,93,26,-67,3085,255
4674,13197541,93,18,-75,-1300,704
4675,8346947,93,12,-81,-18386,735
4676,2542709,93,25,-68,2816,220
4677,10236682,93,16,-77,-5012,351
4678,13386710,93,25,-68,2733,301
4679,7520602,93,22,-71,1579,275
4680,8003849,93,26,-67,3053,328
4681,4448926,93,26,-67,3009,152
4682,2143569,93,16,-77,-4526,529
4683,166860,93,22,-71,1631,278
4684,2985225,93,14,-79,-10391,260
4685,12176010,93,11,-82,-25195,402
4686,10150794,93,29,-64,3701,334
4687,9650447,93,23,-70,2003,198
4688,11809431,93,18,-75,-1372,319
4689,8531653,93,15,-78,-6876,562
4690,8264210,93,17,-76,-3124,402
4691,4391113,93,15,-78,-6814,587
4692,949485,93,15,-78,-7024,400
4693,3929156,93,12,-81,-18467,548
4694,13576787,93,16,-77,-4634,433
4695,610595,93,16,-77,-4654,393
4696,7955207,93,11,-82,-25341,469
4697,5323756,93,13,-80,-13511,402
4698,1411358,93,13,-80,-13734,473
4699,5641008,93,13,-80,-13622,525
4700,9770254,93,27,-66,3335,192
4701,11464224,93,16,-77,-4722,372
4702,8632903,93,15,-78,-7197,352
4703,12877992,93,16,-77,-4432,439
4704,5404306,93,20,-73,209,271
4705,2745136,93,12,-81,-18784,472
4706,9409375,93,25,-68,2746,203
4707,9402875,93,22,-71,1471,295
4708,12302419,93,23,-70,2026,302
4709,7742735,93,11,-82,-25595,385
4710,1479458,93,10,-83,-34617,605
4711,12804385,93,26,-67,3041,179
4712,833855,93,21,-72,1172,489
4713,6496101,93,21,-72,990,269
4714,13498609,93,17,-76,-2844,444
4715,5680928,93,13,-80,-13331,636
4716,6073735,93,14,-79,-10436,420
4717,12120299,93,13,-80,-13553,320
4718,5352994,93,24,-69,2504,406
4719,12084031,93,18,-75,-1732,311
4720,10263267,93,31,-62,3976,224
4721,10741198,93,20,-73,300,325
4722,10897493,93,18,-75,-1946,226
4723,11026242,93,12,-81,-18667,526
4724,8696252,93,23,-70,1941,197
4725,6832184,93,25,-68,2814,241
4726,4106010,93,16,-77,-4608,304
4727,6503763,93,23,-70,2080,176
4728,8440751,93,15,-78,-7013,496
4729,5693529,93,13,-80,-13386,549
4730,3295250,93,18,-75,-1645,387
4731,4105100,93,16,-77,-4737,478
4732,6743616,93,23,-70,2065,340
4733,12635522,93,21,-72,1039,284
4734,5517158,93,18,-75,-1577,238
4735,5532468,93,30,-63,3938,349
4736,798659,93,13,-80,-13432,468
4737,7656782,93,16,-77,-4791,362
4738,101061,93,21,-72,914,232
4739,6745263,93,9,-84,-47933,641
4740,8276628,93,17,-76,-2915,312
4741,6725665,93,18,-75,-1448,384
4742,7607211,93,14,-79,-10035,387
4743,12561192,93,26,-67,3157,249
4744,4585518,93,12,-81,-18429,553
4745,216810,93,25,-68,2941,415
4746,11270386,93,15,-78,-6987,370
4747,5123420,93,21,-72,990,259
4748,8996471,93,18,-75,-1291,484
4749,7682044,93,12,-81,-18729,407
4750,2152180,93,8,-85,-67251,597
4751,10535829,93,15,-78,-6939,387
4752,253510,93,16,-77,-4723,360
4753,180771,93,19,-74,-713,292
4754,13319233,93,15,-78,-6849,323
4755,5316707,93,10,-83,-34630,547
4756,12068514,93,27,-66,3364,294
4757,9723019,93,13,-80,-14013,423
4758,9353997,93,23,-70,2088,239
4759,12666079,93,17,-76,-3002,361
4760,6992544,93,20,-73,391,401
4761,12735897,93,14,-79,-9400,528
4762,4083666,93,15,-78,-6906,391
4763,1123587,93,12,-81,-18543,440
4764,12735975,93,28,-65,3603,275
4765,12155459,93,27,-66,3409,257
4766,12276380,93,28,-65,3571,174
4767,2704292,93,15,-78,-7412,272
4768,9837116,93,23,-70,2213,368
4769,3519309,93,17,-76,-3190,276
4770,7055505,93,23,-70,2178,296
4771,12209191,93,15,-78,-7156,238
4772,3965082,93,18,-75,-1694,218
4773,11077167,93,20,-73,194,291
4774,8792227,93,14,-79,-9776,370
4775,10303142,93,17,-76,-3113,287
4776,7673246,93,18,-75,-1609,318
4777,5163217,93,18,-75,-1683,314
4778,10460967,93,13,-80,-14015,282
4779,13660783,93,18,-75,-1491,384
4780,3693005,92,31,-61,4109,276
4781,10231902,92,17,-75,-2612,497
4782,5256970,92,23,-69,2050,267
4783,12794562,92,15,-77,-6448,738
4784,9756287,92,26,-66,3298,230
4785,8273112,92,15,-77,-6382,1474
4786,398411,92,12,-80,-18132,1855
4787,7444707,92,19,-73,-430,240
4788,13569134,92,11,-81,-24879,1917
4789,1596773,92,23,-69,2291,220
4790,6855830,92,31,-61,4093,361
4791,4227695,92,23,-69,2258,348
4792,2322993,92,22,-70,1728,377
4793,4325644,92,19,-73,-397,427
4794,3202069,92,17,-75,-2553,981
4795,507615,92,17,-75,-2503,815
4796,3153642,92,15,-77,-6562,627
4797,6129848,92,19,-73,-278,540
4798,4365288,92,19,-73,-290,332
4799,2239387,92,19,-73,-439,437
4800,6940935,92,16,-76,-4241,509
4801,5541130,92,9,-83,-47765,1911
4802,1638634,92,21,-71,1095,454
4803,2978661,92,25,-67,3034,524
4804,12392668,92,15,-77,-6436,567
4805,1453048,92,12,-80,-18208,746
4806,13381046,92,22,-70,1757,563
4807,13039066,92,23,-69,2374,452
4808,5496875,92,17,-75,-2547,737
4809,6763882,92,14,-78,-9312,365
4810,9974448,92,16,-76,-4521,518
4811,9016746,92,13,-79,-13032,1239
4812,10001710,92,20,-72,254,229
4813,1235469,92,19,-73,-694,249
4814,2457981,92,16,-76,-4350,500
4815,4922657,92,26,-66,3138,228
4816,5523930,92,19,-73,-237,692
4817,11647740,92,15,-77,-6876,329
4818,9953748,92,18,-74,-1267,380
4819,6002593,92,20,-72,501,532
4820,6729890,92,12,-80,-18116,1201
4821,3512234,92,18,-74,-1538,351
4822,1119516,92,17,-75,-2840,547
4823,12719328,92,10,-82,-34314,972
4824,2123995,92,22,-70,1523,320
4825,6761578,92,15,-77,-6384,831
4826,10292367,92,25,-67,2931,260
4827,5945429,92,16,-76,-4506,434
4828,13461123,92,14,-78,-9760,484
4829,6288873,92,23,-69,2117,302
4830,12844018,92,22,-70,1764,285
4831,4539114,92,17,-75,-2787,398
4832,1334860,92,29,-63,3935,378
4833,1236166,92,14,-78,-9430,391
4834,4068334,92,19,-73,-328,348
4835,12476906,92,10,-82,-34305,944
4836,250037,92,11,-81,-24855,914
4837,9171757,92,10,-82,-34313,783
4838,1501537,92,16,-76,-4708,359
4839,7776207,92,16,-76,-5041,238
4840,2762069,92,15,-77,-6589,525
4841,12248397,92,18,-74,-1620,285
4842,10071120,92,19,-73,-759,249
4843,10793025,92,15,-77,-6561,438
4844,3029117,92,20,-72,440,273
4845,3744509,92,14,-78,-9174,1320
4846,6378224,92,26,-66,3259,313
4847,9994223,92,19,-73,-421,380
4848,6224123,92,17,-75,-2849,318
4849,9424445,92,21,-71,1121,250
4850,8188546,92,15,-77,-6945,396
4851,2415323,92,21,-71,964,331
4852,4927927,92,17,-75,-2522,430
4853,13220496,92,14,-78,-9890,499
4854,8851290,92,20,-72,685,442
4855,7233710,92,21,-71,1115,250
4856,9572551,92,16,-76,-4431,497
4857,3965514,92,14,-78,-9201,872
4858,9318990,92,17,-75,-2712,422
4859,6394938,92,17,-75,-2449,458
4860,11459903,92,14,-78,-9778,388
4861,11624646,92,14,-78,-9244,761
4862,1667057,92,14,-78,-9330,480
4863,11523254,92,13,-79,-13327,413
4864,11692181,92,14,-78,-9635,479
4865,4989574,92,23,-69,2206,300
4866,10789633,92,13,-79,-12989,836
4867,6941626,92,17,-75,-2792,391
4868,6403048,92,21,-71,1097,243
4869,8807933,92,13,-79,-13488,378
4870,9667071,92,18,-74,-1388,348
4871,6177675,92,18,-74,-1161,566
4872,2967553,92,25,-67,2924,350
4873,7895861,92,22,-70,1815,306
4874,10755357,92,15,-77,-6425,594
4875,13111929,92,19,-73,-240,369
4876,11854451,92,16,-76,-4538,491
4877,11613408,92,15,-77,-6951,375
4878,3228643,92,10,-82,-34296,818
4879,3685106,92,15,-77,-6350,639
4880,7624228,92,15,-77,-6437,832
4881,9859816,92,16,-76,-4499,409
4882,3493048,92,10,-82,-34414,536
4883,2997147,92,20,-72,471,325
4884,9812263,92,25,-67,2941,208
4885,11115015,92,18,-74,-1376,476
4886,11488377,92,24,-68,2695,276
4887,2310461,92,14,-78,-9370,533
4888,4284415,92,11,-81,-24978,602
4889,12912905,92,21,-71,1262,320
4890,9499662,92,14,-78,-9399,585
4891,5440088,92,25,-67,2972,275
4892,7985317,92,18,-74,-1249,510
4893,1286753,92,22,-70,1643,230
4894,7160553,92,11,-81,-24846,875
4895,9407250,92,11,-81,-24871,608
4896,8186178,92,22,-70,1665,225
4897,9527696,92,14,-78,-9255,449
4898,6383644,92,16,-76,-4107,644
4899,3657568,92,21,-71,1106,280
4900,8636075,92,20,-72,383,298
4901,8533390,92,25,-67,2985,259
4902,12933005,92,17,-75,-2779,394
4903,10264160,92,22,-70,1722,209
4904,3124139,92,11,-81,-24910,754
4905,13487153,92,20,-72,747,592
4906,6119320,92,18,-74,-1433,274
4907,1148675,92,11,-81,-24882,560
4908,1555163,92,16,-76,-4677,417
4909,8549057,92,20,-72,514,269
4910,1720117,92,13,-79,-13438,571
4911,1010006,92,20,-72,626,320
4912,310966,92,15,-77,-6836,438
4913,6238694,92,15,-77,-6945,468
4914,7378638,92,12,-80,-18258,584
4915,6335168,92,26,-66,3325,222
4916,13484802,92,11,-81,-24907,523
4917,2196215,92,16,-76,-4921,315
4918,6327455,92,16,-76,-4727,442
4919,6698044,92,11,-81,-24800,818
4920,13696970,92,27,-65,3511,151
4921,6601259,92,16,-76,-4128,746
4922,2567877,92,20,-72,369,247
4923,9818187,92,13,-79,-13233,497
4924,11829877,92,13,-79,-13220,398
4925,3415269,92,13,-79,-13109,646
4926,7435278,92,14,-78,-9718,434
4927,10606835,92,15,-77,-6653,387
4928,2893869,92,18,-74,-1439,425
4929,12072367,92,14,-78,-9996,357
4930,5255596,92,30,-62,4093,359
4931,6473075,92,16,-76,-4940,330
4932,13477267,92,15,-77,-6729,461
4933,7744562,92,16,-76,-4229,551
4934,2459950,92,13,-79,-13312,556
4935,11902895,92,15,-77,-6535,441
4936,6004905,92,13,-79,-13785,423
4937,8648392,92,8,-84,-67010,718
4938,918730,92,11,-81,-25139,498
4939,8847931,92,16,-76,-4232,461
4940,10589663,92,14,-78,-9370,507
4941,661678,92,16,-76,-4241,518
4942,11161326,92,17,-75,-2901,311
4943,5666184,92,24,-68,2706,238
4944,9078750,92,28,-64,3760,221
4945,4748228,92,22,-70,2005,495
4946,8467706,92,10,-82,-34269,694
4947,593546,92,15,-77,-6609,345
4948,2718829,92,16,-76,-4117,536
4949,11734897,92,13,-79,-13073,519
4950,10235976,92,23,-69,2408,202
4951,2159522,92,15,-77,-6374,604
4952,2408977,92,13,-79,-13032,625
4953,9698975,92,14,-78,-9600,296
4954,12561736,92,17,-75,-3066,384
4955,6018427,92,29,-63,3993,366
4956,8361651,92,21,-71,1281,288
4957,6182005,92,19,-73,-405,364
4958,9472591,92,16,-76,-4309,517
4959,5964316,92,18,-74,-1180,460
4960,162744,92,21,-71,1287,331
4961,9413176,92,28,-64,3815,383
4962,4740125,92,18,-74,-1399,337
4963,3897902,92,13,-79,-13686,373
4964,11953071,92,16,-76,-4885,315
4965,11820241,92,14,-78,-9569,515
4966,3111009,92,34,-58,4494,218
4967,11409161,92,14,-78,-9938,354
4968,2855812,92,21,-71,1263,311
4969,4596759,92,15,-77,-6367,766
4970,4560857,92,11,-81,-24877,627
4971,7938358,92,13,-79,-13085,536
4972,3863464,92,13,-79,-13565,434
4973,5305044,92,10,-82,-34236,672
4974,7448177,92,15,-77,-6617,526
4975,6719308,92,20,-72,518,345
4976,12519387,92,11,-81,-24951,464
4977,8404432,92,20,-72,415,282
4978,7239011,92,18,-74,-1398,283
4979,12387491,92,35,-57,4580,356
4980,7456373,92,11,-81,-25210,404
4981,9651839,92,18,-74,-1483,326
4982,10714411,92,11,-81,-24907,560
4983,235098,92,24,-68,2778,280
4984,2112518,92,15,-77,-6509,407
4985,12017154,92,18,-74,-1278,451
4986,13067276,92,16,-76,-4377,390
4987,5923836,92,14,-78,-9456,538
4988,6657204,92,16,-76,-4287,388
4989,11118656,92,16,-76,-4814,380
4990,3520711,92,16,-76,-4462,428
4991,7185548,92,24,-68,2709,296
4992,9859250,92,19,-73,-259,350
4993,12486608,92,16,-76,-4567,265
4994,7192127,92,15,-77,-6416,530
4995,10128674,92,16,-76,-4420,492
4996,9620424,92,15,-77,-7064,271
4997,2529534,92,9,-83,-47891,521
4998,7026122,92,13,-79,-13566,392
4999,3437951,92,17,-75,-2970,290
5000,7848849,92,13,-79,-13373,455
5001,1343516,92,16,-76,-4556,385
5002,1854161,92,14,-78,-9483,411
5003,339280,92,13,-79,-13574,381
5004,11734560,92,12,-80,-18237,443
5005,11849329,92,19,-73,-534,234
5006,7098412,92,16,-76,-4255,405
5007,4371570,92,19,-73,-348,260
5008,8753352,92,13,-79,-13526,336
5009,10665651,92,15,-77,-6677,249
5010,9536230,92,16,-76,-4178,541
5011,1738830,92,17,-75,-2544,382
5012,10997016,92,13,-79,-13280,399
5013,4624741,92,12,-80,-17995,600
5014,12342798,92,20,-72,772,349
5015,11674176,92,23,-69,2384,257
5016,3266011,92,13,-79,-13296,383
5017,5886961,92,17,-75,-2822,258
5018,7032651,92,14,-78,-9876,269
5019,12246891,92,12,-80,-18998,335
5020,2941216,92,16,-76,-4604,379
5021,13462450,92,19,-73,-359,231
5022,9671946,92,19,-73,-317,291
5023,3340940,92,14,-78,-9340,435
5024,7864156,92,16,-76,-4402,399
5025,8003862,92,13,-79,-13865,198
5026,876675,92,18,-74,-1132,326
5027,3522392,92,19,-73,-366,351
5028,5220708,92,18,-74,-1569,211
5029,13076334,92,20,-72,673,332
5030,1639000,92,20,-72,631,410
5031,7173930,92,15,-77,-6796,320
5032,7706063,92,25,-67,3133,304
5033,6595138,92,12,-80,-18496,412
5034,995702,92,21,-71,1218,244
5035,5970016,92,14,-78,-9482,368
5036,6740395,92,18,-74,-1151,303
5037,2631077,92,16,-76,-4706,285
5038,11459237,92,14,-78,-9271,424
5039,3548129,92,12,-80,-19446,289
5040,12404631,92,13,-79,-14138,267
5041,7945124,92,12,-80,-18853,294
5042,4132142,92,13,-79,-13183,451
5043,6590497,92,29,-63,4054,233
5044,12643764,92,18,-74,-1066,351
5045,3792303,92,24,-68,2771,227
5046,9273291,92,15,-77,-6636,315
5047,9886612,92,24,-68,2707,192
5048,9858528,92,18,-74,-1129,290
5049,417592,92,26,-66,3373,243
5050,4530277,92,13,-79,-14137,300
5051,10908833,92,15,-77,-6881,318
5052,13141529,92,26,-66,3435,230
5053,10489703,92,16,-76,-4912,183
5054,864383,92,18,-74,-1632,217
5055,13305494,91,27,-64,3670,476
5056,5572653,91,31,-60,4369,177
5057,9562123,91,16,-75,-4144,549
5058,8611030,91,18,-73,-1054,460
5059,2499541,91,21,-70,1326,199
5060,8527238,91,18,-73,-926,284
5061,4137420,91,21,-70,1634,403
5062,1566609,91,16,-75,-3968,673
5063,7426413,91,24,-67,2806,430
5064,12743247,91,26,-65,3466,207
5065,12643625,91,27,-64,3750,230
5066,11463264,91,22,-69,2024,429
5067,7837988,91,22,-69,1960,144
5068,423117,91,22,-69,1880,279
5069,1019361,91,22,-69,2006,255
5070,11039919,91,13,-78,-12766,1018
5071,4359768,91,31,-60,4406,213
5072,6187465,91,15,-76,-6290,587
5073,8749770,91,25,-66,3334,478
5074,13531009,91,18,-73,-1029,544
5075,5863978,91,12,-79,-17985,502
5076,1209064,91,19,-72,-120,457
5077,11543580,91,21,-70,1562,317
5078,1952433,91,20,-71,659,315
5079,3999148,91,17,-74,-2237,758
5080,505826,91,20,-71,562,233
5081,3956863,91,22,-69,1880,318
5082,3222319,91,11,-80,-24590,1437
5083,10885368,91,25,-66,3209,257
5084,4724661,91,11,-80,-24599,1276
5085,6381337,91,15,-76,-6356,537
5086,5772715,91,19,-72,-298,283
5087,2644630,91,33,-58,4571,223
5088,12329839,91,20,-71,621,295
5089,10070233,91,18,-73,-1103,384
5090,6804601,91,17,-74,-2574,401
5091,7294370,91,12,-79,-17962,590
5092,3696546,91,14,-77,-9018,799
5093,3277539,91,16,-75,-4084,628
5094,495632,91,16,-75,-4748,381
5095,2228889,91,16,-75,-4224,565
5096,3431506,91,17,-74,-2155,810
5097,1031113,91,17,-74,-2405,688
5098,7196761,91,16,-75,-4416,269
5099,2472215,91,17,-74,-2788,429
5100,8202323,91,12,-79,-17986,754
5101,4961675,91,15,-76,-6432,432
5102,1029813,91,18,-73,-1361,372
5103,6908683,91,18,-73,-900,614
5104,8371244,91,15,-76,-6385,613
5105,10886677,91,20,-71,917,635
5106,4216730,91,17,-74,-2428,341
5107,7874967,91,15,-76,-6393,415
5108,6325866,91,16,-75,-4490,388
5109,6299013,91,32,-59,4490,255
5110,9410540,91,16,-75,-4079,580
5111,4971172,91,14,-77,-9730,431
5112,1333107,91,11,-80,-24613,972
5113,1227516,91,23,-68,2562,308
5114,7603465,91,15,-76,-6378,427
5115,13092749,91,12,-79,-18021,553
5116,12344367,91,17,-74,-2325,651
5117,1844749,91,15,-76,-6499,434
5118,2161374,91,23,-68,2430,259
5119,400178,91,12,-79,-17946,527
5120,4358679,91,13,-78,-12878,643
5121,4559513,91,13,-78,-12725,1379
5122,6507534,91,19,-72,-334,259
5123,580931,91,10,-81,-34002,1350
5124,7678345,91,17,-74,-2824,294
5125,7297482,91,14,-77,-9092,773
5126,4813023,91,12,-79,-17867,775
5127,5133857,91,16,-75,-4051,674
5128,6238270,91,27,-64,3726,215
5129,7710476,91,6,-85,-141509,986
5130,7907791,91,16,-75,-4579,350
5131,947613,91,14,-77,-8915,758
5132,2475737,91,17,-74,-2687,408
5133,8344242,91,21,-70,1314,198
5134,3959105,91,14,-77,-8961,885
5135,6111564,91,23,-68,2537,320
5136,6175419,91,12,-79,-17904,688
5137,10336963,91,15,-76,-6475,439
5138,12245780,91,11,-80,-24661,671
5139,8560612,91,11,-80,-24612,707
5140,6938300,91,17,-74,-2704,320
5141,400040,91,20,-71,690,314
5142,7368197,91,23,-68,2482,271
5143,9666362,91,14,-77,-9230,540
5144,10182026,91,24,-67,2937,235
5145,6564888,91,10,-81,-34008,886
5146,4237908,91,13,-78,-12884,577
5147,6694506,91,26,-65,3461,221
5148,8564796,91,10,-81,-34010,916
5149,1681024,91,13,-78,-13051,624
5150,8807633,91,13,-78,-12845,614
5151,12006455,91,19,-72,24,579
5152,6653900,91,14,-77,-9045,482
5153,2724720,91,15,-76,-6409,499
5154,7887163,91,19,-72,31,391
5155,3132641,91,13,-78,-12862,683
5156,4928344,91,15,-76,-6504,455
5157,13603081,91,12,-79,-17907,751
5158,4291232,91,16,-75,-4301,527
5159,8161823,91,25,-66,3212,204
5160,6896570,91,13,-78,-12981,584
5161,10479895,91,11,-80,-24537,883
5162,9969736,91,17,-74,-2265,744
5163,8282315,91,25,-66,3213,245
5164,11855208,91,12,-79,-17874,764
5165,4272635,91,14,-77,-9229,585
5166,11140737,91,16,-75,-4061,530
5167,12942263,91,22,-69,1970,274
5168,8102571,91,11,-80,-24640,617
5169,4245987,91,16,-75,-4103,465
5170,11033775,91,13,-78,-12836,588
5171,2561506,91,12,-79,-17995,655
5172,1006573,91,16,-75,-4520,305
5173,10791164,91,14,-77,-9630,387
5174,1057007,91,20,-71,743,280
5175,6519059,91,11,-80,-24514,877
5176,8271850,91,21,-70,1634,246
5177,1736111,91,12,-79,-17891,659
5178,10667019,91,15,-76,-6759,395
5179,13133226,91,14,-77,-9272,514
5180,9428342,91,9,-82,-47451,635
5181,11450139,91,22,-69,2105,248
5182,4627593,91,14,-77,-9082,605
5183,7745608,91,10,-81,-34146,583
5184,4714523,91,14,-77,-9395,491
5185,9450796,91,20,-71,823,384
5186,2431551,91,21,-70,1469,290
5187,1982434,91,11,-80,-24653,729
5188,8306727,91,15,-76,-6414,522
5189,11910121,91,17,-74,-3019,256
5190,3544003,91,11,-80,-24763,515
5191,10628628,91,14,-77,-9889,274
5192,6389218,91,14,-77,-9403,485
5193,3819709,91,15,-76,-6450,417
5194,13425051,91,16,-75,-4096,455
5195,8226583,91,19,-72,-248,356
5196,11252979,91,14,-77,-8928,637
5197,12361193,91,13,-78,-13155,503
5198,10182595,91,22,-69,2162,379
5199,13389735,91,25,-66,3269,218
5200,4302872,91,21,-70,1311,235
5201,5216474,91,15,-76,-6268,419
5202,2246692,91,16,-75,-4091,607
5203,9003134,91,16,-75,-3950,577
5204,6856154,91,13,-78,-13231,374
5205,10146812,91,13,-78,-12975,397
5206,695681,91,8,-83,-66751,870
5207,12450986,91,18,-73,-837,357
5208,1858974,91,14,-77,-9463,430
5209,911521,91,13,-78,-12736,824
5210,13086218,91,17,-74,-2461,426
5211,4740994,91,20,-71,623,195
5212,5247765,91,17,-74,-2907,350
5213,10998474,91,24,-67,2951,248
5214,12552334,91,12,-79,-17940,616
5215,5135969,91,17,-74,-2428,417
5216,1120981,91,32,-59,4585,289
5217,4784716,91,21,-70,1597,320
5218,8912898,91,14,-77,-9320,497
5219,8703445,91,10,-81,-34112,545
5220,13325042,91,13,-78,-12827,461
5221,9531957,91,13,-78,-12730,665
5222,11974389,91,18,-73,-957,350
5223,7605402,91,12,-79,-17826,562
5224,10709535,91,9,-82,-47384,854
5225,4086858,91,17,-74,-2279,449
5226,12708742,91,16,-75,-3869,466
5227,1907037,91,14,-77,-8872,678
5228,5988565,91,16,-75,-4454,479
5229,1382141,91,15,-76,-6236,607
5230,7521755,91,11,-80,-24613,614
5231,7820644,91,13,-78,-12882,599
5232,12740883,91,17,-74,-2646,376
5233,10219563,91,11,-80,-24902,505
5234,12080434,91,12,-79,-17894,595
5235,4768650,91,17,-74,-2256,487
5236,1812689,91,15,-76,-6345,404
5237,10082095,91,11,-80,-24563,622
5238,3408852,91,17,-74,-2773,334
5239,13560774,91,13,-78,-12821,561
5240,4072480,91,14,-77,-9235,505
5241,11785525,91,14,-77,-9709,352
5242,9826164,91,19,-72,95,346
5243,8573385,91,18,-73,-874,486
5244,11839470,91,10,-81,-33950,625
5245,879738,91,12,-79,-17973,525
5246,489899,91,21,-70,1522,365
5247,995762,91,14,-77,-9327,453
5248,12736562,91,14,-77,-9215,424
5249,12210950,91,14,-77,-9099,421
5250,1663437,91,18,-73,-1026,372
5251,12264481,91,21,-70,1531,266
5252,7184109,91,13,-78,-13634,375
5253,4025604,91,15,-76,-6608,320
5254,3971990,91,17,-74,-2473,338
5255,12699440,91,15,-76,-6744,384
5256,3139651,91,17,-74,-2524,341
5257,11645525,91,28,-63,4070,243
5258,12391447,91,14,-77,-9004,461
5259,476420,91,18,-73,-908,346
5260,12813071,91,12,-79,-17946,607
5261,203828,91,17,-74,-2479,320
5262,651109,91,15,-76,-7483,202
5263,12887023,91,19,-72,32,318
5264,11099977,91,18,-73,-1442,260
5265,1596865,91,13,-78,-12723,641
5266,4316317,91,16,-75,-4869,256
5267,11398535,91,17,-74,-2684,226
5268,3031362,91,13,-78,-13032,372
5269,9179236,91,12,-79,-18170,464
5270,5194814,91,24,-67,2978,259
5271,12564444,91,13,-78,-13108,402
5272,7335346,91,14,-77,-9585,343
5273,6066345,91,18,-73,-966,349
5274,13441313,91,11,-80,-24619,587
5275,11243963,91,12,-79,-18145,511
5276,2478087,91,16,-75,-3825,376
5277,2722706,91,17,-74,-2174,347
5278,5752828,91,14,-77,-9098,399
5279,11622726,91,11,-80,-24639,574
5280,999047,91,14,-77,-9494,414
5281,2413371,91,21,-70,1620,245
5282,9918716,91,13,-78,-13641,324
5283,3126177,91,14,-77,-9727,370
5284,6873222,91,23,-68,2612,244
5285,844697,91,14,-77,-9329,369
5286,4682877,91,19,-72,129,265
5287,5046328,91,25,-66,3412,265
5288,1606723,91,19,-72,-124,274
5289,7469390,91,14,-77,-8972,379
5290,7764670,91,17,-74,-2900,241
5291,10893923,91,14,-77,-10172,282
5292,11662832,91,17,-74,-2406,334
5293,2126666,91,13,-78,-12884,356
5294,3645451,91,16,-75,-4215,375
5295,2002351,91,15,-76,-6885,412
5296,2029773,91,16,-75,-4240,330
5297,1467714,91,16,-75,-4678,291
5298,5382013,91,22,-69,2106,257
5299,1834969,91,20,-71,1002,397
5300,8839653,91,8,-83,-66744,525
5301,6192530,91,16,-75,-4096,479
5302,1527414,91,27,-64,3939,426
5303,1105720,91,15,-76,-6743,303
5304,1807344,91,9,-82,-47466,514
5305,11837088,91,19,-72,-226,210
5306,12217889,91,22,-69,2087,370
5307,6829111,91,26,-65,3768,273
5308,8426626,91,12,-79,-18100,375
5309,12775515,91,14,-77,-9310,416
5310,1815928,91,13,-78,-13121,349
5311,11995039,91,12,-79,-17819,483
5312,1164868,91,13,-78,-12827,479
5313,3253540,91,22,-69,2231,306
5314,12384462,91,12,-79,-18223,323
5315,11968809,91,8,-83,-66893,409
5316,8509495,91,13,-78,-13713,296
5317,8378398,91,16,-75,-4075,440
5318,1269344,91,11,-80,-24942,476
5319,7432700,91,10,-81,-34052,468
5320,5948257,91,18,-73,-1264,308
5321,1707796,91,12,-79,-17927,454
5322,4504350,91,13,-78,-13424,333
5323,6250931,91,25,-66,3366,181
5324,2285586,91,15,-76,-6467,311
5325,3680928,91,13,-78,-13337,369
5326,11840220,91,16,-75,-4122,342
5327,10809993,91,13,-78,-13404,276
5328,1133020,91,13,-78,-12850,503
5329,13168347,91,13,-78,-13426,329
5330,12947715,91,20,-71,816,306
5331,4029901,91,13,-78,-14545,212
5332,4290886,91,11,-80,-24737,493
5333,8815340,91,15,-76,-6173,341
5334,2626653,91,11,-80,-25414,280
5335,10970268,91,15,-76,-6680,339
5336,10788616,90,20,-70,1104,207
5337,9978372,90,20,-70,1173,865
5338,4974239,90,25,-65,3551,173
5339,1914768,90,27,-63,4034,300
5340,6766097,90,15,-75,-5819,480
5341,13256508,90,21,-69,1940,402
5342,5468166,90,19,-71,318,548
5343,1512284,90,26,-64,3703,176
5344,3811694,90,17,-73,-1982,833
5345,8966657,90,36,-54,4996,190
5346,9960449,90,23,-67,2872,240
5347,3384632,90,14,-76,-8723,675
5348,11164272,90,22,-68,2208,448
5349,11910902,90,16,-74,-3827,274
5350,5583348,90,25,-65,3517,298
5351,11836887,90,25,-65,3515,371
5352,9753651,90,21,-69,1902,244
5353,6206052,90,23,-67,2849,266
5354,8132002,90,22,-68,2178,301
5355,8596877,90,20,-70,861,308
5356,10358464,90,9,-81,-47211,1827
5357,11292621,90,19,-71,396,401
5358,4242954,90,21,-69,1808,269
5359,12880536,90,27,-63,3995,300
5360,8373324,90,18,-72,-742,460
5361,3197039,90,18,-72,-866,454
5362,6556162,90,22,-68,2163,242
5363,13601476,90,18,-72,-738,337
5364,3394168,90,16,-74,-3920,427
5365,13160643,90,15,-75,-6079,456
5366,9399062,90,20,-70,1033,398
5367,4768793,90,19,-71,305,515
5368,11186989,90,20,-70,844,313
5369,1928112,90,32,-58,4736,194
5370,8267479,90,10,-80,-33753,1260
5371,7409249,90,21,-69,1528,157
5372,2044589,90,30,-60,4550,259
5373,4158161,90,17,-73,-2176,482
5374,6707561,90,15,-75,-6022,490
5375,11729322,90,24,-66,3234,441
5376,13102178,90,12,-78,-17653,625
5377,4362722,90,17,-73,-2508,362
5378,11926867,90,20,-70,1032,213
5379,4253316,90,17,-73,-2287,391
5380,7206636,90,18,-72,-893,442
5381,5245577,90,21,-69,1534,226
5382,6095576,90,14,-76,-8865,517
5383,3279670,90,16,-74,-4129,411
5384,12516747,90,24,-66,3231,246
5385,2567470,90,16,-74,-4296,398
5386,6730267,90,15,-75,-5963,375
5387,4729997,90,9,-81,-47194,1062
5388,13109330,90,15,-75,-6198,591
5389,13600023,90,15,-75,-6236,466
5390,12206531,90,14,-76,-8937,571
5391,1057795,90,18,-72,-634,390
5392,1535878,90,22,-68,2112,195
5393,5480559,90,11,-79,-24304,1054
5394,7518699,90,13,-77,-12833,440
5395,1454094,90,20,-70,1120,427
5396,2078454,90,19,-71,217,289
5397,5371152,90,13,-77,-12581,601
5398,1173971,90,8,-82,-66503,1375
5399,7631336,90,18,-72,-814,332
5400,6909951,90,19,-71,153,322
5401,13455884,90,15,-75,-6209,425
5402,1351247,90,22,-68,2185,216
5403,12308609,90,17,-73,-2338,262
5404,264053,90,16,-74,-3892,562
5405,5275210,90,15,-75,-5805,827
5406,11151577,90,14,-76,-9473,356
5407,13669060,90,20,-70,789,308
5408,10249553,90,21,-69,1759,323
5409,12184349,90,18,-72,-1211,355
5410,8834497,90,12,-78,-18175,422
5411,8706278,90,17,-73,-2323,388
5412,2045404,90,14,-76,-9134,530
5413,12232093,90,16,-74,-3919,562
5414,1261394,90,19,-71,-211,286
5415,6629709,90,19,-71,150,322
5416,7100489,90,16,-74,-4309,336
5417,3335893,90,13,-77,-12750,472
5418,9179730,90,17,-73,-2429,312
5419,2182637,90,12,-78,-17889,437
5420,630926,90,16,-74,-3986,425
5421,8158212,90,14,-76,-9007,528
5422,13507092,90,26,-64,3831,186
5423,3326610,90,16,-74,-4110,445
5424,6320570,90,14,-76,-8763,707
5425,667869,90,13,-77,-12718,432
5426,1173079,90,12,-78,-17889,331
5427,3364626,90,17,-73,-2152,541
5428,5997385,90,16,-74,-3942,488
5429,3952826,90,25,-65,3512,238
5430,12752711,90,18,-72,-890,316
5431,8921253,90,12,-78,-17706,612
5432,5600024,90,19,-71,278,311
5433,13443404,90,21,-69,1894,310
5434,4219981,90,16,-74,-3857,518
5435,4001155,90,18,-72,-1322,259
5436,3950968,90,17,-73,-2915,202
5437,7935175,90,20,-70,961,257
5438,10426312,90,15,-75,-6044,656
5439,11204696,90,15,-75,-6397,334
5440,2312235,90,16,-74,-3934,573
5441,6303286,90,10,-80,-33735,778
5442,10741727,90,17,-73,-2727,269
5443,2348710,90,16,-74,-3851,416
5444,7692145,90,15,-75,-6231,394
5445,7554069,90,12,-78,-17660,511
5446,10852339,90,21,-69,1947,502
5447,3916129,90,11,-79,-24297,779
5448,11934713,90,13,-77,-12690,550
5449,1536746,90,17,-73,-2508,300
5450,4705244,90,20,-70,1056,347
5451,2573552,90,17,-73,-2351,395
5452,7172721,90,20,-70,1039,339
5453,8097425,90,31,-59,4718,297
5454,4481723,90,15,-75,-5890,527
5455,9791373,90,15,-75,-5808,690
5456,1865242,90,12,-78,-18043,383
5457,4523975,90,28,-62,4303,164
5458,4216924,90,14,-76,-8672,851
5459,12618294,90,19,-71,132,312
5460,6262724,90,16,-74,-3975,417
5461,6067745,90,21,-69,1872,278
5462,12802658,90,14,-76,-8650,831
5463,2846967,90,33,-57,4914,260
5464,5260004,90,19,-71,234,503
5465,1447212,90,21,-69,1924,298
5466,1977519,90,13,-77,-12547,821
5467,10983311,90,14,-76,-8786,483
5468,8662166,90,14,-76,-8728,655
5469,1897057,90,9,-81,-47129,894
5470,7270230,90,22,-68,2361,193
5471,12609264,90,17,-73,-2310,369
5472,11568430,90,15,-75,-5982,611
5473,1688364,90,10,-80,-33707,740
5474,1912900,90,16,-74,-3711,377
5475,7876180,90,11,-79,-24267,827
5476,9276031,90,19,-71,287,361
5477,11955662,90,15,-75,-6185,480
5478,7090702,90,17,-73,-2280,399
5479,11551165,90,15,-75,-6247,453
5480,4642251,90,15,-75,-5766,588
5481,3870707,90,15,-75,-6090,557
5482,7037355,90,22,-68,2444,259
5483,7919918,90,12,-78,-17492,1076
5484,5292039,90,9,-81,-47138,851
5485,3786566,90,11,-79,-24420,603
5486,9550011,90,10,-80,-33719,646
5487,8808879,90,11,-79,-24201,1078
5488,10600895,90,9,-81,-47155,719
5489,10175753,90,22,-68,2296,263
5490,12134579,90,15,-75,-6706,327
5491,136353,90,12,-78,-17489,719
5492,2180284,90,11,-79,-24380,554
5493,11083429,90,17,-73,-2064,428
5494,9274695,90,14,-76,-9188,376
5495,4305710,90,12,-78,-17719,507
5496,9454321,90,13,-77,-12597,575
5497,11136649,90,17,-73,-2402,338
5498,8006639,90,21,-69,1698,254
5499,4821622,90,12,-78,-18001,377
5500,1977642,90,15,-75,-5979,582
5501,959416,90,30,-60,4660,286
5502,7340700,90,16,-74,-3845,292
5503,932583,90,18,-72,-612,365
5504,8316355,90,19,-71,3,212
5505,8191194,90,17,-73,-2169,423
5506,13180645,90,13,-77,-12789,522
5507,3249438,90,19,-71,286,419
5508,2839313,90,11,-79,-24557,555
5509,1984600,90,12,-78,-17462,606
5510,11758226,90,14,-76,-9037,417
5511,10931965,90,22,-68,2413,301
5512,9411219,90,21,-69,1856,469
5513,9716206,90,14,-76,-9126,360
5514,5219125,90,27,-63,4104,342
5515,9644861,90,13,-77,-13293,341
5516,3725560,90,13,-77,-12491,517
5517,3605140,90,13,-77,-13205,370
5518,1285212,90,16,-74,-4128,334
5519,8830368,90,12,-78,-17723,565
5520,8224547,90,12,-78,-17767,529
5521,5283050,90,15,-75,-5814,570
5522,12213406,90,12,-78,-17877,461
5523,9534587,90,20,-70,1146,308
5524,7837446,90,11,-79,-24354,559
5525,10370665,90,40,-50,5287,201
5526,10920196,90,14,-76,-9044,401
5527,5538515,90,12,-78,-17556,606
5528,12553027,90,17,-73,-2603,294
5529,7599735,90,13,-77,-12656,673
5530,2423395,90,18,-72,-540,487
5531,12750725,90,11,-79,-24234,556
5532,8206909,90,24,-66,3262,301
5533,10010345,90,20,-70,1109,395
5534,2196440,90,21,-69,2024,447
5535,11224361,90,11,-79,-24420,434
5536,6674774,90,19,-71,141,247
5537,11768426,90,20,-70,1200,371
5538,1759300,90,17,-73,-2478,341
5539,12513343,90,14,-76,-9061,366
5540,6997973,90,13,-77,-13061,478
5541,7133943,90,11,-79,-24388,619
5542,11024325,90,16,-74,-3673,701
5543,1115626,90,17,-73,-2037,438
5544,2811253,90,18,-72,-848,322
5545,11758542,90,12,-78,-17557,588
5546,7488644,90,15,-75,-6304,402
5547,5428047,90,19,-71,364,447
5548,13262332,90,11,-79,-24632,450
5549,609710,90,15,-75,-5778,661
5550,9476911,90,13,-77,-12695,482
5551,9109703,90,11,-79,-24356,635
5552,9222411,90,17,-73,-1964,391
5553,1124888,90,13,-77,-12407,539
5554,12572616,90,20,-70,1048,206
5555,1943578,90,18,-72,-701,377
5556,7094716,90,27,-63,4203,329
5557,11082866,90,19,-71,46,363
5558,3265541,90,12,-78,-17651,539
5559,2801757,90,12,-78,-17644,505
5560,64942,90,12,-78,-17624,557
5561,7099084,90,16,-74,-4036,365
5562,354786,90,14,-76,-9402,334
5563,1263766,90,14,-76,-9116,447
5564,11387067,90,19,-71,501,515
5565,9428485,90,13,-77,-12837,485
5566,1727861,90,22,-68,2420,213
5567,7047910,90,38,-52,5276,173
5568,1054204,90,32,-58,4951,173
5569,1812473,90,11,-79,-24430,516
5570,10953793,90,20,-70,1222,329
5571,71202,90,10,-80,-33718,632
5572,399323,90,12,-78,-17959,336
5573,12976556,90,14,-76,-8714,492
5574,11701392,90,12,-78,-17456,654
5575,13512297,90,16,-74,-4146,325
5576,9032701,90,10,-80,-33860,521
5577,2630781,90,23,-67,2944,240
5578,5080490,90,14,-76,-8806,455
5579,5916728,90,24,-66,3367,227
5580,12773214,90,10,-80,-33693,645
5581,6694802,90,13,-77,-13123,327
5582,2678729,90,9,-81,-47150,558
5583,4437474,90,20,-70,1154,317
5584,11085192,90,19,-71,362,371
5585,3063783,90,20,-70,1322,555
5586,10478650,90,10,-80,-33792,557
5587,1244048,90,15,-75,-6237,431
5588,2093223,90,9,-81,-47214,486
5589,3156051,90,16,-74,-3667,395
5590,7338617,90,21,-69,1954,274
5591,8461122,90,19,-71,201,293
5592,8622208,90,16,-74,-4243,265
5593,13720866,90,16,-74,-3649,317
5594,11400970,90,16,-74,-3543,492
5595,13519490,90,17,-73,-2415,331
5596,2856420,90,12,-78,-18244,368
5597,10411197,90,24,-66,3349,223
5598,6222637,90,18,-72,-878,261
5599,10935436,90,14,-76,-8962,409
5600,12709537,90,17,-73,-2383,297
5601,5986116,90,20,-70,1194,302
5602,980512,90,9,-81,-47298,463
5603,12556169,90,14,-76,-8608,497
5604,11498077,90,13,-77,-12816,339
5605,3659430,90,17,-73,-2577,228
5606,8010255,90,12,-78,-18298,329
5607,11794564,90,10,-80,-33819,343
5608,8987565,90,17,-73,-2310,290
5609,12843330,90,16,-74,-4609,258
5610,6883641,90,24,-66,3423,303
5611,4796128,90,13,-77,-12847,404
5612,11526283,90,16,-74,-3965,336
5613,6239644,90,23,-67,2909,231
5614,1025277,90,19,-71,240,295
5615,983262,90,10,-80,-33928,431
5616,6970658,90,18,-72,-505,371
5617,6226349,90,16,-74,-4830,228
5618,4440400,90,16,-74,-4255,296
5619,11698938,90,21,-69,1949,322
5620,4174858,90,24,-66,3434,294
5621,1923623,90,17,-73,-2101,345
5622,35246,90,13,-77,-13265,350
5623,9118565,90,11,-79,-24263,498
5624,3583027,90,28,-62,4451,209
5625,13476167,90,11,-79,-24771,353
5626,12936583,90,15,-75,-6058,340
5627,7760116,90,16,-74,-4004,259
5628,11183415,90,12,-78,-18745,308
5629,756537,90,13,-77,-12755,369
5630,1570242,90,18,-72,-1023,232
5631,13636500,90,15,-75,-5959,300
5632,5111279,90,20,-70,1241,334
5633,13244742,90,14,-76,-9378,291
5634,7216687,90,15,-75,-6735,254
5635,4512783,90,15,-75,-6308,305
5636,11719823,90,15,-75,-6709,221
5637,246506,90,21,-69,1953,297
5638,10442627,90,18,-72,-694,333
5639,8390738,90,16,-74,-4244,225
5640,4094986,90,15,-75,-6621,236
5641,7472046,89,27,-62,4376,279
5642,3505361,89,23,-66,3236,211
5643,2890096,89,28,-61,4486,176
5644,7175226,89,19,-70,735,348
5645,11966106,89,19,-70,719,750
5646,3867654,89,17,-72,-1664,683
5647,1842626,89,17,-72,-1737,469
5648,9366943,89,15,-74,-5670,661
5649,8673157,89,13,-76,-12202,812
5650,6106171,89,25,-64,3797,203
5651,13220064,89,22,-67,2667,509
5652,8834299,89,25,-64,3682,383
5653,3279147,89,33,-56,5113,249
5654,1007782,89,22,-67,2442,225
5655,3726446,89,18,-71,-425,383
5656,257540,89,17,-72,-1658,796
5657,6636618,89,19,-70,581,221
5658,11847093,89,20,-69,1256,315
5659,11655023,89,15,-74,-5730,520
5660,11719393,89,15,-74,-5582,683
5661,8878646,89,19,-70,446,319
5662,6788589,89,14,-75,-8455,610
5663,5121915,89,21,-68,2143,234
5664,6463688,89,32,-57,5030,130
5665,1903773,89,19,-70,703,683
5666,8641722,89,18,-71,-582,544
5667,7472397,89,12,-77,-17250,2297
5668,689350,89,18,-71,-480,492
5669,10551773,89,21,-68,2014,201
5670,1658105,89,21,-68,1857,278
5671,4015602,89,21,-68,2034,302
5672,9201812,89,15,-74,-5709,688
5673,9252096,89,22,-67,2756,530
5674,11193093,89,16,-73,-3523,565
5675,8336623,89,11,-78,-24011,1121
5676,8700699,89,15,-74,-6080,467
5677,9533340,89,15,-74,-5893,523
5678,9481750,89,22,-67,2551,470
5679,13144213,89,29,-60,4792,289
5680,911355,89,21,-68,2045,252
5681,5273928,89,16,-73,-3549,595
5682,5989561,89,29,-60,4698,229
5683,10416646,89,18,-71,-903,391
5684,3840708,89,19,-70,563,464
5685,8434181,89,35,-54,5298,149
5686,1716904,89,19,-70,699,322
5687,6626759,89,13,-76,-12200,930
5688,12575236,89,19,-70,580,348
5689,2575996,89,16,-73,-3603,328
5690,403779,89,25,-64,3920,240
5691,12106343,89,16,-73,-3738,521
5692,7777744,89,22,-67,2595,259
5693,9858340,89,19,-70,330,258
5694,9063527,89,16,-73,-3694,467
5695,8925160,89,21,-68,2008,279
5696,8087126,89,23,-66,3184,308
5697,8947792,89,16,-73,-3883,390
5698,6566359,89,18,-71,-1140,225
5699,5362807,89,21,-68,1993,408
5700,6506212,89,26,-63,4085,216
5701,4990886,89,23,-66,2974,197
5702,9601772,89,16,-73,-3675,426
5703,10858322,89,17,-72,-1654,360
5704,5795324,89,16,-73,-3943,313
5705,6385268,89,27,-62,4384,410
5706,5720578,89,16,-73,-4270,406
5707,1394231,89,15,-74,-5586,483
5708,10408075,89,17,-72,-1773,397
5709,5122225,89,16,-73,-3934,316
5710,10106465,89,30,-59,4845,169
5711,3908402,89,12,-77,-17305,769
5712,5287191,89,18,-71,-953,370
5713,11855111,89,10,-79,-33518,616
5714,9844902,89,15,-74,-5998,476
5715,10681250,89,16,-73,-4113,284
5716,2259600,89,20,-69,1517,459
5717,9110619,89,22,-67,2607,277
5718,9285558,89,20,-69,1347,216
5719,12830239,89,17,-72,-2130,282
5720,2926201,89,15,-74,-5612,709
5721,325699,89,17,-72,-2305,245
5722,13121177,89,18,-71,-865,436
5723,3164970,89,11,-78,-24005,811
5724,1691960,89,9,-80,-46887,826
5725,12997874,89,17,-72,-1873,471
5726,545851,89,16,-73,-3640,376
5727,12399878,89,14,-75,-8542,650
5728,12581496,89,21,-68,2140,256
5729,1257143,89,15,-74,-5554,670
5730,2984984,89,14,-75,-8497,638
5731,5423230,89,19,-70,659,304
5732,12279012,89,13,-76,-12271,600
5733,1412559,89,20,-69,1214,310
5734,4367381,89,17,-72,-1951,276
5735,2357166,89,17,-72,-1865,481
5736,12755264,89,18,-71,-758,345
5737,5591012,89,16,-73,-3671,328
5738,4491750,89,9,-80,-46844,1049
5739,535368,89,30,-59,4889,207
5740,8336402,89,31,-58,5001,196
5741,255906,89,12,-77,-17245,772
5742,2641638,89,23,-66,3077,268
5743,11367136,89,13,-76,-12343,670
5744,12128187,89,20,-69,1421,408
5745,2259253,89,13,-76,-12765,370
5746,9397382,89,17,-72,-2427,317
5747,3349724,89,11,-78,-24066,637
5748,10994143,89,18,-71,-460,302
5749,10225304,89,12,-77,-17344,732
5750,8166052,89,10,-79,-33394,932
5751,1045815,89,16,-73,-3814,325
5752,7055418,89,14,-75,-8694,466
5753,5396367,89,12,-77,-17359,580
5754,9786380,89,16,-73,-3729,494
5755,12001057,89,23,-66,3335,313
5756,3939066,89,16,-73,-3580,495
5757,2415828,89,12,-77,-17318,574
5758,12821503,89,16,-73,-3482,380
5759,11827212,89,16,-73,-3617,341
5760,3912248,89,11,-78,-23996,629
5761,10331033,89,17,-72,-2018,408
5762,11369446,89,11,-78,-24099,574
5763,2304057,89,33,-56,5199,192
5764,1293064,89,17,-72,-1763,359
5765,3866377,89,16,-73,-3532,598
5766,8688533,89,23,-66,3147,284
5767,2217196,89,16,-73,-3854,297
5768,6986671,89,14,-75,-8560,573
5769,4232430,89,14,-75,-8332,491
5770,468563,89,15,-74,-5587,473
5771,6198506,89,15,-74,-6112,375
5772,8727832,89,12,-77,-17607,451
5773,7196145,89,20,-69,1657,757
5774,12486284,89,23,-66,3279,355
5775,1518442,89,15,-74,-6175,320
5776,5847751,89,15,-74,-5430,921
5777,467678,89,15,-74,-6200,377
5778,685117,89,10,-79,-33388,907
5779,6206012,89,13,-76,-12480,551
5780,7500172,89,12,-77,-17268,775
5781,12084631,89,15,-74,-5737,493
5782,13044372,89,11,-78,-24114,661
5783,7407173,89,11,-78,-23938,668
5784,5041670,89,20,-69,1463,271
5785,5529243,89,11,-78,-24049,654
5786,12771297,89,12,-77,-17548,629
5787,4377057,89,15,-74,-5768,463
5788,10629074,89,14,-75,-8598,734
5789,9634437,89,14,-75,-9132,451
5790,4207650,89,24,-65,3473,209
5791,6351463,89,16,-73,-3724,466
5792,5506379,89,16,-73,-3494,569
5793,7690455,89,15,-74,-5849,505
5794,12092642,89,17,-72,-1805,348
5795,4228727,89,13,-76,-12280,475
5796,9465833,89,19,-70,241,238
5797,9527975,89,20,-69,1276,201
5798,4915627,89,15,-74,-5740,468
5799,9016748,89,17,-72,-1805,277
5800,2479142,89,19,-70,483,313
5801,3771913,89,12,-77,-17234,614
5802,4971499,89,12,-77,-17542,458
5803,3222457,89,12,-77,-17217,769
5804,13651471,89,14,-75,-8615,433
5805,7465873,89,15,-74,-6229,333
5806,12930762,89,21,-68,2168,400
5807,12579462,89,14,-75,-8977,453
5808,5059429,89,15,-74,-5793,378
5809,3750196,89,13,-76,-12456,592
5810,7332977,89,11,-78,-24357,360
5811,1087050,89,13,-76,-12292,498
5812,2813940,89,19,-70,651,394
5813,9393230,89,27,-62,4410,174
5814,7884052,89,12,-77,-17258,572
5815,7012073,89,15,-74,-6470,254
5816,3002141,89,16,-73,-3499,432
5817,8914865,89,12,-77,-17706,428
5818,13116429,89,15,-74,-5846,421
5819,7371091,89,11,-78,-24149,502
5820,10282686,89,18,-71,-530,359
5821,174860,89,14,-75,-8892,428
5822,5898582,89,13,-76,-12455,502
5823,11855385,89,20,-69,1405,273
5824,2409977,89,21,-68,2138,314
5825,13406355,89,14,-75,-8926,435
5826,10450203,89,14,-75,-8869,367
5827,5205292,89,14,-75,-9625,281
5828,3648422,89,17,-72,-1918,338
5829,10932199,89,8,-81,-66143,784
5830,8889963,89,17,-72,-1662,294
5831,9989644,89,13,-76,-12995,318
5832,4906593,89,13,-76,-12319,463
5833,8643662,89,8,-81,-66112,818
5834,5143490,89,17,-72,-2312,309
5835,9634837,89,12,-77,-18007,390
5836,6375102,89,13,-76,-12278,421
5837,3241372,89,11,-78,-24027,542
5838,2472134,89,12,-77,-17469,483
5839,10541022,89,15,-74,-5669,570
5840,1842880,89,12,-77,-17523,484
5841,745524,89,15,-74,-6327,277
5842,4603716,89,21,-68,2248,349
5843,11048213,89,13,-76,-12278,476
5844,8792965,89,16,-73,-3666,389
5845,89198,89,15,-74,-5623,387
5846,3847535,89,13,-76,-12264,432
5847,2903251,89,18,-71,-693,229
5848,1778985,89,12,-77,-17824,404
5849,561802,89,12,-77,-17398,686
5850,5865791,89,15,-74,-5789,508
5851,9320519,89,18,-71,-801,267
5852,7882337,89,18,-71,-584,386
5853,1937403,89,22,-67,2666,260
5854,5173412,89,14,-75,-8848,342
5855,11819815,89,15,-74,-5685,470
5856,2218837,89,13,-76,-12374,446
5857,9808400,89,19,-70,175,184
5858,5182137,89,15,-74,-5951,396
5859,2014712,89,19,-70,385,214
5860,8508200,89,14,-75,-8605,460
5861,3613403,89,15,-74,-5559,352
5862,1589058,89,18,-71,-344,379
5863,1041518,89,12,-77,-17633,485
5864,1223491,89,11,-78,-24324,441
5865,1034181,89,12,-77,-17329,486
5866,11095554,89,15,-74,-5894,446
5867,649124,89,12,-77,-17334,442
5868,5697491,89,25,-64,3928,254
5869,4507442,89,13,-76,-13396,301
5870,2890779,89,12,-77,-18180,384
5871,7821198,89,10,-79,-33610,557
5872,9205669,89,15,-74,-5860,363
5873,398015,89,19,-70,462,196
5874,892635,89,17,-72,-1927,385
5875,12597827,89,17,-72,-1696,382
5876,11337295,89,17,-72,-1856,315
5877,10387434,89,17,-72,-1918,399
5878,3051404,89,24,-65,3593,242
5879,6968587,89,18,-71,-606,261
5880,13522531,89,19,-70,776,378
5881,9742223,89,15,-74,-5822,401
5882,1328409,89,16,-73,-3317,357
5883,11831362,89,13,-76,-12674,350
5884,9136195,89,12,-77,-17620,394
5885,7140361,89,15,-74,-6253,342
5886,12653527,89,20,-69,1481,349
5887,6027839,89,14,-75,-8482,362
5888,2404673,89,19,-70,684,385
5889,4589777,89,17,-72,-1671,415
5890,2729345,89,18,-71,-472,416
5891,3653790,89,17,-72,-1701,332
5892,13640088,89,13,-76,-12648,403
5893,2301718,89,19,-70,393,243
5894,7697715,89,12,-77,-17463,431
5895,11617156,89,24,-65,3773,338
5896,8456825,89,19,-70,433,220
5897,3103980,89,11,-78,-24436,417
5898,373278,89,20,-69,1466,290
5899,8641004,89,10,-79,-33431,565
5900,953516,89,12,-77,-17979,359
5901,9019462,89,16,-73,-3752,278
5902,1058146,89,13,-76,-12228,526
5903,4056012,89,15,-74,-5733,398
5904,10645073,89,12,-77,-17518,438
5905,3245312,89,13,-76,-13206,340
5906,3231465,89,12,-77,-17677,465
5907,3808479,89,15,-74,-5804,370
5908,32870,89,16,-73,-3976,272
5909,8887437,89,24,-65,3606,222
5910,6468827,89,12,-77,-17658,408
5911,1202321,89,21,-68,2145,243
5912,4170313,89,12,-77,-17814,315
5913,12117509,89,15,-74,-5645,475
5914,2681298,89,15,-74,-5686,442
5915,10961992,89,23,-66,3313,369
5916,7640479,89,15,-74,-6018,288
5917,10645162,89,19,-70,423,185
5918,9657255,89,19,-70,592,298
5919,2807013,89,18,-71,-526,198
5920,862157,89,14,-75,-8359,425
5921,5085018,89,17,-72,-2042,329
5922,11126608,89,27,-62,4503,194
5923,10635901,89,9,-80,-46796,582
5924,3714260,89,21,-68,2221,235
5925,12402207,89,15,-74,-6402,264
5926,13186568,89,22,-67,2687,187
5927,177428,89,12,-77,-17654,371
5928,2806866,89,27,-62,4539,247
5929,7517377,89,12,-77,-17301,456
5930,8684209,89,11,-78,-24115,462
5931,4165844,89,10,-79,-33584,499
5932,10321950,89,12,-77,-17665,366
5933,7005339,89,23,-66,3280,276
5934,6068260,89,14,-75,-8684,449
5935,4609175,89,9,-80,-46996,579
5936,10258947,89,10,-79,-34342,369
5937,165297,89,14,-75,-8744,287
5938,1088935,89,11,-78,-23998,296
5939,12989786,89,13,-76,-12674,357
5940,3089764,89,19,-70,397,286
5941,208416,89,15,-74,-5970,276
5942,209418,89,18,-71,-382,299
5943,877903,89,12,-77,-17992,415
5944,2826065,89,15,-74,-5667,326
5945,10159910,89,11,-78,-24484,394
5946,10989684,89,21,-68,2286,237
5947,9931448,89,19,-70,698,302
5948,6460221,89,16,-73,-4361,242
5949,7201786,89,14,-75,-9394,283
5950,3612852,89,15,-74,-5896,344
5951,4102584,89,11,-78,-24399,368
5952,13209769,89,18,-71,-561,230
5953,4506020,89,16,-73,-3584,260
5954,12887677,89,9,-80,-47157,425
5955,12438873,89,19,-70,719,277
5956,6343105,89,8,-81,-67265,250
5957,11335605,89,16,-73,-3740,283
5958,8707994,89,17,-72,-2168,202
5959,1169968,89,14,-75,-9202,250
5960,730733,89,20,-69,1430,278
5961,11813373,89,20,-69,1331,158
5962,13479459,88,25,-63,4242,250
5963,145759,88,24,-64,3786,195
5964,12378874,88,15,-73,-5270,518
5965,1275250,88,21,-67,2300,226
5966,4730279,88,32,-56,5331,168
5967,8165002,88,21,-67,2571,214
5968,1358342,88,26,-62,4358,303
5969,4854472,88,18,-70,-53,356
5970,13457498,88,16,-72,-3127,242
5971,3681415,88,22,-66,2956,472
5972,3079936,88,22,-66,2960,377
5973,12768149,88,19,-69,840,327
5974,9144213,88,24,-64,3840,276
5975,370676,88,27,-61,4667,180
5976,749013,88,17,-71,-1637,350
5977,8760874,88,28,-60,4854,282
5978,11493351,88,11,-77,-23688,2183
5979,3348086,88,21,-67,2509,226
5980,2837169,88,18,-70,-146,430
5981,8380545,88,30,-58,5130,191
5982,1529192,88,20,-68,1704,377
5983,3285522,88,15,-73,-5580,375
5984,4611815,88,17,-71,-1513,389
5985,4282268,88,20,-68,1765,357
5986,13360117,88,18,-70,-185,343
5987,2057378,88,12,-76,-17012,727
5988,3576489,88,14,-74,-8170,466
5989,5241858,88,13,-75,-11997,681
5990,1138894,88,13,-75,-12236,459
5991,39493,88,19,-69,673,433
5992,2459941,88,15,-73,-5425,495
5993,8426643,88,14,-74,-8120,673
5994,11879547,88,19,-69,845,512
5995,2663814,88,23,-65,3422,209
5996,11106280,88,17,-71,-1588,401
5997,10091870,88,15,-73,-5734,332
5998,9677262,88,15,-73,-5353,586
5999,3974803,88,24,-64,3745,334
6000,9016655,88,14,-74,-8218,572
6001,12950948,88,22,-66,2703,198
6002,2140368,88,24,-64,3804,277
6003,2250016,88,16,-72,-3483,495
6004,9633609,88,29,-59,5001,198
6005,4191172,88,15,-73,-5193,613
6006,3005755,88,10,-78,-33124,1454
6007,11735340,88,13,-75,-11998,688
6008,2753677,88,17,-71,-1789,277
6009,3799938,88,12,-76,-17122,627
6010,12377673,88,13,-75,-11963,638
6011,11592569,88,22,-66,2861,223
6012,12119507,88,18,-70,-270,424
6013,1272773,88,10,-78,-33141,846
6014,10445583,88,13,-75,-11862,969
6015,11818218,88,19,-69,776,464
6016,8538335,88,17,-71,-1630,499
6017,10572523,88,17,-71,-1407,375
6018,3661264,88,18,-70,-96,290
6019,13510409,88,20,-68,1274,219
6020,8256623,88,13,-75,-11874,852
6021,3891752,88,14,-74,-8467,501
6022,13231128,88,13,-75,-12032,545
6023,6381850,88,15,-73,-5350,587
6024,3124057,88,20,-68,1559,228
6025,3391832,88,15,-73,-5328,626
6026,7538977,88,19,-69,698,424
6027,6074869,88,19,-69,454,317
6028,12410139,88,20,-68,1416,249
6029,2167435,88,16,-72,-2985,847
6030,11097600,88,26,-62,4434,234
6031,924495,88,28,-60,4913,212
6032,10203976,88,10,-78,-33104,1242
6033,10895954,88,12,-76,-17421,483
6034,8402296,88,14,-74,-8249,524
6035,10520599,88,15,-73,-5757,382
6036,13069099,88,14,-74,-8266,545
6037,10972969,88,14,-74,-8166,563
6038,5110950,88,14,-74,-8135,658
6039,3879200,88,20,-68,1734,461
6040,10848995,88,12,-76,-16965,829
6041,4415201,88,14,-74,-8237,560
6042,8881410,88,18,-70,-178,367
6043,8226085,88,22,-66,2766,224
6044,12272169,88,32,-56,5392,202
6045,4472269,88,14,-74,-8035,593
6046,12604704,88,15,-73,-5737,344
6047,3470392,88,11,-77,-23720,808
6048,12081435,88,12,-76,-16955,939
6049,10429948,88,14,-74,-8803,376
6050,9468990,88,14,-74,-8539,307
6051,10702566,88,14,-74,-8285,587
6052,8387236,88,18,-70,-147,504
6053,11767766,88,13,-75,-11828,989
6054,8046835,88,16,-72,-3629,451
6055,4490005,88,21,-67,2268,239
6056,3382970,88,12,-76,-17055,594
6057,7741566,88,12,-76,-16937,837
6058,11568441,88,11,-77,-23656,958
6059,2953994,88,8,-80,-65848,1066
6060,7140180,88,11,-77,-24150,409
6061,1702076,88,15,-73,-5910,278
6062,9864546,88,19,-69,838,248
6063,4797567,88,15,-73,-5688,436
6064,7750015,88,14,-74,-8079,564
6065,973629,88,18,-70,-650,258
6066,2567980,88,11,-77,-23710,886
6067,12269778,88,13,-75,-12239,347
6068,1380181,88,19,-69,575,227
6069,354153,88,13,-75,-12129,487
6070,4362436,88,16,-72,-3657,355
6071,8726707,88,11,-77,-23744,768
6072,2540379,88,20,-68,1706,327
6073,12836150,88,15,-73,-5430,595
6074,1106008,88,11,-77,-23678,744
6075,10436507,88,14,-74,-8592,460
6076,124586,88,17,-71,-1770,291
6077,1834292,88,12,-76,-17218,475
6078,2470417,88,10,-78,-33083,804
6079,6357155,88,18,-70,-259,331
6080,9812952,88,21,-67,2359,298
6081,11808585,88,20,-68,1455,297
6082,5621080,88,14,-74,-8269,535
6083,7311078,88,18,-70,-50,247
6084,3723389,88,21,-67,2255,190
6085,5847801,88,9,-79,-46542,835
6086,6770071,88,19,-69,544,286
6087,12896049,88,19,-69,847,350
6088,6839722,88,16,-72,-3778,246
6089,7164492,88,13,-75,-12502,420
6090,5618171,88,16,-72,-3681,321
6091,6381425,88,13,-75,-11842,875
6092,13447003,88,17,-71,-1893,444
6093,13302814,88,27,-61,4665,185
6094,7585197,88,13,-75,-11970,501
6095,1602339,88,11,-77,-23842,445
6096,8130794,88,15,-73,-5676,406
6097,7758247,88,19,-69,933,512
6098,9892081,88,12,-76,-17680,377
6099,2370047,88,12,-76,-16955,623
6100,10206148,88,11,-77,-23804,689
6101,18830,88,19,-69,629,266
6102,7332633,88,12,-76,-17142,652
6103,7377616,88,15,-73,-5541,475
6104,5735370,88,14,-74,-8508,410
6105,5261707,88,10,-78,-33338,534
6106,1275238,88,14,-74,-8368,319
6107,13367073,88,16,-72,-3505,325
6108,5531868,88,14,-74,-8609,467
6109,1634003,88,13,-75,-12276,471
6110,6727347,88,10,-78,-33078,513
6111,6713283,88,11,-77,-23606,775
6112,4953514,88,15,-73,-5618,432
6113,3764494,88,18,-70,-243,394
6114,11930578,88,13,-75,-11975,467
6115,13258980,88,9,-79,-46513,704
6116,9774352,88,9,-79,-46559,706
6117,4594425,88,13,-75,-12402,381
6118,12869006,88,14,-74,-8178,553
6119,5625250,88,14,-74,-8292,515
6120,881713,88,14,-74,-8612,407
6121,73289,88,13,-75,-12404,404
6122,1689858,88,12,-76,-16841,864
6123,5944473,88,11,-77,-23753,643
6124,5249430,88,8,-80,-65857,717
6125,3906354,88,13,-75,-12404,530
6126,303380,88,23,-65,3429,242
6127,8399716,88,11,-77,-24035,490
6128,6460904,88,14,-74,-8224,523
6129,7442673,88,14,-74,-8718,373
6130,2612872,88,14,-74,-8214,296
6131,8598765,88,21,-67,2353,240
6132,1270072,88,15,-73,-5745,315
6133,5005665,88,14,-74,-8768,383
6134,9025605,88,22,-66,3260,555
6135,3545193,88,11,-77,-23909,576
6136,34236,88,13,-75,-12388,462
6137,3498737,88,13,-75,-12052,551
6138,12236095,88,14,-74,-8359,520
6139,10638886,88,12,-76,-17132,576
6140,10258361,88,15,-73,-5507,523
6141,11230205,88,16,-72,-3335,313
6142,6924005,88,15,-73,-5672,469
6143,2943597,88,17,-71,-1739,420
6144,5573327,88,13,-75,-12614,376
6145,2471645,88,14,-74,-8079,688
6146,3228194,88,16,-72,-3992,169
6147,1770547,88,11,-77,-23885,494
6148,1593630,88,30,-58,5299,212
6149,8094951,88,17,-71,-1740,341
6150,11921417,88,19,-69,854,413
6151,12906920,88,9,-79,-46678,535
6152,4065992,88,16,-72,-3659,307
6153,241310,88,12,-76,-16997,628
6154,703448,88,20,-68,1646,387
6155,709246,88,16,-72,-3388,362
6156,2195947,88,11,-77,-23719,496
6157,1632223,88,15,-73,-5636,394
6158,3553756,88,15,-73,-5416,326
6159,3888797,88,23,-65,3520,222
6160,7852239,88,19,-69,855,355
6161,99619,88,12,-76,-17074,586
6162,1772895,88,12,-76,-17190,427
6163,2656849,88,17,-71,-1514,376
6164,9813383,88,10,-78,-33149,664
6165,5278801,88,14,-74,-8139,823
6166,9991061,88,23,-65,3562,254
6167,693742,88,12,-76,-17331,446
6168,118148,88,14,-74,-8751,474
6169,12316965,88,22,-66,2879,183
6170,10119162,88,17,-71,-1456,293
6171,5630996,88,12,-76,-17357,374
6172,6453495,88,10,-78,-33411,514
6173,11221355,88,26,-62,4492,213
6174,6536818,88,13,-75,-12573,408
6175,12213112,88,17,-71,-1519,365
6176,12513129,88,19,-69,985,351
6177,11920602,88,15,-73,-5588,426
6178,13472825,88,21,-67,2488,206
6179,1586418,88,19,-69,873,388
6180,4596826,88,13,-75,-12823,339
6181,4056165,88,18,-70,-412,233
6182,5031342,88,16,-72,-3287,305
6183,6830986,88,13,-75,-12672,365
6184,9628599,88,12,-76,-17261,470
6185,10971625,88,10,-78,-33148,577
6186,573287,88,21,-67,2686,384
6187,5377139,88,11,-77,-23919,448
6188,10072530,88,12,-76,-17660,309
6189,7694705,88,12,-76,-17217,441
6190,2136757,88,15,-73,-6064,253
6191,9029220,88,17,-71,-1650,306
6192,10294122,88,26,-62,4559,262
6193,1887631,88,19,-69,738,212
6194,12872152,88,15,-73,-5631,319
6195,11000075,88,16,-72,-4178,222
6196,10456607,88,9,-79,-46576,536
6197,9336124,88,19,-69,1020,317
6198,2061699,88,16,-72,-3701,295
6199,10238819,88,18,-70,-509,231
6200,8285401,88,19,-69,773,294
6201,1828584,88,17,-71,-1896,257
6202,1069923,88,21,-67,2311,279
6203,4720502,88,11,-77,-23928,476
6204,8281751,88,11,-77,-23889,465
6205,6061462,88,11,-77,-24104,447
6206,8157361,88,16,-72,-3452,405
6207,13478348,88,15,-73,-5962,259
6208,9372145,88,25,-63,4235,236
6209,553762,88,16,-72,-3373,288
6210,9286413,88,15,-73,-6166,320
6211,7331857,88,11,-77,-23996,416
6212,8910308,88,24,-64,4029,354
6213,6925383,88,21,-67,2516,270
6214,13638725,88,12,-76,-17235,457
6215,13698785,88,17,-71,-1717,360
6216,3806765,88,19,-69,1002,339
6217,8074280,88,16,-72,-3711,270
6218,749297,88,10,-78,-33075,497
6219,11288455,88,17,-71,-1326,370
6220,9209823,88,22,-66,2966,210
6221,3697829,88,17,-71,-1810,265
6222,6086631,88,11,-77,-23744,472
6223,1779006,88,15,-73,-5457,413
6224,9585884,88,16,-72,-3250,320
6225,8066351,88,17,-71,-1535,298
6226,11029977,88,14,-74,-8547,315
6227,9097973,88,16,-72,-3214,327
6228,3795019,88,10,-78,-33206,398
6229,2918201,88,26,-62,4604,243
6230,584992,88,12,-76,-17310,411
6231,8829286,88,23,-65,3551,228
6232,10226152,88,27,-61,4854,270
6233,9168623,88,11,-77,-23754,425
6234,5793324,88,16,-72,-2977,489
6235,7991960,88,13,-75,-12018,419
6236,12309420,88,11,-77,-23990,328
6237,2724503,88,15,-73,-6147,233
6238,5714080,88,15,-73,-5720,310
6239,10844597,88,12,-76,-17237,386
6240,613534,88,13,-75,-12121,423
6241,2129086,88,13,-75,-11917,393
6242,9829677,88,12,-76,-17609,367
6243,11929826,88,18,-70,-181,322
6244,8531419,88,13,-75,-11953,387
6245,8477573,88,13,-75,-12634,309
6246,4540372,88,12,-76,-17387,386
6247,7464428,88,12,-76,-17454,308
6248,10693192,88,12,-76,-17169,362
6249,5557448,88,21,-67,2604,248
6250,6414527,88,14,-74,-8688,344
6251,10070347,88,12,-76,-18438,275
6252,418062,88,13,-75,-12238,351
6253,11812337,88,16,-72,-3921,178
6254,4302912,88,11,-77,-24370,367
6255,6300928,88,9,-79,-46977,353
6256,10871682,88,10,-78,-34519,255
6257,5115913,87,32,-55,5677,174
6258,5549342,87,33,-54,5722,193
6259,2423374,87,17,-70,-962,372
6260,11772396,87,16,-71,-3005,305
6261,6520678,87,23,-64,3807,308
6262,9673294,87,20,-67,2149,242
6263,6327465,87,33,-54,5743,205
6264,12837608,87,22,-65,3334,735
6265,12216187,87,16,-71,-2803,655
6266,3268268,87,14,-73,-7800,700
6267,10960770,87,17,-70,-1139,490
6268,3092942,87,23,-64,3631,232
6269,2853750,87,20,-67,1978,335
6270,7868294,87,20,-67,1951,284
6271,12181055,87,16,-71,-2896,471
6272,1174758,87,15,-72,-5014,435
6273,477317,87,14,-73,-7976,460
6274,6998067,87,13,-74,-11738,629
6275,9842783,87,16,-71,-3195,391
6276,7830378,87,28,-59,5228,267
6277,2243915,87,17,-70,-1188,324
6278,4185963,87,19,-68,968,403
6279,5317003,87,15,-72,-5061,499
6280,1827474,87,16,-71,-3000,409
6281,6559003,87,21,-66,2393,186
6282,8890525,87,16,-71,-2795,817
6283,1752991,87,17,-70,-1392,355
6284,8185997,87,15,-72,-5030,693
6285,10172645,87,18,-69,-329,260
6286,1102190,87,12,-75,-16742,731
6287,4708114,87,24,-63,4111,390
6288,13265110,87,18,-69,-353,249
6289,13217625,87,16,-71,-3235,390
6290,6370412,87,16,-71,-2924,682
6291,9354589,87,20,-67,1643,230
6292,2317962,87,17,-70,-1534,371
6293,5012985,87,19,-68,833,313
6294,11334663,87,22,-65,3235,384
6295,11438743,87,24,-63,3997,200
6296,8575735,87,23,-64,3681,269
6297,6432985,87,17,-70,-1135,338
6298,7342750,87,16,-71,-3104,486
6299,8375901,87,20,-67,1811,250
6300,7705869,87,16,-71,-2985,545
6301,5296438,87,14,-73,-7793,933
6302,5393503,87,18,-69,233,501
6303,9524768,87,16,-71,-3504,266
6304,10229137,87,21,-66,2595,444
6305,11821307,87,14,-73,-7725,726
6306,1325796,87,26,-61,4622,174
6307,1210264,87,13,-74,-11813,580
6308,10931438,87,27,-60,4972,222
6309,8925309,87,15,-72,-5469,546
6310,7426362,87,14,-73,-7830,564
6311,7575127,87,17,-70,-1371,412
6312,2099984,87,14,-73,-7821,780
6313,12997068,87,19,-68,1203,365
6314,11967030,87,12,-75,-16786,791
6315,10870731,87,27,-60,4966,220
6316,5232733,87,17,-70,-1341,289
6317,13135037,87,17,-70,-1008,345
6318,12458861,87,23,-64,3781,271
6319,2526879,87,15,-72,-5681,475
6320,13510213,87,17,-70,-1671,310
6321,4097937,87,15,-72,-5012,481
6322,12701546,87,18,-69,180,538
6323,11787438,87,14,-73,-7965,415
6324,1880870,87,22,-65,3319,238
6325,4696950,87,11,-76,-23445,637
6326,9762230,87,12,-75,-16721,763
6327,7664294,87,10,-77,-32876,772
6328,11470215,87,11,-76,-23388,993
6329,9241237,87,17,-70,-1475,437
6330,1907568,87,13,-74,-12083,487
6331,3850074,87,20,-67,1920,214
6332,4537630,87,18,-69,-311,282
6333,10699207,87,19,-68,852,304
6334,3860617,87,20,-67,1878,275
6335,8015937,87,10,-77,-32893,750
6336,12142741,87,13,-74,-11812,643
6337,11493476,87,18,-69,90,387
6338,5544742,87,19,-68,1111,579
6339,7729002,87,21,-66,2566,278
6340,3865569,87,22,-65,3005,231
6341,741889,87,12,-75,-16732,639
6342,8994237,87,10,-77,-32821,842
6343,5737450,87,11,-76,-23381,770
6344,12345759,87,19,-68,1314,436
6345,11560124,87,16,-71,-3205,459
6346,5233148,87,21,-66,2450,188
6347,4378559,87,19,-68,747,187
6348,1380449,87,11,-76,-23469,697
6349,10176135,87,21,-66,2510,223
6350,6596532,87,32,-55,5725,206
6351,7972988,87,21,-66,2751,314
6352,8653979,87,29,-58,5444,235
6353,12474487,87,19,-68,867,240
6354,1390194,87,10,-77,-32844,652
6355,7361387,87,20,-67,2017,403
6356,7813,87,14,-73,-7989,559
6357,11514043,87,26,-61,4692,192
6358,1810477,87,19,-68,836,249
6359,12065406,87,20,-67,2095,725
6360,743278,87,15,-72,-5876,352
6361,11223001,87,18,-69,-85,395
6362,10785415,87,12,-75,-16767,612
6363,7911282,87,18,-69,133,237
6364,436080,87,19,-68,1146,272
6365,4988099,87,12,-75,-16939,496
6366,13086340,87,14,-73,-8441,352
6367,6320851,87,22,-65,3286,465
6368,698673,87,12,-75,-17062,575
6369,3900391,87,15,-72,-5277,435
6370,6045446,87,17,-70,-1351,385
6371,610907,87,12,-75,-17233,340
6372,12229514,87,18,-69,-233,232
6373,2252175,87,11,-76,-23526,463
6374,13141835,87,17,-70,-1728,236
6375,741168,87,13,-74,-12334,353
6376,11210286,87,19,-68,894,343
6377,6403748,87,15,-72,-5272,430
6378,4787220,87,16,-71,-3523,329
6379,2003560,87,15,-72,-5561,288
6380,1978810,87,8,-79,-65559,801
6381,9263789,87,14,-73,-8543,320
6382,7930935,87,16,-71,-3157,332
6383,10005538,87,16,-71,-3235,322
6384,6017624,87,14,-73,-8147,553
6385,5727939,87,19,-68,905,375
6386,13099306,87,20,-67,2064,259
6387,2769491,87,14,-73,-8450,369
6388,5887408,87,25,-62,4464,307
6389,11735256,87,27,-60,5057,444
6390,2041020,87,12,-75,-16705,665
6391,4792680,87,17,-70,-1472,260
6392,1649500,87,17,-70,-1646,244
6393,10234741,87,16,-71,-3300,270
6394,1120724,87,11,-76,-23460,552
6395,12991356,87,13,-74,-12331,341
6396,10848729,87,9,-78,-46246,684
6397,6919621,87,14,-73,-8126,388
6398,3987417,87,16,-71,-3868,266
6399,6599328,87,14,-73,-8396,358
6400,287052,87,13,-74,-12472,274
6401,7793401,87,18,-69,185,447
6402,2279974,87,16,-71,-3040,424
6403,13601452,87,18,-69,-333,253
6404,1630611,87,11,-76,-23710,511
6405,4354020,87,15,-72,-4863,473
6406,2698771,87,25,-62,4439,192
6407,7675130,87,9,-78,-46216,852
6408,1505527,87,16,-71,-2838,442
6409,13451610,87,32,-55,5763,210
6410,7563229,87,16,-71,-2709,594
6411,8092197,87,14,-73,-7691,578
6412,9019904,87,14,-73,-7990,496
6413,4886866,87,16,-71,-3290,264
6414,726204,87,12,-75,-16796,611
6415,11776190,87,15,-72,-5133,482
6416,2753080,87,15,-72,-5306,440
6417,419206,87,14,-73,-8134,405
6418,8409680,87,23,-64,3883,257
6419,10992165,87,23,-64,3689,171
6420,11568651,87,18,-69,-338,256
6421,9651897,87,14,-73,-8677,321
6422,7273455,87,18,-69,182,228
6423,5288023,87,11,-76,-23509,510
6424,9167688,87,19,-68,1070,315
6425,115663,87,21,-66,2588,160
6426,1884616,87,11,-76,-23390,792
6427,13507794,87,15,-72,-5778,267
6428,8239087,87,14,-73,-8549,337
6429,3959961,87,19,-68,1147,224
6430,583677,87,12,-75,-16879,663
6431,7218092,87,11,-76,-23651,467
6432,10138407,87,24,-63,4259,373
6433,2209887,87,11,-76,-23505,508
6434,3762519,87,23,-64,3663,214
6435,9161448,87,11,-76,-23486,597
6436,8365502,87,14,-73,-8613,305
6437,12259405,87,18,-69,-189,272
6438,2214880,87,15,-72,-5270,400
6439,12856344,87,15,-72,-5349,400
6440,22268,87,14,-73,-8830,313
6441,4619301,87,16,-71,-3264,304
6442,9048424,87,18,-69,239,324
6443,2592939,87,19,-68,1198,356
6444,13603471,87,13,-74,-13015,306
6445,12791054,87,13,-74,-11674,530
6446,12611602,87,9,-78,-46265,671
6447,11174909,87,12,-75,-16609,801
6448,5813863,87,17,-70,-1031,429
6449,10339625,87,15,-72,-5074,478
6450,12616293,87,10,-77,-32794,600
6451,8814856,87,17,-70,-1357,268
6452,11319299,87,19,-68,1044,309
6453,6807287,87,15,-72,-4912,526
6454,10377891,87,16,-71,-3065,484
6455,12064659,87,19,-68,1415,421
6456,10575661,87,21,-66,2703,242
6457,9389988,87,14,-73,-8297,385
6458,10245412,87,15,-72,-5762,264
6459,6139992,87,18,-69,-60,294
6460,11367594,87,15,-72,-5772,247
6461,593012,87,21,-66,2656,207
6462,2855151,87,17,-70,-1011,431
6463,12189099,87,11,-76,-23407,548
6464,1332595,87,16,-71,-3196,335
6465,6473527,87,13,-74,-11579,738
6466,8210317,87,15,-72,-5455,344
6467,13597565,87,11,-76,-23948,356
6468,1349834,87,14,-73,-7767,621
6469,9349163,87,15,-72,-5186,453
6470,3805085,87,16,-71,-2801,437
6471,9364194,87,13,-74,-12203,481
6472,2266975,87,12,-75,-17082,324
6473,1549865,87,25,-62,4541,163
6474,4881909,87,19,-68,1083,255
6475,13964,87,21,-66,2915,378
6476,11714847,87,9,-78,-46289,452
6477,5073010,87,17,-70,-1432,307
6478,13104,87,12,-75,-16977,362
6479,8398349,87,12,-75,-16934,441
6480,12954072,87,19,-68,1080,286
6481,2205334,87,7,-80,-94712,692
6482,7884781,87,11,-76,-23321,640
6483,12086600,87,11,-76,-23536,478
6484,2693850,87,19,-68,1083,372
6485,212524,87,13,-74,-11826,438
6486,5792330,87,15,-72,-5129,577
6487,5019784,87,9,-78,-46357,544
6488,8159619,87,16,-71,-2749,519
6489,5770898,87,16,-71,-3151,342
6490,10877711,87,20,-67,1983,205
6491,4481240,87,15,-72,-4785,451
6492,4637218,87,13,-74,-12678,328
6493,2236641,87,16,-71,-2952,363
6494,4521770,87,10,-77,-32871,475
6495,6105890,87,10,-77,-33098,437
6496,9881134,87,12,-75,-16869,416
6497,10872262,87,12,-75,-16711,566
6498,4421353,87,8,-79,-65562,589
6499,1053570,87,11,-76,-23619,327
6500,6402846,87,16,-71,-3421,368
6501,13683071,87,12,-75,-16598,593
6502,10685776,87,10,-77,-32919,623
6503,3012161,87,11,-76,-23616,419
6504,11006076,87,12,-75,-18207,277
6505,8127736,87,21,-66,2771,300
6506,7396906,87,19,-68,1037,386
6507,11433199,87,12,-75,-16626,512
6508,4865519,87,21,-66,3028,200
6509,4478454,87,17,-70,-1192,294
6510,12417690,87,12,-75,-16982,481
6511,13311350,87,13,-74,-11994,372
6512,13233518,87,22,-65,3450,354
6513,1801158,87,15,-72,-4923,474
6514,6679619,87,17,-70,-1577,314
6515,8176713,87,12,-75,-17351,389
6516,10244005,87,17,-70,-980,342
6517,10276937,87,10,-77,-33415,363
6518,419752,87,20,-67,2083,252
6519,459147,87,16,-71,-2980,358
6520,7052452,87,17,-70,-1455,405
6521,704028,87,10,-77,-32914,581
6522,6504526,87,11,-76,-23675,406
6523,1711160,87,18,-69,204,349
6524,6911542,87,12,-75,-17012,349
6525,10276169,87,17,-70,-1679,258
6526,6758448,87,16,-71,-2878,456
6527,8849769,87,11,-76,-23678,407
6528,3808054,87,9,-78,-46307,501
6529,3487040,87,10,-77,-32975,570
6530,4453998,87,24,-63,4252,275
6531,11431643,87,13,-74,-12305,302
6532,1270439,87,9,-78,-46295,469
6533,8647176,87,19,-68,1304,346
6534,10453072,87,14,-73,-8876,243
6535,4260231,87,15,-72,-5522,224
6536,10394562,87,18,-69,478,407
6537,4648974,87,18,-69,159,344
6538,4929938,87,17,-70,-1200,352
6539,8031069,87,15,-72,-4985,433
6540,4840904,87,19,-68,1231,306
6541,8300566,87,12,-75,-16985,456
6542,7912409,87,9,-78,-46341,548
6543,6114142,87,11,-76,-23580,493
6544,9444771,87,19,-68,1197,287
6545,6809547,87,11,-76,-23286,516
6546,7721620,87,16,-71,-2979,292
6547,4103937,87,19,-68,1347,317
6548,1990268,87,17,-70,-1673,297
6549,9010821,87,13,-74,-11793,357
6550,4959944,87,12,-75,-16934,415
6551,12464525,87,14,-73,-8673,369
6552,7455493,87,16,-71,-2768,452
6553,1377555,87,19,-68,1303,325
6554,9961061,87,12,-75,-16817,307
6555,9118761,87,10,-77,-33115,463
6556,4119855,87,14,-73,-8325,348
6557,1157074,87,12,-75,-17231,442
6558,9550406,87,17,-70,-926,411
6559,1438543,87,18,-69,8,254
6560,11060707,87,14,-73,-7876,461
6561,7580527,87,12,-75,-17698,281
6562,6283459,87,11,-76,-23669,339
6563,6347320,87,15,-72,-5077,352
6564,13412500,87,15,-72,-5453,341
6565,2312916,87,14,-73,-8767,249
6566,7204850,87,11,-76,-24549,307
6567,8971426,87,7,-80,-94836,503
6568,8088717,87,11,-76,-23978,371
6569,4969404,87,17,-70,-1195,289
6570,4140876,87,15,-72,-5207,322
6571,3145357,87,15,-72,-5897,247
6572,11081850,87,17,-70,-1511,222
6573,7250999,87,11,-76,-23860,368
6574,194782,87,17,-70,-1192,278
6575,917733,87,17,-70,-1735,242
6576,5550226,87,20,-67,1829,195
6577,6314096,87,13,-74,-11583,383
6578,9745017,87,14,-73,-8687,243
6579,4741142,87,14,-73,-9139,252
6580,5564859,87,9,-78,-47635,233
6581,4205433,87,25,-62,4610,178
6582,4703426,87,9,-78,-48213,225
6583,6052561,86,18,-68,550,300
6584,12651953,86,15,-71,-4618,814
6585,4735938,86,19,-67,1460,316
6586,2473757,86,22,-64,3375,279
6587,11122789,86,24,-62,4472,243
6588,6110497,86,26,-60,5131,205
6589,9688286,86,15,-71,-4882,458
6590,4158070,86,21,-65,2914,240
6591,8471472,86,22,-64,3412,227
6592,9592617,86,29,-57,5673,199
6593,7016453,86,14,-72,-7421,1239
6594,7505473,86,18,-68,142,330
6595,11385239,86,12,-74,-16436,594
6596,3995376,86,24,-62,4248,176
6597,4045794,86,14,-72,-7528,672
6598,6767145,86,16,-70,-2542,621
6599,524138,86,21,-65,2911,174
6600,3025065,86,17,-69,-1231,437
6601,10273537,86,11,-75,-23074,1490
6602,6708701,86,18,-68,349,488
6603,5494702,86,15,-71,-4624,951
6604,12364266,86,12,-74,-16324,1156
6605,10382613,86,14,-72,-7711,497
6606,12005239,86,19,-67,1437,358
6607,5599954,86,19,-67,1035,176
6608,4313708,86,22,-64,3569,233
6609,2553854,86,17,-69,-1019,495
6610,9175826,86,13,-73,-11551,472
6611,294643,86,19,-67,1568,279
6612,11355108,86,13,-73,-11353,729
6613,13658606,86,12,-74,-16530,729
6614,10793891,86,13,-73,-11672,481
6615,10672183,86,19,-67,1667,617
6616,5143689,86,16,-70,-2440,954
6617,1959230,86,11,-75,-23094,922
6618,6392390,86,26,-60,4986,230
6619,4180302,86,34,-52,6132,208
6620,13177640,86,20,-66,2116,359
6621,6291383,86,30,-56,5783,241
6622,5113624,86,14,-72,-7994,367
6623,7293221,86,14,-72,-7979,422
6624,8013091,86,16,-70,-3223,384
6625,9331723,86,11,-75,-23102,965
6626,9430448,86,21,-65,2816,258
6627,3983654,86,17,-69,-1061,321
6628,3761964,86,8,-78,-65284,886
6629,10879318,86,41,-45,6420,231
6630,12531277,86,18,-68,34,255
6631,7414769,86,24,-62,4311,246
6632,12760142,86,14,-72,-8014,413
6633,1435121,86,29,-57,5702,257
6634,3157156,86,15,-71,-4997,536
6635,2152429,86,16,-70,-3038,371
6636,12082699,86,17,-69,-1316,356
6637,938396,86,17,-69,-1024,434
6638,12423145,86,21,-65,3043,347
6639,8068193,86,20,-66,2322,311
6640,13111074,86,12,-74,-16685,527
6641,4315694,86,14,-72,-8958,293
6642,852819,86,15,-71,-5108,380
6643,9847086,86,11,-75,-23349,487
6644,449048,86,7,-79,-94526,940
6645,3413693,86,16,-70,-3094,300
6646,9968662,86,15,-71,-5539,261
6647,11056106,86,13,-73,-11364,697
6648,969616,86,14,-72,-8668,383
6649,4135227,86,13,-73,-11556,514
6650,2362961,86,24,-62,4469,210
6651,7909079,86,17,-69,-855,428
6652,6091753,86,10,-76,-32521,708
6653,3681929,86,34,-52,6161,222
6654,8269413,86,16,-70,-3187,283
6655,4257275,86,14,-72,-8472,270
6656,11299988,86,20,-66,1898,175
6657,935423,86,12,-74,-16482,534
6658,11561670,86,23,-63,4029,211
6659,3368086,86,11,-75,-23415,571
6660,12768839,86,15,-71,-5137,289
6661,193420,86,15,-71,-5852,277
6662,13007708,86,17,-69,-970,372
6663,3511114,86,16,-70,-2835,449
6664,11233378,86,14,-72,-7389,798
6665,8172113,86,15,-71,-4744,636
6666,2111049,86,19,-67,1149,356
6667,8538186,86,11,-75,-23463,459
6668,2649453,86,17,-69,-981,377
6669,12559954,86,24,-62,4450,307
6670,11777317,86,13,-73,-11811,417
6671,2464,86,14,-72,-8058,472
6672,3373387,86,15,-71,-5488,326
6673,9829877,86,24,-62,4516,395
6674,11735633,86,13,-73,-11302,748
6675,11701938,86,16,-70,-2642,484
6676,2330404,86,18,-68,373,285
6677,9982267,86,20,-66,2296,330
6678,386941,86,12,-74,-16788,414
6679,6754915,86,27,-59,5245,222
6680,417638,86,12,-74,-16650,568
6681,153258,86,11,-75,-23302,638
6682,828011,86,11,-75,-23125,815
6683,8847731,86,15,-71,-5118,437
6684,10958589,86,13,-73,-12125,368
6685,6248842,86,24,-62,4402,266
6686,13545372,86,15,-71,-4867,506
6687,9368038,86,14,-72,-8110,393
6688,2230341,86,11,-75,-23288,630
6689,914436,86,12,-74,-17161,437
6690,10270087,86,30,-56,5855,355
6691,4659106,86,17,-69,-1079,308
6692,11852519,86,20,-66,2052,223
6693,6247242,86,20,-66,2181,267
6694,7870698,86,9,-77,-45953,730
6695,3177323,86,16,-70,-2738,213
6696,6200420,86,14,-72,-7981,369
6697,2701448,86,15,-71,-5663,321
6698,1267199,86,16,-70,-2474,385
6699,182337,86,20,-66,2406,471
6700,6795736,86,12,-74,-17159,371
6701,1502786,86,15,-71,-5115,333
6702,6310230,86,12,-74,-16573,392
6703,3726492,86,10,-76,-32508,713
6704,11434745,86,14,-72,-8309,310
6705,7699324,86,15,-71,-5063,374
6706,4635815,86,21,-65,3216,558
6707,6439817,86,16,-70,-3067,350
6708,6305323,86,14,-72,-7834,466
6709,2138800,86,12,-74,-17102,399
6710,12488731,86,21,-65,3191,460
6711,7321750,86,13,-73,-12148,334
6712,13027983,86,9,-77,-45966,675
6713,9117697,86,14,-72,-8263,337
6714,3080817,86,13,-73,-11624,398
6715,5177523,86,20,-66,2504,332
6716,1780045,86,22,-64,3503,239
6717,8268544,86,16,-70,-2679,355
6718,12824873,86,19,-67,1276,393
6719,3742126,86,16,-70,-3706,232
6720,3809684,86,14,-72,-7647,500
6721,125481,86,15,-71,-5041,337
6722,7927448,86,15,-71,-4765,556
6723,12055209,86,15,-71,-5236,447
6724,866956,86,11,-75,-23103,708
6725,2102282,86,22,-64,3477,164
6726,12778538,86,14,-72,-8096,340
6727,11703177,86,12,-74,-16591,532
6728,5504576,86,17,-69,-647,604
6729,12764330,86,18,-68,599,508
6730,1836332,86,19,-67,1639,502
6731,8611181,86,11,-75,-23283,670
6732,8834010,86,16,-70,-3130,222
6733,7670827,86,12,-74,-16319,635
6734,11227182,86,12,-74,-16734,460
6735,4270745,86,9,-77,-45895,918
6736,2016821,86,14,-72,-8355,325
6737,4224585,86,11,-75,-23061,787
6738,5313104,86,12,-74,-16808,384
6739,722646,86,12,-74,-16738,465
6740,10475475,86,13,-73,-11856,427
6741,7273462,86,11,-75,-23178,547
6742,12131193,86,13,-73,-11321,667
6743,5125456,86,11,-75,-23039,583
6744,5390020,86,17,-69,-849,313
6745,5806217,86,13,-73,-11387,527
6746,6583961,86,16,-70,-2477,476
6747,8514952,86,17,-69,-754,306
6748,7935955,86,22,-64,3724,288
6749,9949952,86,12,-74,-16967,412
6750,282975,86,11,-75,-23322,436
6751,496254,86,11,-75,-23376,483
6752,12361123,86,19,-67,1262,257
6753,12663087,86,15,-71,-5386,228
6754,12581258,86,13,-73,-12458,343
6755,8424573,86,13,-73,-11265,518
6756,6384136,86,14,-72,-7684,544
6757,13563834,86,20,-66,2624,407
6758,2293084,86,10,-76,-32946,311
6759,4763111,86,15,-71,-5198,291
6760,13276766,86,11,-75,-23280,401
6761,2182035,86,13,-73,-12502,334
6762,7757783,86,15,-71,-5433,358
6763,5039873,86,12,-74,-16746,249
6764,12088483,86,19,-67,974,275
6765,7311710,86,21,-65,3210,303
6766,11029724,86,13,-73,-12184,370
6767,7577203,86,20,-66,2107,311
6768,4066133,86,10,-76,-32913,486
6769,8496436,86,12,-74,-16620,443
6770,12572484,86,11,-75,-23352,471
6771,5006326,86,13,-73,-11789,358
6772,11475819,86,8,-78,-65201,722
6773,10138746,86,10,-76,-32783,503
6774,5239564,86,13,-73,-12240,390
6775,8452733,86,18,-68,537,539
6776,2670046,86,12,-74,-16489,530
6777,6262501,86,17,-69,-1065,319
6778,1606123,86,15,-71,-5138,325
6779,2508649,86,9,-77,-46020,571
6780,7778113,86,11,-75,-23372,474
6781,3793800,86,11,-75,-23580,436
6782,6151050,86,9,-77,-45945,628
6783,5250389,86,11,-75,-23221,454
6784,7570,86,21,-65,3028,255
6785,3845673,86,18,-68,-152,206
6786,11677547,86,12,-74,-16666,474
6787,10872994,86,15,-71,-5905,244
6788,10220117,86,15,-71,-4937,346
6789,3638960,86,21,-65,2975,189
6790,8288806,86,10,-76,-32860,520
6791,6817096,86,19,-67,1451,261
6792,12950090,86,14,-72,-8450,280
6793,5503016,86,11,-75,-23323,464
6794,8115609,86,27,-59,5396,181
6795,1300105,86,15,-71,-5474,351
6796,42547,86,10,-76,-32742,457
6797,7540901,86,17,-69,-1110,339
6798,9238745,86,12,-74,-16621,505
6799,9995673,86,12,-74,-16684,538
6800,11689838,86,16,-70,-2381,380
6801,10904495,86,17,-69,-1515,267
6802,3569117,86,17,-69,-967,334
6803,4555931,86,15,-71,-4966,336
6804,7675817,86,11,-75,-23552,472
6805,12130836,86,22,-64,3670,323
6806,13431365,86,11,-75,-23335,459
6807,3031136,86,13,-73,-11603,412
6808,10937314,86,15,-71,-5677,202
6809,10240554,86,18,-68,367,319
6810,900449,86,14,-72,-7815,386
6811,8188520,86,13,-73,-11977,243
6812,3673289,86,10,-76,-32612,544
6813,10312099,86,10,-76,-32785,472
6814,12251559,86,13,-73,-11541,374
6815,5844219,86,14,-72,-7837,384
6816,11660804,86,13,-73,-11760,393
6817,2197517,86,13,-73,-11254,479
6818,9220235,86,24,-62,4538,296
6819,2602940,86,23,-63,4079,181
6820,10897874,86,10,-76,-32627,620
6821,5003363,86,14,-72,-7893,407
6822,4490821,86,14,-72,-9020,245
6823,11596672,86,13,-73,-12203,297
6824,7805876,86,16,-70,-2497,402
6825,13293042,86,12,-74,-17142,395
6826,13582386,86,13,-73,-11625,463
6827,12903135,86,14,-72,-7755,319
6828,12066335,86,14,-72,-8637,307
6829,668749,86,10,-76,-32526,479
6830,2843557,86,25,-61,4949,332
6831,11671405,86,11,-75,-23230,448
6832,8851675,86,19,-67,1538,219
6833,10193453,86,14,-72,-8146,307
6834,4812125,86,14,-72,-7687,429
6835,11815173,86,14,-72,-8358,307
6836,8736072,86,16,-70,-2886,303
6837,8818964,86,14,-72,-8270,295
6838,9946404,86,14,-72,-8084,347
6839,11275340,86,20,-66,2145,175
6840,12187968,86,14,-72,-8454,259
6841,6225876,86,11,-75,-23724,329
6842,9439887,86,13,-73,-11472,445
6843,9788896,86,23,-63,4137,243
6844,10360446,86,13,-73,-11956,422
6845,12644559,86,11,-75,-23005,544
6846,6313174,86,16,-70,-3392,190
6847,9794576,86,14,-72,-8247,270
6848,9515204,86,22,-64,3604,304
6849,10953217,86,12,-74,-16453,449
6850,1023234,86,15,-71,-4627,341
6851,582952,86,13,-73,-12020,336
6852,11515588,86,16,-70,-2492,483
6853,5473044,86,13,-73,-11275,542
6854,13232384,86,13,-73,-11943,366
6855,4724468,86,10,-76,-32604,461
6856,6867366,86,16,-70,-2572,327
6857,10310868,86,11,-75,-23205,472
6858,5188174,86,15,-71,-5574,274
6859,1273331,86,12,-74,-16804,331
6860,4120492,86,10,-76,-32903,424
6861,7909722,86,21,-65,2930,215
6862,4738631,86,10,-76,-32540,525
6863,1029271,86,22,-64,3639,211
6864,7534315,86,22,-64,3695,287
6865,6501981,86,22,-64,3525,166
6866,2971064,86,12,-74,-17366,310
6867,6828853,86,17,-69,-1345,194
6868,12420768,86,19,-67,1611,206
6869,12843594,86,11,-75,-22886,730
6870,1239819,86,22,-64,3728,336
6871,2839388,86,11,-75,-23183,483
6872,11880926,86,18,-68,557,276
6873,10717490,86,17,-69,-730,383
6874,3484921,86,11,-75,-23115,492
6875,2324175,86,18,-68,587,298
6876,5633035,86,13,-73,-11691,365
6877,1157097,86,12,-74,-17265,322
6878,1128071,86,18,-68,484,278
6879,7876957,86,8,-78,-65527,406
6880,10020727,86,27,-59,5546,260
6881,6242609,86,13,-73,-11967,378
6882,7581655,86,12,-74,-17032,260
6883,8562141,86,18,-68,468,359
6884,11165608,86,15,-71,-5063,365
6885,7951636,86,10,-76,-32640,463
6886,36727,86,18,-68,499,230
6887,2446163,86,11,-75,-24017,383
6888,11816751,86,21,-65,3172,210
6889,10768221,86,22,-64,3630,203
6890,2376615,86,16,-70,-3131,286
6891,2801191,86,10,-76,-33418,338
6892,1087312,86,9,-77,-46013,422
6893,1350829,86,14,-72,-8292,298
6894,11873015,86,21,-65,3096,204
6895,11887098,86,11,-75,-23371,389
6896,13059080,86,9,-77,-46317,427
6897,3608751,86,23,-63,4171,240
6898,6898901,86,12,-74,-16782,371
6899,11105488,86,13,-73,-11471,487
6900,1368070,86,9,-77,-46113,342
6901,10738435,86,13,-73,-11462,406
6902,5426612,86,14,-72,-8163,275
6903,5820601,86,20,-66,2225,191
6904,12380719,86,11,-75,-24065,303
6905,11939959,86,22,-64,3772,246
6906,1957630,86,14,-72,-8345,240
6907,5485869,86,21,-65,3182,260
6908,4867590,86,15,-71,-5259,206
6909,12861837,85,19,-66,2031,247
6910,11932492,85,28,-57,5846,162
6911,6202405,85,19,-66,1954,311
6912,5749388,85,28,-57,5746,123
6913,8909339,85,20,-65,2586,267
6914,10645574,85,22,-63,3698,207
6915,3190358,85,18,-67,867,314
6916,1571915,85,16,-69,-2329,508
6917,7447099,85,20,-65,2625,625
6918,286802,85,12,-73,-16029,873
6919,2673448,85,27,-58,5640,270
6920,11437912,85,23,-62,4405,227
6921,2699464,85,28,-57,5840,189
6922,11069219,85,16,-69,-2328,525
6923,8944861,85,21,-64,3531,244
6924,3174910,85,22,-63,4040,280
6925,6895038,85,13,-72,-11211,489
6926,13621547,85,14,-71,-7197,805
6927,2926090,85,22,-63,3656,381
6928,5858056,85,21,-64,3434,382
6929,13349183,85,20,-65,2363,315
6930,13205243,85,19,-66,1857,302
6931,735342,85,18,-67,576,367
6932,9288788,85,35,-50,6530,147
6933,12367142,85,18,-67,659,355
6934,4078443,85,27,-58,5523,216
6935,13309666,85,13,-72,-11799,365
6936,1016,85,22,-63,3926,265
6937,400955,85,12,-73,-16096,602
6938,3070632,85,22,-63,3917,371
6939,10122822,85,17,-68,-751,521
6940,13203078,85,28,-57,5768,203
6941,12086904,85,17,-68,-965,352
6942,6992014,85,15,-70,-4318,889
6943,2372313,85,13,-72,-10956,1204
6944,7866622,85,18,-67,907,220
6945,11011889,85,13,-72,-10968,1099
6946,61191,85,24,-61,4716,295
6947,3834371,85,17,-68,-912,375
6948,10279804,85,21,-64,3263,158
6949,9352667,85,25,-60,5135,179
6950,12547945,85,19,-66,1698,499
6951,4629550,85,12,-73,-15998,1273
6952,1453588,85,16,-69,-2860,411
6953,358078,85,25,-60,5179,347
6954,13641128,85,13,-72,-11547,485
6955,6127258,85,17,-68,-797,306
6956,4857838,85,16,-69,-2786,324
6957,7024128,85,9,-76,-45627,1069
6958,10942086,85,16,-69,-2193,734
6959,10888092,85,17,-68,-746,370
6960,699687,85,25,-60,4981,141
6961,7087994,85,20,-65,2782,241
6962,6847742,85,18,-67,702,243
6963,2462828,85,14,-71,-7470,607
6964,9043282,85,10,-75,-32235,681
6965,12031130,85,17,-68,-1014,280
6966,10008341,85,14,-71,-7541,369
6967,4969765,85,13,-72,-11128,654
6968,4796630,85,26,-59,5313,159
6969,11556849,85,18,-67,660,488
6970,6192151,85,15,-70,-4774,341
6971,9647243,85,14,-71,-7244,661
6972,11643779,85,14,-71,-7139,717
6973,2603705,85,19,-66,1729,422
6974,4976507,85,21,-64,3275,231
6975,781557,85,12,-73,-16132,590
6976,8940203,85,11,-74,-23122,409
6977,12626082,85,15,-70,-4901,416
6978,9678326,85,14,-71,-7442,441
6979,3137578,85,21,-64,3220,216
6980,3062174,85,14,-71,-7136,517
6981,1082130,85,14,-71,-7639,477
6982,10435063,85,14,-71,-7729,436
6983,6328406,85,15,-70,-4529,444
6984,4642380,85,14,-71,-7514,468
6985,482567,85,17,-68,-1038,197
6986,11758973,85,12,-73,-16148,521
6987,8197180,85,15,-70,-4590,435
6988,11288723,85,7,-78,-94174,1077
6989,2106065,85,16,-69,-2898,300
6990,7752928,85,12,-73,-16401,329
6991,1391218,85,16,-69,-2470,452
6992,7424346,85,16,-69,-2107,817
6993,10231439,85,18,-67,393,352
6994,3950981,85,18,-67,631,286
6995,6695085,85,16,-69,-2557,540
6996,4618974,85,16,-69,-2627,422
6997,12096322,85,17,-68,-381,831
6998,6109466,85,20,-65,2250,170
6999,437047,85,12,-73,-16047,501
7000,384309,85,11,-74,-22930,328
7001,9277591,85,19,-66,1633,394
7002,13165109,85,28,-57,5863,192
7003,5647664,85,17,-68,-1039,351
7004,8013640,85,13,-72,-11220,509
7005,2221179,85,11,-74,-23154,357
7006,1326040,85,12,-73,-16112,661
7007,13079501,85,18,-67,659,340
7008,1695090,85,18,-67,441,417
7009,885513,85,19,-66,1632,187
7010,4916023,85,20,-65,2609,227
7011,6655938,85,13,-72,-11349,433
7012,13417765,85,14,-71,-7881,385
7013,7117639,85,20,-65,2662,352
7014,5644038,85,12,-73,-15974,652
7015,5336948,85,26,-59,5445,262
7016,10749084,85,14,-71,-7794,406
7017,3446814,85,24,-61,4741,241
7018,10025311,85,11,-74,-22819,632
7019,7393793,85,16,-69,-2354,444
7020,9185419,85,18,-67,660,361
7021,4565217,85,16,-69,-2183,670
7022,2964385,85,16,-69,-2860,210
7023,8690084,85,8,-77,-64943,831
7024,3495413,85,14,-71,-7516,551
7025,13368024,85,17,-68,-566,305
7026,3104110,85,10,-75,-32188,748
7027,4640078,85,15,-70,-4459,422
7028,6749245,85,14,-71,-7863,306
7029,2127829,85,18,-67,712,335
7030,7657287,85,13,-72,-11082,719
7031,5672046,85,14,-71,-7262,652
7032,7851080,85,20,-65,2678,230
7033,11135748,85,19,-66,1531,313
7034,10756766,85,18,-67,744,243
7035,10346339,85,12,-73,-16902,368
7036,11530676,85,14,-71,-7697,365
7037,2152863,85,30,-55,6248,237
7038,1929859,85,10,-75,-32322,476
7039,7428987,85,12,-73,-16173,625
7040,4663049,85,14,-71,-7455,326
7041,1740075,85,14,-71,-7809,362
7042,11654719,85,14,-71,-7985,398
7043,10293596,85,13,-72,-11150,347
7044,11285055,85,12,-73,-16356,533
7045,3643459,85,17,-68,-204,989
7046,6401068,85,15,-70,-5400,305
7047,390833,85,12,-73,-16291,520
7048,7656062,85,10,-75,-32561,333
7049,3885254,85,16,-69,-2530,272
7050,5331659,85,14,-71,-7354,462
7051,1317399,85,13,-72,-10887,745
7052,4165557,85,15,-70,-4390,485
7053,2270509,85,23,-62,4577,297
7054,5101141,85,18,-67,372,260
7055,3534894,85,13,-72,-11229,440
7056,7209880,85,9,-76,-45563,873
7057,11922362,85,23,-62,4269,214
7058,8021621,85,15,-70,-4950,361
7059,5247146,85,20,-65,2650,436
7060,9316192,85,15,-70,-5046,250
7061,13083412,85,13,-72,-11246,523
7062,12768399,85,14,-71,-7440,494
7063,5979846,85,12,-73,-16054,750
7064,447242,85,13,-72,-11237,520
7065,11745816,85,8,-77,-64913,678
7066,7218751,85,13,-72,-11275,405
7067,7540580,85,11,-74,-22986,621
7068,12831704,85,9,-76,-45577,760
7069,6384856,85,9,-76,-45586,740
7070,7390421,85,18,-67,798,412
7071,12779105,85,17,-68,-832,238
7072,2319580,85,11,-74,-22773,565
7073,1065309,85,27,-58,5647,205
7074,5715611,85,16,-69,-2587,386
7075,1811219,85,12,-73,-16122,647
7076,11981462,85,14,-71,-6998,652
7077,320906,85,26,-59,5414,234
7078,2694590,85,12,-73,-16334,472
7079,9691789,85,11,-74,-23981,301
7080,11095077,85,15,-70,-4540,486
7081,12144625,85,14,-71,-7842,410
7082,11470784,85,14,-71,-7397,425
7083,6177923,85,16,-69,-2518,386
7084,3116900,85,17,-68,-1325,279
7085,11704229,85,18,-67,578,316
7086,12158556,85,17,-68,-427,477
7087,8700836,85,11,-74,-22707,616
7088,9808255,85,12,-73,-16131,617
7089,6202905,85,13,-72,-11702,265
7090,10287107,85,16,-69,-2136,506
7091,8289125,85,11,-74,-22801,567
7092,10547348,85,14,-71,-7608,328
7093,12351628,85,16,-69,-2947,207
7094,7031747,85,11,-74,-22818,686
7095,3026660,85,11,-74,-23026,480
7096,5589536,85,15,-70,-5141,305
7097,5331027,85,10,-75,-32124,650
7098,12900476,85,21,-64,3163,247
7099,380555,85,22,-63,3818,201
7100,5815101,85,21,-64,3583,372
7101,13626389,85,22,-63,3844,210
7102,10724672,85,11,-74,-22677,696
7103,10540799,85,12,-73,-16449,341
7104,2723318,85,15,-70,-4474,700
7105,2038374,85,12,-73,-16514,445
7106,3008607,85,17,-68,-799,217
7107,5937602,85,12,-73,-15890,739
7108,6113600,85,11,-74,-23387,447
7109,2661522,85,9,-76,-45549,609
7110,1957894,85,15,-70,-4782,278
7111,8409380,85,15,-70,-4763,375
7112,9453213,85,13,-72,-11221,520
7113,7428782,85,15,-70,-5058,301
7114,7815024,85,9,-76,-45729,519
7115,13478063,85,20,-65,2723,346
7116,10353564,85,17,-68,-626,222
7117,9088475,85,12,-73,-16391,427
7118,3927387,85,13,-72,-11687,354
7119,8333650,85,12,-73,-15950,475
7120,11172823,85,24,-61,4833,212
7121,1395359,85,17,-68,-1082,256
7122,3880738,85,26,-59,5479,231
7123,12219606,85,8,-77,-64841,661
7124,3876524,85,11,-74,-23231,437
7125,5401032,85,12,-73,-16151,577
7126,9612671,85,8,-77,-65000,512
7127,3746686,85,23,-62,4570,275
7128,11332666,85,21,-64,3247,229
7129,9400873,85,17,-68,-574,403
7130,12975156,85,32,-53,6477,167
7131,8709115,85,12,-73,-15956,586
7132,86565,85,14,-71,-7123,625
7133,7078731,85,22,-63,3982,278
7134,1392453,85,24,-61,4838,152
7135,1042959,85,19,-66,1516,215
7136,7627272,85,17,-68,-392,462
7137,266441,85,12,-73,-15904,628
7138,1814429,85,21,-64,3593,410
7139,12497963,85,13,-72,-10918,546
7140,3264106,85,14,-71,-7368,523
7141,1101792,85,24,-61,4946,168
7142,224353,85,13,-72,-12180,337
7143,635129,85,16,-69,-2766,341
7144,12401927,85,10,-75,-32673,325
7145,5457028,85,16,-69,-3217,206
7146,8462949,85,16,-69,-2694,351
7147,2731593,85,12,-73,-15864,866
7148,4351119,85,14,-71,-7199,458
7149,3073231,85,11,-74,-22882,437
7150,178060,85,10,-75,-32108,718
7151,1327206,85,15,-70,-4252,530
7152,2379131,85,16,-69,-1997,552
7153,10408540,85,19,-66,1886,246
7154,5315678,85,13,-72,-11706,423
7155,4578197,85,12,-73,-16135,373
7156,10974549,85,17,-68,-1180,257
7157,2476685,85,18,-67,871,310
7158,1567332,85,14,-71,-7909,404
7159,1404328,85,10,-75,-32256,530
7160,5420760,85,17,-68,-623,391
7161,12186059,85,11,-74,-22786,540
7162,10871239,85,15,-70,-4879,285
7163,10125926,85,15,-70,-4442,403
7164,8860598,85,11,-74,-23123,522
7165,7569687,85,21,-64,3358,254
7166,10590676,85,17,-68,-818,235
7167,4123322,85,12,-73,-17234,356
7168,4522638,85,16,-69,-2602,287
7169,284410,85,20,-65,2602,243
7170,4571455,85,16,-69,-2229,425
7171,12868584,85,12,-73,-16331,486
7172,13256065,85,11,-74,-22952,457
7173,3284478,85,13,-72,-11195,563
7174,2900946,85,15,-70,-4514,462
7175,12436735,85,12,-73,-16187,479
7176,1898970,85,12,-73,-16216,520
7177,2812151,85,10,-75,-32115,567
7178,5381525,85,14,-71,-7603,452
7179,3232524,85,10,-75,-32335,495
7180,357923,85,10,-75,-32534,448
7181,5138797,85,16,-69,-2048,523
7182,3815537,85,19,-66,1753,257
7183,12369232,85,11,-74,-23148,422
7184,13018297,85,9,-76,-45499,670
7185,5714959,85,11,-74,-22960,433
7186,7292881,85,11,-74,-23469,417
7187,12996348,85,12,-73,-16382,482
7188,9511725,85,17,-68,-468,332
7189,1511487,85,11,-74,-23138,412
7190,10467754,85,12,-73,-16492,415
7191,11383889,85,9,-76,-45542,605
7192,3523758,85,16,-69,-2437,226
7193,13107655,85,24,-61,4920,280
7194,3300618,85,15,-70,-4872,328
7195,13312181,85,15,-70,-4532,461
7196,10701389,85,14,-71,-6882,694
7197,1017034,85,20,-65,2824,419
7198,7637201,85,24,-61,4974,186
7199,4161783,85,12,-73,-16016,561
7200,4062149,85,11,-74,-22960,438
7201,1890830,85,10,-75,-32176,453
7202,1851739,85,11,-74,-23327,317
7203,711578,85,21,-64,3375,242
7204,13183524,85,10,-75,-32403,461
7205,10928911,85,12,-73,-16465,430
7206,2184111,85,20,-65,2649,350
7207,3706446,85,15,-70,-4713,317
7208,10876657,85,14,-71,-7640,325
7209,474938,85,10,-75,-32142,492
7210,3040075,85,18,-67,735,268
7211,1776556,85,18,-67,575,236
7212,5098446,85,16,-69,-2326,348
7213,13019570,85,16,-69,-2852,270
7214,4610072,85,9,-76,-45639,479
7215,3826495,85,12,-73,-16514,331
7216,12103556,85,11,-74,-23239,517
7217,10035828,85,12,-73,-16491,404
7218,5636495,85,11,-74,-22563,602
7219,6899867,85,12,-73,-16212,307
7220,2274167,85,16,-69,-2339,394
7221,12386330,85,14,-71,-7997,305
7222,12869041,85,13,-72,-11108,361
7223,13462801,85,12,-73,-17500,242
7224,13544753,85,13,-72,-10967,391
7225,395013,85,14,-71,-7294,431
7226,9518478,85,15,-70,-4398,382
7227,3301754,85,9,-76,-45501,522
7228,7050708,85,19,-66,1996,237
7229,4587197,85,12,-73,-15822,582
7230,3662477,85,15,-70,-4615,417
7231,814532,85,19,-66,1699,191
7232,2602746,85,17,-68,-697,330
7233,3609445,85,16,-69,-2523,291
7234,6330754,85,9,-76,-45696,435
7235,12169210,85,12,-73,-15920,620
7236,7347133,85,11,-74,-22981,406
7237,4330364,85,17,-68,-289,410
7238,3449878,85,14,-71,-8135,337
7239,12210847,85,17,-68,-1129,188
7240,4548306,85,14,-71,-7920,320
7241,372083,85,14,-71,-7307,304
7242,7503653,85,11,-74,-23470,374
7243,9287265,85,10,-75,-32267,354
7244,9577265,85,19,-66,1646,212
7245,6765149,85,17,-68,-362,259
7246,8499279,85,13,-72,-11942,246
7247,3623284,85,11,-74,-23166,352
7248,1596641,85,12,-73,-16029,413
7249,7499279,85,13,-72,-11013,462
7250,12048925,85,10,-75,-32279,508
7251,10985962,85,13,-72,-11861,296
7252,9997172,85,12,-73,-16766,393
7253,9104886,85,16,-69,-2881,243
7254,3540260,85,18,-67,467,238
7255,2381885,85,21,-64,3433,238
7256,252659,85,17,-68,-726,209
7257,2215840,85,15,-70,-4640,347
7258,2959868,85,13,-72,-11088,429
7259,9454955,85,15,-70,-4665,351
7260,7211165,85,12,-73,-16304,395
7261,10240038,85,10,-75,-32507,462
7262,5468114,85,18,-67,858,407
7263,13313082,85,15,-70,-4938,234
7264,7620924,85,9,-76,-45467,638
7265,12114116,85,13,-72,-12129,345
7266,4440813,85,10,-75,-32312,382
7267,10629396,85,14,-71,-7566,287
7268,9338513,85,19,-66,1596,240
7269,5709493,85,12,-73,-16332,322
7270,3094838,85,12,-73,-15951,454
7271,12796958,85,11,-74,-23065,444
7272,175010,85,16,-69,-1971,443
7273,169528,85,25,-60,5351,311
7274,702131,85,21,-64,3492,245
7275,8075576,85,18,-67,663,295
7276,9381754,85,11,-74,-23703,339
7277,5545994,85,17,-68,-949,193
7278,9838381,85,22,-63,4161,317
7279,819953,85,21,-64,3489,209
7280,2009713,85,18,-67,745,232
7281,8029587,85,22,-63,4111,215
7282,5547218,85,19,-66,1627,202
7283,6188408,85,18,-67,715,255
7284,12065465,85,15,-70,-4769,225
7285,1252739,85,12,-73,-16602,288
7286,12715167,85,14,-71,-7542,311
7287,13642259,85,12,-73,-16954,309
7288,10092691,85,9,-76,-45571,544
7289,4187321,85,14,-71,-8164,211
7290,10032037,85,18,-67,398,218
7291,11785297,85,14,-71,-8091,219
7292,11719972,85,24,-61,5041,214
7293,12448506,85,21,-64,3634,291
7294,5959745,85,11,-74,-23317,331
7295,3956321,85,13,-72,-11792,325
7296,13329185,85,12,-73,-16623,310
7297,5807320,85,13,-72,-12034,233
7298,8568521,85,20,-65,2726,223
7299,12456960,85,12,-73,-16429,296
7300,8826188,85,10,-75,-32686,351
7301,11512389,85,10,-75,-32858,372
7302,9265811,85,15,-70,-4400,346
7303,8552876,85,9,-76,-46166,292
7304,8910570,85,22,-63,4077,231
7305,971936,85,19,-66,2007,256
7306,3233056,85,8,-77,-65235,454
7307,7446841,85,23,-62,4700,285
7308,5741989,85,8,-77,-65405,397
7309,13423317,85,16,-69,-2733,244
7310,1156335,85,9,-76,-46019,320
7311,3273889,85,12,-73,-17039,232
7312,7473450,84,23,-61,4723,293
7313,1459502,84,37,-47,6995,151
7314,392616,84,28,-56,6246,325
7315,1319503,84,18,-66,635,305
7316,13618216,84,20,-64,2852,264
7317,1548529,84,14,-70,-6839,448
7318,12349714,84,23,-61,4637,224
7319,7302083,84,18,-66,1020,339
7320,12299814,84,15,-69,-4071,361
7321,5324005,84,20,-64,3025,486
7322,6849598,84,20,-64,2993,165
7323,3735524,84,31,-53,6637,170
7324,243550,84,22,-62,4219,360
7325,6385437,84,34,-50,6861,230
7326,7559682,84,14,-70,-6960,413
7327,5590810,84,16,-68,-2048,281
7328,8089664,84,22,-62,4073,231
7329,156906,84,16,-68,-2091,470
7330,2030035,84,17,-67,-131,331
7331,8036453,84,12,-72,-15609,1227
7332,417808,84,15,-69,-4572,213
7333,1071197,84,33,-51,6759,178
7334,724509,84,18,-66,948,256
7335,3626214,84,17,-67,-424,421
7336,6658247,84,16,-68,-2187,316
7337,8669062,84,13,-71,-11055,435
7338,8572979,84,15,-69,-4198,238
7339,8358490,84,15,-69,-4435,473
7340,6435263,84,17,-67,-726,331
7341,11038853,84,10,-74,-31781,1560
7342,834581,84,33,-51,6767,143
7343,3468856,84,15,-69,-4364,282
7344,12451909,84,15,-69,-5011,238
7345,10175301,84,14,-70,-6724,987
7346,2117184,84,23,-61,4822,337
7347,866823,84,23,-61,4770,182
7348,7539349,84,14,-70,-7166,391
7349,1336925,84,19,-65,2219,236
7350,2255929,84,16,-68,-1871,599
7351,8229876,84,20,-64,2913,164
7352,8767154,84,21,-63,3502,374
7353,11535546,84,27,-57,5976,199
7354,6161168,84,18,-66,1147,307
7355,4986000,84,17,-67,-819,243
7356,9716427,84,17,-67,-265,372
7357,10620233,84,15,-69,-4118,611
7358,12564917,84,12,-72,-15923,527
7359,7101963,84,23,-61,4810,187
7360,3801581,84,15,-69,-4690,412
7361,9164906,84,17,-67,-160,461
7362,4235316,84,12,-72,-16454,395
7363,9491147,84,24,-60,5191,232
7364,1628487,84,23,-61,4703,219
7365,1664312,84,15,-69,-4349,500
7366,11976479,84,13,-71,-10623,674
7367,9310395,84,13,-71,-10607,717
7368,2508225,84,17,-67,-163,467
7369,5835076,84,15,-69,-4503,358
7370,6003749,84,15,-69,-4746,316
7371,409953,84,14,-70,-7083,530
7372,7100072,84,22,-62,4223,313
7373,1776799,84,14,-70,-6775,640
7374,4488315,84,12,-72,-15807,644
7375,11825683,84,18,-66,831,272
7376,13237717,84,16,-68,-2005,362
7377,2674247,84,35,-49,6960,185
7378,3119680,84,29,-55,6388,264
7379,1034395,84,19,-65,1843,286
7380,10734451,84,16,-68,-1974,618
7381,6707558,84,17,-67,-193,398
7382,6670214,84,10,-74,-31804,906
7383,3737774,84,8,-76,-64531,1161
7384,8592882,84,23,-61,4770,383
7385,439783,84,15,-69,-4747,340
7386,11558691,84,12,-72,-16030,519
7387,3820782,84,20,-64,2855,217
7388,13408858,84,13,-71,-10851,643
7389,9559421,84,14,-70,-7102,451
7390,133794,84,17,-67,-596,383
7391,6582454,84,13,-71,-11125,304
7392,12543566,84,27,-57,6031,249
7393,4580701,84,18,-66,631,293
7394,1237275,84,21,-63,3477,176
7395,1007229,84,18,-66,1243,373
7396,485132,84,15,-69,-4080,505
7397,4359073,84,25,-59,5432,212
7398,6482726,84,11,-73,-22544,581
7399,786714,84,13,-71,-11378,354
7400,7799050,84,18,-66,1021,347
7401,13525155,84,18,-66,1003,381
7402,2349875,84,24,-60,5153,262
7403,4254029,84,12,-72,-15942,548
7404,12696355,84,23,-61,4859,381
7405,1753129,84,15,-69,-4983,238
7406,1860260,84,14,-70,-7227,404
7407,2644383,84,15,-69,-4739,354
7408,13631101,84,19,-65,1998,307
7409,10546223,84,14,-70,-7047,383
7410,11245069,84,16,-68,-2228,345
7411,8043710,84,18,-66,1059,253
7412,439080,84,11,-73,-22337,843
7413,11441850,84,13,-71,-10537,857
7414,9420442,84,15,-69,-4525,316
7415,13352906,84,13,-71,-10594,751
7416,1096977,84,13,-71,-10999,524
7417,9453188,84,17,-67,-411,345
7418,7129695,84,15,-69,-4468,383
7419,2162022,84,11,-73,-22364,513
7420,12063312,84,21,-63,3801,203
7421,6615941,84,9,-75,-45267,667
7422,2465471,84,16,-68,-2252,303
7423,9699905,84,15,-69,-4231,487
7424,4527180,84,9,-75,-45265,759
7425,3808005,84,16,-68,-2391,355
7426,10185152,84,14,-70,-6904,711
7427,1366805,84,16,-68,-1983,311
7428,7991213,84,20,-64,3020,231
7429,384100,84,14,-70,-7086,390
7430,11877452,84,13,-71,-10533,771
7431,11359332,84,14,-70,-7153,475
7432,13216063,84,17,-67,-810,317
7433,9264495,84,14,-70,-7188,489
7434,12169023,84,17,-67,105,724
7435,33284,84,18,-66,1224,336
7436,2641789,84,13,-71,-10760,642
7437,5932542,84,8,-76,-64499,916
7438,2721915,84,15,-69,-3837,624
7439,1461745,84,16,-68,-2405,310
7440,323309,84,19,-65,2043,228
7441,6399318,84,15,-69,-4724,327
7442,8782892,84,12,-72,-16377,363
7443,11296812,84,13,-71,-10961,435
7444,4746651,84,15,-69,-4078,622
7445,3837013,84,16,-68,-2033,443
7446,2136929,84,17,-67,-94,298
7447,9824173,84,24,-60,5113,174
7448,6077405,84,15,-69,-5546,165
7449,2565664,84,15,-69,-4100,393
7450,1830167,84,11,-73,-22663,391
7451,12509357,84,17,-67,-919,375
7452,2322507,84,15,-69,-4606,344
7453,1473594,84,13,-71,-11021,494
7454,12574524,84,9,-75,-45246,786
7455,2433298,84,25,-59,5501,176
7456,13497943,84,18,-66,1251,327
7457,11134266,84,20,-64,3228,391
7458,12488921,84,13,-71,-10773,532
7459,800584,84,16,-68,-2600,265
7460,6522766,84,18,-66,1234,515
7461,7418425,84,24,-60,5123,154
7462,9749000,84,12,-72,-15646,755
7463,10731406,84,11,-73,-22396,502
7464,4245696,84,14,-70,-7527,397
7465,4267104,84,14,-70,-7055,369
7466,630291,84,20,-64,2895,210
7467,1911,84,14,-70,-7104,539
7468,12913085,84,11,-73,-22324,622
7469,588714,84,17,-67,-559,253
7470,6867207,84,18,-66,1413,452
7471,11747572,84,14,-70,-7151,312
7472,4354626,84,9,-75,-45262,596
7473,8024045,84,13,-71,-10729,515
7474,191675,84,11,-73,-23007,389
7475,11594504,84,14,-70,-7222,398
7476,10112503,84,9,-75,-45273,663
7477,5026894,84,12,-72,-15686,416
7478,1683649,84,16,-68,-2522,347
7479,13043591,84,14,-70,-7147,419
7480,11803811,84,14,-70,-7296,249
7481,4886904,84,15,-69,-4349,462
7482,7484669,84,14,-70,-8108,220
7483,9954132,84,15,-69,-3854,396
7484,7925953,84,13,-71,-10865,461
7485,312538,84,12,-72,-15754,482
7486,5500374,84,15,-69,-4402,424
7487,1333543,84,16,-68,-2734,202
7488,12631373,84,13,-71,-10770,515
7489,5162229,84,27,-57,6109,251
7490,2061931,84,15,-69,-3918,553
7491,11050197,84,16,-68,-2538,329
7492,9489215,84,15,-69,-4116,411
7493,4198345,84,18,-66,1070,389
7494,7718606,84,14,-70,-7147,415
7495,7200764,84,16,-68,-2328,265
7496,1780113,84,10,-74,-31933,551
7497,4969935,84,14,-70,-7065,468
7498,10650733,84,19,-65,2184,300
7499,12140464,84,14,-70,-7537,309
7500,636138,84,14,-70,-7372,285
7501,250587,84,14,-70,-7147,347
7502,1664761,84,15,-69,-5166,281
7503,501718,84,12,-72,-16346,398
7504,3349342,84,10,-74,-31801,598
7505,2893012,84,10,-74,-31966,533
7506,6968146,84,18,-66,1368,467
7507,2237686,84,17,-67,-443,319
7508,2736633,84,13,-71,-10858,405
7509,12419865,84,12,-72,-16231,370
7510,10389494,84,16,-68,-2184,258
7511,12822725,84,15,-69,-5147,301
7512,13223300,84,14,-70,-7691,270
7513,11324641,84,12,-72,-15499,731
7514,432507,84,12,-72,-16371,291
7515,11836761,84,27,-57,6153,172
7516,6625798,84,12,-72,-15608,529
7517,12535164,84,10,-74,-32327,420
7518,1506043,84,13,-71,-10817,380
7519,4897927,84,11,-73,-22635,484
7520,11991624,84,15,-69,-3954,501
7521,8645708,84,14,-70,-7374,456
7522,11992290,84,12,-72,-15500,635
7523,5657666,84,20,-64,3147,349
7524,8620038,84,12,-72,-16069,361
7525,9885171,84,18,-66,641,255
7526,10131950,84,8,-76,-64572,601
7527,13527738,84,21,-63,3835,289
7528,10014985,84,11,-73,-22724,426
7529,6720622,84,11,-73,-22714,466
7530,875406,84,8,-76,-64492,622
7531,1960415,84,14,-70,-7997,326
7532,10739916,84,9,-75,-45276,566
7533,4498403,84,14,-70,-7112,382
7534,8593518,84,20,-64,2923,192
7535,10440887,84,18,-66,1081,294
7536,4887197,84,13,-71,-10949,408
7537,12081528,84,15,-69,-5361,141
7538,1347613,84,15,-69,-3876,460
7539,9563943,84,11,-73,-23060,453
7540,3905069,84,20,-64,3002,235
7541,11408625,84,13,-71,-11183,374
7542,6830884,84,14,-70,-7247,301
7543,514181,84,14,-70,-6663,627
7544,6689256,84,17,-67,-70,530
7545,8785439,84,14,-70,-7783,237
7546,4382499,84,10,-74,-32009,473
7547,6809376,84,14,-70,-7507,302
7548,9827043,84,12,-72,-16286,456
7549,8896084,84,15,-69,-4269,444
7550,27472,84,11,-73,-22443,476
7551,5004487,84,17,-67,-236,306
7552,11364941,84,16,-68,-1855,381
7553,2831749,84,15,-69,-4722,279
7554,2811443,84,15,-69,-4395,295
7555,4385393,84,11,-73,-22700,487
7556,9949167,84,13,-71,-10935,407
7557,1836078,84,19,-65,2222,278
7558,6129135,84,13,-71,-11149,302
7559,6457935,84,14,-70,-7325,400
7560,10508942,84,11,-73,-22636,482
7561,11692740,84,12,-72,-15735,442
7562,3764883,84,12,-72,-15597,398
7563,396898,84,20,-64,2824,208
7564,11080716,84,19,-65,2240,311
7565,1744468,84,15,-69,-4184,285
7566,6663387,84,12,-72,-16063,394
7567,11853224,84,16,-68,-1619,519
7568,7388353,84,11,-73,-23228,384
7569,7384959,84,14,-70,-7335,340
7570,5213749,84,22,-62,4249,190
7571,5139244,84,17,-67,5,526
7572,1625274,84,12,-72,-15887,436
7573,6883520,84,17,-67,-234,379
7574,5548296,84,19,-65,2033,310
7575,10336266,84,14,-70,-6992,345
7576,5361321,84,16,-68,-2014,367
7577,899355,84,12,-72,-16036,379
7578,243373,84,14,-70,-7466,352
7579,184328,84,22,-62,4306,245
7580,8380897,84,17,-67,-648,220
7581,2415407,84,12,-72,-16609,297
7582,2890043,84,18,-66,759,313
7583,10424880,84,12,-72,-15886,463
7584,6810001,84,12,-72,-16294,384
7585,4956198,84,11,-73,-22409,523
7586,13650446,84,12,-72,-15871,495
7587,5914151,84,15,-69,-3944,518
7588,4235032,84,12,-72,-15649,491
7589,8635753,84,15,-69,-4245,339
7590,694453,84,23,-61,4984,361
7591,4931116,84,7,-77,-93848,431
7592,3954300,84,16,-68,-1734,359
7593,12894152,84,12,-72,-16145,349
7594,203902,84,17,-67,-366,268
7595,3528563,84,14,-70,-7080,419
7596,824068,84,13,-71,-11172,377
7597,5331752,84,11,-73,-23700,291
7598,3970890,84,13,-71,-11828,290
7599,8313802,84,14,-70,-7488,303
7600,4960946,84,15,-69,-3939,386
7601,10853842,84,14,-70,-7151,324
7602,8968602,84,13,-71,-10930,406
7603,267753,84,16,-68,-2151,242
7604,789651,84,10,-74,-32096,468
7605,7516527,84,11,-73,-22580,323
7606,13024671,84,17,-67,38,493
7607,8548789,84,14,-70,-7048,377
7608,11490587,84,10,-74,-32139,420
7609,11915114,84,20,-64,3112,225
7610,2021902,84,12,-72,-16042,325
7611,8808878,84,18,-66,743,227
7612,2636412,84,19,-65,2320,302
7613,9711759,84,19,-65,2124,254
7614,4312717,84,12,-72,-15994,381
7615,8176427,84,10,-74,-32612,332
7616,12507030,84,19,-65,2118,288
7617,8515796,84,14,-70,-7778,254
7618,11754475,84,11,-73,-22728,343
7619,6376180,84,15,-69,-4593,330
7620,13025313,84,16,-68,-1986,271
7621,4654453,84,15,-69,-4038,490
7622,12229214,84,11,-73,-22555,360
7623,2827894,84,8,-76,-64545,491
7624,9906445,84,17,-67,-578,223
7625,8720023,84,12,-72,-16316,207
7626,7339266,84,22,-62,4317,194
7627,11689044,84,13,-71,-11227,417
7628,1187982,84,18,-66,823,258
7629,743122,84,13,-71,-11070,362
7630,2647899,84,9,-75,-45183,479
7631,12859865,84,18,-66,1103,324
7632,9519917,84,14,-70,-6911,555
7633,11750761,84,14,-70,-7504,255
7634,4386801,84,18,-66,1116,252
7635,7743191,84,15,-69,-4583,251
7636,10568408,84,13,-71,-10717,293
7637,5033850,84,9,-75,-45234,429
7638,5348928,84,10,-74,-32649,316
7639,8861269,84,19,-65,2293,329
7640,5958117,84,9,-75,-45569,339
7641,8707911,84,13,-71,-11300,296
7642,4922244,84,20,-64,3171,228
7643,121599,84,21,-63,3812,201
7644,13589439,84,14,-70,-7082,285
7645,6169898,84,17,-67,-485,211
7646,8411500,84,15,-69,-4690,210
7647,5330178,84,13,-71,-10855,375
7648,2159106,84,15,-69,-4430,238
7649,12400145,84,17,-67,-246,300
7650,193887,84,18,-66,1079,210
7651,13213786,84,13,-71,-11129,306
7652,13009590,84,15,-69,-4338,242
7653,5982766,84,14,-70,-7570,297
7654,1021773,84,8,-76,-64725,456
7655,6763981,84,11,-73,-23081,391
7656,3579476,84,13,-71,-10924,320
7657,11064111,84,11,-73,-23305,307
7658,5580575,84,10,-74,-33160,291
7659,5303131,84,14,-70,-7394,277
7660,9890870,84,10,-74,-32217,295
7661,9352207,84,15,-69,-4532,206
7662,6174313,83,19,-64,2791,232
7663,13703902,83,31,-52,6986,225
7664,318646,83,32,-51,7067,131
7665,9444724,83,18,-65,1739,283
7666,7226153,83,26,-57,6058,210
7667,13136984,83,16,-67,-1525,298
7668,13280403,83,17,-66,276,592
7669,582341,83,22,-61,4799,196
7670,6841485,83,19,-64,2411,436
7671,5882460,83,14,-69,-6533,318
7672,6546599,83,13,-70,-10218,764
7673,10429250,83,18,-65,1390,264
7674,4111879,83,27,-56,6238,237
7675,79273,83,28,-55,6525,146
7676,6833325,83,21,-62,4054,198
7677,7222359,83,16,-67,-1624,287
7678,6091006,83,19,-64,2532,320
7679,6360642,83,23,-60,4950,146
7680,12754408,83,18,-65,1560,384
7681,9445656,83,14,-69,-6408,522
7682,10364630,83,24,-59,5413,146
7683,6008313,83,15,-68,-3547,303
7684,3479800,83,14,-69,-6518,398
7685,1611004,83,21,-62,3814,228
7686,4804172,83,34,-49,7210,230
7687,4061217,83,14,-69,-6730,308
7688,1136910,83,17,-66,64,565
7689,5648116,83,21,-62,4007,281
7690,2643390,83,18,-65,1419,336
7691,11310600,83,14,-69,-6641,357
7692,13377431,83,21,-62,4052,396
7693,10607265,83,18,-65,1202,330
7694,5102478,83,23,-60,5004,207
7695,12313743,83,21,-62,3841,324
7696,6990967,83,13,-70,-10312,518
7697,2811316,83,14,-69,-6787,323
7698,1024656,83,28,-55,6550,200
7699,4811572,83,12,-71,-15279,971
7700,8292635,83,13,-70,-10454,553
7701,1256686,83,32,-51,7054,127
7702,7623982,83,16,-67,-1999,472
7703,12818302,83,20,-63,3333,208
7704,12625122,83,14,-69,-6790,497
7705,170290,83,9,-74,-44878,1067
7706,4867327,83,19,-64,2528,252
7707,13246239,83,13,-70,-10535,310
7708,9645600,83,16,-67,-1687,398
7709,8967107,83,11,-72,-22417,486
7710,8166472,83,18,-65,1388,346
7711,1786763,83,15,-68,-4354,311
7712,10153201,83,13,-70,-10596,415
7713,4556934,83,12,-71,-15311,732
7714,4442342,83,21,-62,3952,322
7715,3218165,83,18,-65,1246,351
7716,11268185,83,13,-70,-10517,440
7717,12563481,83,17,-66,-337,380
7718,5665949,83,20,-63,2924,299
7719,5994262,83,15,-68,-4070,364
7720,6118172,83,18,-65,1179,439
7721,7735871,83,12,-71,-15322,688
7722,1485521,83,10,-73,-31586,543
7723,6183538,83,19,-64,2172,230
7724,12139719,83,19,-64,2491,381
7725,2377311,83,12,-71,-15474,681
7726,4386069,83,12,-71,-16572,319
7727,53260,83,19,-64,2394,321
7728,8450915,83,16,-67,-2641,224
7729,8415090,83,17,-66,242,357
7730,8894653,83,11,-72,-22270,590
7731,6120321,83,28,-55,6556,205
7732,7345536,83,17,-66,30,258
7733,8488460,83,13,-70,-10303,702
7734,2856128,83,14,-69,-6632,585
7735,13360454,83,19,-64,2387,338
7736,2327876,83,19,-64,2459,185
7737,5303751,83,16,-67,-1630,330
7738,7281374,83,11,-72,-21985,859
7739,3315018,83,16,-67,-2571,217
7740,4659563,83,12,-71,-15886,414
7741,9621270,83,31,-52,7013,146
7742,704258,83,14,-69,-6496,568
7743,7513096,83,37,-46,7428,270
7744,3693379,83,13,-70,-10802,380
7745,6169510,83,9,-74,-44862,843
7746,10044685,83,16,-67,-1625,512
7747,8506423,83,16,-67,-2036,218
7748,6100819,83,20,-63,3201,209
7749,953454,83,15,-68,-3945,536
7750,5236333,83,11,-72,-22011,716
7751,13610626,83,14,-69,-6554,370
7752,1097942,83,16,-67,-1801,536
7753,11499131,83,14,-69,-7558,346
7754,8702787,83,20,-63,3025,206
7755,3990047,83,14,-69,-7253,402
7756,9501123,83,27,-56,6365,158
7757,5882522,83,18,-65,1516,293
7758,5523357,83,12,-71,-15791,329
7759,6456737,83,14,-69,-6914,286
7760,2628007,83,18,-65,1185,268
7761,9777824,83,15,-68,-3666,647
7762,6554953,83,27,-56,6347,239
7763,2508295,83,13,-70,-10360,727
7764,3347375,83,15,-68,-3821,348
7765,13080570,83,14,-69,-7043,343
7766,10187616,83,15,-68,-3857,533
7767,3568604,83,9,-74,-44827,944
7768,4852981,83,16,-67,-1676,348
7769,12868004,83,15,-68,-4006,401
7770,7886413,83,15,-68,-4020,526
7771,2631427,83,15,-68,-3462,866
7772,5085001,83,15,-68,-4376,498
7773,11622422,83,16,-67,-1508,647
7774,4066893,83,11,-72,-22370,385
7775,9417557,83,18,-65,1668,407
7776,13553680,83,10,-73,-31381,988
7777,1583313,83,13,-70,-11010,324
7778,10419865,83,15,-68,-3769,634
7779,11081603,83,14,-69,-6885,473
7780,10949831,83,14,-69,-6919,408
7781,13376495,83,16,-67,-1677,327
7782,8692727,83,19,-64,2418,205
7783,1071447,83,15,-68,-3649,374
7784,4198341,83,13,-70,-10268,641
7785,6710311,83,11,-72,-22113,598
7786,4253972,83,19,-64,2441,299
7787,4215794,83,20,-63,3679,990
7788,11626015,83,17,-66,-178,385
7789,7654938,83,14,-69,-7242,217
7790,11622844,83,15,-68,-4238,392
7791,743774,83,15,-68,-4052,505
7792,4509284,83,26,-57,6113,177
7793,6257305,83,12,-71,-15457,309
7794,12631038,83,27,-56,6420,229
7795,4176549,83,14,-69,-6490,611
7796,4228292,83,15,-68,-4382,270
7797,3876350,83,14,-69,-6840,427
7798,6726338,83,10,-73,-31862,459
7799,4294751,83,14,-69,-7814,219
7800,9065773,83,10,-73,-32013,386
7801,12484890,83,12,-71,-15403,449
7802,13425441,83,15,-68,-4299,256
7803,8475329,83,17,-66,-190,302
7804,6789061,83,13,-70,-11118,462
7805,6523851,83,13,-70,-11002,373
7806,3794318,83,14,-69,-6785,316
7807,2544950,83,10,-73,-31745,421
7808,1970346,83,11,-72,-22101,606
7809,2463107,83,12,-71,-15451,378
7810,9568326,83,14,-69,-7268,384
7811,9754045,83,12,-71,-15562,512
7812,2940908,83,14,-69,-7995,231
7813,8175410,83,13,-70,-10398,411
7814,5704847,83,15,-68,-4306,421
7815,2956772,83,15,-68,-3631,408
7816,844515,83,15,-68,-3908,340
7817,10551186,83,9,-74,-44818,902
7818,5765604,83,12,-71,-15957,327
7819,3100057,83,12,-71,-15614,478
7820,12300961,83,15,-68,-4064,521
7821,5237572,83,15,-68,-4072,312
7822,8596400,83,14,-69,-6994,486
7823,7143828,83,10,-73,-31401,806
7824,8094582,83,14,-69,-6659,431
7825,13125641,83,29,-54,6888,140
7826,10674068,83,14,-69,-7179,428
7827,5244030,83,21,-62,4002,196
7828,5037585,83,15,-68,-4391,268
7829,2257375,83,16,-67,-1989,263
7830,12165549,83,17,-66,185,322
7831,5138704,83,16,-67,-1739,489
7832,8492522,83,13,-70,-10054,922
7833,5089954,83,13,-70,-10309,559
7834,3950038,83,27,-56,6439,211
7835,1791727,83,13,-70,-10106,672
7836,12028976,83,10,-73,-31530,637
7837,134590,83,11,-72,-22206,663
7838,2922242,83,12,-71,-15652,501
7839,11516763,83,10,-73,-31386,564
7840,1964435,83,18,-65,1314,231
7841,1453087,83,15,-68,-3896,431
7842,7758894,83,12,-71,-15414,481
7843,3076843,83,11,-72,-22440,447
7844,9692782,83,16,-67,-1869,551
7845,9200714,83,23,-60,5248,233
7846,13095252,83,15,-68,-4434,326
7847,5424356,83,9,-74,-45105,580
7848,2257245,83,23,-60,5094,239
7849,12631448,83,12,-71,-15868,360
7850,5330664,83,15,-68,-3890,319
7851,1179883,83,20,-63,3642,437
7852,12499142,83,15,-68,-4497,284
7853,5909403,83,11,-72,-22073,637
7854,8886856,83,11,-72,-22196,510
7855,7696471,83,11,-72,-22416,426
7856,10348412,83,13,-70,-11235,395
7857,4104256,83,12,-71,-15720,391
7858,4522462,83,14,-69,-7054,243
7859,5840282,83,12,-71,-15363,427
7860,5997060,83,13,-70,-10854,384
7861,13705883,83,13,-70,-10779,377
7862,10989294,83,14,-69,-7924,197
7863,12692984,83,10,-73,-31438,677
7864,3556508,83,25,-58,5952,203
7865,7871720,83,19,-64,2225,245
7866,8951357,83,11,-72,-22398,518
7867,4116105,83,11,-72,-22161,599
7868,9115435,83,11,-72,-22546,434
7869,5551354,83,18,-65,1437,299
7870,12607145,83,13,-70,-10987,329
7871,1782159,83,12,-71,-16129,410
7872,6365985,83,13,-70,-10424,552
7873,2328390,83,13,-70,-11243,310
7874,8941100,83,22,-61,4651,265
7875,955554,83,14,-69,-6843,383
7876,3925220,83,10,-73,-31578,472
7877,11127116,83,21,-62,4056,352
7878,4619670,83,12,-71,-16002,353
7879,4519567,83,6,-77,-138777,754
7880,8487676,83,14,-69,-7665,285
7881,10740928,83,13,-70,-11002,224
7882,12265331,83,21,-62,3963,239
7883,1277778,83,16,-67,-1553,384
7884,3628073,83,16,-67,-1705,394
7885,9736044,83,18,-65,1688,283
7886,8191913,83,16,-67,-1740,298
7887,5828673,83,12,-71,-15571,568
7888,4949007,83,17,-66,237,427
7889,3883815,83,18,-65,1335,213
7890,7340560,83,12,-71,-16168,376
7891,457902,83,14,-69,-7678,248
7892,6256166,83,14,-69,-6985,421
7893,11800485,83,8,-75,-64067,804
7894,10490256,83,18,-65,1408,221
7895,11924721,83,11,-72,-22050,569
7896,1756645,83,13,-70,-10682,326
7897,1139908,83,16,-67,-1661,354
7898,11417920,83,8,-75,-64118,578
7899,7910099,83,19,-64,2510,312
7900,10194617,83,30,-53,7031,162
7901,8609705,83,17,-66,-328,273
7902,12763936,83,20,-63,3338,222
7903,11026067,83,17,-66,39,304
7904,2711397,83,22,-61,4860,400
7905,11466572,83,11,-72,-22017,474
7906,12050896,83,20,-63,3426,274
7907,464628,83,14,-69,-6696,354
7908,13226323,83,10,-73,-31604,468
7909,11236176,83,8,-75,-64164,517
7910,206030,83,20,-63,3307,328
7911,10032105,83,13,-70,-10537,472
7912,6535261,83,12,-71,-16467,253
7913,157281,83,14,-69,-6567,526
7914,9580477,83,13,-70,-11452,212
7915,9148968,83,11,-72,-22322,432
7916,6218187,83,19,-64,2509,287
7917,6477532,83,14,-69,-7049,406
7918,190144,83,22,-61,4675,292
7919,4929025,83,11,-72,-22152,472
7920,9813271,83,12,-71,-16767,301
7921,6551022,83,20,-63,3164,270
7922,2481240,83,18,-65,1573,318
7923,10888151,83,22,-61,4611,149
7924,12804165,83,11,-72,-22025,493
7925,3089134,83,11,-72,-22529,471
7926,4199471,83,11,-72,-21893,659
7927,10666513,83,13,-70,-11436,273
7928,1877850,83,14,-69,-6616,474
7929,806806,83,10,-73,-31584,606
7930,705233,83,19,-64,2434,235
7931,5669225,83,16,-67,-2168,253
7932,7812089,83,20,-63,3433,256
7933,8960080,83,8,-75,-64116,591
7934,12752693,83,11,-72,-22023,683
7935,11678172,83,16,-67,-1958,343
7936,12704207,83,11,-72,-22797,234
7937,11274671,83,26,-57,6298,240
7938,1633318,83,10,-73,-31803,519
7939,2210459,83,15,-68,-4368,272
7940,8641219,83,12,-71,-15833,282
7941,12087389,83,13,-70,-10709,299
7942,4456516,83,6,-77,-138737,736
7943,8008210,83,22,-61,4710,194
7944,9412695,83,19,-64,2525,357
7945,12234217,83,14,-69,-6717,393
7946,6883898,83,19,-64,2515,334
7947,2952429,83,14,-69,-7188,336
7948,7462881,83,21,-62,4065,211
7949,6745144,83,11,-72,-22639,375
7950,10526640,83,10,-73,-31567,528
7951,5653680,83,15,-68,-3499,466
7952,4862800,83,12,-71,-16612,341
7953,3871045,83,11,-72,-23364,350
7954,4137820,83,10,-73,-31436,464
7955,4897811,83,12,-71,-16662,309
7956,9410245,83,14,-69,-6890,340
7957,6039454,83,13,-70,-11087,297
7958,5945932,83,11,-72,-22275,412
7959,4620771,83,11,-72,-21877,559
7960,13679679,83,9,-74,-44786,618
7961,8950952,83,16,-67,-1658,378
7962,4007683,83,9,-74,-44701,740
7963,6139682,83,11,-72,-22044,512
7964,13160962,83,11,-72,-21854,463
7965,11298422,83,14,-69,-6310,366
7966,12665599,83,12,-71,-15944,421
7967,7858247,83,18,-65,1431,239
7968,7470031,83,13,-70,-11218,262
7969,1959099,83,10,-73,-31532,545
7970,2474598,83,14,-69,-6750,308
7971,8072256,83,13,-70,-11053,337
7972,764396,83,13,-70,-10515,391
7973,3502553,83,9,-74,-45897,303
7974,12592019,83,13,-70,-10674,362
7975,2921835,83,18,-65,1476,292
7976,5901226,83,13,-70,-10913,329
7977,9702694,83,13,-70,-11045,330
7978,88301,83,10,-73,-31723,548
7979,5148623,83,13,-70,-10044,530
7980,11568796,83,14,-69,-6688,319
7981,7728765,83,15,-68,-3623,379
7982,13394658,83,15,-68,-4013,268
7983,10169520,83,21,-62,4333,332
7984,3306221,83,16,-67,-2104,243
7985,12748917,83,14,-69,-7639,254
7986,7432820,83,15,-68,-4196,402
7987,8179600,83,9,-74,-44849,587
7988,3746288,83,14,-69,-7500,198
7989,10576628,83,12,-71,-15216,448
7990,2034925,83,11,-72,-23060,359
7991,3558359,83,15,-68,-3465,455
7992,9692210,83,22,-61,4746,222
7993,11824342,83,9,-74,-44928,434
7994,12551709,83,16,-67,-1628,280
7995,3840170,83,16,-67,-2101,259
7996,2055944,83,20,-63,3644,276
7997,6734040,83,13,-70,-11484,237
7998,13704125,83,9,-74,-44971,467
7999,3266388,83,13,-70,-10936,325
8000,13700655,83,14,-69,-7626,281
8001,8031816,83,11,-72,-22627,370
8002,8366338,83,8,-75,-64028,622
8003,8579902,83,15,-68,-4077,343
8004,5907899,83,10,-73,-31640,435
8005,8545007,83,21,-62,4056,241
8006,2035575,83,20,-63,3659,421
8007,8732472,83,11,-72,-22649,406
8008,13486719,83,10,-73,-31986,390
8009,7689271,83,15,-68,-3916,319
8010,9231349,83,15,-68,-3972,357
8011,9679301,83,13,-70,-10893,342
8012,12161557,83,16,-67,-1808,231
8013,1337171,83,14,-69,-7058,281
8014,11634251,83,12,-71,-16214,365
8015,726718,83,12,-71,-15183,446
8016,6587481,83,12,-71,-15620,366
8017,8335500,83,10,-73,-31985,393
8018,11011584,83,16,-67,-1647,313
8019,10795004,83,12,-71,-15452,357
8020,12442570,83,19,-64,2272,194
8021,968785,83,12,-71,-16508,310
8022,7363901,83,11,-72,-22534,329
8023,11221679,83,10,-73,-31670,406
8024,4237412,83,19,-64,2905,304
8025,13389419,83,14,-69,-6976,269
8026,2444819,83,16,-67,-1587,211
8027,5283039,83,10,-73,-31888,391
8028,9776335,83,17,-66,361,264
8029,7879900,83,16,-67,-1908,177
8030,11438833,83,14,-69,-6806,305
8031,6478151,83,15,-68,-4624,180
8032,9267828,83,11,-72,-22638,354
8033,13028268,83,14,-69,-6716,326
8034,11149851,83,9,-74,-45636,308
8035,2179870,83,18,-65,1556,312
8036,11083524,83,22,-61,4906,242
8037,12573599,83,13,-70,-11086,266
8038,9204456,83,12,-71,-16040,472
8039,10272852,83,13,-70,-11372,266
8040,9627908,83,13,-70,-11683,176
8041,3998107,83,9,-74,-45366,364
8042,3377551,83,12,-71,-15758,357
8043,8218099,83,10,-73,-31562,397
8044,3341585,83,14,-69,-7447,259
8045,5782963,83,24,-59,5759,277
8046,4675838,83,9,-74,-46121,261
8047,11370123,83,11,-72,-22599,299
8048,4735978,83,15,-68,-3989,285
8049,7714541,83,11,-72,-22578,243
8050,4146030,83,14,-69,-6639,342
8051,6278480,83,12,-71,-16834,306
8052,7932701,83,10,-73,-31365,468
8053,13484554,83,14,-69,-7473,236
8054,9535993,83,14,-69,-7084,236
8055,940339,83,10,-73,-32037,385
8056,13120312,83,11,-72,-22551,256
8057,1152330,83,15,-68,-4334,286
8058,6328563,83,12,-71,-15676,314
8059,2138522,83,20,-63,3554,148
8060,7103356,83,16,-67,-1627,244
8061,4388507,83,11,-72,-22304,412
8062,3995655,83,12,-71,-15911,332
8063,6079845,83,14,-69,-6320,306
8064,3654903,83,13,-70,-10726,314
8065,4061932,83,8,-75,-64438,438
8066,1524289,83,20,-63,3427,220
8067,4911922,83,11,-72,-22782,358
8068,4729626,83,27,-56,6669,225
8069,9622233,83,21,-62,4273,206
8070,10761632,83,14,-69,-6516,347
8071,381523,83,12,-71,-16870,215
8072,2063608,83,14,-69,-7741,218
8073,8456964,83,17,-66,235,255
8074,4394636,83,14,-69,-6768,329
8075,549379,83,9,-74,-45533,313
8076,3104452,83,12,-71,-15718,267
8077,10932464,83,10,-73,-31397,367
8078,7448522,83,21,-62,4281,257
8079,4228601,83,9,-74,-46292,320
8080,1575772,83,10,-73,-32041,381
8081,2869843,83,11,-72,-23680,184
8082,3790798,83,15,-68,-4286,173
8083,12960370,82,29,-53,7194,493
8084,3273817,82,28,-54,7009,194
8085,5223189,82,26,-56,6635,136
8086,1688602,82,25,-57,6248,156
8087,3331835,82,24,-58,6038,202
8088,3585326,82,21,-61,4555,284
8089,468304,82,17,-65,619,374
8090,9174859,82,29,-53,7191,184
8091,971117,82,15,-67,-3478,372
8092,12473993,82,23,-59,5498,219
8093,12034265,82,23,-59,5436,146
8094,6250533,82,20,-62,3513,183
8095,9343961,82,24,-58,5818,194
8096,8585601,82,32,-50,7478,226
8097,7772127,82,16,-66,-1261,185
8098,616504,82,13,-69,-9799,295
8099,5869905,82,17,-65,575,256
8100,10239843,82,24,-58,6030,243
8101,3076769,82,13,-69,-9762,1016
8102,9336580,82,18,-64,1674,253
8103,9372958,82,17,-65,474,268
8104,7576576,82,15,-67,-3318,268
8105,8969355,82,14,-68,-6044,471
8106,10087287,82,15,-67,-3512,252
8107,8176055,82,20,-62,3668,309
8108,9381651,82,21,-61,4407,256
8109,6297304,82,23,-59,5422,283
8110,4980671,82,24,-58,5845,201
8111,892001,82,17,-65,388,273
8112,657090,82,19,-63,2924,427
8113,8867100,82,18,-64,2181,1044
8114,3430498,82,18,-64,1704,292
8115,10537690,82,32,-50,7510,178
8116,9931025,82,16,-66,-1198,430
8117,8155596,82,16,-66,-1074,499
8118,7371327,82,21,-61,4338,209
8119,6364550,82,17,-65,-82,216
8120,2678836,82,19,-63,2616,345
8121,9328637,82,17,-65,471,251
8122,5404744,82,16,-66,-1510,430
8123,8905117,82,15,-67,-3758,385
8124,8057353,82,20,-62,3414,231
8125,4588702,82,16,-66,-1423,416
8126,10938261,82,18,-64,1784,346
8127,8721812,82,21,-61,4459,232
8128,12001481,82,16,-66,-1464,199
8129,10650116,82,19,-63,2652,247
8130,6559524,82,19,-63,2866,335
8131,7445959,82,15,-67,-3608,641
8132,3097842,82,24,-58,5832,226
8133,3882365,82,18,-64,1604,169
8134,2141050,82,17,-65,514,484
8135,3075671,82,23,-59,5585,217
8136,3040497,82,13,-69,-10228,389
8137,10240757,82,16,-66,-1650,338
8138,9322862,82,20,-62,3455,171
8139,3837326,82,11,-71,-21598,698
8140,9790425,82,16,-66,-1044,467
8141,1667038,82,12,-70,-15640,337
8142,13193159,82,16,-66,-1335,474
8143,2510005,82,16,-66,-1244,446
8144,7160317,82,13,-69,-10421,538
8145,11077606,82,16,-66,-1351,475
8146,10329313,82,16,-66,-1680,242
8147,10899144,82,23,-59,5511,148
8148,300642,82,16,-66,-1677,328
8149,1932035,82,17,-65,803,394
8150,10741266,82,15,-67,-3417,394
8151,10544950,82,26,-56,6546,169
8152,9651790,82,22,-60,5063,433
8153,8639687,82,14,-68,-6926,313
8154,6066466,82,15,-67,-3687,421
8155,7982549,82,17,-65,-241,214
8156,506380,82,21,-61,4647,240
8157,7470294,82,13,-69,-9765,660
8158,8397113,82,13,-69,-10225,460
8159,6692247,82,14,-68,-6545,358
8160,4480161,82,17,-65,403,285
8161,5340918,82,11,-71,-21859,541
8162,8118894,82,28,-54,7038,187
8163,3185305,82,15,-67,-4558,230
8164,7260117,82,14,-68,-6113,418
8165,11975248,82,17,-65,-44,320
8166,9856023,82,10,-72,-31031,905
8167,8605444,82,14,-68,-6228,453
8168,12693936,82,20,-62,3724,179
8169,1286752,82,9,-73,-44447,878
8170,6590082,82,15,-67,-3359,525
8171,10301390,82,11,-71,-21827,447
8172,9271139,82,11,-71,-21816,545
8173,3018754,82,15,-67,-3238,629
8174,1328827,82,13,-69,-9863,734
8175,10175861,82,21,-61,4523,256
8176,5778983,82,14,-68,-6131,677
8177,12154284,82,28,-54,7091,263
8178,8634057,82,15,-67,-3406,409
8179,7226325,82,16,-66,-1980,290
8180,5534976,82,14,-68,-7140,290
8181,11149304,82,14,-68,-6670,517
8182,10398785,82,14,-68,-6403,373
8183,8210395,82,20,-62,3929,221
8184,8684541,82,20,-62,3781,280
8185,8695679,82,16,-66,-1377,318
8186,10754201,82,13,-69,-10556,362
8187,12319602,82,16,-66,-1428,327
8188,1287138,82,16,-66,-1681,365
8189,4075824,82,18,-64,1497,311
8190,8275389,82,12,-70,-15120,508
8191,1058587,82,9,-73,-44438,852
8192,9404120,82,12,-70,-14893,591
8193,9066030,82,18,-64,1586,267
8194,10325625,82,12,-70,-15257,464
8195,11291164,82,15,-67,-3999,257
8196,5535216,82,14,-68,-6341,418
8197,3631725,82,15,-67,-3204,452
8198,11984886,82,32,-50,7556,172
8199,13272806,82,19,-63,2783,345
8200,1321208,82,12,-70,-14951,569
8201,6662376,82,20,-62,3774,261
8202,3033593,82,17,-65,310,551
8203,9205458,82,17,-65,113,325
8204,6412474,82,25,-57,6269,242
8205,5935118,82,14,-68,-6580,254
8206,11677032,82,10,-72,-31084,745
8207,6151804,82,16,-66,-1072,579
8208,12002395,82,17,-65,178,328
8209,8749194,82,10,-72,-31141,605
8210,4541961,82,16,-66,-1520,293
8211,12829795,82,14,-68,-6986,441
8212,12283960,82,23,-59,5492,208
8213,4654809,82,18,-64,1839,184
8214,3420934,82,13,-69,-10292,449
8215,3384234,82,17,-65,375,262
8216,565415,82,14,-68,-6362,626
8217,1863914,82,16,-66,-1807,305
8218,9713882,82,13,-69,-9985,436
8219,2323882,82,24,-58,5977,157
8220,6655632,82,15,-67,-3874,492
8221,1289039,82,13,-69,-9885,540
8222,5638937,82,13,-69,-10393,566
8223,56650,82,18,-64,1440,424
8224,5196705,82,13,-69,-9825,574
8225,12176074,82,22,-60,5047,219
8226,13141867,82,11,-71,-21645,565
8227,7385951,82,13,-69,-10755,285
8228,1655829,82,30,-52,7364,224
8229,3569039,82,16,-66,-1562,276
8230,12871882,82,10,-72,-30915,1109
8231,4413196,82,13,-69,-10041,475
8232,569223,82,19,-63,2724,284
8233,5855701,82,16,-66,-1002,355
8234,5704668,82,13,-69,-10294,489
8235,11661629,82,22,-60,4997,204
8236,8071133,82,14,-68,-6560,495
8237,10656530,82,11,-71,-22084,487
8238,2750174,82,11,-71,-21990,420
8239,12666277,82,13,-69,-9908,444
8240,6041480,82,11,-71,-21572,827
8241,8705201,82,17,-65,177,267
8242,10234865,82,8,-74,-63673,1023
8243,5289790,82,11,-71,-21659,593
8244,12162069,82,11,-71,-22078,499
8245,4004784,82,12,-70,-15047,602
8246,1084982,82,13,-69,-9977,523
8247,4703458,82,13,-69,-9829,472
8248,11061686,82,17,-65,661,558
8249,4647014,82,12,-70,-16245,316
8250,1656945,82,11,-71,-21678,518
8251,630467,82,14,-68,-6574,367
8252,9663781,82,14,-68,-6127,393
8253,5716805,82,15,-67,-3603,462
8254,3390244,82,12,-70,-15818,306
8255,11784618,82,19,-63,2917,222
8256,9597368,82,14,-68,-6738,439
8257,9176714,82,15,-67,-3576,317
8258,10785759,82,17,-65,90,391
8259,7896643,82,10,-72,-30949,791
8260,6940716,82,9,-73,-44457,624
8261,4252108,82,24,-58,5972,229
8262,7060383,82,9,-73,-44486,587
8263,8866581,82,13,-69,-10796,319
8264,7723108,82,22,-60,5146,270
8265,5348849,82,11,-71,-21651,488
8266,4263835,82,12,-70,-14898,703
8267,4461327,82,19,-63,2823,235
8268,4726774,82,14,-68,-6467,357
8269,106642,82,18,-64,2005,348
8270,10684868,82,15,-67,-3735,277
8271,3797977,82,25,-57,6367,217
8272,9585208,82,16,-66,-1436,235
8273,2600394,82,11,-71,-22005,472
8274,1795496,82,12,-70,-14905,770
8275,2556725,82,21,-61,4439,249
8276,7004600,82,20,-62,3887,222
8277,2252106,82,13,-69,-10101,378
8278,11832057,82,14,-68,-6466,333
8279,1651112,82,11,-71,-21475,720
8280,8962900,82,13,-69,-10108,445
8281,3030244,82,15,-67,-3529,354
8282,8755174,82,29,-53,7281,157
8283,8102036,82,13,-69,-10154,341
8284,266419,82,10,-72,-30971,773
8285,1218524,82,10,-72,-31096,462
8286,7640674,82,25,-57,6432,149
8287,2128823,82,13,-69,-10627,342
8288,13177967,82,9,-73,-44388,682
8289,2575250,82,12,-70,-16301,296
8290,6541857,82,11,-71,-21656,525
8291,11786557,82,13,-69,-10452,378
8292,2938759,82,13,-69,-10259,334
8293,10738813,82,13,-69,-11127,274
8294,4035860,82,13,-69,-10162,501
8295,8797692,82,14,-68,-6420,470
8296,7361385,82,14,-68,-6590,469
8297,10105272,82,14,-68,-5759,657
8298,1812467,82,18,-64,1878,301
8299,9749451,82,12,-70,-15145,383
8300,7690070,82,8,-74,-63731,687
8301,13036456,82,13,-69,-10024,518
8302,9888662,82,17,-65,78,249
8303,8919845,82,18,-64,2058,237
8304,8943790,82,11,-71,-21489,664
8305,7364943,82,12,-70,-15129,588
8306,6171146,82,15,-67,-3137,667
8307,2899430,82,11,-71,-21698,582
8308,5285832,82,16,-66,-2050,302
8309,5757896,82,17,-65,826,652
8310,831837,82,10,-72,-30976,690
8311,12738491,82,11,-71,-21580,503
8312,2008626,82,13,-69,-9733,635
8313,1942683,82,11,-71,-21738,467
8314,12748070,82,16,-66,-1480,324
8315,4455227,82,14,-68,-6841,301
8316,604498,82,17,-65,624,535
8317,565270,82,13,-69,-10443,401
8318,11295975,82,9,-73,-44487,540
8319,8429404,82,14,-68,-6448,380
8320,1342786,82,13,-69,-10118,437
8321,7007280,82,11,-71,-22269,344
8322,761903,82,15,-67,-3601,470
8323,1471148,82,16,-66,-1607,415
8324,1042942,82,10,-72,-31264,454
8325,2412750,82,12,-70,-15205,433
8326,11853523,82,11,-71,-21506,556
8327,11491151,82,13,-69,-10176,391
8328,3928129,82,14,-68,-7461,235
8329,11242831,82,10,-72,-31495,367
8330,4179001,82,15,-67,-3499,377
8331,2953546,82,9,-73,-44556,595
8332,11251818,82,23,-59,5599,174
8333,4156325,82,14,-68,-7011,286
8334,8193494,82,14,-68,-5885,579
8335,2084029,82,13,-69,-10247,418
8336,11490748,82,9,-73,-44487,575
8337,13423004,82,9,-73,-44501,545
8338,5572749,82,13,-69,-10281,396
8339,305745,82,18,-64,2327,258
8340,4466293,82,17,-65,591,441
8341,8343252,82,14,-68,-6558,326
8342,8143522,82,13,-69,-10662,406
8343,5892651,82,10,-72,-31226,414
8344,4664590,82,11,-71,-21901,457
8345,6208758,82,17,-65,776,289
8346,5417181,82,14,-68,-6842,282
8347,4424769,82,10,-72,-30875,560
8348,1723215,82,12,-70,-15202,416
8349,8238087,82,12,-70,-15091,474
8350,9588543,82,10,-72,-31180,529
8351,2829167,82,10,-72,-31573,334
8352,8842925,82,7,-75,-92886,681
8353,5785570,82,12,-70,-15546,322
8354,9514450,82,15,-67,-3647,205
8355,10293573,82,13,-69,-10215,378
8356,6107389,82,13,-69,-10517,379
8357,12948685,82,17,-65,-81,331
8358,13650655,82,21,-61,4711,335
8359,7140775,82,14,-68,-6688,311
8360,10755460,82,11,-71,-22237,424
8361,6449291,82,8,-74,-63639,727
8362,5339484,82,14,-68,-6020,483
8363,6499010,82,16,-66,-1724,240
8364,4371447,82,13,-69,-10595,426
8365,5791534,82,13,-69,-10201,453
8366,10500808,82,20,-62,3992,354
8367,648902,82,11,-71,-21862,453
8368,4977273,82,13,-69,-10975,415
8369,4688632,82,15,-67,-3549,389
8370,4272795,82,10,-72,-31079,383
8371,5132437,82,12,-70,-15392,338
8372,892245,82,12,-70,-14900,569
8373,3896117,82,7,-75,-92889,655
8374,12857243,82,26,-56,6775,288
8375,7769383,82,13,-69,-10048,496
8376,4113017,82,23,-59,5671,196
8377,11053224,82,15,-67,-3795,289
8378,2503010,82,13,-69,-9891,565
8379,4197133,82,13,-69,-10538,366
8380,1206439,82,12,-70,-15577,412
8381,11596966,82,12,-70,-15338,317
8382,4977889,82,10,-72,-31384,381
8383,12641888,82,12,-70,-15354,436
8384,7166914,82,14,-68,-6047,422
8385,10858998,82,15,-67,-3421,555
8386,5315529,82,16,-66,-1186,388
8387,9001195,82,9,-73,-44328,707
8388,170071,82,16,-66,-1727,260
8389,3848197,82,14,-68,-5999,652
8390,2898720,82,20,-62,3901,269
8391,6153088,82,11,-71,-21644,439
8392,10437960,82,28,-54,7248,169
8393,7123822,82,11,-71,-22053,421
8394,9275827,82,18,-64,2172,436
8395,171296,82,13,-69,-10536,331
8396,6318516,82,14,-68,-6386,274
8397,1117373,82,11,-71,-22467,403
8398,12052335,82,11,-71,-22234,424
8399,7688327,82,14,-68,-7063,246
8400,4569819,82,10,-72,-32034,387
8401,12672192,82,9,-73,-44557,515
8402,12996695,82,15,-67,-3886,339
8403,5889819,82,14,-68,-6452,349
8404,11465971,82,10,-72,-30928,553
8405,1696889,82,15,-67,-3848,330
8406,10133549,82,14,-68,-6335,323
8407,3412205,82,16,-66,-1448,313
8408,11667047,82,10,-72,-31354,527
8409,8356611,82,11,-71,-22547,348
8410,5099597,82,11,-71,-22253,313
8411,6991843,82,13,-69,-11081,278
8412,13712141,82,6,-76,-138296,620
8413,12401741,82,22,-60,5261,347
8414,11353876,82,15,-67,-3489,345
8415,11005583,82,11,-71,-22898,252
8416,7955894,82,12,-70,-16108,323
8417,3174560,82,21,-61,4560,290
8418,7822577,82,23,-59,5661,200
8419,325535,82,8,-74,-63790,511
8420,9841923,82,15,-67,-4120,311
8421,1707977,82,13,-69,-9736,398
8422,4031144,82,11,-71,-22109,328
8423,8710933,82,17,-65,356,222
8424,10383051,82,21,-61,4728,205
8425,3393706,82,10,-72,-31121,502
8426,10560972,82,15,-67,-4102,267
8427,4229299,82,12,-70,-15008,438
8428,360570,82,15,-67,-3452,361
8429,12496697,82,14,-68,-6433,265
8430,1402887,82,20,-62,3749,190
8431,13642591,82,15,-67,-3607,300
8432,962937,82,11,-71,-21826,285
8433,285348,82,8,-74,-63897,472
8434,1752612,82,16,-66,-1077,351
8435,810142,82,17,-65,735,309
8436,5869017,82,14,-68,-6756,312
8437,3487223,82,10,-72,-31579,404
8438,13186722,82,16,-66,-1613,263
8439,12677871,82,16,-66,-1755,221
8440,3514545,82,15,-67,-4152,285
8441,9880115,82,9,-73,-44626,477
8442,9940768,82,14,-68,-6115,429
8443,8999334,82,27,-55,7067,269
8444,3792785,82,18,-64,1956,213
8445,4432302,82,12,-70,-15812,298
8446,6872172,82,12,-70,-16123,261
8447,4389990,82,16,-66,-1293,337
8448,5126840,82,12,-70,-15989,320
8449,4688135,82,8,-74,-63887,388
8450,3476731,82,9,-73,-44327,489
8451,11005120,82,10,-72,-32205,338
8452,6165935,82,9,-73,-44667,400
8453,7162548,82,11,-71,-21415,602
8454,2238535,82,11,-71,-21981,391
8455,9503717,82,15,-67,-4384,208
8456,34257,82,15,-67,-3158,442
8457,11779883,82,13,-69,-9822,370
8458,13404630,82,9,-73,-44437,524
8459,4195583,82,18,-64,1986,269
8460,8821005,82,14,-68,-6488,353
8461,61782,82,21,-61,4797,249
8462,4035836,82,14,-68,-6936,186
8463,8879088,82,13,-69,-10552,317
8464,1655324,82,9,-73,-44398,372
8465,1449674,82,11,-71,-23883,209
8466,2326057,82,12,-70,-14961,340
8467,8576619,82,25,-57,6587,253
8468,9204147,82,11,-71,-22087,381
8469,13604031,82,16,-66,-1504,326
8470,11499239,82,10,-72,-31564,404
8471,9601575,82,10,-72,-32000,296
8472,2501644,82,14,-68,-6828,274
8473,3113317,82,12,-70,-17551,214
8474,1900680,82,11,-71,-22220,329
8475,11280623,82,15,-67,-3362,312
8476,12652499,82,19,-63,2900,315
8477,11950883,82,16,-66,-1431,269
8478,735472,82,13,-69,-10588,343
8479,5357372,82,13,-69,-11068,301
8480,3201218,82,14,-68,-6508,259
8481,3494341,82,13,-69,-10052,367
8482,5454623,82,15,-67,-4237,225
8483,12933375,82,20,-62,3933,249
8484,11935217,82,13,-69,-9949,311
8485,6547245,82,8,-74,-64068,305
8486,12307037,82,13,-69,-10614,320
8487,9909368,82,22,-60,5218,221
8488,12777377,82,16,-66,-1800,230
8489,9521351,82,11,-71,-21937,374
8490,11595496,82,14,-68,-6416,278
8491,9672194,82,13,-69,-9973,346
8492,4588513,82,10,-72,-31153,445
8493,5592728,82,12,-70,-15597,319
8494,4907263,82,11,-71,-22000,398
8495,7535545,82,10,-72,-31585,345
8496,7876838,82,11,-71,-21777,412
8497,12455541,82,11,-71,-22311,366
8498,9051904,82,18,-64,1841,254
8499,5404549,82,11,-71,-22620,309
8500,10309610,82,15,-67,-4393,193
8501,8454838,82,23,-59,5835,189
8502,12429224,82,16,-66,-1817,241
8503,8400239,82,13,-69,-10169,291
8504,3212917,82,8,-74,-63782,490
8505,6998363,82,14,-68,-6978,296
8506,638509,82,13,-69,-11012,225
8507,6875653,82,25,-57,6602,296
8508,13718252,82,16,-66,-870,351
8509,11035186,82,17,-65,169,223
8510,12245045,82,14,-68,-6915,273
8511,5846392,82,12,-70,-15427,328
8512,2151047,82,12,-70,-15997,246
8513,8861569,82,13,-69,-11044,215
8514,6638486,82,12,-70,-15529,329
8515,5841502,82,12,-70,-15227,354
8516,2364422,82,10,-72,-32707,303
8517,6062133,82,18,-64,2345,298
8518,11353534,82,15,-67,-3201,338
8519,12924408,82,15,-67,-3499,333
8520,6204571,82,11,-71,-22390,360
8521,13464322,82,17,-65,701,296
8522,7718077,82,12,-70,-15118,279
8523,3193158,82,15,-67,-3508,235
8524,7736402,82,9,-73,-45436,275
8525,8555176,82,21,-61,4776,285
8526,9130082,82,10,-72,-33732,218
8527,1566554,82,10,-72,-31369,354
8528,11381137,82,12,-70,-16276,250
8529,1460449,82,13,-69,-10766,279
8530,10120272,82,10,-72,-33261,239
8531,6585222,82,18,-64,2004,254
8532,6229292,82,12,-70,-15370,253
8533,12292149,82,10,-72,-32325,274
8534,3033440,81,25,-56,6836,203
8535,4307783,81,20,-61,4470,208
8536,484729,81,23,-58,5937,235
8537,2240864,81,33,-48,8043,179
8538,1436857,81,20,-61,4307,499
8539,7904213,81,38,-43,8257,121
8540,5469854,81,23,-58,5961,485
8541,3440980,81,21,-60,4958,332
8542,9020520,81,10,-71,-30597,774
8543,2376267,81,19,-62,3441,243
8544,9185739,81,24,-57,6484,403
8545,23922,81,14,-67,-5626,326
8546,12787940,81,31,-50,7844,195
8547,7426699,81,22,-59,5291,162
8548,69539,81,13,-68,-9335,777
8549,8473678,81,22,-59,5477,214
8550,13177578,81,16,-65,-1129,429
8551,4965528,81,14,-67,-5847,400
8552,11661953,81,12,-69,-14400,452
8553,3888728,81,15,-66,-3189,309
8554,10733128,81,14,-67,-5660,289
8555,6740633,81,16,-65,-1169,318
8556,9232933,81,33,-48,7991,137
8557,10555054,81,17,-64,706,349
8558,2219113,81,10,-71,-30613,290
8559,8095725,81,19,-62,3206,311
8560,8364099,81,15,-66,-3210,342
8561,13709156,81,27,-54,7267,200
8562,7577116,81,13,-68,-9466,412
8563,2760883,81,16,-65,-1417,276
8564,3950684,81,12,-69,-14736,321
8565,3324422,81,15,-66,-3512,359
8566,6921007,81,21,-60,4904,405
8567,4051796,81,17,-64,383,249
8568,5768958,81,16,-65,-1000,333
8569,2015455,81,14,-67,-5676,636
8570,3146259,81,17,-64,1101,266
8571,627861,81,14,-67,-5843,417
8572,85336,81,15,-66,-3706,258
8573,1041230,81,15,-66,-3036,277
8574,2805034,81,14,-67,-5912,373
8575,8550122,81,19,-62,2814,209
8576,3572529,81,21,-60,4749,190
8577,8603655,81,17,-64,793,480
8578,4396820,81,10,-71,-30649,664
8579,6469998,81,17,-64,862,365
8580,7626524,81,9,-72,-44057,688
8581,2948863,81,14,-67,-5826,665
8582,10172793,81,18,-63,2332,535
8583,9056690,81,18,-63,2487,469
8584,5687561,81,16,-65,-906,367
8585,2674760,81,22,-59,5505,360
8586,7239005,81,13,-68,-9319,1126
8587,9737602,81,11,-70,-21328,612
8588,1777007,81,14,-67,-6502,378
8589,4029360,81,17,-64,777,362
8590,7715687,81,15,-66,-3076,513
8591,12293404,81,13,-68,-9525,477
8592,8011492,81,17,-64,781,204
8593,7205443,81,20,-61,3916,171
8594,10253900,81,17,-64,847,273
8595,11333008,81,19,-62,3295,255
8596,1479381,81,17,-64,1242,517
8597,4628288,81,14,-67,-6763,314
8598,13099330,81,14,-67,-6130,354
8599,1735058,81,11,-70,-21351,668
8600,2313383,81,14,-67,-6432,378
8601,216599,81,14,-67,-5954,434
8602,3741010,81,11,-70,-21309,789
8603,11147957,81,14,-67,-5818,531
8604,9133437,81,27,-54,7237,163
8605,10395100,81,10,-71,-30730,614
8606,8985656,81,20,-61,4032,164
8607,406873,81,13,-68,-10154,420
8608,507968,81,20,-61,4244,617
8609,11656711,81,13,-68,-9803,414
8610,3912436,81,15,-66,-3103,360
8611,10292730,81,16,-65,-379,1156
8612,4331301,81,13,-68,-10071,425
8613,9913486,81,16,-65,-1595,243
8614,6146154,81,9,-72,-43963,1257
8615,9734829,81,16,-65,-1299,443
8616,5884030,81,23,-58,5853,207
8617,11105075,81,14,-67,-6121,391
8618,4226317,81,16,-65,-1093,410
8619,4654966,81,17,-64,531,233
8620,6579569,81,17,-64,1106,507
8621,1132679,81,19,-62,3151,323
8622,12691288,81,16,-65,-610,634
8623,1187154,81,14,-67,-5635,604
8624,3010871,81,15,-66,-3487,215
8625,7051198,81,23,-58,6001,188
8626,767483,81,13,-68,-10707,297
8627,10705131,81,20,-61,3986,202
8628,10862031,81,25,-56,6794,222
8629,9137072,81,12,-69,-14625,487
8630,10563041,81,23,-58,6145,203
8631,12357837,81,16,-65,-486,586
8632,11043519,81,15,-66,-3221,439
8633,9510174,81,11,-70,-21338,698
8634,1169569,81,10,-71,-30901,500
8635,12941470,81,14,-67,-5440,750
8636,3900458,81,13,-68,-9696,283
8637,5936111,81,15,-66,-3655,294
8638,12759370,81,14,-67,-6306,345
8639,8968811,81,10,-71,-30851,571
8640,10564914,81,16,-65,-1778,228
8641,2105298,81,15,-66,-3048,328
8642,5652509,81,13,-68,-9507,308
8643,4372398,81,13,-68,-10343,422
8644,9984074,81,12,-69,-15267,325
8645,7628540,81,10,-71,-30709,621
8646,3787081,81,10,-71,-30865,462
8647,11822055,81,17,-64,1007,248
8648,3616351,81,17,-64,-32,196
8649,3265179,81,23,-58,5950,278
8650,11842971,81,13,-68,-9862,287
8651,11175283,81,9,-72,-43948,1054
8652,3543778,81,13,-68,-11085,290
8653,9685279,81,12,-69,-14676,451
8654,7787058,81,16,-65,-797,695
8655,9870325,81,16,-65,-973,361
8656,3098099,81,13,-68,-9560,585
8657,4646585,81,14,-67,-6883,266
8658,4454902,81,20,-61,4213,335
8659,4309281,81,10,-71,-30618,635
8660,3451404,81,14,-67,-5989,537
8661,7065707,81,27,-54,7275,307
8662,2577243,81,11,-70,-21244,553
8663,4063549,81,9,-72,-44045,732
8664,2047486,81,10,-71,-30774,589
8665,10790464,81,13,-68,-9563,487
8666,13676723,81,9,-72,-44035,645
8667,10634858,81,12,-69,-14726,579
8668,9280857,81,15,-66,-2812,628
8669,5221188,81,15,-66,-3102,315
8670,184676,81,19,-62,3319,322
8671,11092810,81,12,-69,-14567,568
8672,2594945,81,9,-72,-43993,851
8673,5085898,81,16,-65,-1068,341
8674,7744,81,13,-68,-10077,409
8675,6715031,81,21,-60,4678,178
8676,11460023,81,8,-73,-63287,758
8677,8199017,81,15,-66,-2990,443
8678,3722966,81,19,-62,3132,270
8679,13489286,81,14,-67,-5791,452
8680,12551692,81,17,-64,912,233
8681,6715587,81,12,-69,-15115,426
8682,10410535,81,16,-65,-1258,304
8683,9503443,81,27,-54,7271,120
8684,9227249,81,13,-68,-9366,540
8685,1801404,81,16,-65,-1283,360
8686,12504576,81,15,-66,-2984,365
8687,11520349,81,23,-58,5928,216
8688,2889291,81,17,-64,538,271
8689,9590360,81,13,-68,-9528,372
8690,1307354,81,12,-69,-14642,318
8691,11500229,81,12,-69,-15099,458
8692,12595027,81,13,-68,-9636,414
8693,446381,81,19,-62,3148,261
8694,3477383,81,17,-64,908,284
8695,3765047,81,14,-67,-5706,516
8696,2157463,81,10,-71,-30474,837
8697,8850569,81,11,-70,-21200,670
8698,3160441,81,18,-63,2365,233
8699,10279105,81,13,-68,-9389,593
8700,12887006,81,17,-64,887,232
8701,3297354,81,13,-68,-9699,469
8702,11915172,81,11,-70,-21158,690
8703,4838673,81,10,-71,-30722,563
8704,9850887,81,14,-67,-5962,358
8705,12343601,81,13,-68,-9311,509
8706,12403774,81,18,-63,1753,202
8707,7040734,81,14,-67,-6225,397
8708,6637499,81,14,-67,-5795,304
8709,8304337,81,17,-64,1219,515
8710,9729220,81,13,-68,-10013,343
8711,1868545,81,11,-70,-21075,672
8712,7557945,81,14,-67,-5930,457
8713,6531689,81,22,-59,5668,327
8714,7365720,81,15,-66,-2879,422
8715,1864444,81,11,-70,-21219,585
8716,4789811,81,17,-64,682,378
8717,5707894,81,13,-68,-10880,264
8718,5482342,81,12,-69,-14540,577
8719,3007533,81,22,-59,5580,202
8720,5219052,81,17,-64,531,208
8721,7557594,81,12,-69,-14525,573
8722,12133190,81,17,-64,1033,180
8723,3905293,81,11,-70,-21013,526
8724,6477522,81,26,-55,7094,251
8725,4669098,81,18,-63,2214,321
8726,6485449,81,17,-64,752,306
8727,7579101,81,12,-69,-14947,401
8728,11900326,81,14,-67,-5741,622
8729,8022997,81,10,-71,-30503,627
8730,11485800,81,21,-60,5056,223
8731,688509,81,9,-72,-43998,651
8732,2606716,81,12,-69,-15151,300
8733,9419552,81,19,-62,3047,190
8734,4930709,81,14,-67,-6702,341
8735,9215455,81,12,-69,-15075,392
8736,3728651,81,17,-64,594,264
8737,1870320,81,22,-59,5490,233
8738,11974706,81,15,-66,-3533,320
8739,9944263,81,15,-66,-2686,354
8740,12865979,81,24,-57,6540,159
8741,13343976,81,14,-67,-6261,373
8742,3866476,81,13,-68,-9529,408
8743,4134892,81,12,-69,-14616,392
8744,11355264,81,12,-69,-15351,318
8745,8543879,81,13,-68,-9400,530
8746,2994144,81,12,-69,-15435,318
8747,10951538,81,14,-67,-6902,359
8748,2044229,81,22,-59,5506,231
8749,11373975,81,8,-73,-63399,608
8750,4182426,81,13,-68,-9298,550
8751,9103414,81,12,-69,-14528,466
8752,1577323,81,11,-70,-21332,558
8753,1865836,81,15,-66,-2834,431
8754,816887,81,16,-65,-1127,212
8755,12442160,81,19,-62,3024,196
8756,7787201,81,15,-66,-2832,368
8757,10875433,81,10,-71,-30763,486
8758,4158882,81,16,-65,-1118,337
8759,5672,81,13,-68,-9768,304
8760,10282596,81,10,-71,-30937,351
8761,7460694,81,20,-61,4425,395
8762,10868546,81,20,-61,4287,407
8763,10566087,81,23,-58,6119,286
8764,7719774,81,12,-69,-15037,454
8765,9877011,81,14,-67,-5959,275
8766,2945650,81,20,-61,4466,219
8767,2278889,81,13,-68,-10530,346
8768,9412478,81,15,-66,-3276,425
8769,112453,81,19,-62,3315,228
8770,5933214,81,9,-72,-44530,417
8771,1830923,81,9,-72,-44190,458
8772,2161647,81,12,-69,-15733,345
8773,12770492,81,17,-64,606,218
8774,11479401,81,14,-67,-6336,313
8775,2276176,81,9,-72,-43923,608
8776,3341171,81,16,-65,-742,394
8777,9633685,81,15,-66,-3657,343
8778,2983250,81,16,-65,-1238,285
8779,2105876,81,18,-63,1863,207
8780,2613019,81,14,-67,-5549,451
8781,9271210,81,15,-66,-3837,186
8782,12296995,81,15,-66,-3197,384
8783,8377599,81,18,-63,2365,224
8784,6942933,81,15,-66,-3572,267
8785,7788588,81,17,-64,1012,435
8786,2024012,81,11,-70,-21765,385
8787,9318866,81,13,-68,-9859,265
8788,3676241,81,15,-66,-2818,333
8789,9143006,81,13,-68,-10745,232
8790,7310416,81,21,-60,4973,275
8791,13267673,81,12,-69,-14959,465
8792,6652611,81,17,-64,495,310
8793,12217315,81,15,-66,-3873,287
8794,5854907,81,13,-68,-9661,473
8795,8450191,81,12,-69,-14263,568
8796,2476654,81,12,-69,-15362,339
8797,4835020,81,11,-70,-22962,250
8798,167420,81,18,-63,2253,207
8799,160927,81,16,-65,-656,455
8800,1177320,81,9,-72,-43944,551
8801,923548,81,12,-69,-14540,403
8802,11999246,81,10,-71,-31307,384
8803,13439535,81,11,-70,-21879,466
8804,12900898,81,14,-67,-5494,583
8805,11649656,81,12,-69,-14709,389
8806,8095736,81,10,-71,-30971,456
8807,8925491,81,13,-68,-9298,578
8808,2348246,81,8,-73,-63202,648
8809,9786976,81,12,-69,-15469,395
8810,1660106,81,16,-65,-790,476
8811,8699533,81,10,-71,-30589,576
8812,10977945,81,24,-57,6552,150
8813,3351086,81,13,-68,-9659,327
8814,10731745,81,10,-71,-30658,443
8815,5608742,81,11,-70,-21571,491
8816,913970,81,16,-65,-819,260
8817,8418139,81,15,-66,-3848,168
8818,3279155,81,13,-68,-10311,235
8819,3591837,81,17,-64,820,244
8820,9573042,81,18,-63,2533,408
8821,1021742,81,29,-52,7830,173
8822,8469162,81,13,-68,-9313,512
8823,719830,81,15,-66,-3731,292
8824,2357936,81,21,-60,4896,172
8825,797465,81,10,-71,-30674,577
8826,1612482,81,12,-69,-15848,278
8827,3104262,81,13,-68,-9414,402
8828,2902610,81,14,-67,-5537,395
8829,5104756,81,14,-67,-6319,313
8830,6428648,81,11,-70,-21144,490
8831,5914193,81,9,-72,-44149,456
8832,4739578,81,14,-67,-6743,246
8833,10989722,81,20,-61,4190,238
8834,8720335,81,25,-56,6908,224
8835,5124619,81,14,-67,-5526,544
8836,4504476,81,12,-69,-15542,261
8837,279497,81,18,-63,2097,199
8838,9540594,81,14,-67,-6529,310
8839,12994920,81,13,-68,-10345,277
8840,7968987,81,15,-66,-3027,313
8841,6594793,81,12,-69,-15251,233
8842,7321742,81,22,-59,5575,188
8843,11569055,81,11,-70,-21433,550
8844,9577982,81,14,-67,-5752,388
8845,11728919,81,12,-69,-15339,344
8846,6029200,81,12,-69,-14716,342
8847,4480774,81,14,-67,-6179,306
8848,5993667,81,9,-72,-44185,417
8849,11660112,81,11,-70,-22254,344
8850,9970811,81,13,-68,-9500,390
8851,13376687,81,15,-66,-3624,194
8852,10344343,81,22,-59,5644,260
8853,1738191,81,14,-67,-5981,355
8854,12675211,81,23,-58,6089,236
8855,3929234,81,9,-72,-44160,324
8856,11867495,81,10,-71,-31250,341
8857,4915987,81,11,-70,-21815,330
8858,8720284,81,9,-72,-43974,453
8859,13077512,81,15,-66,-3473,264
8860,13444948,81,17,-64,743,198
8861,11403728,81,25,-56,6881,151
8862,9141440,81,16,-65,-1140,232
8863,1336714,81,12,-69,-14923,362
8864,9463405,81,13,-68,-9576,331
8865,12191916,81,16,-65,-641,426
8866,11890032,81,14,-67,-6826,211
8867,980101,81,11,-70,-21382,436
8868,1975321,81,18,-63,2270,222
8869,8636652,81,13,-68,-9700,372
8870,4077613,81,15,-66,-3123,269
8871,8648834,81,10,-71,-30496,488
8872,1315338,81,13,-68,-9315,438
8873,12756075,81,12,-69,-14698,410
8874,3878335,81,8,-73,-63364,466
8875,6982138,81,10,-71,-30468,444
8876,9629805,81,12,-69,-15213,311
8877,9305884,81,11,-70,-23386,220
8878,11904864,81,11,-70,-21363,502
8879,5782396,81,7,-74,-92411,668
8880,7487451,81,10,-71,-30760,542
8881,13702882,81,12,-69,-15588,330
8882,7574902,81,14,-67,-6642,308
8883,2460293,81,9,-72,-44547,403
8884,13310730,81,12,-69,-14348,529
8885,5250124,81,14,-67,-5863,368
8886,9858688,81,10,-71,-31019,338
8887,7659656,81,9,-72,-43896,518
8888,12096027,81,12,-69,-14605,366
8889,7045403,81,12,-69,-14809,387
8890,9122546,81,15,-66,-3094,237
8891,1523344,81,12,-69,-14697,376
8892,8025879,81,17,-64,1130,307
8893,11542316,81,11,-70,-21741,335
8894,10635116,81,16,-65,-1367,260
8895,1599493,81,14,-67,-6801,289
8896,318327,81,8,-73,-63263,451
8897,7421224,81,9,-72,-44603,408
8898,12720338,81,10,-71,-30664,445
8899,12244622,81,16,-65,-821,416
8900,2287513,81,7,-74,-92480,509
8901,12974963,81,9,-72,-44750,382
8902,9999336,81,10,-71,-30598,421
8903,7121571,81,12,-69,-16317,258
8904,11592638,81,15,-66,-3284,272
8905,10990171,81,9,-72,-44661,394
8906,2280495,81,11,-70,-22039,353
8907,9733186,81,13,-68,-10124,368
8908,5591681,81,12,-69,-14733,317
8909,12516460,81,13,-68,-9456,473
8910,12055191,81,14,-67,-7193,208
8911,892729,81,11,-70,-22074,352
8912,865020,81,12,-69,-14962,323
8913,6322149,81,16,-65,-824,249
8914,12786581,81,16,-65,-1009,238
8915,5647527,81,21,-60,5337,482
8916,8522968,81,20,-61,4243,144
8917,5581235,81,12,-69,-15322,305
8918,1254606,81,14,-67,-6150,280
8919,5521730,81,11,-70,-22523,312
8920,4883848,81,18,-63,2241,248
8921,9819671,81,11,-70,-21865,347
8922,9390150,81,12,-69,-15678,223
8923,13530658,81,10,-71,-31439,341
8924,8029947,81,10,-71,-31004,315
8925,3961109,81,10,-71,-31038,350
8926,10870191,81,12,-69,-15771,231
8927,3671916,81,20,-61,4247,246
8928,8599040,81,15,-66,-2894,358
8929,7776133,81,16,-65,-1070,283
8930,6193287,81,19,-62,3505,433
8931,3084737,81,9,-72,-43945,463
8932,913763,81,10,-71,-30536,429
8933,6859121,81,16,-65,-845,253
8934,1674831,81,12,-69,-14469,335
8935,10250916,81,14,-67,-5855,279
8936,1348846,81,12,-69,-14896,294
8937,2670295,81,10,-71,-31548,263
8938,1643115,81,13,-68,-10551,315
8939,11662238,81,13,-68,-9999,280
8940,11216839,81,18,-63,2245,191
8941,6458276,81,11,-70,-21089,408
8942,2148261,81,8,-73,-64376,325
8943,3981512,81,20,-61,4558,219
8944,4915386,81,14,-67,-6643,280
8945,5593391,81,12,-69,-14740,293
8946,1738494,81,9,-72,-45070,299
8947,274308,81,10,-71,-32752,255
8948,1299107,81,10,-71,-31425,257
8949,4635620,81,19,-62,3695,240
8950,1658396,81,8,-73,-63721,381
8951,241377,81,14,-67,-6287,290
8952,11861330,81,17,-64,442,197
8953,11195719,81,16,-65,-1400,175
8954,1975788,81,14,-67,-7547,201
8955,4284668,81,14,-67,-6014,273
8956,1999517,81,10,-71,-31017,303
8957,442699,81,14,-67,-6406,239
8958,6810798,81,12,-69,-15449,238
8959,56760,81,11,-70,-22985,258
8960,10866215,81,13,-68,-9906,243
8961,1875919,81,13,-68,-9968,243
8962,6374829,81,19,-62,3336,161
8963,11990136,80,22,-58,6031,186
8964,581274,80,22,-58,6011,170
8965,5869573,80,16,-64,-82,772
8966,10576948,80,12,-68,-13978,604
8967,2609513,80,20,-60,4413,124
8968,7290035,80,19,-61,3898,235
8969,12080480,80,17,-63,1430,242
8970,7042367,80,25,-55,7063,148
8971,3498145,80,14,-66,-5258,227
8972,11461624,80,16,-64,-357,384
8973,10467140,80,14,-66,-5468,362
8974,13214922,80,21,-59,5034,202
8975,352401,80,18,-62,2743,589
8976,2058236,80,11,-69,-20744,727
8977,6868283,80,12,-68,-13992,891
8978,3455645,80,17,-63,1116,248
8979,2582232,80,23,-57,6210,199
8980,13709693,80,17,-63,1498,484
8981,2066314,80,24,-56,6634,150
8982,5720889,80,16,-64,-436,281
8983,3676357,80,19,-61,3515,257
8984,7682804,80,11,-69,-20700,1329
8985,12011003,80,13,-67,-9207,537
8986,7427374,80,17,-63,1120,282
8987,8955416,80,19,-61,3408,201
8988,12649823,80,21,-59,5530,252
8989,12495193,80,18,-62,2361,262
8990,3270593,80,30,-50,8189,239
8991,6410505,80,23,-57,6408,145
8992,3530745,80,16,-64,-724,366
8993,13655287,80,11,-69,-21031,338
8994,11811946,80,16,-64,-984,257
8995,11149331,80,11,-69,-21176,290
8996,5808178,80,19,-61,3856,450
8997,11972203,80,20,-60,4421,193
8998,10255018,80,14,-66,-5832,247
8999,12878794,80,13,-67,-9245,599
9000,12458252,80,11,-69,-20695,1125
9001,7937789,80,17,-63,1365,206
9002,11110120,80,10,-70,-30210,664
9003,2063439,80,18,-62,2656,225
9004,1187118,80,12,-68,-14062,581
9005,10457591,80,13,-67,-8865,847
9006,5034131,80,20,-60,4850,431
9007,1587567,80,14,-66,-5529,402
9008,9737933,80,21,-59,5440,361
9009,5913318,80,24,-56,6792,328
9010,12202136,80,21,-59,5115,157
9011,6553101,80,12,-68,-14315,623
9012,9184094,80,15,-65,-2282,344
9013,3334453,80,16,-64,-399,387
9014,12594967,80,15,-65,-2971,305
9015,12127073,80,13,-67,-9158,406
9016,9520030,80,18,-62,2573,222
9017,7662390,80,17,-63,1528,676
9018,8183910,80,13,-67,-9202,691
9019,11241753,80,15,-65,-2744,571
9020,10623618,80,18,-62,2533,364
9021,4649126,80,15,-65,-3307,352
9022,5971433,80,20,-60,4423,200
9023,3771695,80,18,-62,2607,258
9024,7265189,80,23,-57,6215,141
9025,8982136,80,13,-67,-9157,573
9026,6534425,80,26,-54,7538,210
9027,9453226,80,15,-65,-2799,351
9028,5419002,80,13,-67,-10229,390
9029,3459591,80,12,-68,-14352,384
9030,1992262,80,14,-66,-5992,402
9031,9048336,80,17,-63,573,216
9032,1425852,80,18,-62,2666,248
9033,2993977,80,13,-67,-9307,492
9034,3915115,80,17,-63,1111,418
9035,5022701,80,16,-64,-356,644
9036,12458360,80,11,-69,-21448,396
9037,11844370,80,16,-64,-1073,303
9038,6775548,80,14,-66,-5380,519
9039,9497495,80,13,-67,-9472,540
9040,9870604,80,17,-63,1179,212
9041,12521306,80,11,-69,-20761,700
9042,12161004,80,14,-66,-5698,223
9043,5140374,80,16,-64,-561,172
9044,11380270,80,16,-64,-592,374
9045,13456560,80,17,-63,826,125
9046,5305063,80,17,-63,1332,238
9047,195291,80,19,-61,3740,226
9048,6597240,80,16,-64,-251,780
9049,853489,80,14,-66,-5509,592
9050,9467668,80,16,-64,-188,611
9051,10416573,80,17,-63,1000,225
9052,2547177,80,12,-68,-14343,404
9053,6164784,80,16,-64,-561,300
9054,7637411,80,13,-67,-9468,403
9055,7088931,80,17,-63,1359,356
9056,9942041,80,10,-70,-30144,637
9057,5492691,80,23,-57,6431,218
9058,11635262,80,20,-60,4237,151
9059,4547996,80,12,-68,-14527,362
9060,13609652,80,18,-62,2737,250
9061,10745410,80,10,-70,-30173,647
9062,1579619,80,28,-52,7894,133
9063,11820439,80,14,-66,-5449,283
9064,11986163,80,14,-66,-5624,270
9065,7137249,80,17,-63,1298,406
9066,4965240,80,21,-59,5352,271
9067,7708429,80,11,-69,-20721,659
9068,3242484,80,10,-70,-30070,772
9069,8211352,80,17,-63,928,420
9070,2423258,80,14,-66,-6036,332
9071,5964639,80,12,-68,-14988,384
9072,4382902,80,11,-69,-20949,349
9073,837316,80,13,-67,-9092,598
9074,11384656,80,13,-67,-9060,599
9075,10643932,80,20,-60,4469,191
9076,4998006,80,10,-70,-30389,633
9077,11076705,80,11,-69,-20964,461
9078,11268363,80,27,-53,7792,194
9079,4651358,80,13,-67,-9477,384
9080,2186730,80,10,-70,-30768,395
9081,2502950,80,18,-62,2579,406
9082,7060809,80,13,-67,-9139,514
9083,4852180,80,13,-67,-9498,545
9084,10586749,80,13,-67,-10246,337
9085,5229404,80,15,-65,-2927,330
9086,11570286,80,12,-68,-14066,708
9087,11636922,80,22,-58,5967,136
9088,11106442,80,10,-70,-30728,369
9089,6756868,80,9,-71,-43543,748
9090,8512413,80,15,-65,-3386,251
9091,2633464,80,15,-65,-2817,422
9092,8689902,80,17,-63,1168,235
9093,8302848,80,18,-62,2464,285
9094,3497259,80,21,-59,5120,142
9095,919622,80,22,-58,5994,220
9096,9686959,80,14,-66,-5894,322
9097,8231662,80,18,-62,2147,255
9098,8490369,80,14,-66,-5884,378
9099,4163161,80,19,-61,3728,328
9100,1110832,80,11,-69,-21397,439
9101,7077296,80,11,-69,-20710,574
9102,150721,80,10,-70,-30778,338
9103,11692035,80,15,-65,-3605,340
9104,1426708,80,10,-70,-30142,734
9105,2446152,80,13,-67,-9467,291
9106,9626647,80,11,-69,-20620,852
9107,1747943,80,19,-61,3604,273
9108,2086478,80,16,-64,-790,248
9109,2158662,80,18,-62,2181,229
9110,12568683,80,12,-68,-14294,438
9111,11403878,80,16,-64,6,537
9112,10791856,80,13,-67,-10481,290
9113,217673,80,14,-66,-5523,390
9114,9933812,80,18,-62,2304,284
9115,2575449,80,18,-62,2882,203
9116,11900386,80,17,-63,973,258
9117,3288003,80,13,-67,-9176,602
9118,2240567,80,13,-67,-9091,503
9119,5965562,80,13,-67,-10499,290
9120,8389514,80,17,-63,1451,282
9121,11991126,80,12,-68,-14453,237
9122,5590617,80,14,-66,-5585,365
9123,476277,80,18,-62,2474,178
9124,7540431,80,7,-73,-92060,801
9125,153492,80,13,-67,-9469,365
9126,2663938,80,12,-68,-14359,428
9127,3815465,80,12,-68,-14852,342
9128,1457408,80,12,-68,-15102,358
9129,84152,80,18,-62,2279,178
9130,3449587,80,6,-74,-137540,734
9131,10719846,80,21,-59,5367,321
9132,4276962,80,13,-67,-9642,432
9133,412200,80,10,-70,-30270,497
9134,12810051,80,12,-68,-14635,317
9135,11142151,80,10,-70,-30407,572
9136,8997447,80,9,-71,-43674,600
9137,9460594,80,20,-60,4568,170
9138,12085114,80,16,-64,-920,232
9139,6507576,80,26,-54,7521,185
9140,2987796,80,11,-69,-20747,652
9141,5414270,80,10,-70,-30409,485
9142,9728521,80,18,-62,2705,301
9143,6432922,80,11,-69,-20663,852
9144,2355112,80,10,-70,-30664,372
9145,7438293,80,10,-70,-30747,460
9146,4535716,80,10,-70,-30561,454
9147,13214572,80,10,-70,-30862,387
9148,109620,80,13,-67,-10006,274
9149,8979915,80,12,-68,-14034,658
9150,5202597,80,11,-69,-20965,509
9151,13397251,80,15,-65,-3576,254
9152,3215759,80,19,-61,3428,238
9153,11401279,80,11,-69,-21121,353
9154,5583423,80,18,-62,2616,318
9155,465504,80,13,-67,-9080,561
9156,12856668,80,11,-69,-20857,567
9157,12214137,80,16,-64,-1294,273
9158,1444339,80,9,-71,-43618,473
9159,13460269,80,11,-69,-20927,576
9160,9579998,80,12,-68,-14264,525
9161,10938367,80,17,-63,483,160
9162,13011300,80,9,-71,-43654,628
9163,8083009,80,14,-66,-6245,184
9164,10507917,80,10,-70,-30099,668
9165,9345859,80,13,-67,-9090,450
9166,13675044,80,9,-71,-43615,599
9167,2309484,80,17,-63,1004,271
9168,8589978,80,21,-59,5294,209
9169,7108645,80,12,-68,-13934,513
9170,9998654,80,16,-64,-562,401
9171,170358,80,8,-72,-62781,942
9172,9500199,80,7,-73,-92078,688
9173,6732871,80,12,-68,-14132,666
9174,4566940,80,10,-70,-30145,645
9175,9109301,80,13,-67,-9112,485
9176,8500265,80,12,-68,-14535,403
9177,1870705,80,12,-68,-14333,442
9178,8854115,80,18,-62,2614,372
9179,198282,80,10,-70,-30179,509
9180,8307375,80,13,-67,-10348,400
9181,13479343,80,14,-66,-5187,428
9182,11064803,80,13,-67,-9648,375
9183,5817194,80,15,-65,-2857,314
9184,163627,80,17,-63,1009,261
9185,5626065,80,12,-68,-14568,461
9186,6324290,80,9,-71,-43594,629
9187,1693475,80,12,-68,-14250,364
9188,2946455,80,13,-67,-10704,218
9189,7918359,80,13,-67,-9710,393
9190,785711,80,13,-67,-10535,290
9191,12004089,80,13,-67,-9605,379
9192,1242655,80,27,-53,7761,142
9193,10665321,80,13,-67,-9293,412
9194,7362236,80,12,-68,-14521,288
9195,8126960,80,12,-68,-14392,534
9196,5469131,80,12,-68,-14307,430
9197,12989225,80,10,-70,-30094,714
9198,6376757,80,15,-65,-2566,513
9199,11784602,80,13,-67,-9639,320
9200,4601239,80,10,-70,-30689,413
9201,13706065,80,9,-71,-43732,444
9202,9593459,80,13,-67,-10068,327
9203,11499603,80,13,-67,-9649,273
9204,6838068,80,13,-67,-10119,264
9205,4747736,80,17,-63,1442,359
9206,4704439,80,8,-72,-62869,655
9207,5769602,80,10,-70,-30545,486
9208,10656684,80,12,-68,-14423,318
9209,8461143,80,9,-71,-43547,528
9210,4945911,80,14,-66,-5112,368
9211,1007110,80,21,-59,5287,259
9212,3665902,80,18,-62,2675,287
9213,6376297,80,16,-64,-602,244
9214,322330,80,8,-72,-62782,634
9215,977892,80,15,-65,-3372,252
9216,12413978,80,7,-73,-91965,889
9217,7720984,80,16,-64,-545,259
9218,3614086,80,11,-69,-21156,414
9219,5084457,80,12,-68,-14715,325
9220,1015204,80,14,-66,-6195,173
9221,2134971,80,18,-62,2802,213
9222,1346162,80,13,-67,-9553,326
9223,12830787,80,9,-71,-43470,705
9224,2380779,80,17,-63,1149,344
9225,10572526,80,13,-67,-10276,248
9226,1405452,80,7,-73,-92082,645
9227,9341031,80,10,-70,-30674,409
9228,403308,80,12,-68,-14728,360
9229,7694553,80,13,-67,-9872,216
9230,5443930,80,10,-70,-30777,402
9231,6704960,80,11,-69,-21412,369
9232,294690,80,12,-68,-15384,287
9233,6103515,80,10,-70,-30300,460
9234,7840670,80,15,-65,-3015,340
9235,3491615,80,13,-67,-9509,264
9236,3186334,80,16,-64,-1009,251
9237,5027411,80,12,-68,-14041,616
9238,7572387,80,12,-68,-14360,490
9239,5565188,80,17,-63,767,207
9240,4751267,80,13,-67,-8948,508
9241,11704129,80,12,-68,-14022,496
9242,328,80,13,-67,-8884,514
9243,1349669,80,20,-60,4559,190
9244,406800,80,10,-70,-30957,450
9245,13498741,80,14,-66,-5441,446
9246,3552147,80,14,-66,-5139,369
9247,12407299,80,17,-63,1075,271
9248,136918,80,8,-72,-62919,484
9249,9607206,80,14,-66,-5580,367
9250,6891024,80,10,-70,-30044,590
9251,4175824,80,16,-64,-548,439
9252,3196750,80,14,-66,-6401,292
9253,11119538,80,15,-65,-3043,298
9254,2461683,80,11,-69,-21917,328
9255,4674364,80,10,-70,-30239,482
9256,5075686,80,17,-63,1547,233
9257,10345831,80,13,-67,-9842,237
9258,4116568,80,10,-70,-30757,380
9259,11987326,80,13,-67,-9288,416
9260,8224560,80,18,-62,2777,238
9261,3852763,80,15,-65,-2581,453
9262,11686741,80,22,-58,6048,332
9263,10496266,80,23,-57,6497,241
9264,12953981,80,13,-67,-9521,345
9265,12076867,80,14,-66,-5823,281
9266,2991320,80,12,-68,-15371,257
9267,6920848,80,15,-65,-2292,357
9268,8727384,80,16,-64,-229,329
9269,12125617,80,18,-62,2645,259
9270,3804627,80,10,-70,-30034,550
9271,9022642,80,11,-69,-21837,319
9272,7908175,80,7,-73,-92104,554
9273,686992,80,10,-70,-30255,541
9274,11831204,80,11,-69,-21480,309
9275,13591434,80,20,-60,4624,270
9276,3380790,80,22,-58,6025,204
9277,9337974,80,16,-64,-1044,241
9278,6417275,80,17,-63,1456,385
9279,1861484,80,14,-66,-5708,353
9280,10392508,80,11,-69,-20967,380
9281,5758568,80,16,-64,-528,426
9282,762579,80,24,-56,6963,201
9283,275741,80,15,-65,-2791,365
9284,3066333,80,19,-61,3983,327
9285,2546406,80,11,-69,-21661,288
9286,4573299,80,14,-66,-5138,405
9287,12661730,80,14,-66,-5593,359
9288,451814,80,9,-71,-43579,506
9289,10976898,80,8,-72,-63308,323
9290,10428502,80,12,-68,-15417,211
9291,3219895,80,14,-66,-7039,214
9292,6960228,80,10,-70,-30094,620
9293,691542,80,24,-56,6980,168
9294,1503395,80,10,-70,-30319,416
9295,7870149,80,17,-63,1283,326
9296,1374349,80,14,-66,-5524,481
9297,10492635,80,20,-60,4494,218
9298,6034299,80,14,-66,-6229,325
9299,11059885,80,12,-68,-14276,364
9300,5567515,80,13,-67,-9585,371
9301,7752098,80,10,-70,-30336,501
9302,8969759,80,18,-62,3036,370
9303,9465279,80,9,-71,-44232,418
9304,7729782,80,10,-70,-30290,481
9305,6575145,80,17,-63,1651,351
9306,9580901,80,20,-60,4650,269
9307,11162181,80,12,-68,-14884,335
9308,8212838,80,11,-69,-21380,384
9309,6792031,80,14,-66,-4958,423
9310,7819869,80,13,-67,-9652,351
9311,6163535,80,10,-70,-30211,472
9312,9257756,80,10,-70,-30360,517
9313,10148544,80,11,-69,-21090,305
9314,5254353,80,11,-69,-20653,433
9315,12928453,80,9,-71,-43995,427
9316,4933737,80,11,-69,-21171,358
9317,8619158,80,25,-55,7495,178
9318,9823473,80,16,-64,2,435
9319,8577157,80,13,-67,-9148,540
9320,1214724,80,19,-61,3642,213
9321,10950795,80,12,-68,-13992,348
9322,8769678,80,11,-69,-21077,293
9323,6844898,80,19,-61,3737,192
9324,4250587,80,10,-70,-29975,378
9325,983090,80,12,-68,-14942,350
9326,11529298,80,16,-64,-261,395
9327,13571723,80,7,-73,-91954,607
9328,4034729,80,12,-68,-14015,543
9329,2101263,80,13,-67,-8991,522
9330,6501499,80,16,-64,-830,202
9331,9810866,80,12,-68,-14241,338
9332,10261800,80,16,-64,-241,298
9333,6892204,80,12,-68,-14474,294
9334,7555608,80,12,-68,-15110,318
9335,8559135,80,11,-69,-21077,313
9336,3697077,80,14,-66,-6170,263
9337,5205705,80,12,-68,-14645,367
9338,1626044,80,13,-67,-9171,309
9339,732477,80,14,-66,-6025,296
9340,7998718,80,10,-70,-30121,462
9341,2606092,80,14,-66,-6197,225
9342,6330412,80,9,-71,-43802,399
9343,8622188,80,12,-68,-15227,339
9344,4339548,80,23,-57,6670,229
9345,11281733,80,13,-67,-9561,301
9346,6972715,80,16,-64,-175,258
9347,11810535,80,11,-69,-21054,415
9348,4635128,80,18,-62,3035,382
9349,1947872,80,10,-70,-30799,257
9350,881163,80,26,-54,7736,212
9351,579926,80,14,-66,-5673,257
9352,12331591,80,10,-70,-31485,203
9353,5508781,80,17,-63,1385,234
9354,10930728,80,11,-69,-21951,275
9355,12124820,80,13,-67,-9527,380
9356,7074384,80,12,-68,-15632,233
9357,6562476,80,14,-66,-6086,212
9358,6101425,80,15,-65,-2877,239
9359,5484223,80,13,-67,-9722,323
9360,3924243,80,19,-61,3771,220
9361,13201170,80,10,-70,-30867,415
9362,12303653,80,15,-65,-3135,233
9363,6382968,80,16,-64,-466,297
9364,8218103,80,10,-70,-31387,300
9365,1345685,80,10,-70,-30659,380
9366,6288981,80,12,-68,-14442,517
9367,7359903,80,12,-68,-14327,313
9368,10104876,80,9,-71,-44454,383
9369,7777972,80,15,-65,-3149,329
9370,12271318,80,12,-68,-14421,303
9371,6068891,80,13,-67,-9254,325
9372,13008390,80,15,-65,-3464,217
9373,12948483,80,11,-69,-20993,407
9374,1091929,80,14,-66,-5722,287
9375,5647079,80,9,-71,-44442,403
9376,13298618,80,29,-51,8378,200
9377,8665570,80,9,-71,-43980,413
9378,7267464,80,9,-71,-43740,518
9379,1474764,80,13,-67,-9232,367
9380,6101810,80,12,-68,-14924,309
9381,10690188,80,16,-64,-536,244
9382,534998,80,16,-64,-666,197
9383,4681347,80,16,-64,-692,268
9384,4420630,80,18,-62,2872,230
9385,6859687,80,20,-60,4598,159
9386,1844347,80,14,-66,-5090,406
9387,3408487,80,29,-51,8414,187
9388,4994858,80,14,-66,-6405,226
9389,2026347,80,13,-67,-9742,342
9390,4985890,80,15,-65,-2757,309
9391,5194086,80,10,-70,-30282,361
9392,4561281,80,16,-64,-459,305
9393,5895754,80,11,-69,-21891,302
9394,4867822,80,8,-72,-63076,405
9395,9739272,80,11,-69,-22283,283
9396,86328,80,13,-67,-9537,256
9397,3340569,80,13,-67,-9838,225
9398,1415614,80,16,-64,-962,191
9399,5903774,80,11,-69,-21203,337
9400,13362398,80,11,-69,-21340,276
9401,1052151,80,13,-67,-10004,252
9402,6051266,80,10,-70,-31042,270
9403,4847231,80,10,-70,-30526,373
9404,9760443,80,17,-63,1588,331
9405,13278629,80,20,-60,4740,239
9406,6220981,80,15,-65,-2524,331
9407,12235397,80,14,-66,-5793,232
9408,8256657,80,18,-62,2776,188
9409,5593234,80,22,-58,6105,174
9410,10695386,80,13,-67,-9446,272
9411,10176694,80,9,-71,-44112,333
9412,7667085,80,12,-68,-15286,226
9413,11630721,80,15,-65,-2589,329
9414,3135174,80,9,-71,-44558,370
9415,9089121,80,23,-57,6666,179
9416,4356119,80,13,-67,-10308,271
9417,4109577,80,14,-66,-5346,415
9418,6574602,80,11,-69,-21616,277
9419,331318,80,13,-67,-10646,196
9420,8887043,80,17,-63,965,263
9421,10474276,80,15,-65,-2489,290
9422,1700677,80,17,-63,1005,215
9423,999954,80,13,-67,-8948,313
9424,13380343,80,10,-70,-31110,350
9425,11856027,80,13,-67,-9193,290
9426,8333124,80,13,-67,-9854,292
9427,4999011,80,9,-71,-43793,336
9428,9516785,80,12,-68,-14166,285
9429,11328929,80,6,-74,-137491,426
9430,2150592,80,16,-64,-1020,190
9431,9722278,80,9,-71,-43936,326
9432,5320523,80,12,-68,-15119,213
9433,7058653,80,23,-57,6787,328
9434,12752234,80,18,-62,2750,247
9435,9883723,80,11,-69,-21347,280
9436,3802186,80,12,-68,-15114,264
9437,1675124,80,12,-68,-14901,237
9438,7289298,80,9,-71,-45158,271
9439,6211600,80,13,-67,-9218,403
9440,1076533,80,11,-69,-20940,370
9441,11492493,80,8,-72,-63472,386
9442,944106,80,11,-69,-21859,275
9443,7615524,80,11,-69,-20932,354
9444,7184491,80,19,-61,3995,250
9445,20485,80,14,-66,-5789,207
9446,7975093,80,12,-68,-15632,211
9447,4730050,80,10,-70,-31352,306
9448,11366337,80,12,-68,-14361,317
9449,111496,80,17,-63,1164,244
9450,13562193,80,11,-69,-21331,254
9451,3138602,80,10,-70,-31308,302
9452,8541925,80,13,-67,-9788,274
9453,10834825,80,19,-61,4072,215
9454,5995104,80,15,-65,-2196,279
9455,7109622,80,12,-68,-15116,213
9456,5205652,80,10,-70,-30478,263
9457,12127096,80,14,-66,-5625,190
9458,2976351,80,11,-69,-22986,181
9459,3243459,79,21,-58,6007,442
9460,7337767,79,21,-58,5989,289
9461,2820611,79,24,-55,7234,438
9462,3280586,79,17,-62,2218,496
9463,6489767,79,23,-56,6931,269
9464,11831895,79,22,-57,6342,382
9465,12497404,79,13,-66,-8442,411
9466,10809189,79,26,-53,7804,201
9467,4402360,79,19,-60,4282,319
9468,7751302,79,16,-63,359,182
9469,3466097,79,25,-54,7510,266
9470,4447423,79,20,-59,4736,189
9471,4470168,79,16,-63,266,681
9472,7608412,79,19,-60,4417,322
9473,6880792,79,16,-63,-43,320
9474,12297480,79,11,-68,-20335,598
9475,2527033,79,18,-61,3208,220
9476,6510262,79,27,-52,8041,137
9477,11304838,79,21,-58,5871,177
9478,1861685,79,18,-61,3121,453
9479,7157106,79,14,-65,-4681,561
9480,2492267,79,23,-56,6756,241
9481,7225230,79,22,-57,6246,267
9482,4708922,79,14,-65,-4843,566
9483,11794025,79,23,-56,6790,192
9484,4797737,79,18,-61,2959,295
9485,5966204,79,24,-55,7382,175
9486,7466525,79,16,-63,75,225
9487,6370540,79,21,-58,5701,263
9488,1968849,79,23,-56,7071,261
9489,11337331,79,17,-62,1858,422
9490,3754329,79,14,-65,-4972,379
9491,4080958,79,17,-62,1685,318
9492,11009063,79,18,-61,3430,304
9493,8746992,79,12,-67,-14119,339
9494,9715888,79,20,-59,4712,237
9495,7877034,79,19,-60,3800,215
9496,12724722,79,14,-65,-4716,316
9497,9989952,79,13,-66,-9124,375
9498,11970299,79,23,-56,6827,214
9499,11698047,79,12,-67,-13457,806
9500,11018232,79,22,-57,6392,152
9501,2336134,79,17,-62,1965,301
9502,7814354,79,19,-60,4081,209
9503,9411739,79,10,-69,-29617,1674
9504,1676980,79,17,-62,1728,289
9505,6415435,79,14,-65,-5321,319
9506,274026,79,20,-59,4848,363
9507,9574463,79,18,-61,3371,595
9508,9042047,79,15,-64,-2187,391
9509,5146036,79,18,-61,2892,241
9510,9404842,79,14,-65,-4902,464
9511,8402729,79,18,-61,3111,331
9512,1489720,79,13,-66,-8735,539
9513,1001668,79,17,-62,1843,321
9514,3961798,79,12,-67,-13434,1373
9515,8826888,79,17,-62,1892,399
9516,10980179,79,12,-67,-13649,375
9517,9414138,79,15,-64,-2409,256
9518,8391390,79,15,-64,-2339,246
9519,13318534,79,13,-66,-8612,366
9520,13366281,79,21,-58,5741,415
9521,13440568,79,14,-65,-4677,385
9522,3398473,79,15,-64,-2593,292
9523,5760616,79,17,-62,1797,285
9524,5631841,79,17,-62,1959,253
9525,10103820,79,22,-57,6402,163
9526,11563277,79,28,-51,8435,306
9527,5719165,79,14,-65,-4869,440
9528,2453766,79,10,-69,-29689,726
9529,12840911,79,17,-62,1461,232
9530,10964461,79,13,-66,-8341,1059
9531,4451035,79,15,-64,-2284,516
9532,282436,79,16,-63,-10,263
9533,3181055,79,23,-56,6742,171
9534,7978486,79,21,-58,5787,245
9535,12923031,79,15,-64,-2453,517
9536,1230686,79,22,-57,6262,197
9537,9804992,79,15,-64,-2737,255
9538,12418722,79,12,-67,-14226,406
9539,318771,79,13,-66,-8384,374
9540,955738,79,20,-59,5077,203
9541,820307,79,25,-54,7605,193
9542,11705995,79,18,-61,3101,300
9543,13343825,79,21,-58,5782,376
9544,12189554,79,18,-61,2489,203
9545,13395442,79,10,-69,-29808,664
9546,5882866,79,9,-70,-43094,799
9547,8184621,79,15,-64,-2636,414
9548,10262586,79,22,-57,6539,187
9549,1035404,79,12,-67,-14099,414
9550,11152884,79,14,-65,-4876,572
9551,11536411,79,18,-61,3043,175
9552,5789621,79,27,-52,8155,192
9553,5374907,79,18,-61,3222,301
9554,1584635,79,13,-66,-8512,543
9555,7716823,79,16,-63,-229,294
9556,4440523,79,10,-69,-29723,490
9557,1235442,79,18,-61,2769,195
9558,13016785,79,17,-62,1487,282
9559,5631179,79,16,-63,-454,320
9560,3451423,79,22,-57,6568,172
9561,11531834,79,11,-68,-20564,550
9562,9983595,79,26,-53,7928,232
9563,241778,79,14,-65,-5094,548
9564,49340,79,19,-60,4288,234
9565,13009403,79,8,-71,-62341,1135
9566,4209229,79,12,-67,-13939,461
9567,8220267,79,15,-64,-1934,284
9568,13032644,79,11,-68,-20260,607
9569,5075407,79,26,-53,7913,145
9570,8846100,79,32,-47,8925,216
9571,2491281,79,18,-61,2816,239
9572,7971445,79,25,-54,7590,144
9573,7187694,79,14,-65,-6334,253
9574,2625026,79,12,-67,-13827,465
9575,7444890,79,9,-70,-43418,331
9576,8400664,79,8,-71,-62361,924
9577,2994936,79,16,-63,-308,276
9578,4622280,79,15,-64,-2140,378
9579,978238,79,12,-67,-14705,325
9580,5050577,79,23,-56,6987,280
9581,2617192,79,10,-69,-30095,455
9582,1953958,79,11,-68,-20506,441
9583,11423770,79,12,-67,-13633,555
9584,9571833,79,14,-65,-5158,367
9585,3994346,79,15,-64,-2391,502
9586,11239871,79,19,-60,4376,253
9587,8900920,79,20,-59,5209,302
9588,6572793,79,17,-62,1375,353
9589,8375542,79,15,-64,-2510,368
9590,1821321,79,15,-64,-2305,444
9591,12413888,79,16,-63,234,346
9592,7455533,79,14,-65,-5133,329
9593,9850742,79,10,-69,-29898,536
9594,2938337,79,13,-66,-8926,499
9595,12662911,79,16,-63,-117,260
9596,11683493,79,12,-67,-14755,394
9597,1465490,79,10,-69,-29724,614
9598,5456736,79,13,-66,-8845,436
9599,11919639,79,11,-68,-20302,610
9600,8208328,79,15,-64,-2352,405
9601,9766452,79,18,-61,2812,240
9602,2776199,79,10,-69,-29761,658
9603,12620015,79,14,-65,-5246,292
9604,4434131,79,13,-66,-8813,590
9605,6672942,79,17,-62,1892,220
9606,11876508,79,11,-68,-20152,739
9607,6926160,79,14,-65,-4747,340
9608,2299797,79,29,-50,8669,159
9609,8842435,79,24,-55,7300,210
9610,813801,79,14,-65,-5253,303
9611,13590474,79,24,-55,7483,178
9612,4371430,79,16,-63,-155,323
9613,12212177,79,25,-54,7682,178
9614,3535089,79,9,-70,-43093,707
9615,6524198,79,13,-66,-9766,313
9616,10911154,79,11,-68,-21187,301
9617,10406624,79,19,-60,4265,237
9618,3724579,79,11,-68,-20267,641
9619,670033,79,20,-59,4923,229
9620,4373870,79,13,-66,-8641,455
9621,3838284,79,19,-60,4009,154
9622,5502422,79,14,-65,-4628,384
9623,8947556,79,15,-64,-2124,277
9624,4558440,79,13,-66,-8256,1186
9625,5010241,79,16,-63,-420,286
9626,10648502,79,12,-67,-13675,410
9627,9616057,79,8,-71,-62408,743
9628,2687159,79,25,-54,7644,198
9629,3588239,79,13,-66,-9877,304
9630,11452917,79,11,-68,-20332,542
9631,7679365,79,12,-67,-13834,428
9632,1085108,79,11,-68,-20434,587
9633,4780411,79,20,-59,4922,187
9634,7311229,79,11,-68,-20395,424
9635,3265613,79,12,-67,-13542,659
9636,4234423,79,19,-60,4141,231
9637,13122225,79,13,-66,-8753,510
9638,3742681,79,13,-66,-8806,351
9639,6985681,79,10,-69,-29615,578
9640,5888063,79,13,-66,-9848,216
9641,1755599,79,14,-65,-4769,440
9642,11407284,79,12,-67,-13900,491
9643,5947771,79,13,-66,-10001,255
9644,8785666,79,10,-69,-29659,538
9645,660073,79,13,-66,-8776,443
9646,11282547,79,11,-68,-20598,447
9647,1510794,79,15,-64,-1985,444
9648,4361297,79,12,-67,-13514,608
9649,2403687,79,10,-69,-29943,572
9650,1942056,79,15,-64,-2462,354
9651,9018090,79,16,-63,362,690
9652,13715810,79,9,-70,-43474,445
9653,7330379,79,16,-63,-362,269
9654,12217816,79,15,-64,-2332,323
9655,6685940,79,10,-69,-29617,668
9656,12213647,79,10,-69,-29650,613
9657,5675070,79,11,-68,-20715,323
9658,8075009,79,20,-59,5135,293
9659,1876806,79,25,-54,7736,218
9660,12757189,79,10,-69,-29905,532
9661,8158857,79,16,-63,296,389
9662,3292277,79,11,-68,-20179,712
9663,1768026,79,28,-51,8525,323
9664,6230307,79,15,-64,-2622,277
9665,7773553,79,12,-67,-14397,352
9666,5402801,79,15,-64,-2864,235
9667,2890323,79,9,-70,-43078,658
9668,12322449,79,12,-67,-14418,456
9669,7072140,79,12,-67,-13798,427
9670,5637603,79,26,-53,8146,191
9671,5672746,79,17,-62,1557,221
9672,3397285,79,12,-67,-14544,434
9673,1021282,79,8,-71,-62454,566
9674,4333562,79,10,-69,-29724,635
9675,508460,79,16,-63,45,271
9676,8603372,79,12,-67,-13609,451
9677,12903561,79,14,-65,-5188,443
9678,8961212,79,14,-65,-5224,299
9679,5152667,79,8,-71,-62718,478
9680,3584386,79,17,-62,1582,244
9681,677579,79,11,-68,-20465,468
9682,7397376,79,12,-67,-13984,400
9683,9197447,79,12,-67,-13996,436
9684,314854,79,11,-68,-20621,406
9685,6000112,79,10,-69,-30021,494
9686,5143850,79,11,-68,-21000,423
9687,2598402,79,12,-67,-14288,373
9688,11156509,79,7,-72,-91491,923
9689,11417932,79,11,-68,-21071,358
9690,10321179,79,11,-68,-20658,341
9691,7334085,79,9,-70,-43005,488
9692,1323784,79,12,-67,-14439,330
9693,4573198,79,11,-68,-20480,516
9694,713343,79,9,-70,-43365,407
9695,12281998,79,14,-65,-5656,322
9696,4396127,79,28,-51,8565,269
9697,1122400,79,18,-61,2718,174
9698,9276567,79,12,-67,-14255,327
9699,2836408,79,17,-62,1682,208
9700,1450469,79,23,-56,6930,191
9701,11669396,79,14,-65,-5727,223
9702,739024,79,6,-73,-136999,625
9703,3582830,79,8,-71,-62391,574
9704,3869558,79,14,-65,-5439,293
9705,6516523,79,23,-56,7013,139
9706,7029050,79,14,-65,-5233,338
9707,5886730,79,14,-65,-5640,291
9708,5392592,79,15,-64,-2586,262
9709,12048895,79,8,-71,-62342,601
9710,3133388,79,15,-64,-2601,220
9711,4631763,79,8,-71,-62386,610
9712,13697386,79,18,-61,3305,233
9713,5301865,79,11,-68,-20407,463
9714,13554508,79,15,-64,-1634,389
9715,10275705,79,12,-67,-14099,367
9716,255981,79,9,-70,-42908,730
9717,167872,79,12,-67,-13572,478
9718,12243331,79,12,-67,-14039,320
9719,5469803,79,13,-66,-8690,529
9720,13218976,79,14,-65,-5097,274
9721,10594885,79,14,-65,-4839,428
9722,4655516,79,9,-70,-43030,668
9723,4252517,79,12,-67,-14600,262
9724,7579445,79,12,-67,-14958,268
9725,7521341,79,18,-61,2832,214
9726,5096483,79,13,-66,-8987,343
9727,9171861,79,23,-56,7092,319
9728,7175784,79,10,-69,-29529,746
9729,9950920,79,11,-68,-20241,501
9730,7731586,79,11,-68,-20153,498
9731,754976,79,34,-45,9242,119
9732,2100055,79,12,-67,-13617,565
9733,8199281,79,11,-68,-20900,381
9734,2635217,79,14,-65,-5461,277
9735,4864999,79,21,-58,5863,162
9736,9110211,79,11,-68,-21555,278
9737,3234977,79,11,-68,-20681,395
9738,5845569,79,12,-67,-14290,452
9739,1703576,79,11,-68,-20637,475
9740,7514167,79,14,-65,-4467,712
9741,3554097,79,11,-68,-21141,300
9742,13419227,79,10,-69,-29858,463
9743,8316423,79,12,-67,-13949,398
9744,1423988,79,10,-69,-29499,619
9745,1902166,79,15,-64,-1936,263
9746,5104179,79,12,-67,-13870,288
9747,12659888,79,10,-69,-29869,394
9748,798283,79,9,-70,-43199,570
9749,7171264,79,17,-62,1725,310
9750,711761,79,16,-63,-125,313
9751,10898324,79,15,-64,-2164,410
9752,1072322,79,10,-69,-30432,358
9753,11531955,79,22,-57,6521,201
9754,10837373,79,14,-65,-5884,225
9755,2067587,79,12,-67,-14105,470
9756,6156497,79,12,-67,-14066,441
9757,8985727,79,11,-68,-20266,502
9758,6994007,79,19,-60,4349,230
9759,13157705,79,12,-67,-13689,456
9760,11896494,79,15,-64,-1891,436
9761,6873764,79,14,-65,-5262,278
9762,3250457,79,12,-67,-13645,423
9763,8034295,79,19,-60,4544,244
9764,1063219,79,8,-71,-62440,516
9765,11877860,79,17,-62,2045,257
9766,10874554,79,11,-68,-21034,442
9767,10727638,79,10,-69,-29561,405
9768,7417780,79,14,-65,-4777,357
9769,1865712,79,12,-67,-14049,473
9770,3568334,79,12,-67,-13981,361
9771,10070783,79,14,-65,-5634,374
9772,8130661,79,15,-64,-1858,407
9773,248708,79,14,-65,-5770,366
9774,7219124,79,10,-69,-29560,375
9775,9553433,79,11,-68,-20998,404
9776,13551228,79,17,-62,1682,146
9777,7611351,79,13,-66,-8934,396
9778,8102147,79,10,-69,-30694,342
9779,8034392,79,11,-68,-20396,523
9780,3029106,79,18,-61,3351,436
9781,4109884,79,8,-71,-62295,652
9782,7931254,79,10,-69,-29927,407
9783,9307589,79,12,-67,-13876,448
9784,9403843,79,12,-67,-13853,429
9785,769231,79,17,-62,1846,232
9786,8867782,79,17,-62,1951,380
9787,4796793,79,11,-68,-20942,366
9788,8502906,79,12,-67,-14424,274
9789,2843150,79,28,-51,8610,214
9790,6978713,79,17,-62,1678,245
9791,677155,79,12,-67,-13542,547
9792,3105669,79,13,-66,-9952,254
9793,9505989,79,14,-65,-5515,363
9794,137824,79,18,-61,2913,202
9795,7890039,79,9,-70,-43215,540
9796,5475468,79,10,-69,-29610,636
9797,6310897,79,12,-67,-14857,348
9798,10468137,79,11,-68,-21568,331
9799,7177652,79,9,-70,-43225,456
9800,12680603,79,23,-56,7104,175
9801,10611270,79,12,-67,-14066,454
9802,10237860,79,12,-67,-14381,323
9803,8700724,79,13,-66,-9702,306
9804,12901065,79,12,-67,-14195,368
9805,11870794,79,10,-69,-29921,448
9806,5303758,79,11,-68,-20057,576
9807,5193477,79,9,-70,-43448,453
9808,73218,79,17,-62,1812,424
9809,13430652,79,15,-64,-1712,412
9810,8021424,79,9,-70,-43420,511
9811,6518562,79,19,-60,4389,289
9812,6775912,79,24,-55,7562,184
9813,6771908,79,11,-68,-20534,465
9814,9033224,79,11,-68,-20807,335
9815,5118314,79,14,-65,-6285,271
9816,6589248,79,13,-66,-8216,584
9817,1819152,79,15,-64,-2626,327
9818,11036526,79,13,-66,-8678,403
9819,7390684,79,15,-64,-2060,509
9820,1250065,79,16,-63,-247,338
9821,4616799,79,11,-68,-21127,294
9822,5906694,79,13,-66,-9384,400
9823,13144171,79,9,-70,-43056,573
9824,3758887,79,13,-66,-9838,261
9825,12226133,79,8,-71,-62285,459
9826,5970365,79,15,-64,-2434,287
9827,7696743,79,10,-69,-29593,531
9828,3440699,79,7,-72,-91510,599
9829,5844230,79,13,-66,-9713,288
9830,9215016,79,14,-65,-5516,330
9831,4243050,79,15,-64,-2775,295
9832,2425055,79,12,-67,-13642,500
9833,13153701,79,11,-68,-21256,457
9834,9267921,79,10,-69,-29935,467
9835,3200245,79,9,-70,-43299,471
9836,3488509,79,17,-62,1630,236
9837,454959,79,10,-69,-30209,348
9838,5280631,79,16,-63,-387,203
9839,12656778,79,10,-69,-30026,402
9840,4696243,79,9,-70,-43187,512
9841,8270880,79,14,-65,-4568,475
9842,2490962,79,17,-62,1436,256
9843,4521863,79,10,-69,-30323,425
9844,11936627,79,25,-54,7880,174
9845,5321510,79,16,-63,-82,273
9846,1097087,79,10,-69,-29618,546
9847,7843495,79,19,-60,4577,253
9848,5787244,79,14,-65,-5482,256
9849,10705319,79,11,-68,-20467,489
9850,2762771,79,10,-69,-30876,342
9851,5127782,79,10,-69,-29841,392
9852,5006173,79,11,-68,-20801,331
9853,1256523,79,13,-66,-8957,257
9854,8385504,79,15,-64,-2444,308
9855,7196655,79,8,-71,-62460,444
9856,628157,79,11,-68,-20251,419
9857,8888564,79,18,-61,2984,215
9858,8771986,79,15,-64,-2152,269
9859,2882030,79,13,-66,-9401,282
9860,7849438,79,8,-71,-62351,538
9861,3015933,79,14,-65,-5493,328
9862,5932871,79,16,-63,-236,254
9863,881304,79,20,-59,5413,247
9864,744267,79,21,-58,5916,218
9865,9953369,79,14,-65,-5236,250
9866,8707703,79,18,-61,3137,274
9867,3066441,79,18,-61,3229,302
9868,8698078,79,12,-67,-14016,390
9869,3924535,79,10,-69,-30711,377
9870,11286824,79,13,-66,-9437,252
9871,5123731,79,13,-66,-9623,341
9872,13164997,79,15,-64,-2824,181
9873,8907024,79,14,-65,-4700,348
9874,9906271,79,14,-65,-5324,364
9875,585168,79,10,-69,-29704,498
9876,4181881,79,17,-62,1717,229
9877,11620809,79,9,-70,-43703,366
9878,11601703,79,27,-52,8590,164
9879,5747902,79,14,-65,-6449,279
9880,4015433,79,21,-58,6085,178
9881,11570624,79,15,-64,-2028,341
9882,6602479,79,15,-64,-2994,248
9883,8652106,79,7,-72,-91344,683
9884,104678,79,11,-68,-20191,395
9885,6075985,79,8,-71,-62954,387
9886,5181144,79,13,-66,-8843,337
9887,12683927,79,10,-69,-30293,387
9888,2495136,79,21,-58,6175,197
9889,4638583,79,14,-65,-5257,315
9890,13312110,79,14,-65,-5182,301
9891,1588698,79,16,-63,-214,277
9892,13011536,79,16,-63,-111,205
9893,3603071,79,10,-69,-31509,242
9894,7495617,79,11,-68,-21903,336
9895,4445097,79,17,-62,2124,256
9896,7640063,79,12,-67,-13591,429
9897,8637279,79,11,-68,-20456,345
9898,5186198,79,17,-62,1649,299
9899,13123472,79,18,-61,3709,262
9900,10709833,79,12,-67,-13767,401
9901,8469487,79,18,-61,3476,294
9902,7817496,79,13,-66,-10467,211
9903,12159592,79,13,-66,-9308,318
9904,6847503,79,9,-70,-43663,352
9905,6769358,79,19,-60,4351,196
9906,441474,79,8,-71,-62273,437
9907,4519960,79,20,-59,5260,170
9908,4326587,79,13,-66,-9449,228
9909,10757158,79,17,-62,1670,260
9910,4758600,79,9,-70,-43268,440
9911,4484867,79,13,-66,-9263,284
9912,12900002,79,10,-69,-30069,369
9913,9961241,79,23,-56,7262,202
9914,10050907,79,13,-66,-9524,293
9915,412730,79,21,-58,6016,231
9916,13646303,79,9,-70,-44180,304
9917,9220164,79,14,-65,-6283,236
9918,6795691,79,16,-63,-77,302
9919,2148827,79,11,-68,-20160,377
9920,6151720,79,13,-66,-8990,240
9921,5860766,79,14,-65,-5632,220
9922,2237837,79,18,-61,3213,207
9923,5061123,79,8,-71,-62427,485
9924,586869,79,22,-57,6719,188
9925,12064413,79,10,-69,-30746,277
9926,237763,79,13,-66,-9199,248
9927,70374,79,12,-67,-14740,260
9928,7474377,79,9,-70,-43940,367
9929,5289764,79,9,-70,-43275,438
9930,10894430,79,16,-63,-217,166
9931,7966829,79,12,-67,-13620,310
9932,3858499,79,14,-65,-5657,270
9933,8263844,79,12,-67,-13584,355
9934,6029353,79,9,-70,-43091,426
9935,805962,79,12,-67,-13584,364
9936,11334950,79,12,-67,-14351,323
9937,10992292,79,26,-53,8292,232
9938,10165038,79,11,-68,-20460,357
9939,13357118,79,26,-53,8304,188
9940,11163710,79,13,-66,-8871,335
9941,6203597,79,11,-68,-21531,302
9942,5235636,79,11,-68,-20641,337
9943,4243920,79,10,-69,-30790,304
9944,3242177,79,9,-70,-43612,365
9945,2301274,79,10,-69,-30539,298
9946,304942,79,12,-67,-13815,348
9947,4010830,79,9,-70,-43450,298
9948,10904317,79,9,-70,-44227,262
9949,12268361,79,7,-72,-91591,393
9950,7989097,79,14,-65,-5381,268
9951,634204,79,11,-68,-20804,288
9952,4954817,79,10,-69,-31339,280
9953,3712885,79,17,-62,2095,259
9954,7169337,79,11,-68,-21487,307
9955,8263015,79,12,-67,-14162,248
9956,10538359,79,13,-66,-9253,248
9957,9815581,79,11,-68,-21593,246
9958,11171547,79,10,-69,-29717,383
9959,7323726,79,13,-66,-8793,272
9960,2776417,79,11,-68,-20574,436
9961,3853179,79,7,-72,-91409,497
9962,10396903,79,13,-66,-9393,260
9963,10511433,79,12,-67,-13944,333
9964,10774586,79,14,-65,-5241,344
9965,6494194,79,15,-64,-2180,252
9966,7803620,79,13,-66,-9446,296
9967,7215032,79,16,-63,-531,142
9968,508563,79,11,-68,-20974,277
9969,7955692,79,17,-62,1476,158
9970,11141602,79,12,-67,-14218,283
9971,1164401,79,16,-63,161,255
9972,12286415,79,11,-68,-22903,149
9973,11038666,79,18,-61,3213,175
9974,4685431,79,16,-63,-695,167
9975,5404518,79,11,-68,-20211,356
9976,3824144,79,12,-67,-14637,305
9977,9237861,79,10,-69,-30383,374
9978,11330898,79,19,-60,4317,263
9979,5225157,79,13,-66,-10586,215
9980,9947690,79,11,-68,-20582,357
9981,10408528,79,11,-68,-20470,298
9982,4376765,79,15,-64,-2866,205
9983,3651827,79,15,-64,-2536,194
9984,4195203,79,10,-69,-30690,291
9985,1444229,79,12,-67,-13812,306
9986,2337055,79,25,-54,8044,167
9987,5275885,79,11,-68,-20216,376
9988,9257864,79,15,-64,-2610,273
9989,13220721,79,9,-70,-44548,301
9990,5316307,79,16,-63,-261,264
9991,675891,79,10,-69,-30009,326
9992,6790622,79,13,-66,-9511,262
9993,9932259,79,19,-60,4418,193
9994,1580356,79,11,-68,-21086,197
9995,8326828,79,15,-64,-2156,248
9996,10064218,79,18,-61,3393,181
9997,7760707,79,10,-69,-30260,337
9998,8521306,79,7,-72,-92456,285
9999,3765111,79,12,-67,-15333,224
10000,12481291,79,9,-70,-44166,282
