# Edgelist: one 'source target' per line
# Directed edges: source -> target
1 0
2 0
3 0
3 1
3 2
4 0
4 1
4 2
4 3
5 0
6 0
6 1
6 2
6 3
6 4
6 5
8 0
8 3
8 5
8 6
9 0
9 1
9 2
9 3
9 4
9 5
9 6
9 7
9 8
10 0
10 4
10 5
10 6
10 8
10 9
11 0
11 9
12 0
12 3
12 4
12 7
12 8
12 9
12 11
13 0
13 2
13 3
13 5
13 12
14 0
14 1
14 2
14 3
14 4
14 5
14 6
14 7
14 8
14 9
14 10
14 11
14 12
14 13
15 0
15 2
15 4
15 5
15 11
15 13
16 0
16 1
16 2
16 3
16 4
16 5
16 6
16 7
16 8
16 9
16 10
16 11
16 12
16 13
16 14
16 15
17 0
17 1
17 2
17 3
17 4
17 5
17 6
17 7
17 8
17 9
17 10
17 11
17 12
17 13
17 14
17 15
17 16
18 0
18 1
18 3
18 4
18 10
18 11
18 12
18 13
18 17
19 0
19 1
19 2
19 3
19 4
19 5
19 6
19 7
19 8
19 9
19 10
19 11
19 12
19 13
19 14
19 15
19 16
19 17
19 18
20 0
20 1
20 2
20 4
20 13
20 16
20 19
21 0
21 1
21 2
21 3
21 4
21 5
21 6
21 7
21 8
21 9
21 10
21 11
21 12
21 13
21 14
21 15
21 16
21 17
21 18
21 19
21 20
22 9
23 0
23 1
23 2
23 3
23 6
23 8
23 9
23 11
23 13
23 15
23 16
23 17
23 18
23 19
23 20
23 21
23 22
24 0
24 1
24 4
24 7
24 10
24 12
24 13
24 16
24 19
24 23
25 0
25 2
25 6
25 13
25 15
25 18
25 21
26 0
26 1
26 3
26 5
26 6
26 7
26 8
26 15
26 17
26 18
26 19
26 21
26 22
26 23
26 24
27 0
27 1
27 2
27 3
27 4
27 5
27 6
27 9
27 10
27 11
27 12
27 13
27 14
27 15
27 17
27 18
27 23
27 24
29 25
29 2
29 9
30 0
30 1
30 2
30 3
30 4
30 5
30 6
30 7
30 8
30 9
30 10
30 15
30 18
30 19
30 20
30 22
30 24
30 28
30 29
31 0
31 1
31 2
31 3
31 5
31 6
31 8
31 10
31 11
31 12
31 15
31 19
31 20
31 23
31 24
31 28
32 0
32 1
32 2
32 3
32 4
32 5
32 6
32 7
32 8
32 9
32 10
32 11
32 12
32 13
32 14
32 15
32 16
32 17
32 18
32 19
32 20
32 21
32 22
32 23
32 24
32 25
32 26
32 27
32 28
32 29
32 30
32 31
33 0
33 2
33 4
33 5
33 6
33 7
33 11
33 12
33 15
33 16
33 17
33 18
33 19
33 20
33 22
33 23
33 24
33 25
33 28
33 29
33 32
34 0
34 1
34 2
34 3
34 4
34 5
34 6
34 7
34 8
34 9
34 10
34 11
34 12
34 13
34 14
34 15
34 16
34 17
34 18
34 19
34 20
34 21
34 22
34 23
34 24
34 25
34 26
34 27
34 28
34 29
34 30
34 31
34 32
34 33
35 0
35 1
35 2
35 33
35 4
35 5
35 6
35 8
35 9
35 12
35 13
35 16
35 18
35 22
35 25
35 26
35 27
35 28
36 32
36 1
36 5
36 21
36 23
37 11
37 12
38 2
38 3
38 4
38 5
38 6
38 7
38 9
38 10
38 12
38 13
38 14
38 15
38 16
38 17
38 18
38 19
38 24
38 26
38 27
38 30
38 31
38 34
38 35
39 0
39 1
39 4
39 5
39 6
39 8
39 9
39 10
39 14
39 15
39 18
39 21
39 25
39 26
39 31
40 8
41 0
41 1
41 34
41 35
41 9
41 23
41 28
42 0
42 1
42 2
42 3
42 4
42 5
42 6
42 7
42 8
42 9
42 10
42 11
42 12
42 13
42 14
42 15
42 16
42 17
42 18
42 19
42 20
42 21
42 22
42 23
42 24
42 25
42 26
42 27
42 28
42 29
42 30
42 31
42 32
42 33
42 34
42 35
42 36
42 37
42 38
42 39
42 40
42 41
43 4
43 6
43 7
43 39
43 11
43 13
43 23
43 25
43 27
43 28
44 0
44 1
44 3
44 6
44 41
44 11
44 13
44 18
44 21
45 0
45 1
45 2
45 5
45 38
45 10
45 12
45 18
45 21
46 9
46 4
46 17
46 23
47 34
47 5
47 37
47 17
47 19
47 20
47 24
48 0
48 3
48 4
48 37
48 44
48 13
48 21
49 31
50 0
50 1
50 2
50 3
50 4
50 5
50 6
50 7
50 8
50 9
50 11
50 12
50 15
50 18
50 22
50 24
50 29
50 34
50 38
50 41
50 42
50 44
51 35
51 4
51 39
51 10
51 47
51 15
51 49
51 17
52 0
52 1
52 2
52 3
52 4
52 5
52 6
52 7
52 8
52 9
52 13
52 17
52 18
52 21
52 25
52 27
52 28
52 29
52 31
52 33
52 34
52 39
52 44
52 46
52 47
52 48
53 0
53 1
53 2
53 3
53 4
53 5
53 6
53 7
53 8
53 9
53 10
53 11
53 12
53 13
53 15
53 16
53 17
53 22
53 23
53 24
53 27
53 30
53 35
53 43
53 44
53 47
53 49
53 51
54 17
54 26
54 27
54 14
55 32
55 1
55 2
55 36
55 4
55 7
55 10
55 42
55 44
55 13
55 14
55 15
55 18
55 20
55 53
55 30
56 1
56 4
56 6
56 40
56 14
56 47
56 16
56 18
56 26
56 31
57 0
57 1
57 2
57 4
57 5
57 6
57 9
57 10
57 12
57 13
57 15
57 16
57 17
57 19
57 20
57 22
57 23
57 24
57 25
57 32
57 34
57 35
57 36
57 37
57 41
57 42
57 45
57 46
57 49
57 51
57 52
57 53
58 32
58 21
58 19
58 5
59 2
59 3
59 4
59 5
59 38
59 13
59 46
59 15
59 47
59 19
59 20
59 51
59 55
59 24
59 25
59 56
59 57
60 0
60 1
60 32
60 37
60 9
60 43
60 11
60 13
60 47
60 15
60 49
60 50
60 24
60 31
61 37
61 5
61 11
61 12
61 20
62 29
62 30
63 2
63 34
63 4
63 5
63 38
63 3
63 8
63 41
63 10
63 43
63 13
63 15
63 49
63 19
63 54
63 24
64 3
64 4
64 5
64 7
64 8
64 10
64 11
64 13
64 19
64 26
64 30
64 32
64 36
64 42
64 48
64 49
64 54
64 55
64 58
64 62
65 0
65 5
65 7
65 13
65 17
65 28
66 32
66 1
66 34
66 0
66 4
66 5
66 38
66 26
66 46
66 17
66 19
66 53
66 57
66 58
66 59
66 25
67 33
67 4
67 36
67 41
67 52
67 22
67 27
67 28
68 1
68 4
68 5
68 9
68 12
68 13
68 15
68 17
68 18
68 21
68 30
68 39
68 48
68 51
68 56
68 60
68 62
68 66
68 67
69 48
69 9
69 27
70 1
70 2
70 3
70 4
70 5
70 7
70 10
70 11
70 12
70 14
70 15
70 18
70 20
70 21
70 23
70 26
70 27
70 29
70 30
70 35
70 41
70 44
70 45
70 48
70 51
70 52
70 54
70 55
70 56
70 62
70 66
70 67
70 68
71 0
71 12
71 16
71 18
71 50
72 0
72 5
72 15
72 21
72 54
72 22
72 27
73 0
74 72
74 35
75 0
75 1
75 9
75 42
75 41
75 12
75 15
75 17
75 49
75 20
75 59
76 4
76 70
76 6
76 9
76 55
77 0
77 1
77 2
77 3
77 4
77 5
77 6
77 8
77 9
77 11
77 12
77 13
77 18
77 20
77 24
77 27
77 29
77 31
77 32
77 36
77 44
77 49
77 53
77 57
77 68
77 71
77 75
79 0
79 5
79 8
79 43
79 19
79 20
79 23
80 33
80 4
80 8
80 73
80 74
80 60
82 79
82 55
83 0
83 2
83 11
83 13
83 14
83 15
83 21
83 55
84 0
84 33
84 35
84 3
84 5
84 4
84 39
84 8
84 73
84 12
85 32
85 1
85 6
85 71
85 77
85 21
85 25
85 29
86 0
86 42
86 76
86 13
86 14
86 80
86 16
86 18
86 83
86 52
86 62
87 1
87 4
87 68
87 5
87 6
87 8
87 69
87 44
87 13
87 78
87 79
87 82
87 18
87 58
89 0
89 72
89 9
89 12
89 15
89 18
89 84
89 31
89 63
90 0
90 1
90 2
90 3
90 4
90 5
90 6
90 9
90 11
90 12
90 14
90 15
90 17
90 18
90 19
90 20
90 21
90 23
90 24
90 25
90 27
90 30
90 31
90 34
90 36
90 39
90 40
90 42
90 43
90 46
90 48
90 50
90 51
90 55
90 56
90 58
90 60
90 62
90 63
90 66
90 68
90 75
90 77
90 78
90 79
90 81
90 83
90 85
90 86
90 87
91 0
91 67
91 4
91 68
91 73
91 12
91 13
91 17
91 49
91 59
91 29
92 0
92 1
92 66
92 2
92 11
92 12
92 13
92 77
92 80
92 81
92 18
92 83
92 19
92 21
92 52
92 86
92 24
93 0
93 33
93 67
93 6
93 71
93 10
94 0
94 1
94 2
94 3
94 4
94 5
94 6
94 11
94 12
94 13
94 15
94 18
94 20
94 26
94 27
94 43
94 47
94 63
94 70
94 71
94 87
94 92
95 0
95 3
95 4
95 5
95 6
95 9
95 14
95 15
95 16
95 17
95 20
95 21
95 23
95 25
95 40
95 47
95 60
95 62
95 66
95 81
95 91
95 93
96 0
96 5
96 9
96 41
96 44
96 12
96 79
96 21
96 55
96 26
96 62
97 0
97 1
97 3
97 4
97 5
97 6
97 7
97 8
97 10
97 11
97 12
97 13
97 14
97 15
97 16
97 17
97 18
97 19
97 20
97 21
97 22
97 23
97 24
97 26
97 27
97 29
97 32
97 35
97 38
97 46
97 48
97 49
97 51
97 52
97 53
97 55
97 58
97 59
97 61
97 64
97 69
97 73
97 74
97 79
97 80
97 83
97 85
97 87
97 90
97 94
98 82
98 63
100 0
100 1
100 2
100 4
100 6
100 9
100 13
100 14
100 19
100 21
100 31
100 32
100 34
100 50
100 54
100 61
100 78
100 79
100 81
100 86
100 88
100 93
101 0
101 1
101 2
101 3
101 4
101 6
101 8
101 11
101 12
101 14
101 15
101 17
101 22
101 24
101 29
101 32
101 45
101 55
101 58
101 60
101 61
101 62
101 78
101 93
101 95
102 72
102 9
103 2
103 35
103 83
103 19
103 62
105 0
105 4
105 5
105 52
105 60
106 0
106 2
106 4
106 6
106 8
106 9
106 15
106 17
106 20
106 27
106 29
106 33
106 34
106 36
106 41
106 45
106 59
106 61
106 70
106 85
106 99
106 100
107 0
107 1
107 76
107 80
107 82
107 83
107 86
107 23
107 90
107 92
107 93
108 3
108 39
108 42
108 53
108 25
108 94
109 0
109 6
109 71
109 19
109 20
109 21
109 25
111 0
111 98
111 69
111 5
111 43
112 32
112 33
112 2
112 0
112 4
112 101
112 5
112 70
112 1
112 9
112 34
112 43
112 15
112 17
112 18
112 89
113 0
113 1
113 2
113 4
113 5
113 6
113 7
113 8
113 9
113 10
113 11
113 12
113 13
113 14
113 15
113 17
113 18
113 19
113 20
113 23
113 24
113 27
113 28
113 29
113 30
113 31
113 42
113 46
113 51
113 52
113 54
113 59
113 60
113 62
113 67
113 70
113 74
113 76
113 80
113 82
113 84
113 86
113 88
113 89
113 91
113 99
113 103
113 104
113 106
113 108
114 0
114 2
114 5
114 7
114 10
114 13
114 15
114 17
114 18
114 23
114 26
114 39
114 43
114 44
114 49
114 54
114 56
114 57
114 71
114 73
114 75
114 94
114 96
114 98
114 102
114 103
114 104
114 111
116 0
116 1
116 2
116 3
116 5
116 8
116 9
116 10
116 11
116 23
116 25
116 26
116 27
116 29
116 34
116 43
116 45
116 47
116 48
116 57
116 68
116 72
116 78
116 80
116 82
116 83
116 98
116 99
116 104
116 105
116 107
116 110
116 112
116 113
117 4
117 5
117 6
117 8
117 9
117 12
117 13
117 15
117 19
117 23
117 51
117 55
117 61
117 74
117 77
117 81
117 86
117 99
117 104
117 107
117 109
117 114
117 116
118 0
118 1
118 2
118 3
118 4
118 5
118 6
118 10
118 13
118 16
118 19
118 22
118 24
118 25
118 33
118 43
118 48
118 57
118 58
118 80
118 83
118 94
118 105
119 0
119 9
119 13
119 60
119 111
119 53
119 59
119 92
119 63
120 3
120 7
120 91
120 45
120 19
120 53
120 22
120 27
121 3
121 76
121 12
121 119
121 25
122 29
123 66
123 75
123 46
123 7
124 16
124 75
124 115
124 4
125 96
125 0
125 2
125 68
125 6
125 38
125 78
125 110
125 47
125 124
126 0
126 4
126 5
126 6
126 10
126 12
126 17
126 24
126 27
126 35
126 43
126 47
126 52
126 70
126 73
126 78
126 87
126 101
126 102
126 113
126 121
127 0
127 1
127 100
127 37
127 7
127 51
127 20
127 57
127 26
127 27
128 19
129 0
129 1
129 2
129 3
129 4
129 5
129 6
129 8
129 9
129 11
129 12
129 13
129 14
129 15
129 16
129 17
129 18
129 20
129 23
129 29
129 31
129 33
129 37
129 39
129 42
129 46
129 47
129 53
129 54
129 57
129 61
129 66
129 69
129 73
129 79
129 80
129 83
129 86
129 94
129 95
129 96
129 102
129 109
129 111
129 112
129 119
129 127
130 0
130 1
130 2
130 4
130 5
130 6
130 7
130 8
130 9
130 11
130 13
130 15
130 17
130 18
130 20
130 24
130 25
130 32
130 33
130 36
130 39
130 48
130 49
130 51
130 56
130 59
130 60
130 62
130 63
130 68
130 69
130 75
130 76
130 78
130 83
130 91
130 103
130 104
130 105
130 108
130 116
130 121
130 125
131 0
131 1
131 5
131 9
131 11
131 13
131 17
131 18
131 24
131 27
131 31
131 37
131 40
131 46
131 57
131 65
131 72
131 81
131 86
131 91
131 94
131 110
131 121
132 0
132 1
132 2
132 4
132 5
132 6
132 9
132 13
132 16
132 17
132 18
132 19
132 20
132 23
132 28
132 32
132 33
132 34
132 35
132 37
132 38
132 39
132 41
132 43
132 47
132 50
132 54
132 55
132 58
132 60
132 65
132 70
132 76
132 78
132 80
132 83
132 87
132 88
132 99
132 102
132 103
132 106
132 109
132 110
132 111
132 112
132 118
132 124
132 125
132 126
133 64
133 1
133 35
133 132
133 101
133 5
133 8
133 11
133 109
133 15
133 21
133 123
134 0
134 1
134 2
134 3
134 4
134 133
134 9
134 11
134 13
134 14
134 17
134 18
134 19
134 20
134 24
134 26
134 27
134 29
134 31
134 32
134 36
134 43
134 48
134 51
134 54
134 55
134 62
134 64
134 66
134 74
134 75
134 76
134 78
134 80
134 83
134 84
134 85
134 86
134 87
134 88
134 91
134 92
134 101
134 105
134 110
134 112
134 114
134 122
134 123
135 118
136 1
136 100
136 13
136 81
136 18
136 20
136 29
137 41
137 18
137 84
137 55
138 105
138 4
138 6
139 89
139 27
140 64
140 0
140 98
140 4
140 5
140 37
140 7
140 10
140 107
140 13
140 15
140 113
140 81
140 19
140 26
141 0
141 1
141 3
141 4
141 5
141 6
141 135
141 8
141 9
141 136
141 14
141 17
141 18
141 24
141 34
141 44
141 47
141 55
141 83
141 91
141 109
141 121
141 125
142 0
142 96
142 130
142 5
142 39
142 40
142 12
142 13
142 78
142 15
142 55
142 122
142 63
143 89
143 1
144 129
144 131
144 4
144 133
144 6
144 5
144 136
144 9
144 11
144 19
144 21
144 25
144 32
144 43
144 50
144 62
144 67
144 69
144 85
144 88
144 96
144 99
144 103
144 109
144 122
145 1
145 4
145 5
145 37
145 101
145 42
145 13
145 15
145 80
145 112
145 114
145 19
145 81
145 25
145 61
146 5
146 12
146 13
146 108
146 19
146 55
146 127
147 0
147 3
147 99
147 4
147 5
147 7
147 40
147 13
147 15
147 50
147 117
147 85
147 119
147 57
147 26
147 28
147 29
148 0
148 131
148 132
148 109
148 19
149 10
149 145
149 148
149 22
149 23
149 62
150 0
150 1
150 4
150 5
150 132
150 135
150 8
150 137
150 138
150 10
150 140
150 13
150 9
150 136
150 148
150 20
150 23
150 24
150 28
150 35
150 39
150 43
150 52
150 55
150 62
150 72
150 75
150 80
150 81
150 97
150 103
150 104
150 107
150 108
150 115
150 120
150 127
151 69
151 7
151 105
151 54
151 27
152 64
152 128
152 4
152 5
152 6
152 72
152 142
152 111
152 18
152 84
153 0
153 129
153 1
153 3
153 4
153 5
153 6
153 135
153 8
153 9
153 2
153 11
153 12
153 13
153 15
153 143
153 18
153 20
153 131
153 150
153 23
153 152
153 25
153 27
153 28
153 29
153 41
153 47
153 77
153 94
153 95
153 97
153 125
154 32
154 97
154 89
154 3
154 131
154 69
154 6
154 71
154 106
154 139
154 12
154 16
154 146
154 114
154 23
154 121
154 29
154 63
155 92
156 10
156 91
158 0
158 1
158 64
158 35
158 5
158 9
158 106
158 138
158 13
158 143
158 115
158 21
158 55
158 120
158 57
159 5
159 71
159 9
159 12
159 140
159 147
159 21
159 86
159 93
160 139
160 13
161 0
161 1
161 2
161 3
161 4
161 6
161 136
161 8
161 10
161 9
161 12
161 13
161 14
161 141
161 16
161 147
161 19
161 21
161 22
161 25
161 154
161 27
161 26
161 29
161 158
161 32
161 38
161 39
161 40
161 47
161 48
161 49
161 55
161 63
161 71
161 72
161 76
161 77
161 81
161 85
161 86
161 91
161 92
161 95
161 99
161 102
161 108
161 123
162 32
162 65
162 134
162 10
162 107
162 45
162 77
162 117
162 87
162 157
162 95
163 31
163 5
163 149
163 133
164 2
164 69
164 70
164 8
164 106
164 11
164 21
164 55
164 156
164 127
165 0
165 129
165 2
165 35
165 37
165 70
165 6
165 136
165 5
165 10
165 12
165 13
165 14
165 144
165 145
165 22
165 121
166 144
167 1
167 39
167 109
167 15
167 54
168 0
168 1
168 3
168 5
168 6
168 137
168 10
168 12
168 143
168 19
168 20
168 30
168 31
168 160
168 165
168 38
168 66
168 67
168 87
168 89
168 92
168 100
168 101
168 116
168 123
169 0
169 65
169 134
169 136
169 12
169 140
169 23
169 154
169 62
170 0
170 162
170 2
170 3
170 36
170 9
170 142
170 15
170 21
170 55
170 25
170 58
171 0
171 35
171 132
171 5
171 69
171 10
171 76
171 48
171 60
172 65
173 10
173 86
173 7
174 130
174 3
174 5
174 45
174 78
174 79
174 147
174 22
174 61
175 64
175 17
175 68
175 158
176 69
177 0
177 2
177 4
177 5
177 135
177 8
177 9
177 136
177 10
177 12
177 13
177 16
177 144
177 19
177 20
177 150
177 26
177 29
177 39
177 45
177 48
177 61
177 68
177 85
177 100
177 103
177 111
177 119
178 0
178 1
178 2
178 130
178 4
178 5
178 6
178 7
178 8
178 137
178 10
178 11
178 135
178 141
178 13
178 15
178 3
178 17
178 18
178 144
178 20
178 23
178 24
178 27
178 28
178 32
178 34
178 164
178 165
178 39
178 168
178 42
178 43
178 173
178 175
178 51
178 56
178 68
178 78
178 79
178 86
178 87
178 88
178 89
178 90
178 91
178 95
178 105
178 109
178 125
179 0
179 1
179 2
179 3
179 4
179 5
179 6
179 135
179 136
179 9
179 137
179 13
179 14
179 144
179 146
179 18
179 22
179 27
179 53
179 59
179 94
179 105
179 120
179 123
180 0
180 1
180 8
180 137
180 10
180 9
180 13
180 147
180 22
180 151
180 153
180 155
180 159
180 160
180 45
180 174
180 175
180 69
180 76
180 79
180 81
180 85
180 87
180 90
180 99
180 101
180 111
180 112
180 119
181 64
181 153
181 114
181 131
182 0
182 1
182 2
182 3
182 4
182 6
182 9
182 10
182 140
182 12
182 13
182 15
182 17
182 147
182 20
182 19
182 25
182 27
182 157
182 29
182 161
182 33
182 34
182 164
182 170
182 43
182 171
182 45
182 172
182 175
182 176
182 177
182 50
182 180
182 54
182 61
182 62
182 71
182 76
182 83
182 84
182 86
182 99
182 100
182 106
182 115
182 124
182 125
182 126
183 0
183 170
183 11
184 1
184 2
184 3
184 131
184 5
184 6
184 130
184 8
184 12
184 141
184 142
184 14
184 144
184 17
184 146
184 149
184 150
184 151
184 153
184 26
184 156
184 32
184 33
184 161
184 164
184 37
184 167
184 41
184 174
184 46
184 176
184 179
184 54
184 58
184 86
184 89
184 90
184 91
184 97
184 102
184 110
184 115
184 122
184 124
184 127
185 128
185 1
185 0
185 3
185 4
185 5
185 6
185 7
185 8
185 9
185 10
185 11
185 139
185 13
185 12
185 142
185 136
185 17
185 146
185 149
185 150
185 151
185 24
185 21
185 154
185 155
185 156
185 132
185 160
185 35
185 134
185 165
185 170
185 45
185 173
185 175
185 48
185 54
185 55
185 184
185 61
185 74
185 86
185 89
185 91
185 100
185 108
185 112
185 113
185 116
186 0
186 3
186 5
186 6
186 12
186 13
186 17
186 29
186 33
186 163
186 37
186 168
186 171
186 53
186 66
186 68
186 88
186 96
186 122
187 0
187 1
187 2
187 131
187 128
187 4
187 7
187 8
187 140
187 13
187 12
187 15
187 14
187 17
187 18
187 16
187 20
187 23
187 24
187 153
187 29
187 163
187 37
187 168
187 40
187 172
187 46
187 54
187 57
187 59
187 62
187 63
187 67
187 68
187 69
187 70
187 71
187 83
187 86
187 105
187 108
187 111
187 112
187 114
187 116
187 117
187 119
187 121
187 125
187 127
188 128
188 33
188 35
188 105
188 138
188 108
188 172
188 76
188 175
188 113
188 52
188 149
188 29
189 5
189 39
189 13
189 25
189 123
190 0
190 134
190 9
190 18
190 23
190 88
190 89
190 29
190 63
191 2
191 3
191 5
191 165
191 105
191 9
191 10
191 12
191 16
191 19
191 51
191 116
191 56
191 188
192 136
193 160
193 65
193 165
193 102
193 136
193 10
193 12
193 141
193 14
193 79
193 146
193 83
193 185
193 90
193 27
194 0
194 1
194 2
194 3
194 132
194 133
194 5
194 4
194 6
194 9
194 135
194 11
194 12
194 13
194 138
194 8
194 16
194 145
194 19
194 20
194 21
194 150
194 151
194 27
194 155
194 157
194 28
194 160
194 34
194 35
194 41
194 43
194 171
194 174
194 179
194 183
194 60
194 188
194 63
194 192
194 65
194 71
194 73
194 80
194 81
194 83
194 93
194 100
194 118
194 122
195 9
195 19
195 124
196 6
196 138
196 10
196 141
196 16
196 23
196 154
196 30
196 41
196 43
196 172
196 173
196 175
196 177
196 49
196 51
196 54
196 55
196 184
196 63
196 73
196 107
196 112
196 121
197 0
197 1
197 2
197 3
197 4
197 5
197 129
197 7
197 9
197 13
197 143
197 16
197 18
197 19
197 20
197 153
197 27
197 35
197 163
197 165
197 168
197 42
197 171
197 46
197 51
197 187
197 61
197 73
197 81
197 103
197 104
197 111
197 113
197 120
197 121
197 126
198 0
198 2
198 3
198 4
198 6
198 7
198 136
198 12
198 13
198 15
198 18
198 146
198 21
198 157
198 159
198 34
198 162
198 37
198 167
198 44
198 172
198 52
198 186
198 59
198 71
198 74
198 76
198 77
198 78
198 80
198 85
198 94
198 95
198 96
198 101
198 102
198 113
198 114
198 116
198 119
198 121
198 122
198 125
199 0
199 1
199 2
199 5
199 6
199 7
199 137
199 9
199 11
199 13
199 15
199 16
199 145
199 18
199 17
199 149
199 150
199 21
199 24
199 26
199 31
199 35
199 37
199 38
199 40
199 172
199 45
199 46
199 47
199 48
199 178
199 55
199 185
199 186
199 189
199 190
199 193
199 195
199 73
199 83
199 90
199 91
199 106
199 109
199 116
199 120
199 121
199 127
200 0
200 3
200 164
200 166
200 134
200 13
200 14
200 113
200 19
200 181
200 189
201 128
201 0
201 2
201 3
201 5
201 134
201 135
201 8
201 6
201 9
201 12
201 13
201 14
201 143
201 17
201 22
201 23
201 151
201 30
201 160
201 161
201 39
201 42
201 43
201 175
201 48
201 52
201 183
201 56
201 59
201 188
201 189
201 61
201 193
201 67
201 197
201 71
201 76
201 81
201 85
201 91
201 93
201 98
201 104
201 105
201 107
201 113
201 119
201 125
201 127
202 1
202 9
202 12
202 14
202 16
202 148
202 152
202 29
202 36
202 164
202 45
202 46
202 180
202 54
202 64
202 72
202 84
202 90
202 100
202 105
202 115
203 88
203 13
203 103
204 1
204 5
204 6
204 74
204 11
204 15
204 145
204 21
204 86
204 85
205 1
205 2
205 3
205 4
205 5
205 6
205 8
205 11
205 12
205 15
205 183
205 185
205 189
205 197
205 202
205 78
205 96
205 114
205 123
206 76
206 20
206 102
206 6
207 1
207 162
207 35
207 5
207 168
207 42
207 106
207 78
207 18
207 178
207 180
207 54
207 183
207 59
207 29
208 0
208 67
208 4
208 5
208 71
208 203
208 12
208 44
208 141
208 15
208 80
208 177
208 18
208 179
208 28
208 29
209 32
209 35
209 123
210 0
210 130
210 35
210 26
210 101
210 198
210 6
210 137
210 44
210 46
210 182
210 58
211 0
211 129
211 4
211 5
211 137
211 10
211 19
211 148
211 147
211 23
211 27
211 173
211 64
211 74
211 203
211 206
211 82
211 83
211 103
211 109
211 118
211 119
212 0
212 194
212 67
212 34
212 6
212 8
212 171
212 22
212 54
212 124
215 70
215 8
215 105
215 45
215 110
215 81
215 23
216 0
216 1
216 2
216 3
216 132
216 5
216 6
216 7
216 9
216 10
216 13
216 15
216 16
216 148
216 21
216 152
216 26
216 31
216 32
216 161
216 41
216 171
216 173
216 174
216 176
216 184
216 63
216 193
216 194
216 70
216 200
216 205
216 210
216 83
216 212
216 102
216 107
216 108
216 115
217 0
217 38
217 19
217 142
218 32
218 0
218 4
218 5
218 167
218 10
218 172
218 12
218 206
218 16
218 53
218 117
218 152
218 187
218 191
219 146
219 195
219 205
219 166
220 162
220 199
220 104
220 143
220 16
220 86
221 0
221 2
221 4
221 6
221 8
221 137
221 10
221 21
221 151
221 158
221 161
221 168
221 189
221 61
221 193
221 70
221 206
221 209
221 83
221 86
221 216
221 220
221 100
221 104
221 105
221 122
221 124
221 125
222 0
222 4
222 6
222 7
222 8
222 11
222 21
222 159
222 166
222 38
222 45
222 174
222 181
222 183
222 186
222 71
222 86
222 217
222 100
222 107
223 152
223 164
224 33
224 67
224 9
224 76
224 12
224 86
224 90
224 127
226 2
226 163
226 6
226 103
226 14
226 18
226 186
226 123
226 92
226 30
227 1
227 194
227 3
227 6
227 39
227 7
227 110
227 207
227 79
227 178
227 86
227 183
227 25
227 220
227 190
227 31
228 94
228 14
229 160
229 5
229 167
229 53
229 123
230 0
230 5
230 9
230 48
230 84
230 86
230 23
230 87
231 0
231 1
231 2
231 4
231 5
231 6
231 8
231 137
231 9
231 139
231 11
231 13
231 10
231 12
231 138
231 19
231 20
231 21
231 151
231 24
231 156
231 160
231 161
231 32
231 33
231 165
231 169
231 179
231 182
231 183
231 57
231 207
231 212
231 97
231 226
231 227
231 103
231 123
232 0
232 2
232 3
232 5
232 133
232 136
232 8
232 9
232 11
232 12
232 13
232 143
232 18
232 147
232 148
232 21
232 23
232 25
232 155
232 28
232 32
232 160
232 33
232 36
232 37
232 39
232 169
232 170
232 46
232 53
232 54
232 57
232 189
232 64
232 67
232 195
232 70
232 209
232 211
232 213
232 86
232 223
232 98
232 99
232 102
232 103
232 108
232 114
232 122
232 126
233 194
234 0
234 2
234 3
234 4
234 11
234 140
234 12
234 16
234 21
234 22
234 156
234 160
234 36
234 62
234 191
234 76
234 204
234 210
234 214
234 101
234 112
235 5
235 177
235 148
235 55
235 217
235 58
235 157
236 4
236 6
236 8
236 107
236 108
236 178
236 212
237 0
237 1
237 2
237 3
237 6
237 9
237 13
237 147
237 20
237 25
237 29
237 31
237 164
237 47
237 58
237 60
237 211
237 93
237 233
237 235
237 110
238 0
238 2
238 3
238 4
238 5
238 6
238 11
238 12
238 140
238 13
238 17
238 18
238 21
238 155
238 27
238 34
238 165
238 44
238 52
238 183
238 60
238 61
238 63
238 198
238 204
238 81
238 83
238 219
238 93
238 222
238 224
238 225
238 105
238 107
238 237
238 110
238 121
238 122
239 0
239 1
239 130
239 4
239 5
239 6
239 8
239 9
239 138
239 137
239 15
239 17
239 21
239 23
239 152
239 155
239 30
239 159
239 163
239 36
239 38
239 169
239 43
239 172
239 47
239 182
239 55
239 183
239 58
239 59
239 190
239 192
239 64
239 196
239 199
239 203
239 207
239 214
239 226
239 228
239 103
239 104
239 237
239 110
239 115
240 0
240 33
240 4
240 5
240 102
240 230
240 8
240 20
240 85
240 24
240 58
240 62
240 223
241 0
241 3
241 7
241 234
241 44
241 13
241 207
242 5
242 6
242 135
242 9
242 10
242 13
242 15
242 17
242 18
242 20
242 153
242 167
242 41
242 56
242 192
242 71
242 80
242 213
242 221
242 235
242 115
242 116
242 126
243 0
243 113
243 65
243 191
244 0
244 204
244 13
244 76
244 175
244 48
244 17
244 47
244 19
244 26
244 189
244 127
245 194
245 3
245 227
245 206
245 80
245 241
245 23
246 0
246 33
246 227
246 36
246 132
246 134
246 199
246 5
246 105
246 133
246 13
246 142
246 18
246 149
246 25
246 189
247 233
247 42
247 6
247 231
248 52
248 236
248 95
249 0
249 1
249 2
249 131
249 4
249 5
249 6
249 3
249 136
249 11
249 12
249 13
249 17
249 21
249 25
249 160
249 33
249 37
249 40
249 41
249 178
249 51
249 52
249 183
249 56
249 55
249 68
249 205
249 78
249 209
249 82
249 211
249 94
249 224
249 225
249 99
249 230
249 116
250 49
250 235
251 4
251 102
251 199
251 40
251 167
251 230
251 13
251 113
251 22
251 56
251 29
252 24
252 248
252 219
252 164
253 136
254 75
255 154
255 27
255 62
256 128
256 1
256 0
256 3
256 4
256 5
256 135
256 9
256 11
256 13
256 14
256 143
256 21
256 150
256 29
256 164
256 168
256 179
256 52
256 61
256 190
256 195
256 201
256 93
256 104
256 237
256 238
256 110
256 113
256 127
257 9
257 13
257 208
257 23
257 123
258 0
258 257
258 2
258 3
258 4
258 5
258 132
258 8
258 9
258 138
258 13
258 15
258 144
258 16
258 18
258 19
258 152
258 25
258 29
258 35
258 169
258 46
258 60
258 189
258 66
258 198
258 72
258 76
258 79
258 211
258 212
258 93
258 98
258 102
258 104
258 237
258 110
258 240
258 242
258 244
258 245
258 118
258 246
258 122
258 125
259 0
259 1
259 5
259 135
259 137
259 12
259 142
259 178
259 51
259 180
259 119
259 152
259 186
260 2
260 3
260 5
260 71
260 107
260 178
260 85
260 86
260 90
261 0
261 161
261 2
261 4
261 5
261 8
261 168
261 42
261 78
261 238
261 15
261 121
261 157
262 0
262 67
262 6
262 39
262 77
262 208
262 209
262 82
262 186
262 252
262 126
263 0
263 5
263 11
263 18
263 19
263 148
263 21
263 23
263 30
263 162
263 169
263 44
263 56
263 67
263 68
263 80
263 89
263 221
263 222
263 116
263 122
264 0
264 2
264 6
264 71
264 15
265 105
265 12
265 13
265 19
265 53
265 118
265 245
266 0
266 257
266 2
266 3
266 4
266 5
266 6
266 9
266 10
266 11
266 12
266 18
266 19
266 148
266 21
266 24
266 28
266 166
266 176
266 49
266 58
266 68
266 197
266 70
266 203
266 80
266 212
266 84
266 86
266 98
266 102
266 107
266 245
266 246
267 0
267 257
267 1
267 4
267 261
267 6
267 5
267 8
267 9
267 266
267 12
267 13
267 19
267 150
267 24
267 162
267 167
267 43
267 172
267 45
267 53
267 55
267 186
267 62
267 196
267 69
267 198
267 199
267 72
267 77
267 85
267 216
267 90
267 91
267 218
267 95
267 99
267 234
267 114
267 115
267 244
267 248
267 122
267 126
268 0
268 1
268 130
268 3
268 132
268 5
268 6
268 8
268 137
268 265
268 9
268 13
268 15
268 144
268 150
268 22
268 153
268 29
268 161
268 41
268 43
268 173
268 181
268 182
268 184
268 185
268 187
268 73
268 80
268 96
268 236
268 242
268 118
269 0
269 5
269 6
269 230
269 42
269 16
269 56
269 249
270 1
270 4
270 133
270 13
270 15
270 17
270 21
270 24
270 25
270 152
270 159
270 163
270 165
270 41
270 178
270 51
270 197
270 73
270 88
270 98
270 228
270 232
270 117
271 0
271 5
271 134
271 231
271 41
271 13
271 47
271 242
271 24
271 126
272 96
272 99
272 78
272 175
272 208
272 113
272 176
272 20
272 152
272 217
273 24
273 186
273 21
274 0
274 225
274 3
274 259
274 69
274 70
274 6
274 99
274 41
274 9
274 42
274 15
274 159
275 184
275 162
275 10
276 5
276 6
276 12
276 273
276 186
276 29
277 0
277 1
277 3
277 4
277 5
277 262
277 7
277 8
277 266
277 13
277 19
277 154
277 155
277 27
277 30
277 162
277 36
277 164
277 168
277 42
277 47
277 183
277 193
277 200
277 207
277 86
277 233
277 239
277 255
278 92
278 230
278 7
279 249
280 240
281 0
281 1
281 2
281 3
281 4
281 5
281 262
281 6
281 136
281 9
281 267
281 12
281 11
281 13
281 142
281 16
281 17
281 15
281 152
281 25
281 24
281 27
281 30
281 160
281 161
281 162
281 40
281 43
281 179
281 61
281 82
281 211
281 90
281 93
281 222
281 223
281 96
281 227
281 109
281 243
281 116
281 120
282 0
282 2
282 6
282 13
282 271
282 276
282 119
282 24
282 25
282 92
282 31
283 215
283 164
283 265
283 74
283 247
283 280
283 282
283 31
284 0
284 256
284 3
284 260
284 8
284 13
284 15
284 19
284 21
284 23
284 153
284 32
284 33
284 165
284 61
284 64
284 67
284 210
284 83
284 93
284 222
284 98
284 99
284 105
284 107
285 0
285 130
285 4
285 6
285 263
285 11
285 17
285 18
285 276
285 20
285 150
285 24
285 26
285 163
285 52
285 195
285 202
285 76
285 83
285 85
285 214
285 101
285 239
285 120
285 122
285 123
285 252
286 0
286 12
286 45
286 209
286 18
286 59
287 0
287 160
287 3
287 4
287 261
287 5
287 11
287 44
287 12
287 15
287 211
287 83
287 85
287 248
287 285
287 190
287 29
287 94
288 0
288 1
288 2
288 3
288 131
288 6
288 7
288 142
288 24
288 281
288 157
288 43
288 173
288 45
288 175
288 181
288 63
288 64
288 81
288 210
288 89
288 234
289 2
289 131
289 4
289 5
289 215
289 76
289 173
289 141
289 239
289 46
289 211
289 21
289 151
289 282
289 220
289 62
290 0
290 5
291 0
291 1
291 258
291 3
291 4
291 5
291 262
291 8
291 266
291 11
291 142
291 146
291 147
291 20
291 151
291 281
291 27
291 284
291 43
291 49
291 76
291 77
291 80
291 93
291 221
291 105
291 106
291 107
291 123
291 254
291 127
292 0
292 98
292 227
292 196
292 4
292 232
292 146
292 20
292 184
292 24
292 26
292 286
293 73
293 25
293 187
293 124
293 93
294 193
294 37
294 6
294 170
294 107
294 13
294 179
294 23
295 99
296 201
296 234
297 0
297 129
297 2
297 259
297 5
297 140
297 15
297 147
297 38
297 54
297 55
297 56
297 193
297 84
297 87
297 219
297 105
297 235
297 236
297 110
297 122
297 126
299 0
299 8
299 10
299 12
299 18
299 22
299 278
299 223
300 160
300 225
300 128
300 3
300 101
300 5
300 6
300 229
300 267
300 19
300 150
301 207
302 0
302 1
302 2
302 3
302 4
302 5
302 262
302 135
302 131
302 8
302 10
302 267
302 12
302 13
302 6
302 11
302 16
302 144
302 17
302 146
302 15
302 23
302 281
302 132
302 157
302 287
302 7
302 38
302 44
302 186
302 187
302 190
302 66
302 69
302 73
302 202
302 76
302 77
302 84
302 212
302 214
302 88
302 95
302 249
302 102
302 104
302 114
302 119
302 121
302 122
303 240
303 65
303 4
303 1
304 0
304 167
304 204
304 205
304 13
305 4
305 21
305 23
305 248
305 249
306 8
306 0
306 99
306 110
308 0
308 2
308 3
308 6
308 8
308 9
308 13
308 15
308 19
308 29
308 31
308 173
308 176
308 305
308 54
308 62
308 99
308 230
308 108
308 122
309 0
309 1
309 258
309 3
309 4
309 5
309 262
309 6
309 8
309 10
309 267
309 11
309 13
309 143
309 16
309 17
309 274
309 18
309 21
309 281
309 25
309 155
309 286
309 31
309 287
309 35
309 293
309 41
309 303
309 54
309 58
309 61
309 66
309 195
309 69
309 198
309 76
309 204
309 77
309 86
309 87
309 220
309 96
309 103
309 113
309 243
309 244
309 116
309 122
309 255
310 227
310 13
310 71
310 79
311 0
311 225
311 257
311 291
311 5
311 230
311 133
311 234
311 235
311 12
311 15
311 305
311 20
311 213
311 183
311 122
312 0
312 2
312 6
312 7
312 8
312 12
312 35
312 40
312 300
312 176
312 53
312 58
312 203
312 92
312 231
312 109
312 242
312 245
312 122
312 251
313 0
313 5
313 8
313 9
313 266
313 13
313 14
313 15
313 148
313 21
313 149
313 151
313 23
313 154
313 157
313 286
313 185
313 190
313 67
313 197
313 72
313 78
313 81
313 216
313 91
313 220
313 105
313 121
314 5
314 262
314 104
314 16
314 145
314 21
314 26
314 155
315 160
315 312
315 260
315 205
315 24
316 0
316 5
316 166
316 275
316 148
316 126
317 128
317 0
317 129
317 9
317 146
317 20
317 282
317 155
317 161
317 42
317 44
317 174
317 175
317 308
317 71
317 79
317 233
317 118
317 249
318 0
318 2
318 133
318 6
318 8
318 277
318 24
318 169
318 48
318 180
318 181
318 313
318 315
318 59
318 65
318 195
318 76
318 77
318 79
318 212
318 220
318 227
318 233
318 109
318 122
319 176
319 1
319 108
320 0
320 36
320 229
320 6
320 43
320 113
320 18
321 0
321 3
321 260
321 5
321 6
321 4
321 8
321 11
321 12
321 13
321 15
321 20
321 280
321 27
321 156
321 161
321 37
321 296
321 41
321 300
321 46
321 302
321 304
321 47
321 307
321 183
321 55
321 313
321 64
321 192
321 83
321 216
321 91
321 227
321 126
322 0
322 3
322 259
322 263
322 140
322 13
322 15
322 16
322 17
322 145
322 25
322 31
322 299
322 46
322 188
322 61
322 190
322 62
322 207
322 95
322 108
322 237
322 116
322 120
322 121
323 0
323 1
323 2
323 3
323 4
323 261
323 6
323 7
323 5
323 9
323 10
323 11
323 8
323 13
323 270
323 15
323 16
323 144
323 18
323 146
323 21
323 151
323 24
323 26
323 27
323 286
323 35
323 36
323 163
323 168
323 41
323 170
323 48
323 176
323 305
323 185
323 193
323 200
323 74
323 207
323 86
323 91
323 98
323 100
323 229
323 234
323 112
323 241
323 115
323 252
324 0
324 257
324 2
324 259
324 5
324 6
324 267
324 13
324 142
324 16
324 18
324 19
324 152
324 156
324 157
324 187
324 322
324 195
324 87
324 218
324 241
325 0
325 108
325 270
325 272
325 54
325 215
325 122
326 34
326 3
326 6
326 8
326 203
326 12
326 144
326 17
326 52
326 30
326 28
326 285
326 254
327 192
327 0
327 3
327 4
327 259
327 6
327 7
327 8
327 201
327 5
327 82
327 18
327 51
327 279
327 91
327 223
328 5
329 3
329 292
329 5
329 102
329 297
329 266
329 175
329 147
329 55
329 24
329 218
329 252
330 4
330 11
330 15
330 16
330 281
330 160
330 39
330 42
330 49
330 181
330 310
330 183
330 312
330 61
330 81
330 212
330 101
330 117
330 246
331 320
331 0
331 130
332 0
332 259
332 11
332 272
332 21
332 283
332 294
332 39
332 304
332 49
332 310
332 84
332 88
332 217
332 91
332 223
332 225
332 226
332 229
332 245
332 246
332 119
332 248
333 1
333 4
333 5
333 8
333 104
333 236
333 237
333 14
333 147
333 212
333 20
333 150
333 218
334 0
334 1
334 130
334 2
334 5
334 6
334 8
334 9
334 11
334 269
334 141
334 15
334 143
334 13
334 21
334 150
334 23
334 22
334 285
334 35
334 294
334 298
334 300
334 49
334 306
334 310
334 183
334 59
334 188
334 320
334 193
334 71
334 327
334 331
334 205
334 77
334 79
334 85
334 91
334 103
334 236
334 113
334 114
334 243
334 122
334 124
335 262
336 10
336 74
336 334
336 249
336 283
337 0
337 33
337 196
337 4
337 326
337 5
337 8
337 137
337 107
337 301
337 94
337 188
337 222
337 62
338 0
338 267
338 211
338 23
338 121
339 0
339 136
339 9
339 13
339 17
339 21
339 27
339 31
339 39
339 315
339 318
339 325
339 326
339 73
339 81
339 338
339 214
339 223
339 242
340 0
340 1
340 4
340 5
340 9
340 12
340 15
340 23
340 165
340 294
340 298
340 173
340 47
340 48
340 61
340 196
340 86
340 93
340 103
340 241
340 118
341 104
341 6
342 0
342 65
342 5
342 6
342 9
342 108
342 15
342 143
342 271
342 51
342 340
343 0
343 162
343 2
343 4
343 5
343 6
343 75
343 203
343 111
343 245
343 24
344 65
344 6
344 167
344 328
344 8
344 268
344 44
345 0
345 1
345 2
345 3
345 131
345 5
345 134
345 8
345 9
345 10
345 139
345 12
345 13
345 270
345 144
345 274
345 20
345 23
345 279
345 158
345 286
345 288
345 34
345 164
345 43
345 172
345 173
345 45
345 48
345 311
345 56
345 187
345 324
345 326
345 211
345 90
345 92
345 94
345 238
345 111
345 252
346 0
346 1
346 2
346 3
346 5
346 6
346 10
346 11
346 13
346 278
346 280
346 24
346 32
346 39
346 295
346 45
346 47
346 180
346 59
346 208
346 95
346 101
346 235
346 239
346 249
346 124
347 160
347 0
347 226
347 3
347 2
347 5
347 166
347 6
347 330
347 13
347 110
347 207
347 145
347 309
347 54
347 151
347 26
347 126
348 0
348 4
348 5
348 6
348 133
348 8
348 271
348 16
348 24
348 284
348 42
348 177
348 187
348 315
348 64
348 323
348 68
348 251
348 254
349 0
349 130
349 5
349 11
349 183
349 151
349 120
349 253
349 190
350 0
350 1
350 2
350 4
350 5
350 6
350 260
350 8
350 9
350 10
350 267
350 11
350 12
350 15
350 149
350 278
350 280
350 294
350 40
350 297
350 174
350 48
350 56
350 185
350 314
350 57
350 203
350 333
350 334
350 79
350 78
350 84
350 342
350 344
350 99
350 240
350 116
350 125
351 256
351 161
351 2
351 229
351 103
351 7
351 104
351 9
351 106
351 45
351 270
351 15
351 79
351 335
351 175
351 341
351 182
351 125
352 0
352 1
352 259
352 3
352 10
352 146
352 153
352 282
352 286
352 40
352 43
352 173
352 181
352 186
352 65
352 231
352 103
352 244
352 118
352 119
353 128
353 0
353 258
353 3
353 4
353 5
353 1
353 8
353 136
353 13
353 17
353 19
353 21
353 24
353 283
353 291
353 293
353 168
353 309
353 53
353 61
353 319
353 325
353 329
353 74
353 75
353 211
353 226
353 243
353 125
354 99
354 72
354 54
354 344
354 24
355 0
355 2
355 3
355 5
355 6
355 143
355 271
355 19
355 21
355 282
355 155
355 35
355 297
355 311
355 61
355 62
355 79
355 336
355 83
355 87
355 354
355 107
355 119
355 252
355 254
356 293
356 91
356 5
357 0
357 4
357 5
357 300
357 270
357 124
358 0
358 225
358 138
358 11
358 18
358 21
359 0
359 1
359 2
359 3
359 4
359 5
359 8
359 11
359 12
359 15
359 17
359 19
359 149
359 21
359 25
359 26
359 158
359 286
359 32
359 164
359 165
359 294
359 293
359 39
359 37
359 302
359 176
359 307
359 310
359 55
359 57
359 317
359 63
359 67
359 203
359 79
359 80
359 338
359 341
359 217
359 225
359 100
359 229
359 231
359 109
359 116
359 247
359 120
359 125
359 255
360 0
360 1
360 131
360 4
360 5
360 6
360 135
360 8
360 9
360 12
360 270
360 22
360 281
360 25
360 27
360 29
360 30
360 297
360 55
360 314
360 317
360 329
360 334
360 86
360 346
360 91
360 92
360 350
360 239
361 0
361 160
361 356
361 5
361 262
361 40
361 9
361 42
361 13
361 111
361 48
361 80
361 83
361 148
361 344
361 185
361 157
361 24
362 2
362 4
362 6
362 136
362 272
362 20
362 283
362 36
362 46
362 55
362 58
362 72
362 330
362 204
362 84
362 348
362 96
362 230
362 251
363 0
363 2
363 4
363 133
363 147
363 117
363 213
363 119
363 313
363 218
363 59
363 343
364 0
364 1
364 2
364 260
364 5
364 6
364 7
364 8
364 265
364 10
364 13
364 16
364 273
364 17
364 20
364 277
364 150
364 23
364 25
364 29
364 288
364 34
364 47
364 49
364 311
364 314
364 190
364 194
364 195
364 326
364 74
364 75
364 79
364 80
364 338
364 340
364 86
364 343
364 342
364 91
364 227
364 234
364 252
364 253
365 354
365 132
365 4
365 70
365 6
365 104
365 74
365 308
365 31
365 63
366 224
366 67
366 201
366 332
366 145
366 212
366 121
367 0
367 290
367 93
368 0
368 5
368 6
368 138
368 139
368 12
368 18
368 149
368 21
368 32
368 37
368 294
368 306
368 178
368 182
368 57
368 322
368 323
368 334
368 95
368 101
368 237
368 243
369 5
369 6
369 8
369 139
369 17
369 19
369 151
369 152
369 281
369 31
369 44
369 301
369 190
369 212
369 85
369 342
369 97
369 99
369 111
369 124
370 257
370 2
370 5
370 73
370 169
370 76
370 281
372 0
372 3
372 4
372 6
372 7
372 8
372 266
372 12
372 13
372 142
372 277
372 21
372 23
372 281
372 31
372 297
372 42
372 304
372 49
372 310
372 187
372 81
372 82
372 221
372 102
372 364
372 252
374 0
374 257
374 3
374 4
374 5
374 36
374 71
374 104
374 6
374 12
374 13
374 204
374 112
374 145
374 340
374 86
374 215
374 152
375 0
375 130
375 5
375 6
375 8
375 10
375 139
375 141
375 13
375 15
375 269
375 18
375 19
375 22
375 151
375 24
375 32
375 289
375 33
375 292
375 293
375 294
375 300
375 172
375 46
375 175
375 301
375 179
375 181
375 312
375 316
375 321
375 194
375 324
375 325
375 328
375 75
375 76
375 212
375 219
375 349
375 221
375 96
375 353
375 235
375 239
375 120
375 249
375 122
375 255
376 0
376 1
376 34
376 3
376 5
376 6
376 199
376 15
376 217
377 54
377 11
377 86
377 7
378 0
378 35
378 5
378 229
378 6
378 9
378 10
378 12
378 77
378 335
378 80
378 273
378 371
378 147
378 148
378 150
378 250
378 286
379 0
379 1
379 259
379 5
379 6
379 8
379 137
379 10
379 11
379 13
379 270
379 15
379 16
379 269
379 18
379 24
379 292
379 165
379 44
379 66
379 73
379 79
379 238
379 374
379 377
380 0
380 321
380 353
380 5
380 326
380 166
380 335
380 18
380 181
380 213
380 26
380 28
381 0
381 1
381 2
381 3
381 4
381 5
381 6
381 8
381 9
381 136
381 268
381 12
381 13
381 15
381 17
381 21
381 152
381 281
381 283
381 158
381 31
381 160
381 163
381 42
381 45
381 303
381 305
381 49
381 181
381 55
381 312
381 58
381 187
381 188
381 61
381 62
381 65
381 195
381 71
381 72
381 200
381 82
381 345
381 101
381 357
381 103
381 240
381 125
381 124
381 253
382 62
383 320
383 4
383 357
383 9
383 11
383 173
383 13
383 79
383 113
383 242
383 29
384 0
384 3
384 5
384 6
384 266
384 13
384 142
384 24
384 159
384 293
384 167
384 49
384 55
384 193
384 335
384 343
384 103
384 244
384 247
385 0
385 4
385 6
385 7
385 262
385 9
385 20
385 21
385 23
385 28
385 38
385 302
385 191
385 196
385 75
385 77
385 88
385 218
385 95
385 96
385 354
385 107
385 108
385 109
385 364
385 244
385 245
385 118
385 122
385 253
386 9
386 59
386 76
387 0
387 4
387 6
387 8
387 268
387 13
387 16
387 17
387 19
387 21
387 283
387 27
387 183
387 314
387 196
387 201
387 331
387 343
387 361
387 236
387 240
387 118
387 374
387 378
388 0
388 64
388 5
388 262
388 71
388 9
388 271
388 82
388 242
388 376
388 285
388 30
389 160
389 139
389 269
389 271
389 15
389 49
389 25
389 123
390 200
390 89
391 0
391 1
391 2
391 388
391 5
391 4
391 8
391 9
391 10
391 13
391 273
391 276
391 24
391 295
391 47
391 176
391 54
391 62
391 190
391 80
391 215
391 344
391 348
391 351
391 359
391 361
391 371
391 243
391 378
391 127
392 1
392 2
392 18
393 3
393 5
393 140
393 274
393 57
393 95
394 202
394 111
394 210
394 123
394 319
395 0
395 1
395 3
395 4
395 5
395 6
395 8
395 9
395 14
395 15
395 18
395 20
395 21
395 149
395 153
395 293
395 165
395 171
395 43
395 311
395 192
395 65
395 195
395 69
395 73
395 82
395 83
395 96
395 357
395 102
395 364
396 224
396 194
396 386
396 4
396 5
396 9
396 235
396 76
396 236
396 173
396 142
396 12
396 17
396 276
396 122
396 61
396 94
397 0
397 3
397 4
397 5
397 131
397 6
397 8
397 267
397 140
397 141
397 13
397 16
397 20
397 27
397 173
397 306
397 58
397 321
397 195
397 72
397 212
397 89
397 94
397 240
398 393
398 209
398 121
398 6
399 352
399 33
399 2
399 64
399 0
399 6
399 8
399 265
399 10
399 361
399 273
399 338
399 369
399 283
399 156
400 0
400 2
400 6
400 327
400 200
400 265
400 392
400 339
400 54
400 214
400 25
400 251
400 318
401 0
401 1
401 3
401 5
401 6
401 7
401 391
401 9
401 10
401 140
401 13
401 269
401 274
401 18
401 280
401 159
401 294
401 313
401 191
401 327
401 331
401 206
401 334
401 343
401 357
401 239
401 125
402 0
402 1
402 384
402 3
402 4
402 5
402 6
402 7
402 8
402 9
402 388
402 13
402 141
402 15
402 32
402 290
402 163
402 41
402 42
402 301
402 175
402 183
402 312
402 187
402 315
402 66
402 195
402 330
402 349
402 357
402 111
402 369
402 244
402 375
402 381
404 385
404 258
404 3
404 4
404 37
404 389
404 198
404 6
404 9
404 266
404 11
404 76
404 137
404 13
404 145
404 211
404 377
405 15
406 0
406 4
406 138
406 203
406 13
406 78
406 206
406 301
406 339
406 83
406 59
406 94
407 5
407 392
407 337
407 21
407 312
408 0
408 6
408 15
408 338
408 308
409 0
409 1
409 4
409 391
409 147
409 52
409 155
410 352
410 0
410 3
410 6
410 71
410 8
410 167
410 11
410 363
410 334
410 117
410 376
410 29
410 222
410 31
411 2
411 6
411 298
411 235
411 13
411 278
412 385
412 5
412 390
412 8
412 10
412 15
412 24
412 153
412 26
412 298
412 44
412 49
412 326
412 201
412 336
412 98
412 227
412 229
412 359
412 234
413 0
413 353
413 130
413 1
413 260
413 6
413 401
413 218
414 410
415 0
415 2
415 131
415 4
415 5
415 6
415 388
415 12
415 13
415 399
415 16
415 15
415 144
415 287
415 293
415 45
415 183
415 193
415 335
415 339
415 86
415 91
415 114
416 10
416 11
416 217
416 29
416 62
417 292
417 228
417 296
417 73
417 83
417 23
417 153
417 286
417 255
418 194
418 387
418 5
418 39
418 8
418 9
418 13
418 271
418 112
418 113
418 210
418 179
418 16
418 246
418 248
418 25
418 124
419 0
419 38
419 12
419 310
419 182
419 95
420 124
421 5
421 359
421 9
421 344
421 157
421 94
421 127
422 0
422 3
422 260
422 5
422 6
422 4
422 8
422 10
422 268
422 12
422 13
422 17
422 18
422 20
422 277
422 24
422 152
422 26
422 164
422 41
422 302
422 304
422 181
422 54
422 55
422 185
422 188
422 320
422 322
422 328
422 81
422 338
422 84
422 217
422 349
422 352
422 227
422 228
422 359
422 110
422 111
422 242
422 121
423 256
423 128
423 356
423 357
423 262
423 294
423 168
423 102
423 10
423 171
423 41
423 143
423 91
423 348
423 159
424 64
424 0
424 5
424 358
424 6
424 101
424 200
424 13
424 238
424 175
424 15
424 17
424 79
424 148
424 154
424 29
424 30
425 224
425 0
425 2
425 5
425 73
425 107
425 124
425 17
425 21
425 25
425 26
425 187
425 284
425 285
425 190
426 158
426 198
426 303
427 0
427 161
427 137
427 365
427 271
427 148
427 181
427 86
428 0
428 258
428 3
428 4
428 6
428 8
428 13
428 144
428 19
428 21
428 290
428 305
428 62
428 67
428 326
428 203
428 81
428 213
428 352
428 118
428 250
429 336
429 188
430 0
430 8
430 183
430 122
430 284
431 1
431 258
431 5
431 199
431 334
432 6
432 123
432 397
432 179
432 211
432 283
432 381
432 255
433 0
433 2
433 3
433 4
433 5
433 387
433 7
433 8
433 9
433 6
433 139
433 13
433 269
433 15
433 147
433 405
433 406
433 23
433 407
433 26
433 155
433 28
433 29
433 285
433 288
433 422
433 43
433 45
433 303
433 305
433 182
433 59
433 60
433 61
433 320
433 68
433 329
433 76
433 204
433 82
433 86
433 219
433 92
433 351
433 355
433 356
433 108
433 238
433 367
433 247
434 121
435 4
435 5
435 267
435 12
435 13
435 398
435 397
435 110
435 86
435 55
435 284
436 237
436 5
436 414
437 0
437 2
437 4
437 389
437 6
437 5
437 136
437 10
437 12
437 13
437 271
437 145
437 18
437 21
437 278
437 23
437 22
437 26
437 158
437 415
437 34
437 421
437 169
437 46
437 304
437 50
437 51
437 180
437 52
437 54
437 58
437 187
437 59
437 325
437 69
437 70
437 73
437 77
437 79
437 345
437 352
437 228
437 360
437 233
437 364
437 111
437 370
437 373
437 379
437 383
438 206
438 231
439 192
439 4
439 49
439 52
439 342
439 150
439 286
439 127
440 0
440 387
440 4
440 5
440 9
440 16
440 19
440 275
440 28
440 412
440 293
440 175
440 69
440 87
440 91
440 353
440 355
440 235
440 369
440 124
441 0
441 1
441 226
441 69
441 262
441 328
441 74
441 363
441 368
441 209
441 402
441 432
441 61
441 23
441 57
441 315
441 29
441 375
442 160
442 0
442 8
442 82
442 371
442 55
442 88
442 24
443 288
443 2
443 5
443 293
443 427
443 147
444 6
444 330
444 110
444 339
444 372
444 404
444 308
444 191
445 225
445 418
445 3
445 6
445 272
446 135
446 350
446 6
447 0
447 1
447 3
447 69
447 8
447 270
447 111
447 185
447 27
447 221
448 0
448 5
448 314
448 55
448 122
449 0
449 1
449 6
449 105
449 369
450 0
450 4
450 5
450 325
450 6
450 7
450 41
450 351
450 331
450 214
450 25
450 443
450 124
450 445
450 446
450 95
451 0
451 1
451 2
451 3
451 132
451 5
451 6
451 261
451 8
451 4
451 10
451 139
451 395
451 12
451 142
451 13
451 144
451 15
451 16
451 19
451 397
451 277
451 406
451 17
451 153
451 27
451 288
451 165
451 297
451 427
451 9
451 435
451 185
451 61
451 319
451 73
451 74
451 206
451 213
451 349
451 356
451 101
451 231
451 106
451 365
451 366
451 369
451 379
451 372
451 251
452 0
452 4
452 5
452 326
452 200
452 202
452 108
452 13
452 78
452 79
452 111
452 429
452 115
452 25
453 300
454 4
455 0
455 1
455 2
455 3
455 4
455 5
455 6
455 8
455 264
455 12
455 13
455 398
455 17
455 23
455 279
455 153
455 160
455 166
455 425
455 43
455 301
455 430
455 174
455 176
455 436
455 55
455 184
455 186
455 189
455 190
455 320
455 448
455 64
455 324
455 82
455 339
455 218
455 219
455 94
455 226
455 231
455 104
455 105
455 241
455 123
456 0
456 1
456 143
456 55
456 153
457 98
458 293
458 5
458 262
458 361
458 297
458 300
458 13
458 113
458 146
458 49
458 440
458 380
458 318
458 447
459 32
459 356
459 4
459 293
459 6
459 200
459 136
459 202
459 11
459 204
459 13
459 319
459 16
459 49
459 31
460 0
460 194
460 101
460 265
460 138
460 9
460 268
460 108
460 13
460 79
460 273
460 20
460 248
460 188
460 286
460 351
461 166
461 146
461 275
461 253
461 317
463 0
463 1
463 4
463 5
463 6
463 137
463 10
463 11
463 12
463 13
463 15
463 23
463 26
463 156
463 413
463 41
463 430
463 50
463 178
463 183
463 56
463 440
463 314
463 187
463 67
463 326
463 71
463 198
463 72
463 202
463 75
463 334
463 79
463 81
463 338
463 350
463 95
463 97
463 100
463 101
463 230
463 249
463 377
463 234
463 239
463 112
463 241
463 242
463 121
463 252
464 56
464 161
464 180
464 437
465 0
465 225
465 416
465 35
465 6
465 422
465 456
465 361
465 313
465 299
465 14
465 335
465 114
465 118
465 441
465 380
465 159
466 0
466 416
466 344
466 100
466 69
466 5
466 9
466 11
466 13
466 109
466 238
466 80
466 435
466 119
466 439
466 151
466 349
466 62
467 0
467 1
467 4
467 5
467 294
467 7
467 69
467 74
467 15
467 239
467 369
467 21
467 91
467 287
468 68
468 6
468 245
468 249
468 317
468 30
469 417
469 100
469 69
469 6
469 330
470 0
470 450
470 131
470 418
470 5
470 3
470 328
470 8
470 171
470 437
470 312
470 24
470 220
470 93
471 0
471 1
471 5
471 390
471 6
471 263
471 9
471 10
471 13
471 145
471 23
471 412
471 414
471 293
471 167
471 46
471 184
471 446
471 65
471 329
471 204
471 461
471 338
471 91
471 94
471 100
471 233
471 243
471 245
471 120
472 0
472 1
472 256
472 3
472 4
472 5
472 6
472 2
472 8
472 264
472 138
472 11
472 12
472 13
472 270
472 15
472 9
472 18
472 20
472 21
472 23
472 408
472 24
472 154
472 423
472 41
472 47
472 432
472 305
472 178
472 184
472 185
472 315
472 62
472 452
472 82
472 216
472 91
472 94
472 223
472 232
472 111
472 370
472 246
473 458
473 12
474 48
474 314
474 333
475 0
475 385
475 1
475 3
475 5
475 262
475 261
475 9
475 393
475 267
475 269
475 17
475 21
475 281
475 153
475 410
475 28
475 285
475 162
475 291
475 423
475 42
475 428
475 176
475 305
475 306
475 309
475 182
475 311
475 59
475 69
475 454
475 198
475 77
475 216
475 104
475 234
475 364
475 375
475 121
475 122
475 126
475 127
476 0
476 4
476 5
476 6
476 8
476 9
476 12
476 13
476 26
476 34
476 426
476 171
476 180
476 446
476 76
476 342
476 472
476 232
476 365
476 251
477 0
477 131
477 5
477 12
477 397
477 396
477 13
477 408
477 24
477 155
477 411
477 288
477 38
477 168
477 177
477 55
477 62
477 319
477 448
477 66
477 324
477 200
477 334
477 212
477 218
477 475
477 350
477 224
477 227
477 99
477 235
477 382
478 314
478 235
478 133
479 0
479 321
479 132
479 5
479 358
479 6
479 457
479 172
479 467
479 147
479 148
479 182
479 87
480 0
480 289
480 36
480 261
480 6
480 4
480 392
480 8
480 42
480 301
480 80
480 145
480 339
480 471
480 280
480 153
480 346
480 315
481 0
481 288
481 259
481 99
481 5
481 6
481 8
481 301
481 46
481 334
481 465
481 370
481 147
481 434
481 436
481 439
481 29
482 0
482 354
482 102
482 6
482 111
482 151
482 25
482 90
484 0
484 1
484 3
484 4
484 6
484 8
484 11
484 76
484 237
484 303
484 433
484 213
484 218
485 16
485 353
485 388
485 13
486 0
486 1
486 385
486 5
486 8
486 13
486 18
486 20
486 349
487 0
487 2
487 386
487 4
487 5
487 6
487 133
487 8
487 9
487 3
487 11
487 12
487 269
487 13
487 15
487 10
487 274
487 18
487 42
487 48
487 177
487 438
487 65
487 449
487 195
487 73
487 331
487 332
487 77
487 207
487 80
487 346
487 351
487 225
487 227
487 229
487 359
487 105
487 108
487 378
487 371
487 372
487 373
487 375
487 122
487 124
487 255
488 3
488 195
488 329
488 44
488 47
488 16
488 50
488 26
489 0
489 384
489 5
489 137
489 11
489 18
489 403
489 276
489 405
489 280
489 24
489 421
489 170
489 429
489 303
489 320
489 72
489 462
489 466
489 338
489 477
489 478
489 99
489 102
489 106
489 363
489 109
490 43
490 229
490 445
491 0
491 382
491 35
491 355
491 5
491 133
491 392
491 40
491 10
491 168
491 76
491 301
491 179
491 340
491 22
491 90
491 254
492 0
492 1
492 2
492 3
492 4
492 5
492 6
492 9
492 10
492 11
492 13
492 15
492 144
492 274
492 21
492 405
492 279
492 281
492 412
492 158
492 287
492 31
492 160
492 420
492 36
492 169
492 302
492 47
492 54
492 183
492 55
492 446
492 323
492 453
492 326
492 78
492 209
492 211
492 341
492 216
492 223
492 480
492 95
492 101
492 105
492 363
492 110
492 112
492 119
492 248
493 42
493 3
495 2
495 4
495 6
495 9
495 11
495 461
495 271
495 408
495 122
496 1
497 3
497 5
497 8
497 137
497 153
497 417
497 429
497 46
497 191
497 448
497 322
497 78
497 102
497 360
497 233
497 111
497 368
497 240
497 117
497 374
497 377
498 0
498 1
498 129
498 3
498 260
498 5
498 263
498 391
498 9
498 135
498 10
498 8
498 15
498 17
498 19
498 20
498 419
498 422
498 39
498 296
498 440
498 443
498 315
498 444
498 79
498 336
498 337
498 86
498 89
498 475
498 350
498 482
498 105
498 372
498 379
498 252
498 382
499 0
499 2
499 4
499 5
499 293
499 12
499 494
499 401
499 403
500 51
500 100
500 427
500 222
501 260
501 295
501 108
501 371
501 339
501 22
501 376
501 24
501 25
502 0
502 1
502 5
502 391
502 10
502 12
502 281
502 41
502 45
502 437
502 326
502 71
502 78
502 84
502 470
502 222
502 227
502 229
502 237
504 0
504 1
504 2
504 4
504 5
504 6
504 8
504 11
504 44
504 13
504 400
504 311
504 126
505 224
505 0
505 130
505 5
505 70
505 9
505 13
505 274
505 435
505 339
505 21
505 406
505 91
505 60
506 0
506 1
506 225
506 4
506 5
506 230
506 38
506 423
506 366
506 15
506 116
506 53
506 56
506 187
506 350
507 0
507 274
507 4
507 13
508 0
508 1
508 386
508 8
508 13
508 59
508 321
508 196
508 337
508 91
508 355
508 232
508 108
508 240
508 370
508 243
508 373
508 120
508 252
509 13
510 491
510 260
510 502
511 0
511 1
511 4
511 5
511 6
511 9
511 265
511 11
511 12
511 13
511 10
511 272
511 416
511 32
511 162
511 424
511 426
511 174
511 49
511 53
511 184
511 457
511 469
511 86
511 88
511 352
511 101
511 102
511 109
511 373
511 124
512 0
512 130
512 13
512 405
512 28
512 31
512 292
512 295
512 40
512 45
512 55
512 183
512 197
512 458
512 464
512 208
512 210
512 100
512 110
512 376
514 41
514 370
514 492
514 15
515 202
515 4
515 222
515 486
516 0
516 4
516 38
516 73
516 411
517 0
517 402
517 136
517 5
518 92
519 0
519 258
519 102
519 71
519 8
519 109
519 20
519 405
519 477
520 0
520 5
520 517
520 6
520 8
520 9
520 407
520 24
520 285
520 163
520 303
520 305
520 437
520 59
520 461
520 209
520 82
520 230
520 231
520 124
521 0
521 3
521 452
521 5
521 165
521 43
521 13
521 462
521 370
521 402
521 86
521 24
521 57
521 413
522 291
522 420
522 483
522 4
522 452
522 424
522 104
522 8
522 267
522 491
522 13
522 71
522 287
522 254
522 24
522 382
522 95
523 261
524 0
524 3
524 5
524 6
524 8
524 265
524 13
524 14
524 15
524 17
524 18
524 19
524 21
524 407
524 25
524 410
524 28
524 287
524 420
524 177
524 52
524 183
524 65
524 67
524 459
524 79
524 466
524 85
524 343
524 344
524 91
524 220
524 93
524 221
524 95
524 351
524 227
524 229
524 357
524 102
524 107
524 363
524 495
524 248
524 507
525 0
525 5
525 6
525 7
525 137
525 10
525 11
525 9
525 13
525 15
525 21
525 277
525 28
525 31
525 164
525 294
525 297
525 300
525 174
525 312
525 200
525 75
525 84
525 347
525 351
525 102
525 253
526 0
526 2
526 3
526 6
526 9
526 268
526 18
526 150
526 25
526 417
526 422
526 298
526 172
526 55
526 69
526 455
526 204
526 460
526 468
526 472
526 93
526 230
526 119
526 123
526 510
527 0
527 1
527 2
527 3
527 4
527 5
527 517
527 6
527 261
527 8
527 10
527 12
527 398
527 147
527 24
527 284
527 38
527 63
527 66
527 79
527 335
527 343
527 477
527 99
527 499
527 508
528 0
528 1
528 2
528 3
528 4
528 5
528 6
528 140
528 146
528 407
528 152
528 282
528 156
528 163
528 422
528 423
528 178
528 307
528 308
528 191
528 321
528 196
528 69
528 71
528 328
528 208
528 466
528 84
528 340
528 86
528 92
528 349
528 351
528 481
528 227
528 357
528 363
528 248
528 377
528 378
529 0
529 3
529 5
529 453
529 524
529 269
529 108
529 111
529 178
529 345
529 476
529 57
530 0
530 33
530 4
531 64
531 0
531 4
531 6
531 199
531 264
531 9
531 8
531 13
531 175
531 498
531 21
531 504
531 125
532 0
532 1
532 512
532 4
532 6
532 13
532 278
532 285
532 159
532 165
532 293
532 429
532 53
532 59
532 199
532 227
532 230
532 232
532 125
532 253
533 0
533 1
533 2
533 4
533 5
533 6
533 8
533 9
533 266
533 10
533 393
533 157
533 417
533 294
533 305
533 71
533 332
533 95
533 356
533 507
534 320
534 291
534 298
534 108
534 300
534 110
534 206
534 341
534 120
534 315
534 189
535 12
536 291
536 4
536 5
536 7
536 73
536 106
536 184
537 0
537 1
537 515
537 4
537 5
537 6
537 7
537 8
537 9
537 10
537 11
537 12
537 13
537 400
537 20
537 281
537 282
537 155
537 30
537 159
537 41
537 42
537 53
537 183
537 446
537 323
537 454
537 200
537 202
537 459
537 204
537 332
537 88
537 233
537 496
537 246
537 504
537 511
538 0
538 1
538 258
538 321
538 5
538 6
538 456
538 18
538 306
538 52
538 280
538 122
538 444
539 0
539 318
539 98
539 389
539 134
539 103
539 520
539 138
539 365
539 13
539 373
539 222
540 131
540 5
540 168
540 9
540 24
541 0
541 1
541 2
541 6
541 13
541 368
541 477
542 0
542 513
542 2
542 3
542 1
542 5
542 262
542 6
542 8
542 9
542 523
542 139
542 526
542 270
542 17
542 20
542 26
542 414
542 44
542 191
542 195
542 197
542 325
542 82
542 345
542 219
542 225
542 482
542 227
542 229
542 239
542 495
542 497
542 243
543 64
543 129
543 0
543 3
543 5
543 390
543 359
543 202
543 45
543 46
543 79
543 141
543 241
543 371
543 310
543 284
544 0
544 1
544 3
544 4
544 5
544 263
544 9
544 11
544 13
544 279
544 151
544 25
544 30
544 169
544 425
544 306
544 442
544 60
544 475
544 487
544 372
544 373
544 374
545 3
545 5
545 264
545 360
545 116
545 52
545 213
545 219
545 350
546 0
546 288
546 518
546 327
546 9
546 73
546 11
546 15
546 339
546 20
546 243
546 439
546 345
546 59
546 413
547 320
547 3
547 539
547 302
548 0
548 96
548 3
548 100
548 4
548 6
548 197
548 456
548 200
548 42
548 59
548 173
548 494
548 469
548 440
548 153
548 475
548 252
549 0
549 4
549 5
549 6
549 478
549 18
549 536
549 30
550 0
550 291
550 197
550 135
550 167
550 460
550 174
550 15
550 29
551 0
551 130
551 3
551 4
551 102
551 13
551 14
551 367
551 28
551 85
551 149
551 348
551 184
551 377
551 283
551 252
552 0
552 1
552 4
552 5
552 6
552 519
552 8
552 12
552 13
552 146
552 21
552 23
552 26
552 283
552 284
552 415
552 416
552 161
552 287
552 289
552 33
552 41
552 425
552 178
552 435
552 442
552 190
552 449
552 450
552 70
552 208
552 340
552 85
552 342
552 472
552 477
552 352
552 97
552 363
552 236
552 123
553 1
554 0
554 5
554 6
554 519
554 9
554 12
554 143
554 403
554 413
554 415
554 159
554 307
554 52
554 179
554 69
554 71
554 73
554 79
554 464
554 347
554 350
554 354
554 100
554 487
554 240
554 249
555 1
555 3
555 137
555 13
555 21
556 2
556 5
556 455
556 42
556 441
556 525
556 16
556 498
556 473
558 12
558 142
558 183
558 346
558 189
559 0
559 3
559 4
559 5
559 455
559 39
559 553
559 332
559 44
559 91
560 25
561 0
561 449
561 322
561 1
561 4
561 6
561 263
561 430
561 24
561 543
562 0
562 1
562 4
562 5
562 132
562 519
562 8
562 393
562 10
562 6
562 12
562 13
562 525
562 15
562 399
562 141
562 404
562 533
562 535
562 536
562 165
562 171
562 44
562 301
562 177
562 434
562 311
562 62
562 459
562 76
562 77
562 343
562 88
562 96
562 483
562 366
562 245
562 246
562 124
563 9
563 30
564 0
564 3
564 4
564 5
564 6
564 10
564 270
564 142
564 280
564 553
564 314
564 327
564 333
564 207
564 336
564 350
564 222
564 95
564 357
564 498
564 378
564 252
565 2
565 5
565 198
565 358
565 526
565 279
565 89
565 510
566 2
566 226
566 420
566 4
566 358
566 457
566 330
566 11
566 44
566 397
566 48
566 114
566 275
566 533
566 440
566 91
567 483
567 5
567 358
567 334
567 112
568 0
568 3
568 4
569 163
569 558
569 375
570 199
571 179
571 430
571 559
572 192
572 3
572 356
572 4
572 6
572 135
572 392
572 294
572 202
572 266
572 111
572 20
572 181
572 120
572 186
572 62
573 1
573 4
573 5
573 262
573 6
573 8
573 9
573 13
573 14
573 526
573 15
573 17
573 22
573 33
573 161
573 420
573 292
573 38
573 295
573 50
573 178
573 308
573 439
573 440
573 65
573 76
573 336
573 87
573 221
573 223
573 365
573 248
574 0
574 1
574 2
574 3
574 5
574 6
574 389
574 8
574 521
574 270
574 535
574 25
574 30
574 298
574 562
574 563
574 55
574 57
574 189
574 69
574 453
574 340
574 342
574 89
574 127
575 352
575 193
575 226
575 0
575 513
575 549
575 550
575 5
575 8
575 143
575 176
575 49
575 563
575 84
575 310
575 56
575 282
576 18
576 259
577 0
577 513
577 5
577 13
577 541
578 1
578 456
578 362
578 561
578 88
578 506
579 264
579 49
579 5
579 151
580 70
580 552
580 522
580 107
580 437
580 373
580 152
580 218
580 120
580 349
580 510
581 0
581 1
581 515
581 4
581 105
581 363
581 271
581 569
581 24
581 121
581 90
581 350
582 1
582 43
582 12
582 466
582 20
582 90
582 126
583 136
583 269
583 19
583 147
583 117
583 312
583 413
584 0
584 1
584 4
584 5
584 392
584 13
584 530
584 542
584 287
584 40
584 42
584 44
584 556
584 309
584 437
584 61
584 189
584 65
584 69
584 202
584 79
584 465
584 473
584 352
584 107
584 108
585 0
585 1
585 2
585 3
585 4
585 389
585 5
585 12
585 13
585 533
585 21
585 24
585 25
585 284
585 414
585 332
585 339
585 467
585 344
585 348
585 98
585 105
585 127
586 0
586 5
586 72
586 269
586 338
586 474
587 0
587 2
587 3
587 4
587 5
587 6
587 382
587 396
587 13
587 401
587 19
587 404
587 407
587 25
587 158
587 295
587 44
587 302
587 432
587 184
587 571
587 60
587 190
587 194
587 451
587 326
587 585
587 77
587 213
587 86
587 475
587 477
587 222
587 483
587 121
587 122
587 510
588 0
588 1
588 2
588 3
588 4
588 5
588 6
588 520
588 9
588 10
588 8
588 12
588 13
588 16
588 274
588 19
588 532
588 20
588 21
588 26
588 27
588 415
588 418
588 293
588 294
588 168
588 173
588 174
588 434
588 51
588 55
588 183
588 57
588 577
588 212
588 342
588 473
588 90
588 93
588 350
588 227
588 231
588 240
588 497
588 244
588 506
589 0
589 131
589 172
589 13
589 466
589 215
590 449
590 292
590 5
590 487
590 206
590 410
590 31
591 0
591 4
591 6
591 263
591 7
591 71
591 168
591 556
591 340
591 533
591 504
592 0
592 2
592 3
592 387
592 5
592 4
592 7
592 6
592 265
592 9
592 523
592 11
592 13
592 398
592 10
592 529
592 18
592 24
592 153
592 283
592 27
592 155
592 416
592 166
592 168
592 303
592 306
592 575
592 451
592 585
592 79
592 80
592 338
592 211
592 82
592 99
592 355
592 232
592 235
592 492
592 497
592 119
593 2
593 5
593 9
593 10
593 12
593 397
593 15
593 17
593 149
593 27
593 287
593 292
593 295
593 426
593 555
593 560
593 177
593 183
593 56
593 443
593 575
593 451
593 196
593 74
593 82
593 87
593 497
593 115
593 374
593 377
593 126
594 12
594 13
595 512
595 0
595 64
595 419
595 18
595 55
595 344
596 0
596 321
596 68
596 5
596 582
596 103
596 296
596 428
596 13
596 476
596 445
596 414
597 1
597 194
597 161
597 8
597 457
597 593
597 20
597 503
597 120
597 316
598 292
598 102
598 423
599 132
599 517
599 6
599 391
599 519
599 265
599 269
599 13
599 16
599 20
599 158
599 32
599 293
599 41
599 427
599 429
599 48
599 571
599 196
599 73
599 589
599 81
599 466
599 474
599 362
599 109
599 497
599 121
599 379
600 257
600 1
600 387
600 68
600 227
600 105
600 42
600 557
600 142
600 45
600 83
600 212
600 284
600 279
600 538
600 28
600 61
601 0
601 3
601 4
601 5
601 389
601 6
601 132
601 138
601 10
601 13
601 15
601 272
601 18
601 406
601 409
601 410
601 29
601 36
601 40
601 43
601 308
601 58
601 206
601 488
601 360
601 237
601 371
602 0
602 1
602 131
602 4
602 6
602 8
602 521
602 12
602 397
602 142
602 13
602 272
602 274
602 147
602 533
602 23
602 288
602 172
602 437
602 311
602 445
602 326
602 80
602 81
602 468
602 601
602 240
602 120
602 377
603 3
603 4
603 133
603 11
603 13
603 277
603 163
603 173
603 438
603 569
603 186
603 442
603 200
603 201
603 586
603 81
603 210
603 221
603 227
603 361
603 240
604 1
604 2
604 294
604 72
604 425
604 566
604 537
604 60
604 511
605 0
605 1
605 290
605 581
605 455
605 8
605 9
605 265
605 396
605 269
605 79
605 18
605 243
605 217
606 596
606 31
606 519
607 0
607 1
607 6
607 487
607 8
607 585
607 250
607 332
607 13
607 304
607 17
607 596
607 570
607 58
607 59
607 348
607 94
608 0
608 99
608 144
609 128
609 161
609 578
609 0
609 235
609 43
609 429
609 207
609 336
609 592
609 275
609 21
609 470
609 150
609 406
609 601
609 189
609 375
610 0
610 457
610 317
610 54
611 484
611 5
612 153
612 547
612 310
614 3
614 4
614 5
614 267
614 139
614 13
614 280
614 286
614 167
614 556
614 173
614 431
614 186
614 68
614 595
614 358
614 104
614 110
614 248
615 0
615 3
615 5
615 262
615 12
615 13
615 399
615 276
615 279
615 288
615 175
615 56
615 69
615 341
615 601
615 223
615 482
615 102
615 364
615 237
616 1
616 2
616 99
616 196
616 4
616 458
616 530
616 115
616 50
616 502
616 601
617 576
617 145
617 444
618 406
620 472
620 361
620 535
621 0
621 1
621 3
621 4
621 5
621 6
621 262
621 10
621 523
621 396
621 13
621 526
621 404
621 21
621 281
621 25
621 162
621 556
621 302
621 307
621 564
621 571
621 61
621 583
621 86
621 477
621 93
621 485
621 229
621 489
621 118
621 503
621 249
622 0
622 388
622 268
622 440
623 0
623 386
623 3
623 5
623 11
623 244
623 407
624 404
624 198
625 9
625 10
625 293
625 6
626 0
626 357
626 13
626 15
626 432
626 273
626 467
626 220
626 60
626 509
626 63
627 0
627 608
627 67
627 4
627 5
627 6
627 199
627 518
627 43
627 13
627 15
627 51
627 373
627 408
628 160
628 453
628 237
628 510
629 13
630 9
630 11
630 204
630 13
630 339
630 437
630 312
631 576
631 460
631 188
631 213
632 330
632 509
632 362
632 133
633 0
633 1
633 128
633 3
633 4
633 5
633 132
633 2
633 6
633 9
633 8
633 11
633 524
633 13
633 15
633 144
633 17
633 530
633 21
633 409
633 27
633 412
633 34
633 39
633 296
633 432
633 306
633 572
633 188
633 190
633 323
633 580
633 582
633 585
633 459
633 464
633 466
633 84
633 223
633 105
633 234
633 621
633 366
633 626
633 370
633 373
633 118
633 246
634 32
634 225
634 3
634 68
634 618
634 12
634 526
634 79
634 305
634 19
634 309
634 533
634 469
634 344
635 256
635 5
635 358
635 167
635 520
635 425
635 491
635 11
635 50
635 371
635 435
635 63
636 3
636 107
636 364
636 493
636 146
636 440
636 411
636 351
637 224
637 548
637 550
637 6
637 266
637 217
637 220
637 606
638 0
638 1
638 256
638 291
638 232
638 265
638 143
638 338
638 628
638 501
638 534
638 349
639 416
639 0
639 32
639 67
639 6
639 551
639 424
639 635
639 522
639 491
639 204
639 590
639 475
639 218
639 603
639 284
639 477
639 319
640 0
640 513
640 323
640 4
640 5
640 6
640 167
640 330
640 42
640 11
640 557
640 110
640 13
640 306
640 86
640 439
640 440
640 27
641 0
641 37
641 5
642 0
642 1
642 324
642 231
642 264
642 265
642 235
642 494
642 144
642 498
643 0
643 3
643 4
643 9
643 12
643 495
643 150
643 571
644 0
644 1
644 2
644 131
644 4
644 5
644 6
644 522
644 11
644 12
644 13
644 269
644 21
644 280
644 418
644 42
644 300
644 174
644 48
644 51
644 56
644 572
644 331
644 76
644 80
644 208
644 247
644 104
644 368
644 114
644 119
645 0
645 226
645 323
645 5
645 422
645 6
645 12
645 13
645 623
645 593
645 563
645 122
645 158
645 316
645 94
646 0
646 6
646 75
646 459
646 11
646 590
646 272
646 253
646 537
646 349
646 446
647 512
647 582
648 0
648 129
648 98
648 2
648 580
648 647
648 425
648 500
648 276
648 279
648 376
648 285
648 343
648 575
649 9
649 310
650 65
650 257
650 81
650 565
650 213
650 570
651 545
651 4
652 0
652 1
652 194
652 420
652 261
652 5
652 425
652 650
652 73
652 459
652 46
652 463
652 368
652 147
652 24
652 313
652 541
652 318
653 329
653 19
653 5
654 0
654 3
654 99
654 420
654 6
654 11
654 382
655 0
655 1
655 2
655 3
655 4
655 260
655 134
655 6
655 5
655 9
655 10
655 7
655 532
655 406
655 23
655 407
655 155
655 29
655 45
655 47
655 179
655 568
655 570
655 188
655 452
655 328
655 331
655 204
655 592
655 476
655 617
655 626
655 125
655 510
656 0
656 482
656 599
657 0
657 3
657 4
657 5
657 165
657 11
657 563
657 84
657 247
657 505
657 122
658 0
658 288
658 6
658 9
658 426
658 13
658 241
658 434
660 0
660 1
660 2
660 3
660 4
660 5
660 6
660 135
660 11
660 13
660 658
660 33
660 36
660 554
660 301
660 306
660 314
660 446
660 457
660 219
660 91
660 609
660 375
660 632
661 249
662 0
662 481
662 100
662 6
662 330
662 559
662 148
662 597
662 601
662 317
663 0
663 100
663 6
663 298
663 79
663 560
663 467
663 19
663 245
663 599
663 634
663 638
664 0
664 2
664 5
664 167
664 366
664 302
664 17
664 467
664 340
664 117
664 469
664 55
664 376
664 155
664 414
665 448
665 160
665 515
665 165
665 6
665 297
665 108
665 269
665 334
665 367
665 204
665 177
665 144
665 180
665 341
665 501
665 533
665 253
666 0
666 369
666 282
666 6
668 0
668 131
668 4
668 5
668 10
668 11
668 12
668 14
668 17
668 20
668 284
668 33
668 555
668 336
668 93
668 95
668 229
668 112
668 124
669 0
669 226
669 4
669 5
669 74
669 10
669 12
669 302
669 113
669 18
669 345
669 59
670 0
670 1
670 4
670 5
670 8
670 9
670 15
670 18
670 531
670 666
670 288
670 161
670 300
670 174
670 569
670 571
670 572
670 196
670 70
670 74
670 333
670 79
670 335
670 212
670 90
670 119
670 378
671 512
671 0
671 1
671 3
671 4
671 5
671 6
671 2
671 11
671 13
671 535
671 285
671 549
671 299
671 556
671 44
671 558
671 331
671 204
671 86
671 88
671 216
671 95
671 479
671 356
671 496
672 0
672 3
672 4
672 5
672 6
672 136
672 9
672 13
672 18
672 275
672 670
672 542
672 424
672 429
672 579
672 452
672 326
672 589
672 595
672 470
672 216
672 89
672 348
672 94
672 224
672 630
672 502
672 507
673 512
673 0
673 578
673 192
673 4
673 168
673 41
673 559
673 495
673 382
674 0
674 2
674 3
674 457
674 370
674 309
675 0
675 5
675 263
675 271
675 275
675 20
675 149
675 671
675 417
675 37
675 299
675 303
675 432
675 47
675 434
675 184
675 323
675 216
675 614
675 104
675 111
675 624
675 627
675 509
676 0
676 542
676 9
676 459
676 301
676 79
676 21
676 345
676 254
677 305
677 204
677 159
678 0
678 2
678 3
678 4
678 5
678 6
678 131
678 8
678 13
678 144
678 16
678 17
678 276
678 21
678 288
678 40
678 297
678 558
678 310
678 317
678 320
678 71
678 335
678 217
678 356
678 101
678 622
678 638
678 383
679 0
679 130
679 389
679 272
679 274
679 21
679 278
679 669
679 414
679 542
679 33
679 35
679 548
679 676
679 46
679 563
679 564
679 180
679 190
679 447
679 449
679 323
679 453
679 327
679 333
679 80
679 466
679 225
679 496
679 119
679 508
679 127
680 482
680 226
680 322
680 5
680 9
680 11
680 147
680 536
680 187
681 516
682 0
682 193
682 4
682 326
682 296
682 201
682 221
683 0
683 1
683 3
683 4
683 5
683 6
683 390
683 652
683 272
683 18
683 23
683 283
683 33
683 38
683 552
683 42
683 433
683 442
683 321
683 346
683 116
683 247
683 632
683 638
684 0
684 1
684 2
684 3
684 4
684 5
684 6
684 519
684 9
684 650
684 11
684 13
684 15
684 147
684 533
684 33
684 675
684 554
684 304
684 305
684 567
684 447
684 192
684 583
684 73
684 329
684 587
684 78
684 93
684 94
684 480
684 229
684 360
684 494
684 112
685 0
685 449
685 587
686 536
687 0
687 385
687 2
687 643
687 4
687 5
687 6
687 1
687 8
687 9
687 10
687 3
687 13
687 15
687 527
687 145
687 167
687 47
687 450
687 66
687 196
687 454
687 455
687 203
687 333
687 209
687 213
687 86
687 355
687 622
687 623
688 0
688 33
688 462
688 46
688 16
688 378
688 668
689 4
689 613
689 327
689 617
689 362
689 458
689 365
689 558
689 15
689 13
689 113
689 88
690 0
690 1
690 2
690 386
690 4
690 5
690 6
690 391
690 8
690 136
690 138
690 388
690 262
690 13
690 12
690 15
690 3
690 10
690 530
690 19
690 23
690 26
690 27
690 154
690 33
690 545
690 291
690 420
690 422
690 683
690 302
690 304
690 311
690 62
690 194
690 322
690 459
690 336
690 86
690 603
690 221
690 95
690 355
690 101
690 232
690 623
690 501
690 247
690 378
690 127
691 65
692 0
692 194
692 67
692 4
692 5
692 550
692 422
692 168
692 458
692 140
692 143
692 17
692 246
692 217
692 442
692 539
693 680
694 0
694 128
694 196
694 39
694 490
694 465
694 241
695 128
695 1
695 515
695 4
695 5
695 132
695 523
695 15
695 20
695 280
695 24
695 547
695 676
695 61
695 71
695 604
695 222
695 99
695 614
695 230
695 246
695 632
695 122
695 126
696 1
696 586
696 558
696 302
696 338
696 122
696 668
696 509
696 445
697 0
697 1
697 386
697 3
697 642
697 5
697 4
697 261
697 6
697 521
697 10
697 139
697 267
697 658
697 530
697 21
697 661
697 23
697 25
697 666
697 284
697 414
697 290
697 166
697 39
697 425
697 553
697 302
697 47
697 694
697 55
697 695
697 58
697 442
697 444
697 191
697 69
697 585
697 79
697 341
697 346
697 480
697 485
697 614
697 624
697 372
697 629
697 121
697 253
697 510
698 288
698 3
698 4
698 456
698 9
698 495
698 561
698 658
698 626
698 602
698 182
698 346
699 0
699 67
699 199
699 9
699 108
699 24
700 537
700 299
700 501
700 558
701 0
701 6
701 10
701 556
701 156
701 317
702 0
702 37
702 517
702 231
702 12
702 269
702 341
703 88
704 0
704 513
704 1
704 259
704 273
704 317
704 319
705 4
705 13
705 686
705 463
705 19
705 52
705 212
705 375
705 666
706 0
706 1
706 259
706 4
706 5
706 3
706 521
706 530
706 404
706 21
706 298
706 568
706 315
706 193
706 95
706 611
706 613
706 109
706 510
707 258
707 5
707 102
707 6
707 649
707 683
707 588
707 176
707 19
707 21
707 23
707 121
707 346
707 635
707 542
707 671
708 0
708 8
708 9
708 12
708 13
708 533
708 28
708 689
708 696
708 194
708 580
708 583
708 330
708 331
708 589
708 602
708 226
708 232
708 110
710 2
710 4
710 5
710 142
711 288
711 0
711 640
711 1
711 549
711 5
711 6
711 8
711 38
711 12
711 15
711 465
711 436
711 346
711 91
711 637
712 482
712 3
712 4
712 643
712 6
712 9
712 142
712 54
712 217
712 380
714 0
714 387
714 4
714 5
714 6
714 643
714 394
714 13
714 141
714 541
714 287
714 544
714 290
714 41
714 51
714 56
714 698
714 190
714 319
714 326
714 583
714 589
714 92
714 368
715 1
715 131
715 4
715 388
715 389
715 267
715 13
715 280
715 40
715 175
715 695
715 191
715 325
715 199
715 712
715 585
715 330
715 82
715 603
715 110
715 112
715 497
716 0
716 321
716 4
716 5
716 517
716 6
716 9
716 302
716 304
716 630
716 121
716 508
717 387
718 0
718 387
718 4
718 5
718 6
718 3
718 9
718 15
718 18
718 402
718 42
718 43
718 714
718 592
718 596
718 471
718 98
718 485
718 108
718 115
718 630
718 126
719 0
719 417
719 322
719 609
719 358
719 137
719 11
719 495
719 658
719 118
719 534
719 440
719 379
720 384
720 0
720 2
720 3
720 4
720 5
720 6
720 8
720 12
720 272
720 535
720 543
720 33
720 51
720 694
720 184
720 459
720 602
720 613
720 108
720 369
720 627
720 120
721 0
721 1
721 2
721 5
721 6
721 520
721 10
721 655
721 17
721 148
721 21
721 532
721 545
721 38
721 40
721 58
721 443
721 450
721 66
721 239
721 252
722 0
722 1
722 131
722 4
722 6
722 391
722 8
722 266
722 146
722 405
722 26
722 538
722 155
722 42
722 434
722 307
722 567
722 701
722 190
722 192
722 216
722 358
722 490
722 251
723 0
723 610
723 4
723 293
723 359
723 555
723 51
723 19
723 122
723 91
723 351
724 580
724 5
725 0
725 1
725 4
725 5
725 198
725 6
725 71
725 137
725 653
725 301
725 656
725 368
725 242
725 466
725 436
725 662
725 344
726 0
726 1
726 544
726 3
726 635
726 553
726 525
726 14
726 720
726 17
726 114
726 80
726 441
726 379
726 127
727 0
727 2
727 4
727 5
727 524
727 12
727 15
727 284
727 172
727 51
727 314
727 69
727 197
727 211
727 596
727 105
727 496
727 625
727 378
727 635
728 169
728 13
728 537
729 473
729 54
729 6
730 0
730 258
730 4
730 6
730 13
730 20
730 405
730 23
730 282
730 669
730 670
730 545
730 676
730 420
730 423
730 168
730 43
730 45
730 691
730 53
730 446
730 320
730 582
730 590
730 464
730 215
730 472
730 353
730 106
730 618
730 502
730 377
730 508
731 0
731 2
731 4
731 5
731 6
731 8
731 12
731 525
731 273
731 534
731 24
731 28
731 49
731 178
731 66
731 580
731 333
731 350
731 239
731 376
731 380
732 0
732 4
732 6
732 13
732 14
732 401
732 657
732 535
732 24
732 410
732 156
732 546
732 420
732 36
732 292
732 551
732 168
732 436
732 59
732 573
732 574
732 707
732 74
732 203
732 466
732 598
732 476
732 350
732 235
732 619
732 491
732 236
732 496
732 121
732 506
732 382
733 0
733 2
733 3
733 4
733 5
733 519
733 9
733 10
733 18
733 161
733 177
733 308
733 315
733 68
733 98
733 361
733 105
733 502
733 118
733 504
733 125
734 0
734 1
734 290
734 3
734 646
734 231
734 6
734 683
734 364
734 400
734 501
734 504
734 317
734 190
735 419
735 5
735 6
735 456
735 427
735 13
735 270
735 271
735 174
735 145
735 401
735 142
735 628
735 654
735 278
735 570
736 512
736 0
736 640
736 3
736 1
736 5
736 262
736 6
736 8
736 648
736 136
736 2
736 659
736 276
736 21
736 279
736 43
736 304
736 696
736 62
736 581
736 326
736 337
736 220
736 93
736 95
736 480
736 224
736 613
736 231
736 363
736 240
736 511
737 0
737 545
737 5
737 6
737 234
737 362
737 107
737 13
737 532
737 85
737 597
737 251
737 447
738 0
738 193
738 34
738 579
738 353
738 5
738 4
738 1
738 327
738 9
738 713
738 523
738 622
738 146
738 445
739 5
739 6
739 15
740 0
740 225
740 642
740 5
740 6
740 334
740 51
740 663
740 24
740 25
741 0
741 3
741 650
741 11
741 404
741 414
741 705
741 450
741 195
741 710
741 584
741 467
741 600
741 220
741 221
741 610
741 241
741 120
741 127
742 0
742 718
742 59
742 220
742 318
743 0
743 1
743 559
744 290
744 4
744 171
744 147
744 469
744 314
745 538
745 299
745 314
745 5
746 272
746 603
746 4
746 596
747 357
747 613
747 743
747 85
747 408
747 697
747 282
747 120
748 0
748 2
748 3
748 4
748 5
748 6
748 8
748 521
748 13
748 271
748 17
748 21
748 25
748 417
748 33
748 303
748 693
748 184
748 569
748 186
748 441
748 190
748 191
748 574
748 705
748 67
748 209
748 725
748 344
748 345
748 94
748 735
748 99
748 102
748 361
748 117
749 0
749 1
749 5
749 6
749 8
749 489
749 588
749 661
749 55
749 58
749 29
750 400
750 562
750 463
751 218
752 130
752 101
752 476
752 489
752 11
752 715
752 16
752 220
752 61
752 21
752 277
752 373
752 185
752 379
752 700
752 93
752 254
752 286
753 195
753 5
753 231
753 459
753 156
753 734
753 255
754 0
754 4
754 5
754 6
754 7
754 13
754 142
754 665
754 25
754 668
754 414
754 160
754 676
754 562
754 568
754 320
754 710
754 456
754 718
754 339
754 470
754 475
754 478
754 356
754 620
754 622
755 0
755 673
755 1
755 163
755 4
755 165
755 35
755 26
755 328
755 680
755 299
755 720
755 16
755 18
755 569
755 314
756 0
756 4
756 5
756 134
756 6
756 9
756 13
756 273
756 21
756 414
756 420
756 553
756 41
756 311
756 59
756 60
756 191
756 707
756 581
756 715
756 86
756 362
756 238
756 251
757 257
757 44
757 180
757 285
757 318
758 0
758 321
758 449
758 611
758 577
758 324
758 1
758 231
758 264
758 546
758 10
758 44
758 401
758 212
758 189
758 602
758 380
758 701
759 706
759 619
759 172
759 652
759 183
760 0
760 1
760 2
760 3
760 4
760 5
760 6
760 646
760 648
760 9
760 138
760 10
760 8
760 13
760 15
760 19
760 21
760 405
760 537
760 285
760 413
760 168
760 48
760 564
760 696
760 63
760 576
760 453
760 460
760 336
760 598
760 224
760 100
760 377
760 364
760 110
760 623
760 753
760 629
760 119
760 632
760 505
761 0
761 2
761 4
761 5
761 6
761 583
761 456
761 234
761 13
761 241
761 597
761 21
761 247
761 215
761 223
762 0
762 417
762 5
762 12
762 13
762 285
763 642
763 327
763 455
763 12
763 350
764 553
764 365
764 422
765 0
765 2
765 451
765 4
765 5
765 517
765 648
765 361
765 617
765 140
765 625
765 370
765 689
765 84
765 726
765 539
765 188
765 509
766 364
766 1
766 684
766 252
767 0
767 4
767 5
767 6
767 8
767 427
767 76
767 77
767 365
767 13
767 526
767 401
767 57
767 511
768 1
768 6
768 180
768 24
768 510
769 0
769 2
769 3
769 4
769 325
769 69
769 199
769 7
769 201
769 13
769 558
769 271
769 756
769 55
769 315
769 380
770 0
770 641
770 2
770 3
770 4
770 5
770 6
770 647
770 134
770 8
770 290
770 166
770 173
770 694
770 701
770 319
770 192
770 714
770 235
770 620
770 111
770 116
770 373
770 122
770 767
771 4
771 5
771 6
771 9
771 524
771 13
771 409
771 668
771 291
771 436
771 52
771 692
771 567
771 573
771 67
771 325
771 71
771 76
771 78
771 349
771 614
771 493
771 626
772 384
772 0
772 2
772 4
772 5
772 6
772 645
772 11
772 25
772 672
772 302
772 183
772 446
772 192
772 346
772 363
772 621
772 116
772 503
772 504
772 382
773 4
773 13
773 6
774 198
775 224
775 0
775 1
775 259
775 4
775 5
775 197
775 231
775 6
775 136
775 10
775 76
775 13
775 111
775 80
775 240
775 114
775 372
776 684
776 335
776 752
776 303
776 308
776 341
776 54
777 704
777 0
777 70
777 774
777 552
777 240
777 561
777 539
779 0
779 1
779 259
779 357
779 627
780 398
781 0
781 1
781 4
781 6
781 265
781 10
781 138
781 396
781 13
781 15
781 16
781 272
781 147
781 288
781 416
781 43
781 171
781 305
781 49
781 184
781 700
781 64
781 705
781 195
781 335
781 467
781 219
781 357
781 751
781 627
781 247
781 764
782 0
782 723
782 4
782 6
783 0
783 1
783 131
783 260
783 454
783 104
783 169
783 72
783 9
783 396
783 599
783 541
784 88
785 0
785 35
785 4
785 5
785 6
785 746
785 75
785 204
785 13
785 334
785 140
785 219
785 83
785 86
785 216
785 315
786 611
786 5
786 6
786 234
786 11
786 758
787 0
787 1
787 2
787 4
787 5
787 260
787 516
787 8
787 9
787 10
787 524
787 402
787 21
787 407
787 413
787 416
787 40
787 552
787 555
787 683
787 564
787 315
787 76
787 462
787 466
787 211
787 342
787 221
787 353
787 243
787 500
787 120
787 633
787 509
788 0
788 3
788 4
788 517
788 5
788 6
788 8
788 9
788 11
788 12
788 13
788 16
788 657
788 19
788 532
788 21
788 20
788 406
788 23
788 25
788 47
788 48
788 563
788 441
788 66
788 80
788 339
788 728
788 92
788 100
788 744
788 619
788 754
789 0
789 546
789 779
789 622
789 144
789 84
790 0
790 1
790 2
790 5
790 645
790 8
790 650
790 525
790 18
790 538
790 282
790 27
790 28
790 36
790 40
790 42
790 432
790 309
790 56
790 696
790 192
790 704
790 449
790 323
790 580
790 714
790 333
790 723
790 602
790 732
790 354
790 99
790 355
790 104
790 110
791 0
791 1
791 2
791 3
791 4
791 5
791 6
791 258
791 8
791 649
791 9
791 11
791 12
791 13
791 393
791 15
791 656
791 16
791 18
791 403
791 23
791 667
791 29
791 30
791 542
791 291
791 37
791 167
791 262
791 297
791 307
791 10
791 138
791 184
791 570
791 315
791 196
791 197
791 454
791 200
791 588
791 337
791 473
791 601
791 91
791 221
791 613
791 361
791 505
791 508
792 0
792 5
792 645
792 6
792 13
792 271
792 17
792 19
792 667
792 284
792 540
792 670
792 305
792 52
792 180
792 56
792 321
792 712
792 77
792 79
792 726
792 486
792 750
792 367
792 625
792 498
793 0
793 1
793 643
793 4
793 5
793 6
793 3
793 771
793 12
793 17
793 535
793 682
793 312
793 440
793 441
793 58
793 67
793 582
793 456
793 592
793 596
793 91
793 227
793 363
793 495
793 244
793 251
793 382
794 721
794 657
794 301
794 318
795 0
795 193
795 4
795 292
795 6
795 231
795 8
795 5
795 396
795 108
795 367
795 186
795 317
796 0
797 11
798 0
798 769
798 1
798 3
798 4
798 5
798 6
798 2
798 776
798 8
798 9
798 10
798 13
798 15
798 659
798 19
798 21
798 147
798 24
798 281
798 795
798 668
798 32
798 35
798 421
798 295
798 683
798 302
798 178
798 54
798 450
798 583
798 72
798 78
798 210
798 466
798 724
798 469
798 214
798 731
798 735
798 99
798 485
798 233
798 618
798 363
798 108
798 367
798 499
798 117
799 0
799 2
799 4
799 5
799 518
799 530
800 5
800 6
800 8
800 266
800 403
800 662
800 791
800 26
800 681
800 435
800 308
800 59
800 70
800 330
800 716
800 344
800 740
800 495
800 375
800 122
800 252
801 0
801 1
801 2
801 4
801 5
801 6
801 775
801 139
801 784
801 144
801 787
801 532
801 410
801 43
801 179
801 183
801 569
801 189
801 65
801 458
801 592
801 212
801 348
801 231
801 746
802 0
802 1
802 130
802 4
802 5
802 516
802 6
802 9
802 10
802 12
802 16
802 663
802 538
802 157
802 34
802 296
802 302
802 702
802 452
802 456
802 483
802 228
802 236
802 498
802 758
802 248
802 636
802 509
802 382
803 0
803 1
803 2
803 3
803 644
803 4
803 5
803 6
803 515
803 9
803 11
803 12
803 13
803 525
803 15
803 16
803 145
803 18
803 785
803 529
803 20
803 19
803 535
803 24
803 152
803 666
803 283
803 796
803 27
803 277
803 159
803 543
803 684
803 181
803 511
803 185
803 61
803 577
803 334
803 336
803 341
803 726
803 348
803 99
803 486
803 106
803 492
803 748
803 245
803 255
804 363
804 171
804 686
804 287
805 336
806 0
806 549
806 5
806 399
806 48
806 497
806 211
806 154
807 308
807 30
809 0
809 640
809 334
809 718
809 406
809 219
809 317
810 0
810 640
810 3
810 134
810 647
810 8
810 138
810 651
810 18
810 532
810 21
810 153
810 164
810 179
810 692
810 309
810 191
810 96
810 486
810 359
810 112
810 754
810 251
811 0
811 353
811 4
811 5
811 6
811 8
811 204
811 45
811 718
811 696
811 536
811 700
811 94
812 0
812 5
812 166
812 8
812 88
812 377
813 0
813 1
813 3
813 4
813 5
813 198
813 39
813 518
813 584
813 6
813 459
813 493
813 14
813 502
813 792
813 185
814 116
814 805
814 661
814 6
816 0
816 1
816 2
816 3
816 4
816 5
816 13
816 398
816 658
816 285
816 291
816 549
816 554
816 433
816 58
816 69
816 91
816 354
816 365
816 750
816 754
816 767
817 1
817 225
817 4
817 613
817 8
817 777
817 746
817 491
817 780
817 13
817 499
817 244
817 406
817 215
817 24
818 0
818 1
818 3
818 4
818 5
818 6
818 11
818 13
818 409
818 674
818 428
818 693
818 184
818 701
818 577
818 706
818 73
818 340
818 754
818 634
818 631
818 378
819 586
820 0
820 2
820 515
820 4
820 5
820 6
820 776
820 13
820 272
820 283
820 293
820 812
820 182
820 56
820 57
820 571
820 577
820 460
820 334
820 727
820 349
820 226
820 362
820 370
820 116
820 507
820 252
821 0
821 356
821 548
821 773
821 6
821 7
821 329
821 45
821 127
821 340
821 629
821 59
821 252
821 703
822 0
822 5
822 9
822 746
822 15
822 431
822 752
822 339
822 436
822 309
822 565
822 249
823 0
823 1
823 288
823 803
823 291
823 5
823 323
823 460
823 720
823 49
823 753
823 17
823 756
823 344
823 286
824 0
824 6
824 8
824 778
824 12
824 13
824 402
824 19
824 281
824 665
824 155
824 549
824 807
824 174
824 181
824 54
824 822
824 448
824 81
824 211
824 470
824 220
824 609
824 232
824 492
824 236
824 754
824 499
824 118
824 758
825 0
825 6
825 424
825 393
825 43
825 365
825 686
825 430
825 54
825 759
825 630
825 342
825 575
826 0
826 3
826 772
826 5
826 6
826 167
826 8
826 137
826 105
826 9
826 13
826 20
826 572
827 0
827 1
827 2
827 3
827 644
827 5
827 4
827 6
827 7
827 9
827 522
827 10
827 12
827 13
827 8
827 271
827 15
827 17
827 16
827 148
827 23
827 416
827 291
827 804
827 165
827 293
827 516
827 294
827 41
827 421
827 555
827 443
827 61
827 576
827 706
827 714
827 202
827 464
827 338
827 596
827 223
827 736
827 361
827 620
827 109
827 494
827 625
827 631
827 123
827 127
828 0
828 1
828 2
828 3
828 4
828 394
828 13
828 270
828 271
828 397
828 18
828 688
828 304
828 60
828 70
828 593
828 82
828 599
828 218
828 99
828 238
829 2
829 420
829 4
829 5
829 582
829 263
829 210
829 340
829 731
830 0
830 1
830 195
830 4
830 5
830 6
830 424
830 73
830 397
830 685
830 559
830 15
830 336
830 16
830 117
830 726
830 186
830 828
831 224
831 5
831 69
831 6
831 17
831 340
831 437
832 5
832 492
832 453
832 190
833 0
833 418
833 2
833 228
833 5
833 163
833 195
833 584
833 8
833 171
833 140
833 13
833 636
833 414
834 0
834 1
834 2
834 3
834 4
834 5
834 6
834 7
834 8
834 11
834 12
834 13
834 17
834 18
834 28
834 161
834 293
834 38
834 41
834 557
834 177
834 50
834 819
834 308
834 54
834 315
834 585
834 597
834 737
834 99
834 103
834 488
834 105
834 491
834 749
834 114
834 501
834 758
834 121
834 383
835 0
835 129
835 1
835 3
835 4
835 5
835 6
835 8
835 11
835 13
835 655
835 16
835 401
835 15
835 21
835 417
835 163
835 676
835 296
835 555
835 559
835 688
835 49
835 182
835 438
835 195
835 74
835 718
835 86
835 94
835 353
835 226
835 228
835 357
835 623
835 368
835 114
835 372
835 634
835 379
836 0
836 5
836 401
836 758
836 571
836 827
837 352
837 0
837 3
837 676
837 132
837 644
837 45
837 271
837 496
837 463
837 575
838 0
838 467
838 368
838 669
839 0
839 1
839 2
839 3
839 4
839 261
839 6
839 5
839 647
839 9
839 11
839 524
839 781
839 270
839 13
839 656
839 17
839 18
839 12
839 665
839 34
839 164
839 804
839 39
839 423
839 808
839 170
839 682
839 811
839 815
839 175
839 179
839 692
839 439
839 55
839 442
839 570
839 452
839 332
839 89
839 349
839 479
839 227
839 742
839 744
839 747
839 501
839 117
839 632
839 639
840 0
840 1
840 640
840 3
840 4
840 5
840 773
840 6
840 8
840 9
840 10
840 395
840 11
840 13
840 648
840 15
840 12
840 273
840 19
840 21
840 281
840 671
840 549
840 683
840 686
840 47
840 814
840 692
840 825
840 187
840 316
840 572
840 193
840 582
840 456
840 458
840 202
840 206
840 340
840 601
840 224
840 481
840 482
840 229
840 102
840 746
840 364
840 371
840 377
840 250
841 0
841 2
841 99
841 772
841 5
841 6
841 39
841 808
841 233
841 4
841 13
841 77
841 80
841 532
841 629
841 638
842 0
842 3
842 4
842 5
842 6
842 12
842 13
842 15
842 16
842 655
842 24
842 828
842 319
842 833
842 458
842 590
842 472
842 631
842 620
842 243
842 245
842 503
842 633
842 636
843 0
843 1
843 3
843 4
843 8
843 9
843 780
843 15
843 280
843 158
843 43
843 174
843 832
843 578
843 707
843 457
843 88
843 350
843 639
844 0
844 832
844 3
844 579
844 5
844 326
844 100
844 42
844 172
844 621
844 269
844 152
844 666
845 128
846 516
846 228
846 5
846 6
846 745
846 751
846 210
846 180
846 20
847 0
847 33
847 2
847 769
847 1
847 6
847 839
847 8
847 9
847 15
847 18
847 534
847 790
847 694
847 57
847 380
847 254
848 0
848 64
848 2
848 450
848 578
848 229
848 392
848 8
848 845
848 13
848 15
848 301
848 346
848 247
848 408
848 442
848 152
849 130
849 195
849 4
849 5
849 842
849 693
849 508
850 0
850 1
850 128
850 3
850 4
850 5
850 6
850 773
850 8
850 392
850 9
850 10
850 12
850 13
850 142
850 11
850 2
850 21
850 24
850 283
850 163
850 681
850 556
850 558
850 686
850 440
850 697
850 313
850 569
850 61
850 191
850 704
850 448
850 327
850 206
850 346
850 352
850 100
850 486
850 617
850 109
850 497
850 122
851 759
851 767
851 503
852 545
852 323
852 5
852 487
852 266
852 12
852 813
852 176
852 275
852 569
853 449
853 642
853 4
853 741
853 230
853 424
853 361
853 10
853 511
853 619
853 301
853 752
853 831
853 182
853 758
853 216
853 825
853 223
854 0
854 1
854 2
854 259
854 353
854 5
854 6
854 168
854 8
854 106
854 584
854 12
854 13
854 814
854 564
854 469
854 763
854 541
855 736
855 2
855 4
855 5
855 522
855 235
855 300
855 398
855 720
855 817
855 401
855 565
855 344
855 409
855 382
855 703
856 161
856 5
856 791
856 184
856 505
857 217
857 660
857 335
858 0
858 224
858 802
858 3
858 4
858 6
858 616
858 13
858 368
858 16
858 474
858 19
858 343
858 217
858 602
859 768
859 65
859 3
859 391
859 8
859 717
859 845
859 181
859 662
859 600
859 187
859 188
859 189
859 222
860 13
860 851
860 427
861 0
861 2
861 611
861 323
861 5
861 6
861 67
861 776
861 393
861 708
861 427
861 12
861 13
861 686
861 338
861 277
861 373
861 222
862 2
862 5
862 326
862 231
862 298
862 267
862 787
862 761
862 314
863 1
863 579
863 4
863 227
863 198
863 415
863 556
863 141
863 430
863 209
863 561
863 563
863 148
863 180
863 572
863 190
863 479
864 0
864 642
864 3
864 4
864 5
864 6
864 2
864 8
864 9
864 12
864 13
864 17
864 21
864 535
864 151
864 799
864 550
864 683
864 697
864 831
864 70
864 326
864 71
864 86
864 96
864 495
864 370
865 306
865 571
865 765
867 0
867 640
867 5
867 779
867 669
867 801
867 418
867 420
867 805
867 429
867 431
867 688
867 436
867 190
867 831
867 327
867 591
867 476
867 480
867 741
867 379
867 636
867 510
868 672
868 1
868 544
868 0
868 5
868 488
868 394
868 781
868 494
868 686
868 752
868 28
868 830
868 286
869 0
869 256
869 223
869 3
869 5
869 6
869 552
869 746
869 13
869 719
869 627
869 83
869 799
869 54
869 120
869 509
869 510
869 319
870 0
870 1
870 3
870 4
870 5
870 648
870 13
870 782
870 399
870 20
870 673
870 559
870 177
870 567
870 569
870 316
870 61
870 193
870 335
870 208
870 215
870 475
870 358
870 497
870 243
870 631
870 254
871 5
871 6
871 394
871 15
871 16
871 275
871 789
871 410
871 284
871 685
871 433
871 435
871 826
871 445
871 830
871 703
871 64
871 449
871 851
871 855
871 609
871 628
871 636
871 509
872 0
872 1
872 3
872 4
872 517
872 6
872 5
872 9
872 10
872 13
872 14
872 403
872 20
872 21
872 404
872 153
872 26
872 287
872 801
872 167
872 295
872 47
872 312
872 186
872 188
872 573
872 63
872 323
872 326
872 203
872 844
872 207
872 592
872 337
872 338
872 470
872 730
872 93
872 350
872 223
872 477
872 737
872 738
872 105
872 236
872 116
872 120
872 379
872 767
873 0
873 5
873 615
873 233
873 778
873 330
873 779
873 304
873 820
873 374
873 283
873 543
874 0
874 1
874 707
874 709
874 6
874 5
874 679
874 729
874 217
874 794
875 0
875 65
875 2
875 741
875 272
875 561
875 246
875 120
876 689
876 2
876 210
877 608
877 1
877 0
877 4
877 5
877 38
877 809
877 553
877 10
877 748
877 13
877 503
877 699
878 0
878 736
878 5
878 6
878 151
879 0
879 257
879 1
879 3
879 387
879 517
879 5
879 6
879 4
879 9
879 12
879 13
879 527
879 792
879 666
879 415
879 33
879 553
879 683
879 437
879 310
879 695
879 704
879 193
879 706
879 579
879 69
879 587
879 335
879 849
879 215
879 728
879 474
879 611
879 102
879 109
879 629
879 758
880 0
880 545
880 800
880 3
880 297
880 361
880 555
880 108
880 13
880 590
880 686
880 443
880 543
881 0
881 5
881 709
881 6
881 9
881 105
881 13
881 243
881 501
881 631
881 376
881 669
881 445
882 2
882 6
882 415
882 589
882 468
882 28
882 863
883 564
885 0
885 803
885 5
885 613
885 6
885 180
885 502
885 255
886 407
887 0
887 1
887 3
887 675
887 166
887 458
887 75
887 282
887 113
887 404
887 791
887 281
887 250
887 27
888 0
888 1
888 2
888 4
888 5
888 6
888 8
888 10
888 271
888 404
888 537
888 668
888 34
888 40
888 558
888 689
888 441
888 699
888 447
888 453
888 838
888 199
888 70
888 848
888 731
888 862
888 610
888 744
888 618
888 623
888 375
888 507
889 0
889 257
889 2
889 1
889 4
889 5
889 6
889 263
889 8
889 9
889 520
889 12
889 13
889 17
889 280
889 793
889 44
889 305
889 691
889 61
889 65
889 458
889 204
889 716
889 718
889 856
889 477
889 739
889 762
889 879
889 115
889 378
890 64
890 0
890 37
890 102
890 711
890 744
890 9
890 74
890 330
890 428
890 5
890 267
890 15
890 278
890 728
890 6
891 1
891 491
891 428
891 6
892 0
892 1
892 4
892 5
892 6
892 12
892 273
892 405
892 21
892 667
892 810
892 299
892 686
892 55
892 312
892 61
892 448
892 583
892 328
892 455
892 77
892 463
892 208
892 601
892 480
892 737
892 483
892 230
892 487
892 614
893 0
893 1
893 2
893 4
893 5
893 8
893 11
893 13
893 17
893 274
893 275
893 788
893 30
893 46
893 689
893 179
893 439
893 55
893 185
893 570
893 58
893 201
893 586
893 589
893 78
893 594
893 86
893 346
893 477
893 349
893 609
893 620
893 502
894 56
894 538
894 389
895 512
895 2
895 258
895 4
895 8
895 523
895 664
895 31
895 47
895 303
895 51
895 695
895 830
895 64
895 195
895 199
895 224
895 868
895 362
895 746
896 2
896 228
896 232
896 531
896 58
897 0
897 1
897 2
897 771
897 5
897 6
897 522
897 13
897 23
897 24
897 33
897 802
897 292
897 55
897 827
897 715
897 335
897 354
897 356
897 742
897 107
897 121
897 124
897 895
898 0
898 1
898 2
898 4
898 5
898 6
898 264
898 649
898 9
898 10
898 13
898 398
898 15
898 143
898 18
898 150
898 791
898 664
898 24
898 26
898 23
898 542
898 159
898 416
898 294
898 550
898 51
898 437
898 694
898 700
898 701
898 190
898 451
898 708
898 582
898 200
898 201
898 589
898 78
898 476
898 93
898 609
898 871
898 496
898 881
898 124
898 631
898 634
898 380
898 767
900 0
900 1
900 4
900 5
900 6
900 10
900 395
900 12
900 13
900 144
900 406
900 535
900 155
900 800
900 167
900 435
900 311
900 57
900 188
900 831
900 194
900 710
900 83
900 469
900 477
900 864
900 121
900 741
900 746
900 621
900 238
900 501
900 374
900 889
901 0
901 802
901 100
901 5
901 230
901 196
901 740
901 12
901 848
901 469
901 886
901 183
901 216
901 661
901 29
902 0
902 512
902 2
902 3
902 900
902 5
902 6
902 7
902 8
902 4
902 10
902 1
902 12
902 269
902 13
902 17
902 403
902 404
902 277
902 21
902 152
902 25
902 26
902 540
902 796
902 33
902 165
902 167
902 43
902 306
902 308
902 436
902 186
902 316
902 574
902 69
902 587
902 76
902 461
902 468
902 469
902 88
902 218
902 606
902 867
902 612
902 111
902 245
902 629
902 502
903 709
903 454
903 6
903 425
903 718
903 495
903 239
903 402
903 63
904 0
904 1
904 897
904 3
904 5
904 6
904 9
904 10
904 11
904 267
904 12
904 14
904 18
904 789
904 566
904 695
904 187
904 195
904 455
904 331
904 719
904 337
904 87
904 351
904 866
904 871
904 105
904 757
905 574
906 0
906 617
906 203
906 559
906 789
906 567
907 369
908 0
908 1
908 2
908 3
908 4
908 5
908 6
908 903
908 8
908 648
908 9
908 517
908 396
908 13
908 14
908 400
908 274
908 787
908 20
908 22
908 408
908 287
908 544
908 671
908 164
908 47
908 689
908 817
908 55
908 573
908 190
908 64
908 706
908 66
908 580
908 67
908 842
908 203
908 76
908 845
908 718
908 848
908 730
908 90
908 96
908 361
908 875
908 116
908 630
908 506
909 0
909 896
909 5
909 517
909 520
909 13
909 272
909 291
909 676
909 297
909 170
909 690
909 68
909 453
909 458
909 75
909 336
909 338
909 214
909 86
909 217
909 608
909 876
909 634
909 124
910 0
910 1
910 898
910 513
910 4
910 5
910 6
910 3
910 8
910 9
910 263
910 13
910 15
910 18
910 789
910 537
910 544
910 555
910 313
910 315
910 834
910 197
910 69
910 457
910 857
910 112
910 241
910 116
910 245
911 0
911 1
911 2
911 3
911 4
911 5
911 517
911 6
911 9
911 524
911 13
911 910
911 14
911 18
911 787
911 21
911 23
911 281
911 284
911 157
911 802
911 34
911 549
911 180
911 830
911 452
911 583
911 71
911 456
911 586
911 458
911 588
911 847
911 220
911 733
911 606
911 871
911 104
911 237
911 494
911 243
911 639
912 146
913 0
913 1
913 5
913 368
913 17
913 251
913 731
914 5
915 8
915 721
915 268
915 44
916 434
916 619
916 444
916 22
917 0
917 225
917 448
917 6
917 10
917 13
917 368
917 21
917 382
918 0
918 6
918 44
918 910
918 278
919 1
919 6
920 912
920 348
920 7
921 216
921 5
922 0
922 1
922 2
922 3
922 385
922 5
922 6
922 4
922 7
922 777
922 9
922 8
922 518
922 13
922 909
922 15
922 16
922 12
922 18
922 916
922 21
922 660
922 23
922 536
922 665
922 796
922 421
922 678
922 168
922 811
922 47
922 175
922 306
922 824
922 571
922 575
922 72
922 208
922 472
922 226
922 483
922 360
922 619
922 749
922 494
922 498
922 117
922 118
922 759
922 507
923 768
923 0
923 1
923 5
923 391
923 534
923 286
923 801
923 553
923 560
923 447
923 838
923 715
923 468
923 597
923 470
923 727
923 229
923 230
923 103
923 893
924 0
924 2
924 3
924 4
924 5
924 134
924 6
924 8
924 9
924 649
924 772
924 13
924 15
924 18
924 659
924 916
924 792
924 152
924 156
924 29
924 672
924 546
924 162
924 164
924 291
924 420
924 677
924 810
924 299
924 309
924 53
924 439
924 60
924 829
924 834
924 71
924 841
924 589
924 211
924 88
924 89
924 224
924 481
924 103
924 616
924 108
924 620
924 492
924 629
924 121
925 0
925 609
925 547
925 4
925 585
925 559
925 146
925 24
925 57
926 450
926 295
926 9
926 915
926 183
927 0
927 1
927 2
927 3
927 4
927 5
927 6
927 9
927 12
927 13
927 783
927 15
927 149
927 26
927 672
927 306
927 196
927 837
927 338
927 86
927 481
927 354
927 867
927 631
928 288
928 0
928 3
928 5
928 6
928 663
929 769
929 845
929 440
929 825
929 27
930 408
930 18
930 688
930 720
931 778
931 13
932 628
932 13
932 908
932 309
933 4
933 165
933 390
933 13
933 818
933 281
933 348
934 0
934 480
934 355
934 3
934 451
934 5
934 295
934 8
934 13
934 560
934 561
934 624
934 20
934 412
934 699
934 188
934 604
935 587
936 826
936 267
936 165
936 6
937 0
937 1
937 388
937 6
937 8
937 13
937 657
937 277
937 543
937 423
937 171
937 302
937 432
937 202
937 458
937 464
937 596
937 213
937 346
937 223
937 482
937 748
937 494
937 752
937 881
938 914
938 6
939 4
939 5
939 432
939 86
939 793
939 382
940 0
940 1
940 2
940 3
940 4
940 5
940 6
940 519
940 9
940 12
940 13
940 893
940 15
940 272
940 912
940 21
940 413
940 293
940 690
940 569
940 829
940 703
940 331
940 463
940 727
940 635
940 622
940 379
940 125
940 895
941 640
941 381
941 575
942 103
943 418
943 165
943 12
943 302
943 751
943 433
943 916
943 216
943 729
943 571
944 165
944 713
944 13
944 758
944 319
945 386
945 8
945 425
945 652
945 108
945 13
945 269
945 786
945 470
945 887
945 762
945 927
946 0
946 1
946 3
946 4
946 5
946 902
946 6
946 10
946 395
946 530
946 281
946 157
946 162
946 167
946 701
946 327
946 711
946 200
946 78
946 337
946 862
946 96
946 746
946 763
947 117
947 895
948 0
948 2
948 323
948 4
948 326
948 6
948 232
948 263
948 43
948 206
948 367
948 755
948 475
949 736
949 1
949 98
949 768
949 420
949 5
949 68
949 597
949 631
949 924
949 255
950 443
950 829
951 0
951 64
951 5
951 6
951 9
951 17
951 370
951 83
951 84
951 149
951 625
951 55
951 537
951 700
951 412
952 512
952 1
952 0
952 4
952 477
953 384
953 439
953 579
953 803
953 6
953 8
953 917
953 247
953 123
953 61
954 464
955 0
955 257
955 2
955 355
955 8
955 41
955 298
955 654
955 505
956 6
956 264
956 625
956 439
956 250
957 0
957 1
957 2
957 257
957 388
957 5
957 6
957 4
957 13
957 15
957 531
957 917
957 800
957 673
957 308
957 437
957 950
957 446
957 62
957 577
957 468
957 728
957 89
957 90
957 238
957 370
958 388
959 385
959 164
959 166
959 719
959 688
959 468
959 20
959 793
960 0
960 2
960 515
960 5
960 6
960 841
960 12
960 90
960 957
961 0
961 1
961 4
961 5
961 6
961 260
961 648
961 652
961 13
961 153
961 938
961 683
961 826
961 833
961 710
961 211
961 602
961 370
961 245
962 0
962 130
962 68
962 294
962 6
962 9
962 651
962 811
962 813
962 461
962 21
962 222
962 319
963 0
963 608
963 194
963 67
963 386
963 5
963 6
963 230
963 8
963 745
963 170
963 685
963 911
963 209
963 377
963 285
963 638
964 0
964 5
964 6
964 652
964 275
964 563
964 57
964 954
964 448
964 321
964 577
964 197
964 69
964 840
964 83
964 344
964 356
964 879
964 111
964 113
964 884
964 637
964 382
965 0
965 1
965 2
965 3
965 4
965 5
965 6
965 9
965 638
965 267
965 13
965 142
965 15
965 527
965 18
965 21
965 46
965 436
965 565
965 578
965 583
965 91
965 477
965 94
965 224
965 358
965 359
965 750
965 888
965 126
966 8
966 13
966 333
966 20
966 56
966 381
967 0
967 5
967 101
967 6
967 13
967 272
967 624
967 307
967 504
967 58
967 91
967 765
968 0
968 1
968 2
968 6
968 136
968 651
968 13
968 141
968 16
968 17
968 658
968 921
968 27
968 39
968 936
968 554
968 701
968 830
968 327
968 585
968 592
968 726
968 236
968 368
968 882
968 249
968 125
969 0
969 1
969 2
969 3
969 4
969 5
969 773
969 7
969 8
969 6
969 765
969 511
969 13
969 527
969 17
969 21
969 23
969 280
969 24
969 28
969 669
969 286
969 927
969 288
969 672
969 682
969 299
969 938
969 172
969 559
969 693
969 950
969 437
969 312
969 573
969 196
969 456
969 73
969 81
969 849
969 219
969 348
969 222
969 497
969 114
969 882
969 886
969 887
969 893
969 767
970 0
970 1
970 2
970 3
970 4
970 5
970 6
970 8
970 781
970 13
970 405
970 919
970 32
970 163
970 808
970 172
970 945
970 565
970 951
970 58
970 443
970 828
970 318
970 202
970 84
970 217
970 740
970 356
970 233
970 885
970 118
970 760
970 380
971 0
971 5
971 652
971 21
971 221
971 541
971 254
972 5
972 6
972 351
973 0
973 2
973 5
973 902
973 6
973 843
973 461
973 239
973 124
973 861
974 0
974 3
974 4
974 5
974 646
974 6
974 8
974 395
974 397
974 13
974 913
974 21
974 167
974 425
974 190
974 66
974 453
974 848
974 360
974 764
975 771
975 5
975 421
975 9
975 812
975 686
975 15
975 759
975 121
975 540
976 0
976 257
976 2
976 3
976 5
976 170
976 590
976 884
976 728
976 637
977 0
977 1
977 4
977 389
977 6
977 5
977 8
977 13
977 15
977 21
977 795
977 797
977 179
977 51
977 563
977 308
977 192
977 193
977 325
977 457
977 843
977 716
977 852
977 102
977 745
977 754
977 375
978 416
978 354
978 677
978 839
978 840
978 426
978 175
979 0
979 3
979 4
979 5
979 6
979 10
979 651
979 12
979 13
979 526
979 783
979 916
979 20
979 541
979 287
979 422
979 431
979 181
979 570
979 327
979 458
979 591
979 93
979 743
979 744
979 359
979 104
979 494
979 763
980 0
980 800
980 4
980 520
980 778
980 306
980 920
980 442
981 0
981 5
981 84
981 214
981 599
981 475
982 0
982 866
982 3
982 5
982 701
982 553
982 559
982 733
982 670
983 0
983 1
983 387
983 4
983 5
983 649
983 11
983 12
983 16
983 664
983 671
983 546
983 35
983 684
983 176
983 432
983 946
983 961
983 203
983 718
983 977
983 726
984 896
984 4
985 0
985 18
985 701
986 0
986 1
986 2
986 3
986 4
986 5
986 6
986 7
986 8
986 9
986 10
986 777
986 525
986 13
986 658
986 20
986 21
986 536
986 411
986 669
986 925
986 802
986 290
986 548
986 299
986 43
986 49
986 437
986 694
986 569
986 58
986 186
986 62
986 193
986 450
986 68
986 849
986 467
986 91
986 348
986 219
986 612
986 876
986 623
986 124
987 864
987 625
987 99
988 4
988 5
988 294
988 553
988 11
988 12
988 188
988 279
988 184
988 825
988 91
988 220
988 703
989 0
989 2
989 740
989 5
989 70
989 4
989 106
989 10
989 926
989 980
989 182
989 630
989 318
990 129
990 835
990 3
990 837
990 229
990 5
990 13
990 914
990 248
990 829
991 0
991 609
991 98
991 1
991 4
991 5
991 326
991 323
991 2
991 742
991 459
991 346
991 655
991 505
991 26
991 444
992 8
992 980
992 5
992 582
993 0
993 2
993 290
993 4
993 5
993 485
993 295
993 714
993 428
993 209
993 18
993 764
994 320
994 612
994 746
994 10
994 846
994 955
994 29
995 0
995 547
995 4
995 39
995 552
995 809
995 842
995 663
995 396
995 13
995 592
995 211
995 563
995 887
995 61
995 926
996 98
996 566
997 0
997 802
997 227
997 4
997 101
997 71
997 748
997 13
997 557
997 18
997 178
997 788
997 21
998 0
998 414
998 6
999 960
999 295
999 789
999 694
999 123
