author_id,author_name,h_index,total_citations,n_publications,rank
29916,Author_29916,28,2679.0,126,1
12371,Author_12371,25,3733.0,129,2
4808,Author_04808,25,1859.0,102,3
25383,Author_25383,24,1715.0,92,4
24980,Author_24980,23,1878.0,66,5
20586,Author_20586,22,3369.0,92,6
17369,Author_17369,22,2079.0,107,7
15630,Author_15630,22,1628.0,98,8
4451,Author_04451,22,1407.0,67,9
10599,Author_10599,22,1172.0,73,10
20711,Author_20711,21,2588.0,68,11
15471,Author_15471,21,2257.0,108,12
9181,Author_09181,21,2188.0,94,13
3031,Author_03031,21,2083.0,88,14
3855,Author_03855,21,1890.0,108,15
29781,Author_29781,21,1673.0,72,16
22092,Author_22092,21,1506.0,83,17
12325,Author_12325,21,1465.0,90,18
17905,Author_17905,21,1385.0,65,19
1088,Author_01088,21,1193.0,66,20
8868,Author_08868,21,1048.0,79,21
18112,Author_18112,20,5082.0,73,22
27653,Author_27653,20,2506.0,83,23
12327,Author_12327,20,2469.0,66,24
17534,Author_17534,20,2160.0,68,25
9198,Author_09198,20,1856.0,79,26
8570,Author_08570,20,1717.0,78,27
17104,Author_17104,20,1667.0,72,28
15913,Author_15913,20,1651.0,63,29
8646,Author_08646,20,1570.0,75,30
19053,Author_19053,20,1463.0,90,31
9777,Author_09777,20,1448.0,75,32
947,Author_00947,20,1424.0,93,33
3392,Author_03392,20,1358.0,80,34
21855,Author_21855,20,1309.0,68,35
2650,Author_02650,20,1273.0,55,36
11772,Author_11772,20,1266.0,86,37
937,Author_00937,20,1255.0,62,38
17068,Author_17068,20,1230.0,58,39
23758,Author_23758,20,1201.0,68,40
8963,Author_08963,20,1189.0,56,41
3033,Author_03033,20,1052.0,54,42
29958,Author_29958,20,1029.0,81,43
12555,Author_12555,20,960.0,52,44
17945,Author_17945,20,938.0,77,45
6817,Author_06817,19,4055.0,69,46
7665,Author_07665,19,3695.0,87,47
15801,Author_15801,19,3346.0,75,48
11792,Author_11792,19,2561.0,70,49
6641,Author_06641,19,2325.0,76,50
349,Author_00349,19,1738.0,58,51
19803,Author_19803,19,1683.0,80,52
0,Author_00000,19,1616.0,78,53
19834,Author_19834,19,1552.0,79,54
15264,Author_15264,19,1540.0,66,55
11549,Author_11549,19,1453.0,70,56
12760,Author_12760,19,1440.0,53,57
14189,Author_14189,19,1425.0,71,58
16439,Author_16439,19,1423.0,57,59
10312,Author_10312,19,1352.0,70,60
10048,Author_10048,19,1327.0,92,61
28811,Author_28811,19,1312.0,70,62
22246,Author_22246,19,1278.0,80,63
14480,Author_14480,19,1251.0,74,64
11870,Author_11870,19,1245.0,53,65
18861,Author_18861,19,1219.0,47,66
21807,Author_21807,19,1218.0,63,67
18762,Author_18762,19,1207.0,66,68
6805,Author_06805,19,1193.0,73,69
5333,Author_05333,19,1187.0,87,70
9236,Author_09236,19,1180.0,62,71
19547,Author_19547,19,1168.0,53,72
5634,Author_05634,19,1164.0,48,73
5633,Author_05633,19,1143.0,47,74
14998,Author_14998,19,1129.0,70,75
3955,Author_03955,19,1099.0,75,76
15286,Author_15286,19,1091.0,86,77
22143,Author_22143,19,1086.0,69,78
11548,Author_11548,19,1082.0,65,79
2481,Author_02481,19,1066.0,63,80
22651,Author_22651,19,1052.0,64,81
19233,Author_19233,19,1026.0,61,82
26784,Author_26784,19,1024.0,59,83
25873,Author_25873,19,999.0,61,84
26277,Author_26277,19,960.0,61,85
23133,Author_23133,19,906.0,68,86
23166,Author_23166,19,897.0,61,87
4122,Author_04122,18,11242.0,46,88
25714,Author_25714,18,1995.0,56,89
8080,Author_08080,18,1939.0,57,90
12544,Author_12544,18,1744.0,66,91
23341,Author_23341,18,1666.0,63,92
3632,Author_03632,18,1665.0,41,93
7234,Author_07234,18,1651.0,59,94
28915,Author_28915,18,1579.0,67,95
29305,Author_29305,18,1560.0,67,96
29533,Author_29533,18,1513.0,54,97
29753,Author_29753,18,1447.0,61,98
23338,Author_23338,18,1445.0,52,99
5882,Author_05882,18,1438.0,61,100
29858,Author_29858,18,1418.0,51,101
8766,Author_08766,18,1367.0,59,102
26519,Author_26519,18,1349.0,76,103
3795,Author_03795,18,1318.0,42,104
5007,Author_05007,18,1315.0,70,105
11700,Author_11700,18,1304.0,102,106
20569,Author_20569,18,1276.0,60,107
22439,Author_22439,18,1254.0,59,108
8578,Author_08578,18,1238.0,45,109
1772,Author_01772,18,1233.0,73,110
13418,Author_13418,18,1216.0,65,111
19435,Author_19435,18,1216.0,72,112
27448,Author_27448,18,1190.0,50,113
29886,Author_29886,18,1180.0,58,114
13208,Author_13208,18,1166.0,63,115
4837,Author_04837,18,1164.0,56,116
11410,Author_11410,18,1163.0,58,117
11491,Author_11491,18,1162.0,50,118
16984,Author_16984,18,1160.0,65,119
18360,Author_18360,18,1156.0,80,120
497,Author_00497,18,1155.0,79,121
20718,Author_20718,18,1148.0,49,122
29655,Author_29655,18,1143.0,55,123
22538,Author_22538,18,1136.0,58,124
6955,Author_06955,18,1122.0,63,125
8408,Author_08408,18,1090.0,67,126
29664,Author_29664,18,1082.0,50,127
20293,Author_20293,18,1078.0,77,128
19828,Author_19828,18,1071.0,90,129
3687,Author_03687,18,1068.0,58,130
7549,Author_07549,18,1068.0,71,131
11647,Author_11647,18,1066.0,56,132
599,Author_00599,18,1064.0,57,133
25444,Author_25444,18,1059.0,48,134
4033,Author_04033,18,1048.0,67,135
24229,Author_24229,18,1022.0,56,136
693,Author_00693,18,1020.0,59,137
10832,Author_10832,18,1011.0,58,138
2185,Author_02185,18,994.0,80,139
10546,Author_10546,18,975.0,74,140
14343,Author_14343,18,947.0,47,141
687,Author_00687,18,946.0,79,142
5616,Author_05616,18,943.0,72,143
5539,Author_05539,18,923.0,60,144
17070,Author_17070,18,923.0,66,145
21992,Author_21992,18,920.0,53,146
7851,Author_07851,18,894.0,41,147
9836,Author_09836,18,856.0,45,148
13337,Author_13337,18,801.0,44,149
10978,Author_10978,18,772.0,69,150
17046,Author_17046,18,738.0,53,151
17723,Author_17723,17,2883.0,45,152
22770,Author_22770,17,2859.0,73,153
15846,Author_15846,17,2668.0,70,154
25275,Author_25275,17,1903.0,63,155
28650,Author_28650,17,1770.0,58,156
15520,Author_15520,17,1580.0,65,157
15638,Author_15638,17,1532.0,58,158
17690,Author_17690,17,1527.0,68,159
16714,Author_16714,17,1498.0,54,160
8298,Author_08298,17,1454.0,52,161
9579,Author_09579,17,1440.0,75,162
29004,Author_29004,17,1440.0,48,163
21155,Author_21155,17,1394.0,48,164
18961,Author_18961,17,1371.0,44,165
4171,Author_04171,17,1357.0,65,166
20787,Author_20787,17,1338.0,77,167
21234,Author_21234,17,1320.0,61,168
16924,Author_16924,17,1275.0,54,169
3039,Author_03039,17,1271.0,81,170
6008,Author_06008,17,1246.0,58,171
29670,Author_29670,17,1236.0,46,172
19704,Author_19704,17,1227.0,50,173
23553,Author_23553,17,1220.0,52,174
8398,Author_08398,17,1211.0,65,175
7689,Author_07689,17,1204.0,61,176
13903,Author_13903,17,1203.0,62,177
29963,Author_29963,17,1201.0,60,178
29760,Author_29760,17,1195.0,66,179
65,Author_00065,17,1188.0,48,180
27217,Author_27217,17,1164.0,65,181
17821,Author_17821,17,1155.0,62,182
15597,Author_15597,17,1135.0,76,183
29129,Author_29129,17,1128.0,69,184
4792,Author_04792,17,1118.0,69,185
20179,Author_20179,17,1097.0,55,186
651,Author_00651,17,1095.0,51,187
24931,Author_24931,17,1092.0,39,188
10995,Author_10995,17,1091.0,67,189
19574,Author_19574,17,1085.0,62,190
16633,Author_16633,17,1077.0,48,191
8916,Author_08916,17,1052.0,61,192
24044,Author_24044,17,1052.0,44,193
14525,Author_14525,17,1048.0,53,194
10943,Author_10943,17,1037.0,51,195
22817,Author_22817,17,1032.0,66,196
5451,Author_05451,17,1030.0,53,197
26243,Author_26243,17,1019.0,39,198
29843,Author_29843,17,1015.0,57,199
3712,Author_03712,17,1014.0,42,200
4612,Author_04612,17,1014.0,44,201
12719,Author_12719,17,1003.0,49,202
16147,Author_16147,17,1003.0,56,203
24945,Author_24945,17,1001.0,59,204
21581,Author_21581,17,1000.0,60,205
3836,Author_03836,17,995.0,48,206
14661,Author_14661,17,995.0,46,207
3625,Author_03625,17,982.0,42,208
15562,Author_15562,17,980.0,66,209
7430,Author_07430,17,968.0,73,210
7864,Author_07864,17,964.0,66,211
29676,Author_29676,17,964.0,51,212
10977,Author_10977,17,957.0,68,213
14695,Author_14695,17,954.0,49,214
21314,Author_21314,17,950.0,63,215
21779,Author_21779,17,935.0,59,216
2253,Author_02253,17,932.0,53,217
6830,Author_06830,17,929.0,51,218
17968,Author_17968,17,926.0,59,219
11956,Author_11956,17,922.0,74,220
26352,Author_26352,17,917.0,62,221
14820,Author_14820,17,912.0,44,222
11825,Author_11825,17,899.0,47,223
3575,Author_03575,17,881.0,54,224
19167,Author_19167,17,878.0,58,225
12491,Author_12491,17,855.0,65,226
11431,Author_11431,17,843.0,58,227
10963,Author_10963,17,842.0,45,228
10960,Author_10960,17,839.0,47,229
17813,Author_17813,17,836.0,37,230
10801,Author_10801,17,832.0,53,231
20662,Author_20662,17,818.0,37,232
448,Author_00448,17,806.0,59,233
26589,Author_26589,17,798.0,42,234
20038,Author_20038,17,797.0,49,235
8166,Author_08166,17,782.0,58,236
13901,Author_13901,17,774.0,49,237
8556,Author_08556,17,763.0,53,238
24221,Author_24221,17,749.0,44,239
5903,Author_05903,17,738.0,55,240
5890,Author_05890,17,736.0,55,241
480,Author_00480,17,729.0,37,242
4567,Author_04567,17,703.0,57,243
26539,Author_26539,17,657.0,49,244
11322,Author_11322,17,532.0,32,245
3428,Author_03428,16,3538.0,48,246
26200,Author_26200,16,3008.0,44,247
19832,Author_19832,16,1811.0,46,248
12716,Author_12716,16,1701.0,38,249
17648,Author_17648,16,1652.0,38,250
20299,Author_20299,16,1552.0,46,251
13573,Author_13573,16,1532.0,43,252
13841,Author_13841,16,1421.0,42,253
14629,Author_14629,16,1391.0,62,254
4401,Author_04401,16,1340.0,57,255
23756,Author_23756,16,1326.0,38,256
6235,Author_06235,16,1319.0,45,257
4996,Author_04996,16,1277.0,49,258
12183,Author_12183,16,1262.0,47,259
27742,Author_27742,16,1253.0,60,260
27795,Author_27795,16,1239.0,52,261
1062,Author_01062,16,1200.0,59,262
6237,Author_06237,16,1193.0,62,263
15914,Author_15914,16,1182.0,39,264
8277,Author_08277,16,1124.0,53,265
8675,Author_08675,16,1124.0,60,266
12257,Author_12257,16,1107.0,60,267
13588,Author_13588,16,1099.0,56,268
12492,Author_12492,16,1049.0,59,269
6165,Author_06165,16,1019.0,54,270
11544,Author_11544,16,1019.0,58,271
27518,Author_27518,16,1007.0,31,272
5741,Author_05741,16,988.0,34,273
4063,Author_04063,16,985.0,42,274
29611,Author_29611,16,985.0,51,275
4095,Author_04095,16,981.0,72,276
7497,Author_07497,16,981.0,44,277
1423,Author_01423,16,975.0,38,278
2777,Author_02777,16,973.0,55,279
16568,Author_16568,16,970.0,71,280
26104,Author_26104,16,961.0,34,281
19600,Author_19600,16,960.0,54,282
9587,Author_09587,16,959.0,44,283
16481,Author_16481,16,958.0,56,284
28424,Author_28424,16,956.0,48,285
18865,Author_18865,16,953.0,59,286
11126,Author_11126,16,948.0,46,287
5578,Author_05578,16,942.0,60,288
23773,Author_23773,16,941.0,41,289
11941,Author_11941,16,939.0,51,290
6819,Author_06819,16,933.0,65,291
5048,Author_05048,16,932.0,41,292
26230,Author_26230,16,928.0,54,293
19854,Author_19854,16,924.0,65,294
28871,Author_28871,16,922.0,41,295
1733,Author_01733,16,919.0,48,296
3768,Author_03768,16,919.0,57,297
6741,Author_06741,16,918.0,42,298
17309,Author_17309,16,912.0,52,299
8861,Author_08861,16,906.0,44,300
29572,Author_29572,16,904.0,58,301
12129,Author_12129,16,901.0,43,302
18070,Author_18070,16,899.0,47,303
19249,Author_19249,16,897.0,45,304
10580,Author_10580,16,890.0,42,305
20422,Author_20422,16,886.0,37,306
15968,Author_15968,16,883.0,60,307
27521,Author_27521,16,877.0,33,308
4594,Author_04594,16,873.0,54,309
26580,Author_26580,16,873.0,58,310
154,Author_00154,16,872.0,50,311
24806,Author_24806,16,862.0,47,312
13434,Author_13434,16,861.0,47,313
4310,Author_04310,16,853.0,35,314
363,Author_00363,16,852.0,36,315
2072,Author_02072,16,849.0,52,316
12813,Author_12813,16,847.0,64,317
1217,Author_01217,16,845.0,54,318
26395,Author_26395,16,844.0,81,319
6335,Author_06335,16,838.0,45,320
5235,Author_05235,16,836.0,59,321
1443,Author_01443,16,835.0,43,322
7769,Author_07769,16,833.0,55,323
19370,Author_19370,16,827.0,57,324
17886,Author_17886,16,824.0,56,325
3112,Author_03112,16,823.0,51,326
13553,Author_13553,16,823.0,44,327
22942,Author_22942,16,823.0,55,328
27712,Author_27712,16,821.0,46,329
19058,Author_19058,16,818.0,41,330
25269,Author_25269,16,818.0,35,331
16286,Author_16286,16,816.0,48,332
19733,Author_19733,16,816.0,47,333
23790,Author_23790,16,810.0,55,334
8440,Author_08440,16,806.0,58,335
21380,Author_21380,16,804.0,47,336
13357,Author_13357,16,803.0,52,337
277,Author_00277,16,802.0,50,338
18521,Author_18521,16,797.0,46,339
22751,Author_22751,16,796.0,51,340
28896,Author_28896,16,793.0,50,341
2676,Author_02676,16,792.0,42,342
4537,Author_04537,16,792.0,47,343
6917,Author_06917,16,791.0,49,344
4961,Author_04961,16,785.0,36,345
14494,Author_14494,16,773.0,45,346
6851,Author_06851,16,772.0,61,347
14272,Author_14272,16,768.0,57,348
527,Author_00527,16,767.0,51,349
24748,Author_24748,16,765.0,35,350
17619,Author_17619,16,764.0,45,351
16652,Author_16652,16,762.0,45,352
8259,Author_08259,16,761.0,43,353
6616,Author_06616,16,760.0,54,354
25835,Author_25835,16,758.0,51,355
29949,Author_29949,16,758.0,43,356
15744,Author_15744,16,737.0,41,357
26477,Author_26477,16,735.0,62,358
12048,Author_12048,16,730.0,49,359
11809,Author_11809,16,722.0,35,360
12145,Author_12145,16,720.0,43,361
12953,Author_12953,16,720.0,38,362
18921,Author_18921,16,719.0,35,363
1225,Author_01225,16,711.0,37,364
19446,Author_19446,16,708.0,48,365
14889,Author_14889,16,701.0,48,366
2805,Author_02805,16,698.0,39,367
20237,Author_20237,16,698.0,51,368
416,Author_00416,16,689.0,48,369
3689,Author_03689,16,685.0,50,370
19649,Author_19649,16,682.0,50,371
1037,Author_01037,16,677.0,32,372
23861,Author_23861,16,677.0,52,373
11684,Author_11684,16,665.0,42,374
8342,Author_08342,16,661.0,49,375
20839,Author_20839,16,661.0,53,376
3873,Author_03873,16,659.0,34,377
23648,Author_23648,16,659.0,34,378
14330,Author_14330,16,655.0,47,379
26670,Author_26670,16,651.0,43,380
19781,Author_19781,16,649.0,53,381
13912,Author_13912,16,624.0,45,382
19926,Author_19926,16,600.0,36,383
18270,Author_18270,16,598.0,35,384
11706,Author_11706,16,590.0,37,385
2780,Author_02780,16,569.0,29,386
22754,Author_22754,16,512.0,42,387
9512,Author_09512,15,11310.0,42,388
18452,Author_18452,15,7179.0,41,389
9982,Author_09982,15,2923.0,30,390
17529,Author_17529,15,2825.0,35,391
11329,Author_11329,15,2330.0,51,392
25760,Author_25760,15,2044.0,37,393
13514,Author_13514,15,1974.0,39,394
3593,Author_03593,15,1590.0,35,395
23251,Author_23251,15,1511.0,56,396
13224,Author_13224,15,1484.0,44,397
9158,Author_09158,15,1469.0,46,398
727,Author_00727,15,1410.0,34,399
21772,Author_21772,15,1399.0,29,400
13978,Author_13978,15,1388.0,36,401
22610,Author_22610,15,1387.0,37,402
4871,Author_04871,15,1295.0,58,403
5544,Author_05544,15,1283.0,56,404
14763,Author_14763,15,1264.0,52,405
17366,Author_17366,15,1263.0,43,406
28287,Author_28287,15,1242.0,34,407
21929,Author_21929,15,1236.0,34,408
15194,Author_15194,15,1229.0,54,409
23549,Author_23549,15,1210.0,46,410
6247,Author_06247,15,1189.0,71,411
1929,Author_01929,15,1145.0,36,412
6731,Author_06731,15,1127.0,35,413
8272,Author_08272,15,1123.0,41,414
11967,Author_11967,15,1109.0,33,415
28313,Author_28313,15,1108.0,41,416
18353,Author_18353,15,1076.0,54,417
6993,Author_06993,15,1075.0,47,418
10405,Author_10405,15,1069.0,38,419
1821,Author_01821,15,1067.0,37,420
22818,Author_22818,15,1059.0,33,421
16057,Author_16057,15,1058.0,61,422
28376,Author_28376,15,1053.0,45,423
19738,Author_19738,15,1052.0,57,424
858,Author_00858,15,1051.0,54,425
5568,Author_05568,15,1045.0,40,426
21070,Author_21070,15,1033.0,45,427
5822,Author_05822,15,1023.0,41,428
20986,Author_20986,15,1011.0,42,429
1799,Author_01799,15,1005.0,40,430
23520,Author_23520,15,1002.0,30,431
10992,Author_10992,15,1000.0,37,432
22232,Author_22232,15,989.0,61,433
16012,Author_16012,15,988.0,41,434
1786,Author_01786,15,987.0,32,435
17239,Author_17239,15,973.0,34,436
16791,Author_16791,15,972.0,62,437
3633,Author_03633,15,971.0,42,438
28700,Author_28700,15,971.0,57,439
3028,Author_03028,15,970.0,41,440
11463,Author_11463,15,965.0,49,441
433,Author_00433,15,956.0,62,442
24008,Author_24008,15,946.0,54,443
28110,Author_28110,15,945.0,51,444
4809,Author_04809,15,941.0,28,445
27737,Author_27737,15,939.0,57,446
17191,Author_17191,15,932.0,47,447
8526,Author_08526,15,924.0,38,448
11757,Author_11757,15,920.0,41,449
15668,Author_15668,15,919.0,33,450
14519,Author_14519,15,918.0,56,451
14049,Author_14049,15,915.0,51,452
13379,Author_13379,15,911.0,36,453
16934,Author_16934,15,909.0,44,454
23796,Author_23796,15,909.0,41,455
9063,Author_09063,15,908.0,43,456
29245,Author_29245,15,905.0,43,457
9901,Author_09901,15,896.0,48,458
10019,Author_10019,15,894.0,38,459
6241,Author_06241,15,892.0,32,460
14382,Author_14382,15,890.0,71,461
21357,Author_21357,15,883.0,48,462
12766,Author_12766,15,879.0,47,463
4852,Author_04852,15,877.0,35,464
29614,Author_29614,15,868.0,42,465
25918,Author_25918,15,867.0,49,466
2418,Author_02418,15,866.0,58,467
29663,Author_29663,15,865.0,43,468
8437,Author_08437,15,862.0,46,469
28057,Author_28057,15,859.0,31,470
23164,Author_23164,15,857.0,45,471
130,Author_00130,15,854.0,48,472
3325,Author_03325,15,853.0,40,473
16237,Author_16237,15,846.0,51,474
8996,Author_08996,15,841.0,44,475
16919,Author_16919,15,841.0,52,476
27477,Author_27477,15,841.0,44,477
4025,Author_04025,15,838.0,45,478
18703,Author_18703,15,837.0,68,479
7873,Author_07873,15,835.0,45,480
29151,Author_29151,15,833.0,33,481
15364,Author_15364,15,828.0,39,482
13475,Author_13475,15,823.0,35,483
6213,Author_06213,15,818.0,44,484
15866,Author_15866,15,815.0,53,485
25507,Author_25507,15,810.0,47,486
23700,Author_23700,15,807.0,42,487
16116,Author_16116,15,806.0,36,488
8698,Author_08698,15,804.0,37,489
8842,Author_08842,15,804.0,42,490
9660,Author_09660,15,804.0,39,491
22079,Author_22079,15,802.0,45,492
22314,Author_22314,15,801.0,37,493
2329,Author_02329,15,797.0,39,494
4217,Author_04217,15,797.0,34,495
11345,Author_11345,15,797.0,63,496
12582,Author_12582,15,797.0,37,497
96,Author_00096,15,794.0,40,498
3900,Author_03900,15,794.0,32,499
4464,Author_04464,15,789.0,54,500
12390,Author_12390,15,789.0,72,501
16827,Author_16827,15,788.0,44,502
28175,Author_28175,15,787.0,53,503
16631,Author_16631,15,785.0,56,504
21157,Author_21157,15,785.0,53,505
20088,Author_20088,15,783.0,39,506
5090,Author_05090,15,781.0,49,507
28152,Author_28152,15,779.0,43,508
2268,Author_02268,15,778.0,35,509
8315,Author_08315,15,778.0,45,510
28510,Author_28510,15,778.0,43,511
2449,Author_02449,15,777.0,54,512
7399,Author_07399,15,775.0,43,513
14368,Author_14368,15,773.0,36,514
15550,Author_15550,15,772.0,30,515
26093,Author_26093,15,769.0,55,516
22339,Author_22339,15,766.0,45,517
24067,Author_24067,15,766.0,42,518
22416,Author_22416,15,761.0,58,519
24231,Author_24231,15,761.0,33,520
3845,Author_03845,15,760.0,40,521
13187,Author_13187,15,759.0,36,522
13168,Author_13168,15,756.0,46,523
231,Author_00231,15,753.0,43,524
11958,Author_11958,15,748.0,36,525
24479,Author_24479,15,748.0,55,526
5950,Author_05950,15,747.0,71,527
24071,Author_24071,15,747.0,36,528
4492,Author_04492,15,741.0,60,529
25931,Author_25931,15,739.0,28,530
20871,Author_20871,15,737.0,38,531
26951,Author_26951,15,737.0,56,532
27438,Author_27438,15,737.0,64,533
21013,Author_21013,15,735.0,44,534
22379,Author_22379,15,735.0,40,535
20439,Author_20439,15,730.0,57,536
13324,Author_13324,15,723.0,27,537
13181,Author_13181,15,721.0,40,538
4028,Author_04028,15,720.0,42,539
1016,Author_01016,15,715.0,51,540
2039,Author_02039,15,713.0,52,541
12299,Author_12299,15,713.0,37,542
24110,Author_24110,15,713.0,40,543
13448,Author_13448,15,710.0,54,544
18413,Author_18413,15,709.0,35,545
12063,Author_12063,15,707.0,40,546
19061,Author_19061,15,707.0,34,547
21723,Author_21723,15,705.0,43,548
17470,Author_17470,15,704.0,38,549
7653,Author_07653,15,703.0,45,550
25144,Author_25144,15,703.0,40,551
26663,Author_26663,15,703.0,33,552
20228,Author_20228,15,697.0,41,553
5878,Author_05878,15,696.0,48,554
5647,Author_05647,15,694.0,47,555
29265,Author_29265,15,692.0,53,556
25870,Author_25870,15,691.0,37,557
21993,Author_21993,15,690.0,42,558
22666,Author_22666,15,690.0,45,559
29695,Author_29695,15,689.0,40,560
28397,Author_28397,15,688.0,55,561
20072,Author_20072,15,686.0,32,562
22001,Author_22001,15,683.0,64,563
22988,Author_22988,15,683.0,57,564
1188,Author_01188,15,682.0,48,565
29720,Author_29720,15,680.0,48,566
24727,Author_24727,15,676.0,43,567
29861,Author_29861,15,676.0,44,568
10237,Author_10237,15,670.0,40,569
11270,Author_11270,15,666.0,41,570
19961,Author_19961,15,666.0,38,571
6173,Author_06173,15,662.0,55,572
8406,Author_08406,15,661.0,38,573
1298,Author_01298,15,660.0,52,574
5151,Author_05151,15,660.0,34,575
17101,Author_17101,15,657.0,53,576
3925,Author_03925,15,648.0,52,577
2182,Author_02182,15,640.0,38,578
6558,Author_06558,15,640.0,51,579
15195,Author_15195,15,639.0,49,580
12059,Author_12059,15,638.0,49,581
23641,Author_23641,15,638.0,34,582
3831,Author_03831,15,632.0,29,583
25871,Author_25871,15,628.0,44,584
18366,Author_18366,15,627.0,50,585
16867,Author_16867,15,626.0,42,586
29587,Author_29587,15,620.0,48,587
1089,Author_01089,15,619.0,41,588
22352,Author_22352,15,617.0,39,589
2453,Author_02453,15,615.0,32,590
6120,Author_06120,15,602.0,53,591
25876,Author_25876,15,601.0,46,592
16375,Author_16375,15,600.0,44,593
12310,Author_12310,15,592.0,30,594
20697,Author_20697,15,591.0,46,595
24288,Author_24288,15,579.0,38,596
27816,Author_27816,15,575.0,31,597
12976,Author_12976,15,573.0,35,598
29970,Author_29970,15,572.0,46,599
16969,Author_16969,15,565.0,43,600
156,Author_00156,15,562.0,26,601
20116,Author_20116,15,548.0,53,602
13597,Author_13597,15,546.0,41,603
12859,Author_12859,15,529.0,40,604
22478,Author_22478,15,528.0,34,605
25813,Author_25813,15,514.0,34,606
10698,Author_10698,15,506.0,40,607
8569,Author_08569,15,438.0,27,608
25856,Author_25856,15,438.0,38,609
10492,Author_10492,14,7401.0,22,610
1523,Author_01523,14,5706.0,37,611
18718,Author_18718,14,4155.0,50,612
10816,Author_10816,14,3806.0,23,613
27320,Author_27320,14,2727.0,45,614
9720,Author_09720,14,2531.0,52,615
28334,Author_28334,14,2456.0,28,616
9192,Author_09192,14,2305.0,46,617
8257,Author_08257,14,2120.0,42,618
27842,Author_27842,14,1820.0,53,619
28762,Author_28762,14,1760.0,32,620
14093,Author_14093,14,1674.0,37,621
25305,Author_25305,14,1657.0,44,622
9385,Author_09385,14,1570.0,45,623
29367,Author_29367,14,1511.0,32,624
3053,Author_03053,14,1494.0,35,625
2408,Author_02408,14,1460.0,44,626
27760,Author_27760,14,1420.0,29,627
8512,Author_08512,14,1357.0,30,628
10467,Author_10467,14,1297.0,52,629
12277,Author_12277,14,1290.0,32,630
4637,Author_04637,14,1277.0,40,631
4566,Author_04566,14,1274.0,38,632
25521,Author_25521,14,1263.0,60,633
26675,Author_26675,14,1228.0,30,634
9491,Author_09491,14,1219.0,39,635
936,Author_00936,14,1178.0,48,636
12157,Author_12157,14,1174.0,48,637
16180,Author_16180,14,1148.0,39,638
19447,Author_19447,14,1143.0,35,639
19300,Author_19300,14,1130.0,45,640
9101,Author_09101,14,1126.0,38,641
19341,Author_19341,14,1114.0,37,642
21776,Author_21776,14,1113.0,31,643
15217,Author_15217,14,1109.0,36,644
6424,Author_06424,14,1085.0,38,645
22174,Author_22174,14,1083.0,50,646
3732,Author_03732,14,1072.0,43,647
12633,Author_12633,14,1071.0,40,648
7671,Author_07671,14,1070.0,59,649
11022,Author_11022,14,1061.0,61,650
9012,Author_09012,14,1047.0,44,651
22713,Author_22713,14,1045.0,30,652
26779,Author_26779,14,1044.0,34,653
14385,Author_14385,14,1041.0,47,654
10616,Author_10616,14,1019.0,39,655
25353,Author_25353,14,1018.0,48,656
1835,Author_01835,14,1014.0,45,657
3854,Author_03854,14,1008.0,38,658
13415,Author_13415,14,1006.0,41,659
7324,Author_07324,14,1005.0,39,660
4307,Author_04307,14,1004.0,43,661
18004,Author_18004,14,1004.0,30,662
27701,Author_27701,14,991.0,43,663
6532,Author_06532,14,987.0,50,664
29414,Author_29414,14,982.0,28,665
7516,Author_07516,14,975.0,47,666
24670,Author_24670,14,963.0,35,667
19014,Author_19014,14,960.0,51,668
28293,Author_28293,14,954.0,33,669
14607,Author_14607,14,949.0,39,670
6292,Author_06292,14,941.0,58,671
27184,Author_27184,14,936.0,35,672
15985,Author_15985,14,926.0,38,673
2173,Author_02173,14,923.0,56,674
19252,Author_19252,14,922.0,36,675
782,Author_00782,14,919.0,56,676
9958,Author_09958,14,919.0,31,677
3432,Author_03432,14,916.0,34,678
8488,Author_08488,14,916.0,38,679
19337,Author_19337,14,916.0,36,680
1930,Author_01930,14,907.0,51,681
26363,Author_26363,14,906.0,35,682
7907,Author_07907,14,905.0,27,683
20702,Author_20702,14,904.0,37,684
10817,Author_10817,14,900.0,42,685
17207,Author_17207,14,900.0,54,686
16044,Author_16044,14,898.0,39,687
17587,Author_17587,14,891.0,51,688
8089,Author_08089,14,890.0,37,689
25960,Author_25960,14,889.0,51,690
19698,Author_19698,14,884.0,44,691
9642,Author_09642,14,881.0,57,692
26755,Author_26755,14,881.0,43,693
5001,Author_05001,14,879.0,38,694
7101,Author_07101,14,877.0,24,695
15461,Author_15461,14,872.0,44,696
17291,Author_17291,14,871.0,33,697
17540,Author_17540,14,869.0,45,698
11293,Author_11293,14,867.0,43,699
22183,Author_22183,14,853.0,31,700
29743,Author_29743,14,850.0,48,701
12251,Author_12251,14,849.0,31,702
6497,Author_06497,14,848.0,34,703
13904,Author_13904,14,845.0,33,704
25271,Author_25271,14,844.0,42,705
2217,Author_02217,14,841.0,43,706
9212,Author_09212,14,836.0,24,707
20185,Author_20185,14,836.0,41,708
26137,Author_26137,14,833.0,55,709
8500,Author_08500,14,829.0,56,710
24186,Author_24186,14,827.0,53,711
25834,Author_25834,14,822.0,48,712
5006,Author_05006,14,821.0,33,713
23427,Author_23427,14,820.0,45,714
24425,Author_24425,14,820.0,48,715
17171,Author_17171,14,818.0,52,716
9908,Author_09908,14,817.0,33,717
7964,Author_07964,14,814.0,37,718
16985,Author_16985,14,811.0,65,719
19911,Author_19911,14,809.0,39,720
28348,Author_28348,14,809.0,30,721
13301,Author_13301,14,805.0,42,722
418,Author_00418,14,803.0,47,723
12862,Author_12862,14,800.0,44,724
18263,Author_18263,14,800.0,30,725
6577,Author_06577,14,799.0,54,726
25657,Author_25657,14,797.0,43,727
15020,Author_15020,14,794.0,47,728
4468,Author_04468,14,793.0,35,729
5159,Author_05159,14,788.0,39,730
12672,Author_12672,14,780.0,48,731
29740,Author_29740,14,780.0,46,732
18741,Author_18741,14,778.0,49,733
4787,Author_04787,14,777.0,26,734
6632,Author_06632,14,775.0,39,735
13844,Author_13844,14,774.0,48,736
27535,Author_27535,14,771.0,40,737
1927,Author_01927,14,769.0,39,738
20238,Author_20238,14,769.0,67,739
15057,Author_15057,14,766.0,40,740
13952,Author_13952,14,764.0,29,741
23396,Author_23396,14,763.0,45,742
22423,Author_22423,14,762.0,41,743
8349,Author_08349,14,760.0,35,744
3996,Author_03996,14,758.0,36,745
10010,Author_10010,14,758.0,36,746
2899,Author_02899,14,754.0,54,747
29038,Author_29038,14,753.0,51,748
3674,Author_03674,14,752.0,42,749
13212,Author_13212,14,749.0,31,750
13900,Author_13900,14,749.0,51,751
21167,Author_21167,14,743.0,43,752
3673,Author_03673,14,739.0,36,753
4695,Author_04695,14,737.0,42,754
8699,Author_08699,14,737.0,36,755
12054,Author_12054,14,736.0,25,756
126,Author_00126,14,735.0,43,757
18306,Author_18306,14,734.0,44,758
8263,Author_08263,14,733.0,41,759
8333,Author_08333,14,733.0,27,760
20327,Author_20327,14,733.0,32,761
17869,Author_17869,14,732.0,35,762
17078,Author_17078,14,731.0,37,763
19816,Author_19816,14,730.0,34,764
3193,Author_03193,14,724.0,42,765
25407,Author_25407,14,723.0,31,766
26546,Author_26546,14,723.0,57,767
11988,Author_11988,14,721.0,56,768
13982,Author_13982,14,721.0,33,769
18615,Author_18615,14,721.0,37,770
12494,Author_12494,14,720.0,44,771
13868,Author_13868,14,720.0,36,772
28439,Author_28439,14,719.0,40,773
2829,Author_02829,14,718.0,42,774
24369,Author_24369,14,718.0,48,775
24377,Author_24377,14,712.0,45,776
28973,Author_28973,14,710.0,29,777
22093,Author_22093,14,709.0,40,778
475,Author_00475,14,708.0,35,779
7374,Author_07374,14,707.0,27,780
24532,Author_24532,14,707.0,41,781
28974,Author_28974,14,704.0,39,782
2586,Author_02586,14,702.0,30,783
22237,Author_22237,14,696.0,51,784
13028,Author_13028,14,694.0,38,785
20874,Author_20874,14,693.0,32,786
26234,Author_26234,14,692.0,47,787
3258,Author_03258,14,688.0,37,788
14128,Author_14128,14,686.0,29,789
5688,Author_05688,14,685.0,48,790
13093,Author_13093,14,684.0,48,791
17725,Author_17725,14,683.0,40,792
15532,Author_15532,14,682.0,43,793
15287,Author_15287,14,681.0,53,794
17605,Author_17605,14,681.0,40,795
18318,Author_18318,14,681.0,33,796
25476,Author_25476,14,681.0,57,797
14814,Author_14814,14,679.0,33,798
16176,Author_16176,14,679.0,36,799
21617,Author_21617,14,675.0,39,800
25022,Author_25022,14,674.0,29,801
28912,Author_28912,14,674.0,26,802
1345,Author_01345,14,672.0,42,803
6647,Author_06647,14,672.0,44,804
17548,Author_17548,14,671.0,43,805
29893,Author_29893,14,670.0,42,806
15172,Author_15172,14,669.0,34,807
24513,Author_24513,14,669.0,29,808
2570,Author_02570,14,668.0,34,809
25368,Author_25368,14,664.0,33,810
4083,Author_04083,14,662.0,37,811
19948,Author_19948,14,662.0,45,812
25229,Author_25229,14,662.0,26,813
3908,Author_03908,14,661.0,53,814
21331,Author_21331,14,660.0,33,815
29167,Author_29167,14,659.0,35,816
25427,Author_25427,14,657.0,38,817
18027,Author_18027,14,655.0,34,818
27222,Author_27222,14,654.0,49,819
15625,Author_15625,14,652.0,32,820
22115,Author_22115,14,652.0,21,821
16872,Author_16872,14,651.0,38,822
22012,Author_22012,14,651.0,40,823
26577,Author_26577,14,650.0,32,824
7333,Author_07333,14,649.0,31,825
14662,Author_14662,14,648.0,31,826
19639,Author_19639,14,647.0,35,827
9694,Author_09694,14,644.0,36,828
21435,Author_21435,14,644.0,41,829
3660,Author_03660,14,643.0,40,830
2821,Author_02821,14,642.0,40,831
4578,Author_04578,14,642.0,31,832
13723,Author_13723,14,642.0,32,833
23702,Author_23702,14,641.0,46,834
22554,Author_22554,14,637.0,46,835
168,Author_00168,14,636.0,31,836
16793,Author_16793,14,635.0,44,837
24491,Author_24491,14,635.0,44,838
23365,Author_23365,14,634.0,33,839
26836,Author_26836,14,632.0,52,840
25485,Author_25485,14,628.0,40,841
19595,Author_19595,14,627.0,33,842
1515,Author_01515,14,626.0,43,843
14574,Author_14574,14,626.0,44,844
23594,Author_23594,14,626.0,45,845
23716,Author_23716,14,626.0,39,846
14003,Author_14003,14,624.0,56,847
2437,Author_02437,14,623.0,41,848
6692,Author_06692,14,622.0,45,849
13317,Author_13317,14,622.0,39,850
16908,Author_16908,14,622.0,32,851
17125,Author_17125,14,622.0,38,852
27916,Author_27916,14,622.0,31,853
10260,Author_10260,14,619.0,40,854
2512,Author_02512,14,618.0,30,855
3316,Author_03316,14,618.0,40,856
11660,Author_11660,14,617.0,50,857
29228,Author_29228,14,617.0,28,858
11631,Author_11631,14,615.0,40,859
23502,Author_23502,14,614.0,46,860
27534,Author_27534,14,614.0,28,861
17706,Author_17706,14,612.0,41,862
22254,Author_22254,14,610.0,36,863
4574,Author_04574,14,609.0,42,864
16605,Author_16605,14,607.0,33,865
24280,Author_24280,14,605.0,46,866
8009,Author_08009,14,603.0,40,867
27435,Author_27435,14,603.0,42,868
8717,Author_08717,14,602.0,32,869
24795,Author_24795,14,602.0,28,870
22589,Author_22589,14,600.0,42,871
15567,Author_15567,14,597.0,30,872
566,Author_00566,14,595.0,34,873
6356,Author_06356,14,595.0,43,874
22592,Author_22592,14,593.0,28,875
8330,Author_08330,14,592.0,37,876
12093,Author_12093,14,592.0,49,877
7463,Author_07463,14,591.0,48,878
21468,Author_21468,14,591.0,59,879
27955,Author_27955,14,591.0,49,880
2916,Author_02916,14,590.0,38,881
29696,Author_29696,14,590.0,38,882
5359,Author_05359,14,586.0,25,883
15406,Author_15406,14,586.0,32,884
15122,Author_15122,14,585.0,43,885
17543,Author_17543,14,585.0,35,886
5349,Author_05349,14,584.0,35,887
6920,Author_06920,14,584.0,49,888
7091,Author_07091,14,584.0,39,889
22161,Author_22161,14,582.0,35,890
14309,Author_14309,14,581.0,31,891
25179,Author_25179,14,581.0,37,892
16021,Author_16021,14,575.0,45,893
8366,Author_08366,14,574.0,34,894
597,Author_00597,14,573.0,34,895
6200,Author_06200,14,572.0,44,896
20435,Author_20435,14,572.0,53,897
5045,Author_05045,14,569.0,29,898
3024,Author_03024,14,566.0,45,899
3953,Author_03953,14,566.0,44,900
9337,Author_09337,14,562.0,36,901
29264,Author_29264,14,561.0,32,902
92,Author_00092,14,558.0,32,903
9323,Author_09323,14,558.0,39,904
1676,Author_01676,14,556.0,33,905
24324,Author_24324,14,556.0,30,906
9528,Author_09528,14,555.0,31,907
13248,Author_13248,14,555.0,41,908
3249,Author_03249,14,554.0,29,909
4622,Author_04622,14,552.0,45,910
8184,Author_08184,14,552.0,30,911
26266,Author_26266,14,549.0,45,912
29727,Author_29727,14,548.0,40,913
813,Author_00813,14,547.0,37,914
28301,Author_28301,14,547.0,32,915
23424,Author_23424,14,545.0,29,916
27350,Author_27350,14,543.0,43,917
21653,Author_21653,14,542.0,39,918
9877,Author_09877,14,540.0,31,919
21729,Author_21729,14,540.0,34,920
23198,Author_23198,14,539.0,39,921
7806,Author_07806,14,538.0,55,922
6569,Author_06569,14,535.0,38,923
28961,Author_28961,14,535.0,37,924
6422,Author_06422,14,534.0,35,925
23316,Author_23316,14,534.0,39,926
9127,Author_09127,14,530.0,41,927
10696,Author_10696,14,530.0,34,928
15271,Author_15271,14,528.0,37,929
28901,Author_28901,14,524.0,27,930
11910,Author_11910,14,523.0,39,931
14990,Author_14990,14,523.0,34,932
25077,Author_25077,14,522.0,27,933
15982,Author_15982,14,519.0,28,934
12783,Author_12783,14,518.0,30,935
14122,Author_14122,14,518.0,42,936
5564,Author_05564,14,515.0,44,937
20157,Author_20157,14,515.0,32,938
9019,Author_09019,14,510.0,44,939
9308,Author_09308,14,509.0,45,940
23503,Author_23503,14,507.0,41,941
22896,Author_22896,14,506.0,32,942
3803,Author_03803,14,505.0,26,943
17726,Author_17726,14,503.0,34,944
18175,Author_18175,14,502.0,41,945
21655,Author_21655,14,499.0,41,946
18190,Author_18190,14,498.0,40,947
8969,Author_08969,14,497.0,40,948
1824,Author_01824,14,496.0,30,949
8629,Author_08629,14,496.0,43,950
28523,Author_28523,14,496.0,44,951
20568,Author_20568,14,495.0,37,952
824,Author_00824,14,487.0,40,953
12107,Author_12107,14,486.0,29,954
16533,Author_16533,14,484.0,32,955
22904,Author_22904,14,483.0,44,956
12877,Author_12877,14,481.0,35,957
6882,Author_06882,14,480.0,34,958
1864,Author_01864,14,475.0,37,959
5337,Author_05337,14,473.0,36,960
2187,Author_02187,14,469.0,47,961
18100,Author_18100,14,467.0,28,962
11437,Author_11437,14,466.0,41,963
7010,Author_07010,14,465.0,42,964
4305,Author_04305,14,462.0,36,965
3699,Author_03699,14,461.0,25,966
18768,Author_18768,14,460.0,31,967
14291,Author_14291,14,453.0,27,968
14586,Author_14586,14,453.0,41,969
15554,Author_15554,14,426.0,33,970
14581,Author_14581,14,424.0,38,971
15951,Author_15951,14,420.0,47,972
5949,Author_05949,14,379.0,21,973
28719,Author_28719,14,362.0,26,974
22042,Author_22042,13,10992.0,41,975
16517,Author_16517,13,6355.0,29,976
2309,Author_02309,13,5503.0,37,977
1564,Author_01564,13,4919.0,22,978
15478,Author_15478,13,4482.0,41,979
13547,Author_13547,13,4422.0,42,980
23787,Author_23787,13,3699.0,39,981
27367,Author_27367,13,3371.0,31,982
27227,Author_27227,13,3277.0,30,983
10985,Author_10985,13,2992.0,32,984
28647,Author_28647,13,2921.0,34,985
10953,Author_10953,13,2629.0,37,986
14921,Author_14921,13,2253.0,37,987
8484,Author_08484,13,1963.0,38,988
4091,Author_04091,13,1874.0,33,989
26635,Author_26635,13,1798.0,44,990
13945,Author_13945,13,1703.0,34,991
9564,Author_09564,13,1630.0,30,992
10515,Author_10515,13,1588.0,31,993
25996,Author_25996,13,1540.0,24,994
24685,Author_24685,13,1423.0,24,995
27934,Author_27934,13,1421.0,41,996
26667,Author_26667,13,1413.0,29,997
19885,Author_19885,13,1280.0,37,998
29535,Author_29535,13,1264.0,49,999
759,Author_00759,13,1253.0,32,1000
10493,Author_10493,13,1247.0,29,1001
28210,Author_28210,13,1245.0,49,1002
6738,Author_06738,13,1198.0,30,1003
11908,Author_11908,13,1180.0,24,1004
19555,Author_19555,13,1172.0,25,1005
22861,Author_22861,13,1170.0,26,1006
7247,Author_07247,13,1153.0,31,1007
21291,Author_21291,13,1147.0,40,1008
24924,Author_24924,13,1102.0,41,1009
4641,Author_04641,13,1068.0,33,1010
14663,Author_14663,13,1062.0,44,1011
20070,Author_20070,13,1057.0,33,1012
5186,Author_05186,13,1053.0,36,1013
16927,Author_16927,13,1053.0,30,1014
3492,Author_03492,13,1047.0,29,1015
14742,Author_14742,13,1047.0,39,1016
22815,Author_22815,13,1033.0,25,1017
26368,Author_26368,13,1012.0,35,1018
29523,Author_29523,13,999.0,26,1019
3902,Author_03902,13,977.0,34,1020
26342,Author_26342,13,969.0,27,1021
14969,Author_14969,13,967.0,36,1022
6086,Author_06086,13,965.0,39,1023
13228,Author_13228,13,964.0,56,1024
15113,Author_15113,13,964.0,40,1025
6449,Author_06449,13,963.0,23,1026
841,Author_00841,13,953.0,44,1027
21012,Author_21012,13,953.0,30,1028
3359,Author_03359,13,952.0,41,1029
16103,Author_16103,13,951.0,28,1030
13809,Author_13809,13,946.0,31,1031
13748,Author_13748,13,945.0,32,1032
8745,Author_08745,13,942.0,33,1033
503,Author_00503,13,928.0,57,1034
16837,Author_16837,13,919.0,48,1035
7024,Author_07024,13,914.0,32,1036
29099,Author_29099,13,914.0,25,1037
18806,Author_18806,13,910.0,39,1038
28749,Author_28749,13,905.0,42,1039
14474,Author_14474,13,902.0,25,1040
20661,Author_20661,13,896.0,33,1041
20053,Author_20053,13,893.0,31,1042
27836,Author_27836,13,891.0,41,1043
461,Author_00461,13,890.0,36,1044
5023,Author_05023,13,888.0,36,1045
18579,Author_18579,13,887.0,34,1046
22217,Author_22217,13,884.0,19,1047
11612,Author_11612,13,882.0,40,1048
25018,Author_25018,13,879.0,35,1049
3916,Author_03916,13,876.0,36,1050
10246,Author_10246,13,875.0,36,1051
20842,Author_20842,13,873.0,28,1052
4156,Author_04156,13,868.0,47,1053
15248,Author_15248,13,867.0,35,1054
15833,Author_15833,13,864.0,31,1055
16713,Author_16713,13,860.0,37,1056
5898,Author_05898,13,858.0,26,1057
18640,Author_18640,13,850.0,45,1058
27281,Author_27281,13,850.0,25,1059
8491,Author_08491,13,848.0,36,1060
11963,Author_11963,13,845.0,23,1061
20589,Author_20589,13,844.0,28,1062
3337,Author_03337,13,841.0,37,1063
17935,Author_17935,13,839.0,44,1064
5260,Author_05260,13,838.0,31,1065
6369,Author_06369,13,835.0,24,1066
26135,Author_26135,13,835.0,36,1067
23746,Author_23746,13,833.0,33,1068
9326,Author_09326,13,827.0,31,1069
28184,Author_28184,13,823.0,25,1070
233,Author_00233,13,819.0,44,1071
5504,Author_05504,13,796.0,33,1072
24520,Author_24520,13,795.0,42,1073
26707,Author_26707,13,793.0,37,1074
13114,Author_13114,13,791.0,37,1075
25083,Author_25083,13,781.0,38,1076
26501,Author_26501,13,780.0,47,1077
2494,Author_02494,13,779.0,32,1078
8696,Author_08696,13,777.0,25,1079
7656,Author_07656,13,776.0,38,1080
8642,Author_08642,13,776.0,56,1081
19384,Author_19384,13,774.0,30,1082
29037,Author_29037,13,773.0,29,1083
12334,Author_12334,13,770.0,42,1084
11396,Author_11396,13,769.0,45,1085
5814,Author_05814,13,768.0,33,1086
8141,Author_08141,13,767.0,46,1087
23184,Author_23184,13,767.0,32,1088
11472,Author_11472,13,763.0,37,1089
24225,Author_24225,13,760.0,35,1090
9482,Author_09482,13,759.0,57,1091
18677,Author_18677,13,756.0,45,1092
24698,Author_24698,13,754.0,30,1093
8137,Author_08137,13,752.0,36,1094
14221,Author_14221,13,751.0,39,1095
15659,Author_15659,13,748.0,52,1096
26851,Author_26851,13,748.0,45,1097
27610,Author_27610,13,747.0,23,1098
848,Author_00848,13,745.0,27,1099
27508,Author_27508,13,739.0,22,1100
3601,Author_03601,13,737.0,39,1101
15883,Author_15883,13,736.0,38,1102
25965,Author_25965,13,736.0,49,1103
23027,Author_23027,13,735.0,36,1104
2562,Author_02562,13,734.0,27,1105
28406,Author_28406,13,733.0,29,1106
24816,Author_24816,13,732.0,36,1107
29885,Author_29885,13,732.0,35,1108
21298,Author_21298,13,731.0,31,1109
3064,Author_03064,13,728.0,34,1110
25182,Author_25182,13,728.0,35,1111
20152,Author_20152,13,725.0,24,1112
25893,Author_25893,13,724.0,29,1113
3178,Author_03178,13,723.0,35,1114
7921,Author_07921,13,721.0,19,1115
18443,Author_18443,13,717.0,34,1116
21048,Author_21048,13,714.0,36,1117
5345,Author_05345,13,711.0,31,1118
19244,Author_19244,13,709.0,31,1119
10979,Author_10979,13,708.0,45,1120
738,Author_00738,13,704.0,48,1121
15542,Author_15542,13,698.0,27,1122
24244,Author_24244,13,696.0,34,1123
5724,Author_05724,13,695.0,31,1124
20768,Author_20768,13,694.0,33,1125
12424,Author_12424,13,691.0,41,1126
912,Author_00912,13,690.0,35,1127
21957,Author_21957,13,685.0,32,1128
22377,Author_22377,13,685.0,44,1129
29393,Author_29393,13,684.0,24,1130
26899,Author_26899,13,683.0,36,1131
11018,Author_11018,13,680.0,36,1132
14994,Author_14994,13,679.0,48,1133
3474,Author_03474,13,678.0,38,1134
6108,Author_06108,13,678.0,38,1135
11929,Author_11929,13,677.0,35,1136
24684,Author_24684,13,677.0,31,1137
28300,Author_28300,13,677.0,35,1138
28219,Author_28219,13,676.0,40,1139
7632,Author_07632,13,674.0,55,1140
16198,Author_16198,13,674.0,40,1141
25001,Author_25001,13,673.0,39,1142
20767,Author_20767,13,672.0,33,1143
13105,Author_13105,13,670.0,37,1144
25494,Author_25494,13,670.0,34,1145
23083,Author_23083,13,668.0,25,1146
19714,Author_19714,13,667.0,29,1147
20979,Author_20979,13,667.0,38,1148
29276,Author_29276,13,667.0,34,1149
13347,Author_13347,13,666.0,33,1150
18138,Author_18138,13,665.0,39,1151
23402,Author_23402,13,665.0,40,1152
14113,Author_14113,13,661.0,34,1153
27206,Author_27206,13,661.0,31,1154
18151,Author_18151,13,660.0,41,1155
24614,Author_24614,13,660.0,27,1156
9501,Author_09501,13,658.0,34,1157
17166,Author_17166,13,656.0,37,1158
1790,Author_01790,13,655.0,25,1159
6743,Author_06743,13,654.0,35,1160
2295,Author_02295,13,653.0,40,1161
7494,Author_07494,13,653.0,57,1162
23645,Author_23645,13,653.0,36,1163
10347,Author_10347,13,647.0,49,1164
9832,Author_09832,13,646.0,55,1165
6105,Author_06105,13,645.0,32,1166
13697,Author_13697,13,645.0,42,1167
6841,Author_06841,13,644.0,38,1168
14514,Author_14514,13,643.0,43,1169
4223,Author_04223,13,642.0,31,1170
25799,Author_25799,13,642.0,19,1171
3084,Author_03084,13,641.0,36,1172
14005,Author_14005,13,640.0,39,1173
5178,Author_05178,13,638.0,29,1174
21942,Author_21942,13,637.0,27,1175
23041,Author_23041,13,637.0,38,1176
3299,Author_03299,13,633.0,27,1177
14286,Author_14286,13,633.0,47,1178
24222,Author_24222,13,633.0,52,1179
25637,Author_25637,13,633.0,25,1180
7536,Author_07536,13,632.0,40,1181
19032,Author_19032,13,630.0,45,1182
26125,Author_26125,13,626.0,28,1183
13747,Author_13747,13,624.0,31,1184
25304,Author_25304,13,623.0,38,1185
25830,Author_25830,13,623.0,35,1186
3241,Author_03241,13,622.0,46,1187
16861,Author_16861,13,619.0,38,1188
12399,Author_12399,13,618.0,46,1189
8713,Author_08713,13,616.0,41,1190
7955,Author_07955,13,614.0,53,1191
22216,Author_22216,13,614.0,39,1192
9243,Author_09243,13,613.0,31,1193
14775,Author_14775,13,613.0,24,1194
22776,Author_22776,13,613.0,43,1195
4888,Author_04888,13,610.0,22,1196
12244,Author_12244,13,610.0,25,1197
16314,Author_16314,13,610.0,29,1198
20914,Author_20914,13,610.0,31,1199
19250,Author_19250,13,609.0,19,1200
17115,Author_17115,13,608.0,48,1201
22331,Author_22331,13,608.0,29,1202
8220,Author_08220,13,606.0,29,1203
27890,Author_27890,13,605.0,41,1204
1649,Author_01649,13,604.0,29,1205
18350,Author_18350,13,604.0,38,1206
16192,Author_16192,13,603.0,33,1207
18934,Author_18934,13,602.0,44,1208
6932,Author_06932,13,600.0,49,1209
14085,Author_14085,13,600.0,41,1210
26426,Author_26426,13,599.0,41,1211
9221,Author_09221,13,598.0,54,1212
10931,Author_10931,13,598.0,30,1213
7117,Author_07117,13,597.0,31,1214
2847,Author_02847,13,596.0,26,1215
18890,Author_18890,13,595.0,27,1216
3052,Author_03052,13,594.0,50,1217
13820,Author_13820,13,592.0,41,1218
26317,Author_26317,13,591.0,37,1219
4760,Author_04760,13,590.0,43,1220
28565,Author_28565,13,590.0,34,1221
15673,Author_15673,13,589.0,37,1222
16252,Author_16252,13,584.0,48,1223
18448,Author_18448,13,584.0,20,1224
29867,Author_29867,13,584.0,36,1225
21173,Author_21173,13,583.0,37,1226
11450,Author_11450,13,581.0,46,1227
25837,Author_25837,13,581.0,44,1228
27282,Author_27282,13,581.0,28,1229
14729,Author_14729,13,580.0,25,1230
15452,Author_15452,13,578.0,38,1231
11036,Author_11036,13,577.0,51,1232
7631,Author_07631,13,576.0,39,1233
22963,Author_22963,13,576.0,31,1234
25218,Author_25218,13,574.0,38,1235
26180,Author_26180,13,574.0,25,1236
17947,Author_17947,13,572.0,27,1237
11602,Author_11602,13,571.0,42,1238
17383,Author_17383,13,571.0,26,1239
15427,Author_15427,13,568.0,37,1240
26075,Author_26075,13,565.0,31,1241
6622,Author_06622,13,564.0,32,1242
20934,Author_20934,13,563.0,37,1243
6585,Author_06585,13,562.0,30,1244
23818,Author_23818,13,562.0,34,1245
22365,Author_22365,13,561.0,44,1246
69,Author_00069,13,559.0,38,1247
5081,Author_05081,13,558.0,37,1248
19212,Author_19212,13,558.0,37,1249
21812,Author_21812,13,555.0,34,1250
6753,Author_06753,13,552.0,23,1251
21503,Author_21503,13,550.0,49,1252
26516,Author_26516,13,550.0,27,1253
24350,Author_24350,13,549.0,25,1254
23360,Author_23360,13,548.0,43,1255
21310,Author_21310,13,547.0,46,1256
29514,Author_29514,13,547.0,47,1257
3152,Author_03152,13,545.0,28,1258
17043,Author_17043,13,545.0,38,1259
7400,Author_07400,13,544.0,28,1260
14539,Author_14539,13,544.0,40,1261
1127,Author_01127,13,543.0,37,1262
953,Author_00953,13,541.0,33,1263
29512,Author_29512,13,541.0,26,1264
7533,Author_07533,13,540.0,30,1265
22565,Author_22565,13,539.0,60,1266
22624,Author_22624,13,536.0,38,1267
6234,Author_06234,13,535.0,27,1268
29701,Author_29701,13,535.0,28,1269
10344,Author_10344,13,534.0,35,1270
21089,Author_21089,13,534.0,39,1271
1693,Author_01693,13,532.0,38,1272
13929,Author_13929,13,530.0,36,1273
5276,Author_05276,13,529.0,32,1274
1911,Author_01911,13,528.0,27,1275
2892,Author_02892,13,528.0,31,1276
28829,Author_28829,13,528.0,32,1277
24890,Author_24890,13,527.0,36,1278
11367,Author_11367,13,526.0,33,1279
22585,Author_22585,13,526.0,33,1280
8467,Author_08467,13,525.0,45,1281
20956,Author_20956,13,525.0,30,1282
2249,Author_02249,13,523.0,36,1283
3373,Author_03373,13,521.0,50,1284
8534,Author_08534,13,521.0,35,1285
12958,Author_12958,13,521.0,38,1286
7307,Author_07307,13,520.0,30,1287
20120,Author_20120,13,520.0,33,1288
27641,Author_27641,13,520.0,33,1289
27957,Author_27957,13,520.0,47,1290
275,Author_00275,13,519.0,33,1291
7856,Author_07856,13,519.0,22,1292
11979,Author_11979,13,519.0,42,1293
19844,Author_19844,13,519.0,30,1294
25141,Author_25141,13,519.0,30,1295
1278,Author_01278,13,518.0,40,1296
14462,Author_14462,13,518.0,40,1297
16777,Author_16777,13,518.0,39,1298
25530,Author_25530,13,518.0,39,1299
26166,Author_26166,13,518.0,37,1300
28644,Author_28644,13,516.0,26,1301
6658,Author_06658,13,515.0,46,1302
9290,Author_09290,13,514.0,42,1303
16928,Author_16928,13,514.0,38,1304
21134,Author_21134,13,514.0,31,1305
22248,Author_22248,13,514.0,54,1306
22990,Author_22990,13,513.0,25,1307
23252,Author_23252,13,513.0,44,1308
27787,Author_27787,13,513.0,36,1309
1073,Author_01073,13,512.0,49,1310
3295,Author_03295,13,510.0,40,1311
10309,Author_10309,13,509.0,35,1312
13842,Author_13842,13,509.0,19,1313
7029,Author_07029,13,508.0,45,1314
25367,Author_25367,13,508.0,35,1315
28636,Author_28636,13,507.0,39,1316
13076,Author_13076,13,506.0,29,1317
18281,Author_18281,13,506.0,41,1318
23188,Author_23188,13,506.0,32,1319
10907,Author_10907,13,505.0,39,1320
14016,Author_14016,13,505.0,35,1321
17432,Author_17432,13,504.0,34,1322
6910,Author_06910,13,503.0,35,1323
7895,Author_07895,13,502.0,33,1324
16013,Author_16013,13,500.0,36,1325
21586,Author_21586,13,500.0,41,1326
19460,Author_19460,13,497.0,36,1327
22728,Author_22728,13,497.0,34,1328
14831,Author_14831,13,493.0,42,1329
3243,Author_03243,13,492.0,25,1330
13909,Author_13909,13,492.0,38,1331
584,Author_00584,13,491.0,39,1332
22718,Author_22718,13,491.0,35,1333
17932,Author_17932,13,488.0,39,1334
4178,Author_04178,13,487.0,40,1335
16642,Author_16642,13,487.0,26,1336
6445,Author_06445,13,486.0,32,1337
7608,Author_07608,13,485.0,35,1338
13681,Author_13681,13,485.0,40,1339
9978,Author_09978,13,484.0,58,1340
13734,Author_13734,13,484.0,30,1341
27207,Author_27207,13,484.0,44,1342
9594,Author_09594,13,483.0,42,1343
21542,Author_21542,13,480.0,36,1344
4282,Author_04282,13,479.0,39,1345
21069,Author_21069,13,479.0,30,1346
720,Author_00720,13,475.0,32,1347
16989,Author_16989,13,473.0,31,1348
9111,Author_09111,13,472.0,31,1349
17423,Author_17423,13,472.0,32,1350
6239,Author_06239,13,470.0,20,1351
27164,Author_27164,13,470.0,37,1352
8935,Author_08935,13,466.0,33,1353
9531,Author_09531,13,466.0,36,1354
14429,Author_14429,13,466.0,40,1355
28,Author_00028,13,465.0,26,1356
13832,Author_13832,13,464.0,22,1357
26353,Author_26353,13,464.0,27,1358
28122,Author_28122,13,464.0,33,1359
21795,Author_21795,13,462.0,33,1360
6951,Author_06951,13,461.0,33,1361
14161,Author_14161,13,459.0,30,1362
26957,Author_26957,13,459.0,32,1363
288,Author_00288,13,458.0,18,1364
8200,Author_08200,13,457.0,19,1365
9074,Author_09074,13,456.0,36,1366
25280,Author_25280,13,456.0,37,1367
12410,Author_12410,13,455.0,46,1368
24335,Author_24335,13,453.0,39,1369
9438,Author_09438,13,452.0,23,1370
26822,Author_26822,13,452.0,38,1371
4180,Author_04180,13,451.0,27,1372
721,Author_00721,13,448.0,33,1373
23661,Author_23661,13,448.0,35,1374
20357,Author_20357,13,444.0,41,1375
27703,Author_27703,13,444.0,30,1376
9651,Author_09651,13,443.0,35,1377
10330,Author_10330,13,443.0,24,1378
16562,Author_16562,13,443.0,23,1379
9342,Author_09342,13,441.0,34,1380
11591,Author_11591,13,440.0,47,1381
21143,Author_21143,13,439.0,36,1382
21891,Author_21891,13,439.0,28,1383
2191,Author_02191,13,438.0,39,1384
12320,Author_12320,13,437.0,39,1385
25629,Author_25629,13,435.0,44,1386
2230,Author_02230,13,430.0,23,1387
16853,Author_16853,13,430.0,37,1388
2009,Author_02009,13,429.0,41,1389
19133,Author_19133,13,429.0,38,1390
4776,Author_04776,13,428.0,27,1391
5764,Author_05764,13,427.0,27,1392
23946,Author_23946,13,427.0,28,1393
6454,Author_06454,13,426.0,30,1394
25091,Author_25091,13,425.0,28,1395
28308,Author_28308,13,424.0,42,1396
12566,Author_12566,13,421.0,32,1397
27106,Author_27106,13,417.0,37,1398
9082,Author_09082,13,412.0,24,1399
11610,Author_11610,13,411.0,26,1400
21552,Author_21552,13,409.0,28,1401
13345,Author_13345,13,408.0,34,1402
23464,Author_23464,13,404.0,32,1403
2292,Author_02292,13,399.0,32,1404
16146,Author_16146,13,398.0,26,1405
955,Author_00955,13,397.0,33,1406
8712,Author_08712,13,397.0,29,1407
5799,Author_05799,13,394.0,29,1408
28680,Author_28680,13,393.0,43,1409
25290,Author_25290,13,392.0,30,1410
916,Author_00916,13,391.0,27,1411
10305,Author_10305,13,386.0,26,1412
9146,Author_09146,13,383.0,32,1413
11321,Author_11321,13,374.0,33,1414
9496,Author_09496,13,370.0,30,1415
9906,Author_09906,13,365.0,39,1416
15621,Author_15621,13,358.0,33,1417
508,Author_00508,13,357.0,24,1418
7226,Author_07226,13,353.0,28,1419
12356,Author_12356,13,350.0,26,1420
8393,Author_08393,13,345.0,40,1421
4016,Author_04016,12,9723.0,31,1422
28638,Author_28638,12,6207.0,45,1423
28969,Author_28969,12,5434.0,25,1424
23653,Author_23653,12,5344.0,17,1425
22857,Author_22857,12,3877.0,30,1426
18959,Author_18959,12,3861.0,33,1427
17899,Author_17899,12,2568.0,35,1428
15440,Author_15440,12,2094.0,33,1429
18830,Author_18830,12,2070.0,35,1430
5695,Author_05695,12,2004.0,22,1431
3788,Author_03788,12,1921.0,38,1432
14204,Author_14204,12,1911.0,33,1433
22257,Author_22257,12,1728.0,18,1434
21918,Author_21918,12,1677.0,41,1435
5717,Author_05717,12,1672.0,19,1436
14298,Author_14298,12,1561.0,21,1437
427,Author_00427,12,1528.0,38,1438
19626,Author_19626,12,1498.0,35,1439
27565,Author_27565,12,1488.0,49,1440
28412,Author_28412,12,1475.0,20,1441
8762,Author_08762,12,1453.0,20,1442
23654,Author_23654,12,1445.0,49,1443
19393,Author_19393,12,1389.0,29,1444
178,Author_00178,12,1345.0,28,1445
28291,Author_28291,12,1310.0,25,1446
14604,Author_14604,12,1299.0,26,1447
23034,Author_23034,12,1294.0,25,1448
216,Author_00216,12,1250.0,46,1449
23926,Author_23926,12,1142.0,36,1450
10465,Author_10465,12,1140.0,24,1451
17242,Author_17242,12,1129.0,29,1452
18396,Author_18396,12,1119.0,46,1453
19795,Author_19795,12,1115.0,48,1454
18993,Author_18993,12,1105.0,21,1455
12547,Author_12547,12,1101.0,31,1456
19640,Author_19640,12,1100.0,28,1457
23584,Author_23584,12,1054.0,44,1458
22266,Author_22266,12,1049.0,34,1459
9490,Author_09490,12,1046.0,33,1460
10113,Author_10113,12,1023.0,22,1461
12849,Author_12849,12,1020.0,31,1462
1184,Author_01184,12,998.0,29,1463
24856,Author_24856,12,995.0,38,1464
2017,Author_02017,12,989.0,25,1465
17515,Author_17515,12,972.0,22,1466
2156,Author_02156,12,956.0,34,1467
4995,Author_04995,12,956.0,30,1468
11992,Author_11992,12,951.0,35,1469
3110,Author_03110,12,926.0,63,1470
19330,Author_19330,12,915.0,54,1471
9715,Author_09715,12,914.0,37,1472
24655,Author_24655,12,905.0,38,1473
2326,Author_02326,12,893.0,43,1474
21706,Author_21706,12,891.0,31,1475
28043,Author_28043,12,879.0,34,1476
17042,Author_17042,12,878.0,36,1477
19117,Author_19117,12,878.0,31,1478
11303,Author_11303,12,875.0,37,1479
27016,Author_27016,12,870.0,34,1480
23226,Author_23226,12,868.0,32,1481
27919,Author_27919,12,868.0,31,1482
4930,Author_04930,12,859.0,34,1483
22480,Author_22480,12,859.0,34,1484
2011,Author_02011,12,856.0,31,1485
15836,Author_15836,12,849.0,34,1486
21250,Author_21250,12,843.0,46,1487
27691,Author_27691,12,842.0,28,1488
2319,Author_02319,12,840.0,25,1489
23595,Author_23595,12,839.0,39,1490
26256,Author_26256,12,838.0,20,1491
26984,Author_26984,12,837.0,31,1492
14153,Author_14153,12,833.0,38,1493
18877,Author_18877,12,828.0,21,1494
4478,Author_04478,12,827.0,30,1495
3453,Author_03453,12,825.0,28,1496
18483,Author_18483,12,825.0,45,1497
5968,Author_05968,12,824.0,35,1498
24776,Author_24776,12,819.0,27,1499
25237,Author_25237,12,815.0,22,1500
27274,Author_27274,12,814.0,28,1501
24723,Author_24723,12,813.0,27,1502
8601,Author_08601,12,812.0,34,1503
20581,Author_20581,12,812.0,30,1504
4975,Author_04975,12,811.0,39,1505
25461,Author_25461,12,800.0,32,1506
29917,Author_29917,12,800.0,32,1507
14329,Author_14329,12,799.0,40,1508
15844,Author_15844,12,797.0,49,1509
24457,Author_24457,12,794.0,35,1510
8231,Author_08231,12,791.0,29,1511
5618,Author_05618,12,784.0,40,1512
21128,Author_21128,12,774.0,25,1513
13473,Author_13473,12,766.0,43,1514
7064,Author_07064,12,760.0,26,1515
28799,Author_28799,12,760.0,33,1516
12037,Author_12037,12,759.0,33,1517
9770,Author_09770,12,754.0,25,1518
27323,Author_27323,12,749.0,30,1519
14406,Author_14406,12,746.0,40,1520
10394,Author_10394,12,742.0,31,1521
28619,Author_28619,12,742.0,35,1522
10178,Author_10178,12,733.0,25,1523
15336,Author_15336,12,733.0,42,1524
20348,Author_20348,12,729.0,23,1525
28399,Author_28399,12,729.0,36,1526
4973,Author_04973,12,727.0,28,1527
8368,Author_08368,12,726.0,29,1528
9205,Author_09205,12,725.0,42,1529
27811,Author_27811,12,722.0,28,1530
25561,Author_25561,12,720.0,35,1531
6895,Author_06895,12,718.0,24,1532
19764,Author_19764,12,718.0,51,1533
5712,Author_05712,12,713.0,23,1534
29498,Author_29498,12,713.0,30,1535
9112,Author_09112,12,712.0,35,1536
16787,Author_16787,12,712.0,31,1537
10406,Author_10406,12,711.0,31,1538
21140,Author_21140,12,711.0,56,1539
28735,Author_28735,12,710.0,29,1540
15078,Author_15078,12,708.0,22,1541
5765,Author_05765,12,707.0,24,1542
8764,Author_08764,12,704.0,36,1543
28280,Author_28280,12,704.0,24,1544
6874,Author_06874,12,700.0,23,1545
13913,Author_13913,12,697.0,26,1546
3990,Author_03990,12,696.0,28,1547
22622,Author_22622,12,693.0,41,1548
17738,Author_17738,12,691.0,28,1549
928,Author_00928,12,690.0,27,1550
15999,Author_15999,12,690.0,35,1551
13761,Author_13761,12,689.0,41,1552
4722,Author_04722,12,686.0,35,1553
5061,Author_05061,12,681.0,22,1554
7965,Author_07965,12,681.0,37,1555
29494,Author_29494,12,681.0,29,1556
11065,Author_11065,12,679.0,27,1557
23800,Author_23800,12,679.0,30,1558
3943,Author_03943,12,678.0,36,1559
16814,Author_16814,12,678.0,37,1560
14760,Author_14760,12,676.0,34,1561
8703,Author_08703,12,675.0,27,1562
13305,Author_13305,12,669.0,26,1563
20878,Author_20878,12,669.0,48,1564
28207,Author_28207,12,669.0,40,1565
11905,Author_11905,12,668.0,29,1566
22736,Author_22736,12,666.0,31,1567
27605,Author_27605,12,664.0,36,1568
13784,Author_13784,12,663.0,29,1569
11239,Author_11239,12,662.0,41,1570
28112,Author_28112,12,662.0,24,1571
6553,Author_06553,12,657.0,27,1572
20482,Author_20482,12,657.0,26,1573
13386,Author_13386,12,655.0,26,1574
9898,Author_09898,12,654.0,46,1575
26820,Author_26820,12,654.0,32,1576
29497,Author_29497,12,654.0,35,1577
8958,Author_08958,12,651.0,38,1578
5381,Author_05381,12,648.0,28,1579
8016,Author_08016,12,645.0,30,1580
611,Author_00611,12,644.0,29,1581
8993,Author_08993,12,644.0,31,1582
264,Author_00264,12,642.0,39,1583
14383,Author_14383,12,641.0,36,1584
15079,Author_15079,12,641.0,26,1585
17751,Author_17751,12,641.0,41,1586
19938,Author_19938,12,640.0,40,1587
10974,Author_10974,12,639.0,24,1588
18906,Author_18906,12,637.0,28,1589
24878,Author_24878,12,637.0,27,1590
21289,Author_21289,12,634.0,32,1591
17348,Author_17348,12,633.0,35,1592
77,Author_00077,12,630.0,30,1593
4942,Author_04942,12,630.0,24,1594
13598,Author_13598,12,630.0,31,1595
13535,Author_13535,12,627.0,30,1596
24629,Author_24629,12,626.0,24,1597
11098,Author_11098,12,624.0,39,1598
27596,Author_27596,12,623.0,29,1599
457,Author_00457,12,622.0,31,1600
29447,Author_29447,12,620.0,19,1601
20999,Author_20999,12,619.0,22,1602
26100,Author_26100,12,618.0,40,1603
11819,Author_11819,12,616.0,23,1604
677,Author_00677,12,615.0,36,1605
1426,Author_01426,12,615.0,33,1606
7587,Author_07587,12,615.0,38,1607
17702,Author_17702,12,615.0,24,1608
27628,Author_27628,12,614.0,26,1609
3631,Author_03631,12,613.0,26,1610
666,Author_00666,12,612.0,32,1611
19134,Author_19134,12,609.0,37,1612
25332,Author_25332,12,609.0,27,1613
27860,Author_27860,12,609.0,21,1614
11039,Author_11039,12,607.0,29,1615
26387,Author_26387,12,607.0,35,1616
7757,Author_07757,12,606.0,21,1617
24232,Author_24232,12,605.0,28,1618
15227,Author_15227,12,604.0,29,1619
826,Author_00826,12,603.0,42,1620
7786,Author_07786,12,602.0,33,1621
11159,Author_11159,12,601.0,43,1622
21231,Author_21231,12,601.0,46,1623
1686,Author_01686,12,600.0,23,1624
8513,Author_08513,12,600.0,32,1625
23814,Author_23814,12,600.0,24,1626
24010,Author_24010,12,600.0,33,1627
10118,Author_10118,12,599.0,37,1628
9631,Author_09631,12,598.0,39,1629
18627,Author_18627,12,595.0,33,1630
19728,Author_19728,12,595.0,29,1631
6545,Author_06545,12,594.0,28,1632
10269,Author_10269,12,594.0,26,1633
27562,Author_27562,12,594.0,26,1634
25721,Author_25721,12,592.0,26,1635
13804,Author_13804,12,591.0,31,1636
26455,Author_26455,12,591.0,57,1637
29862,Author_29862,12,591.0,27,1638
17625,Author_17625,12,590.0,22,1639
19534,Author_19534,12,590.0,35,1640
10725,Author_10725,12,589.0,31,1641
18113,Author_18113,12,589.0,31,1642
20465,Author_20465,12,589.0,39,1643
16726,Author_16726,12,588.0,37,1644
8118,Author_08118,12,587.0,28,1645
19622,Author_19622,12,587.0,32,1646
14220,Author_14220,12,586.0,32,1647
5583,Author_05583,12,585.0,28,1648
922,Author_00922,12,584.0,30,1649
3490,Author_03490,12,584.0,33,1650
16293,Author_16293,12,584.0,25,1651
9838,Author_09838,12,583.0,29,1652
14452,Author_14452,12,583.0,33,1653
18454,Author_18454,12,583.0,41,1654
19902,Author_19902,12,583.0,28,1655
4221,Author_04221,12,582.0,32,1656
5489,Author_05489,12,581.0,51,1657
9500,Author_09500,12,581.0,31,1658
27306,Author_27306,12,581.0,33,1659
12391,Author_12391,12,580.0,37,1660
1627,Author_01627,12,579.0,28,1661
4983,Author_04983,12,579.0,23,1662
15534,Author_15534,12,579.0,37,1663
21946,Author_21946,12,578.0,27,1664
9947,Author_09947,12,577.0,29,1665
1327,Author_01327,12,576.0,27,1666
16199,Author_16199,12,576.0,39,1667
9746,Author_09746,12,572.0,26,1668
14445,Author_14445,12,572.0,43,1669
18939,Author_18939,12,572.0,31,1670
28427,Author_28427,12,572.0,34,1671
3760,Author_03760,12,571.0,38,1672
4112,Author_04112,12,569.0,22,1673
15070,Author_15070,12,569.0,26,1674
29296,Author_29296,12,569.0,34,1675
16552,Author_16552,12,568.0,48,1676
18628,Author_18628,12,568.0,23,1677
2423,Author_02423,12,567.0,26,1678
2484,Author_02484,12,567.0,31,1679
11605,Author_11605,12,567.0,23,1680
4628,Author_04628,12,566.0,27,1681
7058,Author_07058,12,566.0,34,1682
7263,Author_07263,12,566.0,35,1683
14550,Author_14550,12,566.0,33,1684
15786,Author_15786,12,565.0,43,1685
16073,Author_16073,12,565.0,23,1686
24745,Author_24745,12,565.0,48,1687
28547,Author_28547,12,565.0,23,1688
2576,Author_02576,12,563.0,23,1689
4143,Author_04143,12,562.0,22,1690
6586,Author_06586,12,562.0,24,1691
3101,Author_03101,12,561.0,34,1692
4268,Author_04268,12,560.0,29,1693
8400,Author_08400,12,560.0,47,1694
22167,Author_22167,12,560.0,29,1695
20075,Author_20075,12,559.0,34,1696
1333,Author_01333,12,557.0,32,1697
10115,Author_10115,12,557.0,36,1698
8780,Author_08780,12,555.0,43,1699
16430,Author_16430,12,554.0,30,1700
14397,Author_14397,12,552.0,29,1701
6000,Author_06000,12,551.0,29,1702
22822,Author_22822,12,551.0,35,1703
29651,Author_29651,12,551.0,44,1704
29031,Author_29031,12,550.0,19,1705
7107,Author_07107,12,549.0,24,1706
27999,Author_27999,12,548.0,28,1707
29471,Author_29471,12,547.0,36,1708
9896,Author_09896,12,546.0,39,1709
8012,Author_08012,12,545.0,20,1710
17696,Author_17696,12,545.0,48,1711
21297,Author_21297,12,545.0,20,1712
6293,Author_06293,12,544.0,26,1713
17811,Author_17811,12,544.0,30,1714
20789,Author_20789,12,544.0,24,1715
21610,Author_21610,12,544.0,20,1716
20481,Author_20481,12,541.0,19,1717
12588,Author_12588,12,538.0,28,1718
17844,Author_17844,12,538.0,39,1719
11393,Author_11393,12,537.0,33,1720
16348,Author_16348,12,537.0,28,1721
19049,Author_19049,12,537.0,34,1722
4568,Author_04568,12,536.0,32,1723
10317,Author_10317,12,536.0,38,1724
22329,Author_22329,12,535.0,32,1725
5104,Author_05104,12,534.0,27,1726
21394,Author_21394,12,534.0,43,1727
25560,Author_25560,12,534.0,28,1728
27131,Author_27131,12,533.0,22,1729
15917,Author_15917,12,532.0,32,1730
27455,Author_27455,12,532.0,34,1731
9723,Author_09723,12,530.0,18,1732
23805,Author_23805,12,530.0,27,1733
27740,Author_27740,12,530.0,31,1734
4523,Author_04523,12,529.0,43,1735
23446,Author_23446,12,529.0,27,1736
18247,Author_18247,12,528.0,29,1737
943,Author_00943,12,527.0,28,1738
20747,Author_20747,12,527.0,23,1739
27175,Author_27175,12,527.0,28,1740
28798,Author_28798,12,527.0,34,1741
22839,Author_22839,12,526.0,27,1742
24823,Author_24823,12,525.0,40,1743
8710,Author_08710,12,524.0,33,1744
26344,Author_26344,12,524.0,27,1745
27117,Author_27117,12,524.0,42,1746
11965,Author_11965,12,523.0,21,1747
26560,Author_26560,12,523.0,25,1748
29985,Author_29985,12,523.0,23,1749
9266,Author_09266,12,522.0,37,1750
24929,Author_24929,12,522.0,33,1751
27645,Author_27645,12,522.0,43,1752
9382,Author_09382,12,521.0,37,1753
16419,Author_16419,12,521.0,34,1754
226,Author_00226,12,520.0,26,1755
9817,Author_09817,12,520.0,20,1756
728,Author_00728,12,518.0,34,1757
4616,Author_04616,12,518.0,34,1758
2246,Author_02246,12,517.0,30,1759
2931,Author_02931,12,517.0,27,1760
11104,Author_11104,12,516.0,30,1761
11235,Author_11235,12,515.0,32,1762
11379,Author_11379,12,515.0,32,1763
16970,Author_16970,12,515.0,24,1764
19229,Author_19229,12,515.0,43,1765
29438,Author_29438,12,515.0,24,1766
7457,Author_07457,12,514.0,46,1767
22010,Author_22010,12,514.0,44,1768
25377,Author_25377,12,514.0,29,1769
26926,Author_26926,12,513.0,27,1770
28462,Author_28462,12,513.0,26,1771
26737,Author_26737,12,512.0,31,1772
1272,Author_01272,12,511.0,35,1773
12414,Author_12414,12,511.0,38,1774
60,Author_00060,12,510.0,37,1775
843,Author_00843,12,510.0,32,1776
9215,Author_09215,12,510.0,31,1777
75,Author_00075,12,509.0,30,1778
840,Author_00840,12,509.0,38,1779
29273,Author_29273,12,509.0,23,1780
12695,Author_12695,12,508.0,38,1781
15704,Author_15704,12,507.0,29,1782
25963,Author_25963,12,507.0,26,1783
3805,Author_03805,12,506.0,30,1784
5208,Author_05208,12,506.0,30,1785
14114,Author_14114,12,506.0,36,1786
16254,Author_16254,12,506.0,37,1787
19642,Author_19642,12,506.0,25,1788
884,Author_00884,12,505.0,36,1789
23522,Author_23522,12,505.0,37,1790
14010,Author_14010,12,504.0,33,1791
20196,Author_20196,12,504.0,29,1792
24678,Author_24678,12,503.0,22,1793
25162,Author_25162,12,503.0,31,1794
25060,Author_25060,12,502.0,33,1795
4290,Author_04290,12,501.0,35,1796
4498,Author_04498,12,501.0,24,1797
23531,Author_23531,12,501.0,24,1798
27866,Author_27866,12,501.0,17,1799
5561,Author_05561,12,500.0,35,1800
18159,Author_18159,12,500.0,30,1801
3301,Author_03301,12,499.0,30,1802
18115,Author_18115,12,498.0,33,1803
21739,Author_21739,12,498.0,41,1804
23972,Author_23972,12,497.0,27,1805
29419,Author_29419,12,497.0,24,1806
633,Author_00633,12,496.0,29,1807
21411,Author_21411,12,496.0,32,1808
3417,Author_03417,12,495.0,31,1809
25650,Author_25650,12,495.0,30,1810
26968,Author_26968,12,495.0,26,1811
6964,Author_06964,12,494.0,23,1812
10766,Author_10766,12,494.0,45,1813
14486,Author_14486,12,494.0,26,1814
5576,Author_05576,12,493.0,27,1815
6188,Author_06188,12,493.0,30,1816
9222,Author_09222,12,493.0,30,1817
25139,Author_25139,12,493.0,36,1818
10865,Author_10865,12,492.0,24,1819
17340,Author_17340,12,491.0,29,1820
25374,Author_25374,12,491.0,29,1821
8826,Author_08826,12,490.0,33,1822
4764,Author_04764,12,489.0,31,1823
18372,Author_18372,12,489.0,48,1824
5636,Author_05636,12,488.0,33,1825
15607,Author_15607,12,488.0,34,1826
3565,Author_03565,12,487.0,24,1827
10926,Author_10926,12,487.0,27,1828
17539,Author_17539,12,487.0,26,1829
17842,Author_17842,12,486.0,25,1830
27081,Author_27081,12,486.0,35,1831
5843,Author_05843,12,485.0,24,1832
5428,Author_05428,12,484.0,41,1833
27923,Author_27923,12,484.0,27,1834
13350,Author_13350,12,482.0,24,1835
22638,Author_22638,12,482.0,23,1836
15544,Author_15544,12,481.0,22,1837
8748,Author_08748,12,480.0,29,1838
26813,Author_26813,12,480.0,48,1839
5563,Author_05563,12,479.0,24,1840
23808,Author_23808,12,479.0,39,1841
4452,Author_04452,12,478.0,28,1842
19851,Author_19851,12,478.0,31,1843
21127,Author_21127,12,478.0,41,1844
2711,Author_02711,12,477.0,19,1845
9835,Author_09835,12,477.0,28,1846
18475,Author_18475,12,477.0,34,1847
18429,Author_18429,12,476.0,33,1848
4107,Author_04107,12,475.0,28,1849
8549,Author_08549,12,475.0,27,1850
9048,Author_09048,12,475.0,31,1851
17862,Author_17862,12,475.0,38,1852
28669,Author_28669,12,475.0,39,1853
1661,Author_01661,12,474.0,20,1854
21884,Author_21884,12,474.0,33,1855
19417,Author_19417,12,473.0,22,1856
29477,Author_29477,12,473.0,37,1857
20642,Author_20642,12,472.0,26,1858
4196,Author_04196,12,471.0,37,1859
5769,Author_05769,12,471.0,31,1860
8367,Author_08367,12,471.0,28,1861
9089,Author_09089,12,471.0,33,1862
13987,Author_13987,12,471.0,37,1863
18975,Author_18975,12,471.0,32,1864
21573,Author_21573,12,471.0,29,1865
514,Author_00514,12,470.0,25,1866
20369,Author_20369,12,469.0,32,1867
22872,Author_22872,12,469.0,19,1868
26468,Author_26468,12,469.0,33,1869
29269,Author_29269,12,468.0,49,1870
4711,Author_04711,12,467.0,37,1871
20424,Author_20424,12,467.0,15,1872
23792,Author_23792,12,467.0,38,1873
16828,Author_16828,12,466.0,31,1874
3914,Author_03914,12,465.0,26,1875
13657,Author_13657,12,465.0,41,1876
24610,Author_24610,12,465.0,23,1877
23441,Author_23441,12,464.0,24,1878
23664,Author_23664,12,464.0,24,1879
29683,Author_29683,12,464.0,26,1880
1780,Author_01780,12,463.0,30,1881
17272,Author_17272,12,463.0,32,1882
25528,Author_25528,12,463.0,23,1883
26994,Author_26994,12,461.0,25,1884
15159,Author_15159,12,460.0,30,1885
29824,Author_29824,12,460.0,25,1886
3783,Author_03783,12,459.0,19,1887
25596,Author_25596,12,459.0,37,1888
27427,Author_27427,12,459.0,23,1889
7485,Author_07485,12,458.0,41,1890
8032,Author_08032,12,455.0,23,1891
13961,Author_13961,12,454.0,28,1892
18875,Author_18875,12,453.0,35,1893
598,Author_00598,12,452.0,35,1894
3077,Author_03077,12,452.0,22,1895
6631,Author_06631,12,452.0,19,1896
18415,Author_18415,12,452.0,47,1897
20078,Author_20078,12,452.0,19,1898
25932,Author_25932,12,452.0,31,1899
4117,Author_04117,12,451.0,37,1900
3578,Author_03578,12,449.0,34,1901
8658,Author_08658,12,449.0,24,1902
25610,Author_25610,12,448.0,35,1903
11092,Author_11092,12,447.0,32,1904
15263,Author_15263,12,447.0,31,1905
13840,Author_13840,12,446.0,36,1906
19510,Author_19510,12,446.0,33,1907
22056,Author_22056,12,446.0,30,1908
472,Author_00472,12,445.0,29,1909
13349,Author_13349,12,445.0,31,1910
4116,Author_04116,12,444.0,41,1911
18383,Author_18383,12,444.0,24,1912
11408,Author_11408,12,443.0,32,1913
14989,Author_14989,12,443.0,24,1914
18754,Author_18754,12,443.0,30,1915
19095,Author_19095,12,441.0,41,1916
27868,Author_27868,12,441.0,25,1917
23266,Author_23266,12,440.0,25,1918
5267,Author_05267,12,439.0,32,1919
19222,Author_19222,12,439.0,27,1920
28692,Author_28692,12,439.0,30,1921
29062,Author_29062,12,438.0,33,1922
6504,Author_06504,12,437.0,32,1923
16918,Author_16918,12,437.0,37,1924
10543,Author_10543,12,436.0,21,1925
21198,Author_21198,12,436.0,27,1926
26833,Author_26833,12,436.0,29,1927
515,Author_00515,12,435.0,26,1928
15749,Author_15749,12,435.0,30,1929
24480,Author_24480,12,435.0,23,1930
26906,Author_26906,12,435.0,29,1931
22572,Author_22572,12,434.0,22,1932
26128,Author_26128,12,434.0,34,1933
27264,Author_27264,12,434.0,22,1934
4149,Author_04149,12,433.0,22,1935
24360,Author_24360,12,433.0,33,1936
20409,Author_20409,12,431.0,25,1937
13469,Author_13469,12,430.0,30,1938
15133,Author_15133,12,430.0,28,1939
24572,Author_24572,12,430.0,29,1940
4619,Author_04619,12,429.0,38,1941
12124,Author_12124,12,429.0,42,1942
28330,Author_28330,12,429.0,23,1943
3694,Author_03694,12,428.0,29,1944
22124,Author_22124,12,428.0,39,1945
22227,Author_22227,12,428.0,26,1946
23650,Author_23650,12,428.0,34,1947
5957,Author_05957,12,427.0,35,1948
19120,Author_19120,12,426.0,30,1949
21320,Author_21320,12,426.0,37,1950
19583,Author_19583,12,425.0,20,1951
28659,Author_28659,12,425.0,38,1952
2239,Author_02239,12,424.0,36,1953
2647,Author_02647,12,424.0,28,1954
6969,Author_06969,12,424.0,21,1955
8723,Author_08723,12,423.0,25,1956
2678,Author_02678,12,422.0,31,1957
3952,Author_03952,12,421.0,28,1958
8918,Author_08918,12,421.0,34,1959
12315,Author_12315,12,421.0,31,1960
25110,Author_25110,12,421.0,34,1961
21075,Author_21075,12,420.0,31,1962
24095,Author_24095,12,420.0,24,1963
817,Author_00817,12,419.0,40,1964
7696,Author_07696,12,419.0,34,1965
13050,Author_13050,12,419.0,24,1966
18954,Author_18954,12,419.0,28,1967
21836,Author_21836,12,419.0,30,1968
23621,Author_23621,12,419.0,29,1969
415,Author_00415,12,418.0,29,1970
7407,Author_07407,12,418.0,29,1971
23442,Author_23442,12,418.0,31,1972
24832,Author_24832,12,418.0,27,1973
6517,Author_06517,12,417.0,23,1974
7344,Author_07344,12,417.0,18,1975
27472,Author_27472,12,417.0,47,1976
15871,Author_15871,12,415.0,29,1977
23366,Author_23366,12,415.0,31,1978
4805,Author_04805,12,414.0,35,1979
15402,Author_15402,12,413.0,51,1980
8545,Author_08545,12,412.0,38,1981
11178,Author_11178,12,411.0,27,1982
18803,Author_18803,12,411.0,35,1983
11869,Author_11869,12,410.0,33,1984
21191,Author_21191,12,410.0,33,1985
25780,Author_25780,12,410.0,30,1986
1384,Author_01384,12,409.0,33,1987
9468,Author_09468,12,409.0,33,1988
18356,Author_18356,12,409.0,27,1989
29554,Author_29554,12,408.0,30,1990
8125,Author_08125,12,407.0,34,1991
15847,Author_15847,12,407.0,31,1992
9713,Author_09713,12,406.0,29,1993
21491,Author_21491,12,406.0,22,1994
27358,Author_27358,12,406.0,21,1995
28148,Author_28148,12,406.0,24,1996
16537,Author_16537,12,403.0,36,1997
2341,Author_02341,12,402.0,33,1998
3711,Author_03711,12,402.0,29,1999
5118,Author_05118,12,402.0,30,2000
24951,Author_24951,12,401.0,27,2001
7618,Author_07618,12,398.0,31,2002
4601,Author_04601,12,397.0,23,2003
7910,Author_07910,12,397.0,30,2004
9948,Author_09948,12,397.0,29,2005
12518,Author_12518,12,397.0,24,2006
17083,Author_17083,12,397.0,32,2007
964,Author_00964,12,396.0,33,2008
10059,Author_10059,12,396.0,25,2009
6373,Author_06373,12,395.0,32,2010
12742,Author_12742,12,395.0,26,2011
22107,Author_22107,12,395.0,24,2012
22251,Author_22251,12,395.0,25,2013
1309,Author_01309,12,393.0,22,2014
26270,Author_26270,12,393.0,27,2015
20528,Author_20528,12,392.0,22,2016
22913,Author_22913,12,392.0,28,2017
15916,Author_15916,12,390.0,33,2018
28050,Author_28050,12,390.0,34,2019
1573,Author_01573,12,389.0,33,2020
8468,Author_08468,12,389.0,34,2021
18534,Author_18534,12,389.0,39,2022
19712,Author_19712,12,388.0,32,2023
7162,Author_07162,12,387.0,23,2024
13333,Author_13333,12,387.0,29,2025
17336,Author_17336,12,386.0,27,2026
28227,Author_28227,12,386.0,25,2027
14067,Author_14067,12,385.0,30,2028
18619,Author_18619,12,385.0,34,2029
3928,Author_03928,12,384.0,32,2030
8074,Author_08074,12,384.0,28,2031
12045,Author_12045,12,384.0,28,2032
14206,Author_14206,12,384.0,39,2033
23636,Author_23636,12,384.0,27,2034
1169,Author_01169,12,383.0,31,2035
7878,Author_07878,12,383.0,28,2036
13383,Author_13383,12,383.0,34,2037
16840,Author_16840,12,383.0,33,2038
26022,Author_26022,12,383.0,25,2039
1498,Author_01498,12,382.0,27,2040
4878,Author_04878,12,382.0,31,2041
2204,Author_02204,12,381.0,21,2042
11151,Author_11151,12,381.0,19,2043
13857,Author_13857,12,381.0,22,2044
21601,Author_21601,12,381.0,27,2045
26010,Author_26010,12,381.0,17,2046
15488,Author_15488,12,380.0,34,2047
23287,Author_23287,12,380.0,25,2048
16573,Author_16573,12,379.0,39,2049
8700,Author_08700,12,378.0,33,2050
8946,Author_08946,12,377.0,25,2051
12205,Author_12205,12,375.0,25,2052
19769,Author_19769,12,375.0,26,2053
25567,Author_25567,12,375.0,28,2054
25961,Author_25961,12,375.0,25,2055
9410,Author_09410,12,374.0,16,2056
12843,Author_12843,12,374.0,32,2057
17434,Author_17434,12,374.0,31,2058
3204,Author_03204,12,372.0,39,2059
25514,Author_25514,12,372.0,32,2060
949,Author_00949,12,371.0,31,2061
3834,Author_03834,12,369.0,30,2062
19351,Author_19351,12,368.0,23,2063
24941,Author_24941,12,367.0,31,2064
16532,Author_16532,12,366.0,32,2065
56,Author_00056,12,365.0,26,2066
20972,Author_20972,12,365.0,19,2067
14515,Author_14515,12,364.0,33,2068
24644,Author_24644,12,364.0,22,2069
14688,Author_14688,12,363.0,27,2070
21908,Author_21908,12,363.0,28,2071
181,Author_00181,12,362.0,43,2072
4154,Author_04154,12,362.0,26,2073
5538,Author_05538,12,362.0,24,2074
15592,Author_15592,12,361.0,28,2075
1530,Author_01530,12,360.0,31,2076
13910,Author_13910,12,360.0,18,2077
1722,Author_01722,12,359.0,26,2078
14830,Author_14830,12,359.0,33,2079
26852,Author_26852,12,359.0,28,2080
2767,Author_02767,12,358.0,32,2081
18550,Author_18550,12,358.0,32,2082
211,Author_00211,12,357.0,31,2083
652,Author_00652,12,356.0,21,2084
2498,Author_02498,12,356.0,27,2085
589,Author_00589,12,355.0,21,2086
28407,Author_28407,12,355.0,29,2087
22879,Author_22879,12,353.0,31,2088
15208,Author_15208,12,352.0,26,2089
25306,Author_25306,12,352.0,28,2090
2303,Author_02303,12,351.0,27,2091
25351,Author_25351,12,351.0,29,2092
24697,Author_24697,12,350.0,23,2093
20574,Author_20574,12,348.0,23,2094
16486,Author_16486,12,347.0,25,2095
18980,Author_18980,12,347.0,28,2096
23801,Author_23801,12,347.0,26,2097
24189,Author_24189,12,347.0,17,2098
29809,Author_29809,12,346.0,20,2099
13773,Author_13773,12,345.0,32,2100
10122,Author_10122,12,344.0,33,2101
21551,Author_21551,12,344.0,35,2102
22244,Author_22244,12,344.0,26,2103
29244,Author_29244,12,344.0,19,2104
9252,Author_09252,12,343.0,36,2105
15843,Author_15843,12,343.0,26,2106
22832,Author_22832,12,343.0,24,2107
19271,Author_19271,12,342.0,25,2108
7911,Author_07911,12,338.0,41,2109
10587,Author_10587,12,338.0,19,2110
2881,Author_02881,12,335.0,20,2111
13423,Author_13423,12,332.0,22,2112
16083,Author_16083,12,332.0,24,2113
6789,Author_06789,12,331.0,30,2114
12687,Author_12687,12,330.0,19,2115
19927,Author_19927,12,330.0,23,2116
18271,Author_18271,12,325.0,26,2117
23046,Author_23046,12,324.0,24,2118
25287,Author_25287,12,323.0,26,2119
17906,Author_17906,12,322.0,27,2120
8769,Author_08769,12,320.0,19,2121
28243,Author_28243,12,319.0,25,2122
11395,Author_11395,12,316.0,29,2123
5174,Author_05174,12,315.0,18,2124
29435,Author_29435,12,314.0,21,2125
23849,Author_23849,12,305.0,36,2126
3844,Author_03844,12,304.0,27,2127
20885,Author_20885,12,298.0,25,2128
1778,Author_01778,12,292.0,31,2129
17405,Author_17405,12,290.0,23,2130
21032,Author_21032,12,286.0,21,2131
19735,Author_19735,12,277.0,20,2132
14703,Author_14703,12,274.0,22,2133
14805,Author_14805,12,258.0,22,2134
6527,Author_06527,12,239.0,17,2135
18202,Author_18202,11,5998.0,17,2136
19950,Author_19950,11,4302.0,26,2137
10896,Author_10896,11,3952.0,24,2138
11311,Author_11311,11,3591.0,22,2139
22163,Author_22163,11,2737.0,28,2140
29524,Author_29524,11,2716.0,28,2141
9272,Author_09272,11,2658.0,48,2142
2489,Author_02489,11,2521.0,29,2143
12405,Author_12405,11,2304.0,33,2144
17695,Author_17695,11,2040.0,34,2145
23170,Author_23170,11,2020.0,30,2146
4728,Author_04728,11,2011.0,27,2147
818,Author_00818,11,1934.0,23,2148
12887,Author_12887,11,1923.0,20,2149
21504,Author_21504,11,1817.0,34,2150
29686,Author_29686,11,1814.0,20,2151
17301,Author_17301,11,1711.0,28,2152
16235,Author_16235,11,1627.0,22,2153
7829,Author_07829,11,1585.0,26,2154
23156,Author_23156,11,1473.0,18,2155
1318,Author_01318,11,1469.0,19,2156
11620,Author_11620,11,1356.0,32,2157
16283,Author_16283,11,1325.0,23,2158
14934,Author_14934,11,1254.0,35,2159
11798,Author_11798,11,1247.0,46,2160
13217,Author_13217,11,1223.0,28,2161
10030,Author_10030,11,1203.0,20,2162
7142,Author_07142,11,1199.0,26,2163
14163,Author_14163,11,1194.0,31,2164
24959,Author_24959,11,1164.0,18,2165
9502,Author_09502,11,1127.0,37,2166
9845,Author_09845,11,1114.0,24,2167
28095,Author_28095,11,1102.0,26,2168
25683,Author_25683,11,1099.0,25,2169
20965,Author_20965,11,1092.0,31,2170
28194,Author_28194,11,1074.0,18,2171
7389,Author_07389,11,1057.0,16,2172
20301,Author_20301,11,1036.0,32,2173
145,Author_00145,11,1024.0,26,2174
19811,Author_19811,11,1024.0,23,2175
28818,Author_28818,11,1012.0,31,2176
22299,Author_22299,11,1010.0,39,2177
9822,Author_09822,11,1008.0,28,2178
18752,Author_18752,11,1006.0,29,2179
11642,Author_11642,11,990.0,28,2180
12286,Author_12286,11,974.0,39,2181
25660,Author_25660,11,972.0,24,2182
26677,Author_26677,11,967.0,24,2183
8161,Author_08161,11,964.0,25,2184
11583,Author_11583,11,964.0,20,2185
16968,Author_16968,11,944.0,33,2186
29513,Author_29513,11,944.0,20,2187
24197,Author_24197,11,939.0,28,2188
23418,Author_23418,11,933.0,38,2189
15840,Author_15840,11,915.0,18,2190
4939,Author_04939,11,908.0,23,2191
8489,Author_08489,11,889.0,25,2192
8625,Author_08625,11,879.0,32,2193
4096,Author_04096,11,878.0,29,2194
15138,Author_15138,11,877.0,23,2195
8910,Author_08910,11,872.0,20,2196
21122,Author_21122,11,871.0,33,2197
25149,Author_25149,11,861.0,17,2198
19353,Author_19353,11,858.0,25,2199
21537,Author_21537,11,847.0,23,2200
18039,Author_18039,11,846.0,29,2201
22374,Author_22374,11,841.0,39,2202
9727,Author_09727,11,838.0,29,2203
24382,Author_24382,11,838.0,20,2204
21919,Author_21919,11,835.0,26,2205
19869,Author_19869,11,833.0,25,2206
25887,Author_25887,11,833.0,22,2207
18918,Author_18918,11,829.0,31,2208
8571,Author_08571,11,824.0,34,2209
11671,Author_11671,11,818.0,23,2210
18629,Author_18629,11,810.0,30,2211
20541,Author_20541,11,796.0,27,2212
5203,Author_05203,11,791.0,42,2213
24340,Author_24340,11,790.0,37,2214
17763,Author_17763,11,783.0,43,2215
1354,Author_01354,11,779.0,37,2216
23839,Author_23839,11,779.0,19,2217
18779,Author_18779,11,778.0,28,2218
12375,Author_12375,11,770.0,28,2219
13420,Author_13420,11,769.0,27,2220
18485,Author_18485,11,767.0,34,2221
14040,Author_14040,11,762.0,29,2222
18823,Author_18823,11,761.0,29,2223
1917,Author_01917,11,759.0,31,2224
10181,Author_10181,11,757.0,34,2225
5761,Author_05761,11,753.0,23,2226
9456,Author_09456,11,747.0,23,2227
7976,Author_07976,11,745.0,26,2228
25955,Author_25955,11,743.0,31,2229
17271,Author_17271,11,742.0,25,2230
3875,Author_03875,11,741.0,25,2231
9083,Author_09083,11,741.0,27,2232
5360,Author_05360,11,740.0,36,2233
20091,Author_20091,11,740.0,30,2234
13408,Author_13408,11,737.0,27,2235
3274,Author_03274,11,734.0,25,2236
10773,Author_10773,11,734.0,20,2237
16799,Author_16799,11,734.0,27,2238
8423,Author_08423,11,732.0,37,2239
23614,Author_23614,11,730.0,26,2240
9847,Author_09847,11,719.0,28,2241
2414,Author_02414,11,718.0,29,2242
23901,Author_23901,11,718.0,38,2243
18203,Author_18203,11,717.0,24,2244
23731,Author_23731,11,717.0,46,2245
6423,Author_06423,11,712.0,29,2246
17482,Author_17482,11,711.0,17,2247
22193,Author_22193,11,709.0,30,2248
15576,Author_15576,11,708.0,27,2249
17776,Author_17776,11,708.0,27,2250
22816,Author_22816,11,708.0,20,2251
16462,Author_16462,11,704.0,23,2252
12041,Author_12041,11,702.0,30,2253
11509,Author_11509,11,699.0,22,2254
21256,Author_21256,11,698.0,39,2255
29505,Author_29505,11,698.0,18,2256
14868,Author_14868,11,697.0,28,2257
16300,Author_16300,11,697.0,22,2258
6251,Author_06251,11,691.0,29,2259
17731,Author_17731,11,689.0,21,2260
5852,Author_05852,11,688.0,20,2261
24964,Author_24964,11,685.0,20,2262
15462,Author_15462,11,680.0,28,2263
19628,Author_19628,11,673.0,46,2264
4822,Author_04822,11,672.0,22,2265
24862,Author_24862,11,670.0,28,2266
14669,Author_14669,11,668.0,28,2267
16346,Author_16346,11,668.0,34,2268
4569,Author_04569,11,665.0,25,2269
17038,Author_17038,11,665.0,22,2270
15009,Author_15009,11,663.0,27,2271
26592,Author_26592,11,662.0,30,2272
29638,Author_29638,11,662.0,29,2273
19442,Author_19442,11,660.0,45,2274
6068,Author_06068,11,659.0,25,2275
9509,Author_09509,11,655.0,29,2276
6064,Author_06064,11,654.0,24,2277
1163,Author_01163,11,653.0,55,2278
5078,Author_05078,11,653.0,29,2279
21035,Author_21035,11,651.0,32,2280
4741,Author_04741,11,650.0,22,2281
18204,Author_18204,11,650.0,25,2282
12174,Author_12174,11,647.0,41,2283
9211,Author_09211,11,646.0,40,2284
20426,Author_20426,11,646.0,19,2285
22679,Author_22679,11,644.0,22,2286
3775,Author_03775,11,643.0,23,2287
17388,Author_17388,11,643.0,29,2288
12428,Author_12428,11,642.0,26,2289
19059,Author_19059,11,642.0,19,2290
8084,Author_08084,11,641.0,23,2291
12642,Author_12642,11,639.0,26,2292
242,Author_00242,11,634.0,29,2293
16349,Author_16349,11,634.0,22,2294
7887,Author_07887,11,633.0,21,2295
8817,Author_08817,11,632.0,19,2296
15492,Author_15492,11,632.0,19,2297
28459,Author_28459,11,632.0,21,2298
15752,Author_15752,11,631.0,21,2299
15927,Author_15927,11,629.0,21,2300
5294,Author_05294,11,628.0,32,2301
14697,Author_14697,11,624.0,28,2302
24271,Author_24271,11,622.0,26,2303
16935,Author_16935,11,621.0,29,2304
8809,Author_08809,11,618.0,52,2305
16571,Author_16571,11,618.0,28,2306
2033,Author_02033,11,616.0,28,2307
14910,Author_14910,11,616.0,25,2308
17485,Author_17485,11,615.0,28,2309
11915,Author_11915,11,613.0,35,2310
6011,Author_06011,11,612.0,27,2311
3520,Author_03520,11,609.0,22,2312
8598,Author_08598,11,605.0,32,2313
29103,Author_29103,11,605.0,16,2314
12919,Author_12919,11,603.0,38,2315
4946,Author_04946,11,601.0,32,2316
26930,Author_26930,11,601.0,21,2317
5778,Author_05778,11,600.0,25,2318
653,Author_00653,11,599.0,16,2319
9856,Author_09856,11,599.0,24,2320
5650,Author_05650,11,598.0,15,2321
7474,Author_07474,11,598.0,27,2322
565,Author_00565,11,595.0,34,2323
11949,Author_11949,11,595.0,22,2324
836,Author_00836,11,594.0,37,2325
1451,Author_01451,11,592.0,24,2326
20775,Author_20775,11,592.0,28,2327
5520,Author_05520,11,590.0,28,2328
9892,Author_09892,11,590.0,33,2329
10276,Author_10276,11,590.0,32,2330
8864,Author_08864,11,588.0,44,2331
6009,Author_06009,11,587.0,33,2332
773,Author_00773,11,585.0,33,2333
28971,Author_28971,11,585.0,28,2334
11415,Author_11415,11,584.0,32,2335
17362,Author_17362,11,584.0,22,2336
16067,Author_16067,11,582.0,21,2337
25375,Author_25375,11,582.0,35,2338
16284,Author_16284,11,581.0,24,2339
18614,Author_18614,11,581.0,28,2340
740,Author_00740,11,580.0,32,2341
16966,Author_16966,11,578.0,29,2342
1538,Author_01538,11,577.0,34,2343
5140,Author_05140,11,577.0,28,2344
29600,Author_29600,11,576.0,28,2345
5436,Author_05436,11,575.0,44,2346
12326,Author_12326,11,574.0,20,2347
25816,Author_25816,11,574.0,23,2348
28343,Author_28343,11,574.0,30,2349
11924,Author_11924,11,573.0,30,2350
8693,Author_08693,11,572.0,26,2351
15096,Author_15096,11,572.0,25,2352
4613,Author_04613,11,571.0,30,2353
11688,Author_11688,11,571.0,21,2354
8575,Author_08575,11,570.0,30,2355
24043,Author_24043,11,570.0,22,2356
2552,Author_02552,11,569.0,24,2357
23475,Author_23475,11,569.0,32,2358
15016,Author_15016,11,565.0,40,2359
3240,Author_03240,11,564.0,17,2360
22762,Author_22762,11,563.0,28,2361
3277,Author_03277,11,561.0,22,2362
8069,Author_08069,11,561.0,28,2363
4285,Author_04285,11,560.0,25,2364
8364,Author_08364,11,560.0,19,2365
15024,Author_15024,11,560.0,23,2366
20908,Author_20908,11,560.0,29,2367
21335,Author_21335,11,559.0,16,2368
23563,Author_23563,11,554.0,33,2369
29198,Author_29198,11,554.0,21,2370
26733,Author_26733,11,552.0,19,2371
13175,Author_13175,11,551.0,29,2372
16010,Author_16010,11,551.0,38,2373
21820,Author_21820,11,551.0,20,2374
11482,Author_11482,11,550.0,21,2375
4399,Author_04399,11,549.0,21,2376
4582,Author_04582,11,549.0,36,2377
15566,Author_15566,11,549.0,32,2378
26023,Author_26023,11,549.0,22,2379
14682,Author_14682,11,546.0,24,2380
17004,Author_17004,11,546.0,42,2381
15528,Author_15528,11,545.0,34,2382
21978,Author_21978,11,544.0,40,2383
29034,Author_29034,11,544.0,35,2384
12713,Author_12713,11,543.0,23,2385
19159,Author_19159,11,543.0,29,2386
22656,Author_22656,11,543.0,22,2387
11140,Author_11140,11,541.0,33,2388
22058,Author_22058,11,540.0,31,2389
29290,Author_29290,11,540.0,25,2390
1346,Author_01346,11,539.0,31,2391
2867,Author_02867,11,539.0,26,2392
3242,Author_03242,11,539.0,22,2393
13311,Author_13311,11,539.0,21,2394
23598,Author_23598,11,539.0,19,2395
1556,Author_01556,11,538.0,24,2396
8273,Author_08273,11,538.0,31,2397
16244,Author_16244,11,538.0,25,2398
23048,Author_23048,11,538.0,18,2399
18445,Author_18445,11,536.0,22,2400
2594,Author_02594,11,534.0,23,2401
6413,Author_06413,11,534.0,52,2402
18212,Author_18212,11,534.0,35,2403
24210,Author_24210,11,532.0,23,2404
27953,Author_27953,11,532.0,31,2405
3941,Author_03941,11,531.0,24,2406
5195,Author_05195,11,531.0,23,2407
3874,Author_03874,11,530.0,23,2408
26223,Author_26223,11,530.0,33,2409
14631,Author_14631,11,529.0,20,2410
16149,Author_16149,11,529.0,32,2411
4121,Author_04121,11,528.0,15,2412
25310,Author_25310,11,528.0,20,2413
27932,Author_27932,11,528.0,32,2414
26601,Author_26601,11,527.0,31,2415
27277,Author_27277,11,526.0,30,2416
24269,Author_24269,11,525.0,32,2417
632,Author_00632,11,524.0,33,2418
6953,Author_06953,11,524.0,22,2419
13925,Author_13925,11,524.0,25,2420
14727,Author_14727,11,524.0,34,2421
5311,Author_05311,11,523.0,24,2422
15693,Author_15693,11,523.0,23,2423
6703,Author_06703,11,522.0,36,2424
15420,Author_15420,11,522.0,34,2425
29773,Author_29773,11,522.0,26,2426
11041,Author_11041,11,519.0,34,2427
15120,Author_15120,11,519.0,39,2428
22580,Author_22580,11,519.0,33,2429
11572,Author_11572,11,518.0,27,2430
6152,Author_06152,11,517.0,24,2431
14997,Author_14997,11,516.0,31,2432
7562,Author_07562,11,515.0,19,2433
7815,Author_07815,11,515.0,33,2434
2640,Author_02640,11,514.0,26,2435
6005,Author_06005,11,511.0,25,2436
9248,Author_09248,11,511.0,33,2437
5231,Author_05231,11,510.0,20,2438
19512,Author_19512,11,510.0,30,2439
16556,Author_16556,11,509.0,28,2440
19043,Author_19043,11,509.0,29,2441
28724,Author_28724,11,507.0,42,2442
1822,Author_01822,11,506.0,28,2443
6544,Author_06544,11,506.0,37,2444
21558,Author_21558,11,506.0,28,2445
24594,Author_24594,11,505.0,21,2446
28209,Author_28209,11,505.0,26,2447
2069,Author_02069,11,504.0,24,2448
27585,Author_27585,11,504.0,22,2449
2697,Author_02697,11,503.0,33,2450
19841,Author_19841,11,503.0,29,2451
21090,Author_21090,11,499.0,26,2452
28223,Author_28223,11,499.0,27,2453
2827,Author_02827,11,498.0,21,2454
8002,Author_08002,11,498.0,24,2455
24669,Author_24669,11,498.0,26,2456
21646,Author_21646,11,497.0,25,2457
21866,Author_21866,11,497.0,27,2458
22570,Author_22570,11,497.0,26,2459
5034,Author_05034,11,495.0,31,2460
7131,Author_07131,11,495.0,29,2461
24643,Author_24643,11,495.0,23,2462
22154,Author_22154,11,494.0,27,2463
3103,Author_03103,11,493.0,30,2464
3959,Author_03959,11,493.0,26,2465
27459,Author_27459,11,493.0,29,2466
28708,Author_28708,11,493.0,24,2467
28805,Author_28805,11,493.0,30,2468
686,Author_00686,11,492.0,25,2469
23693,Author_23693,11,492.0,19,2470
24914,Author_24914,11,492.0,24,2471
25500,Author_25500,11,491.0,37,2472
2279,Author_02279,11,489.0,29,2473
7073,Author_07073,11,489.0,34,2474
20079,Author_20079,11,489.0,27,2475
25183,Author_25183,11,489.0,23,2476
16773,Author_16773,11,488.0,27,2477
17544,Author_17544,11,488.0,32,2478
25189,Author_25189,11,488.0,31,2479
17769,Author_17769,11,487.0,23,2480
5217,Author_05217,11,485.0,31,2481
23472,Author_23472,11,485.0,18,2482
28821,Author_28821,11,485.0,30,2483
5374,Author_05374,11,484.0,27,2484
21791,Author_21791,11,484.0,26,2485
8129,Author_08129,11,483.0,26,2486
9209,Author_09209,11,482.0,27,2487
10945,Author_10945,11,482.0,35,2488
14987,Author_14987,11,482.0,43,2489
12353,Author_12353,11,481.0,34,2490
14980,Author_14980,11,481.0,30,2491
1753,Author_01753,11,480.0,30,2492
10640,Author_10640,11,480.0,37,2493
12305,Author_12305,11,480.0,24,2494
20930,Author_20930,11,480.0,25,2495
22260,Author_22260,11,480.0,39,2496
25396,Author_25396,11,480.0,22,2497
708,Author_00708,11,479.0,23,2498
13069,Author_13069,11,479.0,25,2499
22467,Author_22467,11,479.0,29,2500
21658,Author_21658,11,475.0,29,2501
29053,Author_29053,11,475.0,28,2502
1285,Author_01285,11,474.0,33,2503
23403,Author_23403,11,474.0,29,2504
1043,Author_01043,11,473.0,32,2505
6668,Author_06668,11,473.0,31,2506
14563,Author_14563,11,473.0,28,2507
28338,Author_28338,11,473.0,23,2508
12638,Author_12638,11,472.0,28,2509
4765,Author_04765,11,471.0,22,2510
13746,Author_13746,11,471.0,28,2511
5528,Author_05528,11,470.0,29,2512
24744,Author_24744,11,470.0,44,2513
1708,Author_01708,11,469.0,23,2514
10086,Author_10086,11,469.0,28,2515
19720,Author_19720,11,469.0,22,2516
12773,Author_12773,11,468.0,42,2517
18311,Author_18311,11,468.0,32,2518
26157,Author_26157,11,468.0,20,2519
11884,Author_11884,11,467.0,35,2520
22432,Author_22432,11,467.0,27,2521
17767,Author_17767,11,466.0,34,2522
3744,Author_03744,11,465.0,22,2523
22468,Author_22468,11,465.0,28,2524
15507,Author_15507,11,464.0,23,2525
11040,Author_11040,11,463.0,26,2526
25399,Author_25399,11,462.0,28,2527
25907,Author_25907,11,462.0,25,2528
18599,Author_18599,11,460.0,26,2529
24585,Author_24585,11,460.0,28,2530
27001,Author_27001,11,460.0,33,2531
11341,Author_11341,11,459.0,28,2532
13551,Author_13551,11,459.0,24,2533
20387,Author_20387,11,459.0,29,2534
3774,Author_03774,11,458.0,33,2535
9168,Author_09168,11,458.0,21,2536
2114,Author_02114,11,457.0,32,2537
2348,Author_02348,11,457.0,25,2538
3407,Author_03407,11,457.0,25,2539
8230,Author_08230,11,457.0,44,2540
9914,Author_09914,11,457.0,28,2541
8777,Author_08777,11,456.0,30,2542
4858,Author_04858,11,455.0,28,2543
491,Author_00491,11,454.0,31,2544
28662,Author_28662,11,454.0,30,2545
28960,Author_28960,11,454.0,22,2546
5790,Author_05790,11,453.0,19,2547
14692,Author_14692,11,453.0,22,2548
21928,Author_21928,11,453.0,30,2549
1826,Author_01826,11,452.0,28,2550
6610,Author_06610,11,452.0,21,2551
12242,Author_12242,11,452.0,32,2552
27725,Author_27725,11,452.0,22,2553
28999,Author_28999,11,452.0,23,2554
17577,Author_17577,11,451.0,35,2555
25424,Author_25424,11,451.0,25,2556
3870,Author_03870,11,450.0,37,2557
20130,Author_20130,11,450.0,26,2558
11750,Author_11750,11,449.0,19,2559
28863,Author_28863,11,449.0,22,2560
2222,Author_02222,11,448.0,23,2561
1990,Author_01990,11,447.0,25,2562
7204,Author_07204,11,446.0,28,2563
17079,Author_17079,11,446.0,25,2564
19425,Author_19425,11,446.0,23,2565
18099,Author_18099,11,445.0,35,2566
28625,Author_28625,11,445.0,26,2567
7791,Author_07791,11,444.0,25,2568
1949,Author_01949,11,442.0,25,2569
16781,Author_16781,11,442.0,27,2570
24248,Author_24248,11,442.0,29,2571
3627,Author_03627,11,441.0,42,2572
5875,Author_05875,11,441.0,39,2573
25193,Author_25193,11,441.0,33,2574
28889,Author_28889,11,441.0,22,2575
3010,Author_03010,11,440.0,45,2576
23104,Author_23104,11,440.0,25,2577
28417,Author_28417,11,440.0,32,2578
3720,Author_03720,11,439.0,31,2579
4059,Author_04059,11,439.0,31,2580
13607,Author_13607,11,439.0,17,2581
16808,Author_16808,11,439.0,38,2582
4459,Author_04459,11,438.0,28,2583
14941,Author_14941,11,438.0,23,2584
14021,Author_14021,11,437.0,36,2585
4191,Author_04191,11,436.0,26,2586
6458,Author_06458,11,436.0,25,2587
6316,Author_06316,11,435.0,40,2588
10401,Author_10401,11,435.0,25,2589
13329,Author_13329,11,435.0,20,2590
22966,Author_22966,11,435.0,33,2591
10398,Author_10398,11,434.0,25,2592
18984,Author_18984,11,434.0,28,2593
23329,Author_23329,11,434.0,18,2594
24463,Author_24463,11,434.0,24,2595
5020,Author_05020,11,433.0,29,2596
6683,Author_06683,11,433.0,18,2597
17741,Author_17741,11,433.0,20,2598
18207,Author_18207,11,433.0,24,2599
22639,Author_22639,11,433.0,25,2600
26389,Author_26389,11,433.0,25,2601
14398,Author_14398,11,432.0,26,2602
15993,Author_15993,11,432.0,32,2603
22981,Author_22981,11,432.0,34,2604
961,Author_00961,11,431.0,38,2605
1869,Author_01869,11,431.0,23,2606
3398,Author_03398,11,431.0,35,2607
17894,Author_17894,11,431.0,35,2608
28405,Author_28405,11,431.0,28,2609
6784,Author_06784,11,430.0,19,2610
3763,Author_03763,11,429.0,34,2611
4674,Author_04674,11,429.0,17,2612
13027,Author_13027,11,429.0,19,2613
19335,Author_19335,11,429.0,27,2614
19350,Author_19350,11,429.0,28,2615
11855,Author_11855,11,428.0,21,2616
17193,Author_17193,11,427.0,24,2617
17546,Author_17546,11,427.0,25,2618
20756,Author_20756,11,427.0,44,2619
15678,Author_15678,11,426.0,27,2620
19288,Author_19288,11,426.0,29,2621
25784,Author_25784,11,426.0,27,2622
26895,Author_26895,11,426.0,26,2623
4945,Author_04945,11,425.0,35,2624
17408,Author_17408,11,425.0,31,2625
18567,Author_18567,11,425.0,16,2626
22559,Author_22559,11,425.0,36,2627
2099,Author_02099,11,424.0,26,2628
14012,Author_14012,11,423.0,25,2629
25781,Author_25781,11,422.0,26,2630
16883,Author_16883,11,421.0,24,2631
25892,Author_25892,11,421.0,33,2632
627,Author_00627,11,420.0,35,2633
1829,Author_01829,11,420.0,22,2634
13240,Author_13240,11,420.0,31,2635
20812,Author_20812,11,420.0,24,2636
5978,Author_05978,11,419.0,25,2637
6781,Author_06781,11,419.0,28,2638
8157,Author_08157,11,419.0,13,2639
9016,Author_09016,11,419.0,29,2640
24604,Author_24604,11,419.0,19,2641
6984,Author_06984,11,418.0,31,2642
23907,Author_23907,11,418.0,25,2643
1483,Author_01483,11,417.0,27,2644
17285,Author_17285,11,417.0,30,2645
20284,Author_20284,11,417.0,27,2646
22151,Author_22151,11,417.0,23,2647
17246,Author_17246,11,416.0,27,2648
19156,Author_19156,11,416.0,26,2649
2197,Author_02197,11,415.0,19,2650
22864,Author_22864,11,415.0,35,2651
15812,Author_15812,11,414.0,22,2652
17437,Author_17437,11,414.0,22,2653
18731,Author_18731,11,414.0,22,2654
20349,Author_20349,11,414.0,19,2655
11977,Author_11977,11,413.0,23,2656
19992,Author_19992,11,413.0,24,2657
20287,Author_20287,11,413.0,26,2658
26219,Author_26219,11,413.0,23,2659
7273,Author_07273,11,412.0,35,2660
17614,Author_17614,11,412.0,31,2661
18766,Author_18766,11,412.0,21,2662
18998,Author_18998,11,412.0,26,2663
8592,Author_08592,11,411.0,30,2664
8676,Author_08676,11,411.0,38,2665
9666,Author_09666,11,411.0,26,2666
11795,Author_11795,11,411.0,24,2667
16395,Author_16395,11,411.0,24,2668
14766,Author_14766,11,410.0,28,2669
6450,Author_06450,11,409.0,25,2670
2991,Author_02991,11,408.0,26,2671
18744,Author_18744,11,408.0,30,2672
24037,Author_24037,11,408.0,37,2673
27379,Author_27379,11,408.0,30,2674
10779,Author_10779,11,406.0,25,2675
13596,Author_13596,11,406.0,28,2676
16704,Author_16704,11,406.0,21,2677
17300,Author_17300,11,406.0,31,2678
17806,Author_17806,11,406.0,23,2679
27302,Author_27302,11,406.0,25,2680
28481,Author_28481,11,406.0,21,2681
13479,Author_13479,11,405.0,27,2682
15911,Author_15911,11,405.0,22,2683
22956,Author_22956,11,405.0,23,2684
1811,Author_01811,11,404.0,31,2685
13845,Author_13845,11,404.0,32,2686
14684,Author_14684,11,404.0,29,2687
18200,Author_18200,11,404.0,26,2688
18885,Author_18885,11,404.0,18,2689
20632,Author_20632,11,404.0,20,2690
23559,Author_23559,11,404.0,33,2691
24997,Author_24997,11,404.0,27,2692
14451,Author_14451,11,403.0,15,2693
16870,Author_16870,11,403.0,17,2694
13451,Author_13451,11,402.0,33,2695
18463,Author_18463,11,402.0,36,2696
12937,Author_12937,11,401.0,23,2697
15994,Author_15994,11,401.0,32,2698
28109,Author_28109,11,400.0,25,2699
29702,Author_29702,11,400.0,33,2700
2577,Author_02577,11,399.0,26,2701
20086,Author_20086,11,399.0,27,2702
12997,Author_12997,11,398.0,32,2703
14583,Author_14583,11,398.0,27,2704
17913,Author_17913,11,398.0,24,2705
29874,Author_29874,11,398.0,25,2706
5277,Author_05277,11,397.0,21,2707
5292,Author_05292,11,397.0,39,2708
10259,Author_10259,11,397.0,30,2709
13226,Author_13226,11,397.0,24,2710
15373,Author_15373,11,397.0,31,2711
5994,Author_05994,11,395.0,25,2712
10606,Author_10606,11,395.0,27,2713
25055,Author_25055,11,395.0,26,2714
20258,Author_20258,11,394.0,25,2715
26049,Author_26049,11,394.0,27,2716
2974,Author_02974,11,393.0,40,2717
7060,Author_07060,11,393.0,27,2718
8846,Author_08846,11,393.0,29,2719
11232,Author_11232,11,393.0,25,2720
28006,Author_28006,11,392.0,25,2721
29163,Author_29163,11,392.0,22,2722
8450,Author_08450,11,391.0,32,2723
9755,Author_09755,11,391.0,36,2724
12199,Author_12199,11,391.0,36,2725
1836,Author_01836,11,390.0,21,2726
2568,Author_02568,11,390.0,16,2727
14916,Author_14916,11,390.0,30,2728
16971,Author_16971,11,390.0,27,2729
2311,Author_02311,11,389.0,26,2730
7627,Author_07627,11,389.0,35,2731
26459,Author_26459,11,389.0,28,2732
22387,Author_22387,11,388.0,28,2733
23578,Author_23578,11,388.0,22,2734
29130,Author_29130,11,388.0,20,2735
2488,Author_02488,11,387.0,24,2736
7173,Author_07173,11,387.0,28,2737
10156,Author_10156,11,387.0,28,2738
21197,Author_21197,11,387.0,26,2739
21238,Author_21238,11,387.0,17,2740
5245,Author_05245,11,386.0,29,2741
7682,Author_07682,11,386.0,34,2742
25774,Author_25774,11,386.0,21,2743
28780,Author_28780,11,386.0,22,2744
3201,Author_03201,11,385.0,35,2745
8983,Author_08983,11,385.0,22,2746
15314,Author_15314,11,385.0,29,2747
26325,Author_26325,11,385.0,30,2748
2228,Author_02228,11,384.0,33,2749
10686,Author_10686,11,384.0,27,2750
14231,Author_14231,11,384.0,27,2751
23917,Author_23917,11,384.0,25,2752
7364,Author_07364,11,383.0,40,2753
24165,Author_24165,11,383.0,16,2754
2874,Author_02874,11,382.0,25,2755
9316,Author_09316,11,382.0,21,2756
13496,Author_13496,11,382.0,24,2757
25027,Author_25027,11,382.0,21,2758
27209,Author_27209,11,382.0,40,2759
12598,Author_12598,11,381.0,33,2760
22918,Author_22918,11,381.0,25,2761
4697,Author_04697,11,380.0,31,2762
6374,Author_06374,11,380.0,28,2763
12623,Author_12623,11,380.0,15,2764
17593,Author_17593,11,380.0,22,2765
11118,Author_11118,11,379.0,29,2766
8209,Author_08209,11,378.0,24,2767
16639,Author_16639,11,378.0,34,2768
20242,Author_20242,11,378.0,23,2769
17827,Author_17827,11,377.0,24,2770
20231,Author_20231,11,377.0,28,2771
53,Author_00053,11,376.0,23,2772
768,Author_00768,11,376.0,26,2773
2500,Author_02500,11,376.0,35,2774
6121,Author_06121,11,376.0,28,2775
18094,Author_18094,11,376.0,29,2776
22288,Author_22288,11,376.0,21,2777
2337,Author_02337,11,375.0,31,2778
2745,Author_02745,11,375.0,32,2779
3124,Author_03124,11,375.0,21,2780
26710,Author_26710,11,375.0,19,2781
2814,Author_02814,11,374.0,29,2782
13495,Author_13495,11,374.0,35,2783
16826,Author_16826,11,374.0,28,2784
19149,Author_19149,11,374.0,29,2785
25224,Author_25224,11,374.0,23,2786
360,Author_00360,11,373.0,37,2787
24034,Author_24034,11,373.0,23,2788
14560,Author_14560,11,372.0,20,2789
18812,Author_18812,11,372.0,34,2790
21318,Author_21318,11,372.0,21,2791
10522,Author_10522,11,371.0,25,2792
12882,Author_12882,11,371.0,32,2793
11703,Author_11703,11,370.0,26,2794
26897,Author_26897,11,370.0,30,2795
614,Author_00614,11,369.0,26,2796
26783,Author_26783,11,369.0,19,2797
28556,Author_28556,11,369.0,20,2798
8260,Author_08260,11,368.0,21,2799
19036,Author_19036,11,368.0,31,2800
28509,Author_28509,11,368.0,36,2801
15238,Author_15238,11,367.0,18,2802
27062,Author_27062,11,367.0,24,2803
9166,Author_09166,11,365.0,29,2804
26048,Author_26048,11,365.0,24,2805
6115,Author_06115,11,364.0,26,2806
6873,Author_06873,11,363.0,35,2807
15671,Author_15671,11,363.0,26,2808
20282,Author_20282,11,363.0,27,2809
11531,Author_11531,11,360.0,26,2810
11725,Author_11725,11,360.0,28,2811
20819,Author_20819,11,360.0,28,2812
4864,Author_04864,11,359.0,22,2813
13671,Author_13671,11,359.0,22,2814
27517,Author_27517,11,359.0,39,2815
73,Author_00073,11,358.0,15,2816
8947,Author_08947,11,358.0,22,2817
9329,Author_09329,11,358.0,25,2818
12013,Author_12013,11,358.0,27,2819
1248,Author_01248,11,357.0,23,2820
1351,Author_01351,11,357.0,36,2821
11508,Author_11508,11,357.0,21,2822
11990,Author_11990,11,357.0,20,2823
14387,Author_14387,11,357.0,27,2824
17196,Author_17196,11,357.0,27,2825
26798,Author_26798,11,357.0,25,2826
48,Author_00048,11,356.0,18,2827
12261,Author_12261,11,356.0,21,2828
14458,Author_14458,11,356.0,27,2829
1212,Author_01212,11,355.0,23,2830
1213,Author_01213,11,355.0,35,2831
1601,Author_01601,11,355.0,26,2832
18801,Author_18801,11,355.0,27,2833
27267,Author_27267,11,355.0,31,2834
4702,Author_04702,11,354.0,24,2835
6014,Author_06014,11,354.0,22,2836
6555,Author_06555,11,354.0,19,2837
26050,Author_26050,11,354.0,28,2838
26260,Author_26260,11,354.0,27,2839
29819,Author_29819,11,354.0,27,2840
8460,Author_08460,11,353.0,25,2841
9312,Author_09312,11,353.0,32,2842
12403,Author_12403,11,353.0,21,2843
28183,Author_28183,11,353.0,20,2844
672,Author_00672,11,352.0,25,2845
5263,Author_05263,11,351.0,25,2846
5531,Author_05531,11,351.0,38,2847
12876,Author_12876,11,351.0,25,2848
19039,Author_19039,11,350.0,35,2849
8690,Author_08690,11,349.0,21,2850
10646,Author_10646,11,349.0,21,2851
26573,Author_26573,11,349.0,29,2852
15816,Author_15816,11,348.0,30,2853
23632,Author_23632,11,348.0,26,2854
27118,Author_27118,11,348.0,26,2855
2806,Author_02806,11,347.0,22,2856
2764,Author_02764,11,346.0,19,2857
5701,Author_05701,11,346.0,26,2858
7167,Author_07167,11,346.0,22,2859
19759,Author_19759,11,346.0,19,2860
29019,Author_29019,11,346.0,23,2861
16181,Author_16181,11,345.0,28,2862
27101,Author_27101,11,345.0,22,2863
1247,Author_01247,11,344.0,28,2864
3044,Author_03044,11,344.0,26,2865
3701,Author_03701,11,344.0,23,2866
2905,Author_02905,11,343.0,26,2867
4921,Author_04921,11,343.0,39,2868
5754,Author_05754,11,343.0,24,2869
7398,Author_07398,11,343.0,19,2870
18808,Author_18808,11,343.0,33,2871
19219,Author_19219,11,343.0,20,2872
25766,Author_25766,11,343.0,22,2873
329,Author_00329,11,342.0,18,2874
13948,Author_13948,11,342.0,23,2875
21209,Author_21209,11,342.0,23,2876
28085,Author_28085,11,342.0,27,2877
1277,Author_01277,11,341.0,28,2878
6705,Author_06705,11,341.0,17,2879
11743,Author_11743,11,341.0,26,2880
25416,Author_25416,11,341.0,24,2881
27581,Author_27581,11,341.0,28,2882
28146,Author_28146,11,341.0,27,2883
18937,Author_18937,11,339.0,22,2884
19438,Author_19438,11,339.0,26,2885
22447,Author_22447,11,339.0,23,2886
4720,Author_04720,11,338.0,20,2887
7373,Author_07373,11,338.0,20,2888
9829,Author_09829,11,338.0,23,2889
17021,Author_17021,11,338.0,33,2890
20324,Author_20324,11,338.0,21,2891
29993,Author_29993,11,338.0,28,2892
13744,Author_13744,11,336.0,35,2893
14935,Author_14935,11,335.0,26,2894
15102,Author_15102,11,335.0,18,2895
18430,Author_18430,11,335.0,27,2896
21688,Author_21688,11,335.0,20,2897
22060,Author_22060,11,335.0,30,2898
23315,Author_23315,11,335.0,22,2899
25431,Author_25431,11,335.0,27,2900
11537,Author_11537,11,333.0,30,2901
12550,Author_12550,11,333.0,27,2902
18892,Author_18892,11,333.0,35,2903
661,Author_00661,11,332.0,25,2904
12056,Author_12056,11,332.0,25,2905
1030,Author_01030,11,331.0,20,2906
10302,Author_10302,11,331.0,23,2907
28626,Author_28626,11,331.0,30,2908
8377,Author_08377,11,330.0,28,2909
14696,Author_14696,11,330.0,22,2910
23956,Author_23956,11,330.0,23,2911
6921,Author_06921,11,329.0,23,2912
13390,Author_13390,11,329.0,18,2913
6119,Author_06119,11,328.0,26,2914
8279,Author_08279,11,328.0,23,2915
2472,Author_02472,11,327.0,33,2916
13008,Author_13008,11,327.0,30,2917
13603,Author_13603,11,327.0,14,2918
13933,Author_13933,11,327.0,33,2919
25824,Author_25824,11,327.0,29,2920
28395,Author_28395,11,326.0,27,2921
28557,Author_28557,11,326.0,31,2922
1497,Author_01497,11,325.0,35,2923
13338,Author_13338,11,325.0,28,2924
29083,Author_29083,11,325.0,24,2925
9287,Author_09287,11,323.0,23,2926
9630,Author_09630,11,323.0,21,2927
13402,Author_13402,11,323.0,24,2928
23889,Author_23889,11,323.0,20,2929
29054,Author_29054,11,323.0,22,2930
12134,Author_12134,11,322.0,34,2931
16087,Author_16087,11,322.0,22,2932
18231,Author_18231,11,322.0,19,2933
20448,Author_20448,11,322.0,29,2934
2280,Author_02280,11,321.0,26,2935
14757,Author_14757,11,321.0,22,2936
7245,Author_07245,11,320.0,32,2937
22533,Author_22533,11,320.0,26,2938
3947,Author_03947,11,319.0,27,2939
29108,Author_29108,11,319.0,26,2940
9476,Author_09476,11,318.0,24,2941
20358,Author_20358,11,318.0,15,2942
5218,Author_05218,11,317.0,24,2943
15423,Author_15423,11,315.0,25,2944
17458,Author_17458,11,315.0,23,2945
23975,Author_23975,11,315.0,23,2946
10664,Author_10664,11,314.0,26,2947
28600,Author_28600,11,314.0,31,2948
26226,Author_26226,11,313.0,27,2949
11182,Author_11182,11,312.0,31,2950
29739,Author_29739,11,312.0,26,2951
2432,Author_02432,11,311.0,24,2952
11300,Author_11300,11,311.0,26,2953
27229,Author_27229,11,311.0,29,2954
28913,Author_28913,11,311.0,26,2955
11398,Author_11398,11,310.0,19,2956
25112,Author_25112,11,310.0,21,2957
10316,Author_10316,11,309.0,23,2958
19897,Author_19897,11,309.0,23,2959
3538,Author_03538,11,308.0,26,2960
9227,Author_09227,11,308.0,29,2961
26585,Author_26585,11,308.0,25,2962
5708,Author_05708,11,307.0,27,2963
8008,Author_08008,11,307.0,26,2964
238,Author_00238,11,306.0,18,2965
3984,Author_03984,11,306.0,18,2966
12515,Author_12515,11,306.0,29,2967
19874,Author_19874,11,306.0,21,2968
20446,Author_20446,11,306.0,23,2969
8771,Author_08771,11,304.0,27,2970
9457,Author_09457,11,304.0,25,2971
22697,Author_22697,11,304.0,21,2972
5185,Author_05185,11,303.0,19,2973
18739,Author_18739,11,303.0,19,2974
16863,Author_16863,11,302.0,28,2975
24452,Author_24452,11,302.0,22,2976
15146,Author_15146,11,301.0,21,2977
27449,Author_27449,11,301.0,29,2978
25890,Author_25890,11,300.0,25,2979
28586,Author_28586,11,299.0,23,2980
1682,Author_01682,11,297.0,17,2981
19630,Author_19630,11,296.0,20,2982
18221,Author_18221,11,295.0,21,2983
19554,Author_19554,11,295.0,24,2984
27867,Author_27867,11,295.0,23,2985
11866,Author_11866,11,293.0,22,2986
12580,Author_12580,11,293.0,21,2987
24301,Author_24301,11,290.0,16,2988
11019,Author_11019,11,289.0,28,2989
3286,Author_03286,11,287.0,30,2990
7584,Author_07584,11,287.0,29,2991
16819,Author_16819,11,286.0,17,2992
19063,Author_19063,11,286.0,19,2993
20557,Author_20557,11,286.0,30,2994
20585,Author_20585,11,286.0,20,2995
3468,Author_03468,11,285.0,24,2996
11997,Author_11997,11,285.0,23,2997
26224,Author_26224,11,285.0,25,2998
21091,Author_21091,11,284.0,16,2999
21560,Author_21560,11,284.0,28,3000
25895,Author_25895,11,282.0,25,3001
18315,Author_18315,11,280.0,24,3002
9767,Author_09767,11,279.0,16,3003
1241,Author_01241,11,276.0,16,3004
20951,Author_20951,11,275.0,28,3005
1310,Author_01310,11,274.0,24,3006
11735,Author_11735,11,271.0,22,3007
26036,Author_26036,11,271.0,18,3008
14457,Author_14457,11,266.0,31,3009
27068,Author_27068,11,266.0,24,3010
4747,Author_04747,11,263.0,19,3011
5532,Author_05532,11,263.0,22,3012
27389,Author_27389,11,262.0,20,3013
24973,Author_24973,11,257.0,24,3014
18630,Author_18630,11,255.0,22,3015
23069,Author_23069,11,255.0,21,3016
12585,Author_12585,11,253.0,18,3017
8476,Author_08476,11,251.0,30,3018
380,Author_00380,11,241.0,23,3019
361,Author_00361,11,235.0,17,3020
9265,Author_09265,11,219.0,18,3021
6243,Author_06243,11,212.0,19,3022
2505,Author_02505,11,202.0,18,3023
5537,Author_05537,10,6170.0,24,3024
8653,Author_08653,10,5784.0,22,3025
18743,Author_18743,10,5503.0,27,3026
27422,Author_27422,10,3905.0,21,3027
22048,Author_22048,10,3757.0,13,3028
1540,Author_01540,10,2638.0,17,3029
23597,Author_23597,10,2618.0,20,3030
14859,Author_14859,10,2097.0,23,3031
15867,Author_15867,10,2035.0,21,3032
21481,Author_21481,10,1937.0,29,3033
19840,Author_19840,10,1886.0,20,3034
29910,Author_29910,10,1540.0,18,3035
20141,Author_20141,10,1499.0,17,3036
7835,Author_07835,10,1497.0,34,3037
16085,Author_16085,10,1442.0,19,3038
23500,Author_23500,10,1393.0,21,3039
26781,Author_26781,10,1321.0,31,3040
1257,Author_01257,10,1230.0,32,3041
2629,Author_02629,10,1206.0,30,3042
17858,Author_17858,10,1136.0,19,3043
24770,Author_24770,10,1130.0,29,3044
21271,Author_21271,10,1099.0,29,3045
2735,Author_02735,10,1092.0,23,3046
12763,Author_12763,10,1091.0,28,3047
698,Author_00698,10,1089.0,24,3048
27006,Author_27006,10,1088.0,21,3049
6763,Author_06763,10,1071.0,16,3050
3391,Author_03391,10,1069.0,22,3051
15726,Author_15726,10,1062.0,26,3052
5500,Author_05500,10,1051.0,21,3053
12514,Author_12514,10,1014.0,15,3054
20877,Author_20877,10,1006.0,21,3055
23928,Author_23928,10,990.0,24,3056
20155,Author_20155,10,972.0,18,3057
4383,Author_04383,10,959.0,22,3058
20169,Author_20169,10,953.0,22,3059
21224,Author_21224,10,948.0,18,3060
14890,Author_14890,10,932.0,24,3061
9757,Author_09757,10,909.0,22,3062
22403,Author_22403,10,902.0,19,3063
21745,Author_21745,10,885.0,25,3064
7297,Author_07297,10,879.0,27,3065
9173,Author_09173,10,867.0,22,3066
201,Author_00201,10,865.0,22,3067
16143,Author_16143,10,859.0,25,3068
15701,Author_15701,10,854.0,28,3069
2768,Author_02768,10,845.0,22,3070
23229,Author_23229,10,837.0,28,3071
20222,Author_20222,10,808.0,23,3072
28988,Author_28988,10,805.0,28,3073
26958,Author_26958,10,800.0,19,3074
14924,Author_14924,10,797.0,23,3075
13391,Author_13391,10,787.0,22,3076
2407,Author_02407,10,781.0,18,3077
15008,Author_15008,10,777.0,27,3078
6654,Author_06654,10,775.0,23,3079
394,Author_00394,10,773.0,22,3080
23205,Author_23205,10,773.0,31,3081
13533,Author_13533,10,771.0,20,3082
27849,Author_27849,10,767.0,20,3083
12092,Author_12092,10,766.0,17,3084
29078,Author_29078,10,765.0,20,3085
4679,Author_04679,10,763.0,17,3086
2572,Author_02572,10,761.0,28,3087
19165,Author_19165,10,754.0,28,3088
9864,Author_09864,10,750.0,34,3089
10411,Author_10411,10,749.0,20,3090
10890,Author_10890,10,749.0,26,3091
11840,Author_11840,10,745.0,19,3092
6713,Author_06713,10,743.0,19,3093
3942,Author_03942,10,738.0,20,3094
18596,Author_18596,10,731.0,23,3095
23958,Author_23958,10,730.0,24,3096
11086,Author_11086,10,724.0,18,3097
29956,Author_29956,10,723.0,32,3098
15762,Author_15762,10,719.0,20,3099
18220,Author_18220,10,714.0,19,3100
6744,Author_06744,10,705.0,29,3101
26515,Author_26515,10,702.0,30,3102
24729,Author_24729,10,700.0,38,3103
9118,Author_09118,10,697.0,24,3104
22160,Author_22160,10,688.0,22,3105
18948,Author_18948,10,683.0,29,3106
27686,Author_27686,10,682.0,23,3107
11582,Author_11582,10,678.0,15,3108
16436,Author_16436,10,677.0,26,3109
12901,Author_12901,10,676.0,24,3110
5855,Author_05855,10,669.0,25,3111
13738,Author_13738,10,668.0,26,3112
12100,Author_12100,10,666.0,21,3113
6385,Author_06385,10,665.0,32,3114
7623,Author_07623,10,665.0,31,3115
3682,Author_03682,10,662.0,25,3116
15387,Author_15387,10,660.0,23,3117
11880,Author_11880,10,655.0,31,3118
15983,Author_15983,10,655.0,21,3119
21188,Author_21188,10,655.0,23,3120
23519,Author_23519,10,653.0,20,3121
7054,Author_07054,10,652.0,17,3122
22803,Author_22803,10,652.0,20,3123
28117,Author_28117,10,652.0,29,3124
29102,Author_29102,10,651.0,19,3125
17520,Author_17520,10,650.0,24,3126
29548,Author_29548,10,647.0,20,3127
22417,Author_22417,10,644.0,25,3128
2560,Author_02560,10,642.0,19,3129
9029,Author_09029,10,641.0,25,3130
13636,Author_13636,10,635.0,28,3131
26889,Author_26889,10,633.0,20,3132
18759,Author_18759,10,628.0,22,3133
22524,Author_22524,10,627.0,19,3134
24054,Author_24054,10,627.0,28,3135
27959,Author_27959,10,625.0,20,3136
7551,Author_07551,10,624.0,23,3137
27248,Author_27248,10,624.0,21,3138
11532,Author_11532,10,623.0,25,3139
16257,Author_16257,10,623.0,18,3140
25787,Author_25787,10,621.0,22,3141
2769,Author_02769,10,619.0,23,3142
19656,Author_19656,10,616.0,21,3143
10097,Author_10097,10,615.0,23,3144
20212,Author_20212,10,612.0,25,3145
7995,Author_07995,10,608.0,40,3146
10023,Author_10023,10,608.0,25,3147
18976,Author_18976,10,608.0,22,3148
19387,Author_19387,10,607.0,25,3149
21554,Author_21554,10,607.0,30,3150
21667,Author_21667,10,607.0,25,3151
26417,Author_26417,10,605.0,24,3152
12815,Author_12815,10,604.0,21,3153
3404,Author_03404,10,602.0,29,3154
5059,Author_05059,10,600.0,33,3155
27247,Author_27247,10,600.0,23,3156
9156,Author_09156,10,598.0,17,3157
4959,Author_04959,10,593.0,23,3158
19915,Author_19915,10,593.0,22,3159
15003,Author_15003,10,592.0,27,3160
14036,Author_14036,10,591.0,23,3161
3713,Author_03713,10,590.0,19,3162
17199,Author_17199,10,589.0,37,3163
21824,Author_21824,10,588.0,24,3164
20355,Author_20355,10,581.0,25,3165
16129,Author_16129,10,580.0,16,3166
21647,Author_21647,10,579.0,21,3167
28154,Author_28154,10,577.0,24,3168
9304,Author_09304,10,576.0,24,3169
26927,Author_26927,10,575.0,18,3170
19101,Author_19101,10,574.0,22,3171
21026,Author_21026,10,574.0,27,3172
2338,Author_02338,10,573.0,30,3173
6361,Author_06361,10,573.0,30,3174
24370,Author_24370,10,572.0,20,3175
7639,Author_07639,10,571.0,22,3176
11681,Author_11681,10,571.0,21,3177
7820,Author_07820,10,570.0,27,3178
9563,Author_09563,10,570.0,16,3179
28092,Author_28092,10,570.0,27,3180
24918,Author_24918,10,569.0,21,3181
28456,Author_28456,10,568.0,17,3182
10863,Author_10863,10,567.0,13,3183
11824,Author_11824,10,567.0,22,3184
19613,Author_19613,10,567.0,22,3185
13722,Author_13722,10,566.0,17,3186
16104,Author_16104,10,566.0,16,3187
10064,Author_10064,10,565.0,28,3188
962,Author_00962,10,564.0,20,3189
21483,Author_21483,10,564.0,16,3190
22712,Author_22712,10,564.0,24,3191
2260,Author_02260,10,562.0,24,3192
24605,Author_24605,10,562.0,25,3193
2660,Author_02660,10,561.0,15,3194
5407,Author_05407,10,560.0,30,3195
9785,Author_09785,10,560.0,20,3196
20063,Author_20063,10,556.0,17,3197
14379,Author_14379,10,555.0,31,3198
27376,Author_27376,10,553.0,33,3199
2709,Author_02709,10,552.0,18,3200
8151,Author_08151,10,552.0,22,3201
10060,Author_10060,10,552.0,20,3202
13366,Author_13366,10,552.0,24,3203
19304,Author_19304,10,552.0,33,3204
28950,Author_28950,10,552.0,23,3205
25718,Author_25718,10,551.0,25,3206
6227,Author_06227,10,550.0,27,3207
19286,Author_19286,10,550.0,28,3208
23330,Author_23330,10,550.0,19,3209
16815,Author_16815,10,549.0,24,3210
9310,Author_09310,10,548.0,12,3211
15618,Author_15618,10,548.0,20,3212
17901,Author_17901,10,548.0,34,3213
20181,Author_20181,10,548.0,31,3214
9900,Author_09900,10,547.0,17,3215
11344,Author_11344,10,547.0,34,3216
12082,Author_12082,10,547.0,21,3217
20762,Author_20762,10,546.0,19,3218
6640,Author_06640,10,545.0,22,3219
9924,Author_09924,10,545.0,26,3220
26660,Author_26660,10,545.0,26,3221
14719,Author_14719,10,544.0,27,3222
25090,Author_25090,10,544.0,19,3223
11087,Author_11087,10,543.0,39,3224
12920,Author_12920,10,543.0,33,3225
15069,Author_15069,10,543.0,19,3226
26259,Author_26259,10,543.0,23,3227
7479,Author_07479,10,542.0,23,3228
8174,Author_08174,10,542.0,32,3229
9544,Author_09544,10,542.0,18,3230
11418,Author_11418,10,542.0,17,3231
16890,Author_16890,10,542.0,34,3232
11195,Author_11195,10,538.0,18,3233
12866,Author_12866,10,538.0,17,3234
20361,Author_20361,10,538.0,19,3235
24869,Author_24869,10,537.0,22,3236
14152,Author_14152,10,536.0,14,3237
14456,Author_14456,10,536.0,24,3238
14590,Author_14590,10,536.0,15,3239
25470,Author_25470,10,536.0,23,3240
4703,Author_04703,10,535.0,19,3241
11479,Author_11479,10,535.0,28,3242
14460,Author_14460,10,535.0,21,3243
21685,Author_21685,10,535.0,17,3244
3922,Author_03922,10,534.0,30,3245
8435,Author_08435,10,534.0,26,3246
13136,Author_13136,10,534.0,21,3247
14032,Author_14032,10,533.0,30,3248
14347,Author_14347,10,533.0,24,3249
13243,Author_13243,10,532.0,20,3250
15730,Author_15730,10,532.0,19,3251
10928,Author_10928,10,530.0,19,3252
28238,Author_28238,10,530.0,25,3253
23335,Author_23335,10,529.0,29,3254
3092,Author_03092,10,528.0,26,3255
3823,Author_03823,10,528.0,23,3256
7909,Author_07909,10,528.0,22,3257
17425,Author_17425,10,528.0,18,3258
21536,Author_21536,10,527.0,31,3259
22723,Author_22723,10,527.0,28,3260
18785,Author_18785,10,526.0,28,3261
26749,Author_26749,10,526.0,18,3262
15121,Author_15121,10,525.0,22,3263
29131,Author_29131,10,524.0,26,3264
11028,Author_11028,10,521.0,35,3265
21870,Author_21870,10,521.0,24,3266
5499,Author_05499,10,520.0,14,3267
16893,Author_16893,10,520.0,29,3268
24400,Author_24400,10,520.0,24,3269
24925,Author_24925,10,520.0,22,3270
19982,Author_19982,10,518.0,28,3271
1732,Author_01732,10,517.0,18,3272
7513,Author_07513,10,517.0,28,3273
4736,Author_04736,10,516.0,37,3274
13803,Author_13803,10,516.0,17,3275
29493,Author_29493,10,516.0,25,3276
2933,Author_02933,10,515.0,26,3277
10624,Author_10624,10,514.0,12,3278
27482,Author_27482,10,514.0,26,3279
15155,Author_15155,10,513.0,22,3280
6887,Author_06887,10,512.0,16,3281
8989,Author_08989,10,512.0,21,3282
15822,Author_15822,10,511.0,25,3283
1946,Author_01946,10,510.0,23,3284
11234,Author_11234,10,510.0,21,3285
5553,Author_05553,10,508.0,18,3286
8240,Author_08240,10,508.0,15,3287
12684,Author_12684,10,508.0,24,3288
23557,Author_23557,10,508.0,25,3289
5879,Author_05879,10,507.0,22,3290
22550,Author_22550,10,507.0,33,3291
520,Author_00520,10,506.0,23,3292
15682,Author_15682,10,506.0,27,3293
16487,Author_16487,10,505.0,25,3294
17728,Author_17728,10,504.0,19,3295
8530,Author_08530,10,503.0,27,3296
12548,Author_12548,10,502.0,36,3297
23835,Author_23835,10,502.0,25,3298
23983,Author_23983,10,502.0,13,3299
28836,Author_28836,10,502.0,18,3300
8179,Author_08179,10,501.0,30,3301
9938,Author_09938,10,501.0,23,3302
21842,Author_21842,10,500.0,24,3303
6305,Author_06305,10,498.0,16,3304
23269,Author_23269,10,498.0,27,3305
13132,Author_13132,10,496.0,21,3306
13686,Author_13686,10,496.0,22,3307
10067,Author_10067,10,495.0,28,3308
12868,Author_12868,10,495.0,23,3309
22082,Author_22082,10,495.0,30,3310
28182,Author_28182,10,495.0,14,3311
7988,Author_07988,10,494.0,13,3312
4848,Author_04848,10,493.0,25,3313
1025,Author_01025,10,492.0,20,3314
24983,Author_24983,10,492.0,21,3315
10641,Author_10641,10,491.0,21,3316
22720,Author_22720,10,490.0,32,3317
18558,Author_18558,10,489.0,24,3318
24699,Author_24699,10,489.0,26,3319
19625,Author_19625,10,488.0,25,3320
24971,Author_24971,10,487.0,27,3321
3361,Author_03361,10,486.0,24,3322
4591,Author_04591,10,486.0,29,3323
6417,Author_06417,10,486.0,19,3324
18108,Author_18108,10,486.0,26,3325
5252,Author_05252,10,485.0,29,3326
5356,Author_05356,10,484.0,22,3327
27862,Author_27862,10,484.0,20,3328
23879,Author_23879,10,483.0,31,3329
17210,Author_17210,10,482.0,22,3330
21418,Author_21418,10,482.0,23,3331
26875,Author_26875,10,482.0,22,3332
18951,Author_18951,10,480.0,25,3333
3395,Author_03395,10,479.0,31,3334
9646,Author_09646,10,479.0,25,3335
13341,Author_13341,10,479.0,42,3336
4292,Author_04292,10,478.0,27,3337
11662,Author_11662,10,478.0,17,3338
4159,Author_04159,10,477.0,26,3339
5707,Author_05707,10,477.0,25,3340
7931,Author_07931,10,477.0,18,3341
9992,Author_09992,10,477.0,20,3342
3303,Author_03303,10,476.0,21,3343
4057,Author_04057,10,476.0,26,3344
10303,Author_10303,10,476.0,26,3345
2487,Author_02487,10,475.0,22,3346
11467,Author_11467,10,475.0,22,3347
17547,Author_17547,10,475.0,16,3348
23255,Author_23255,10,475.0,41,3349
20876,Author_20876,10,474.0,21,3350
22224,Author_22224,10,474.0,22,3351
12721,Author_12721,10,473.0,21,3352
16214,Author_16214,10,473.0,35,3353
19539,Author_19539,10,473.0,30,3354
20059,Author_20059,10,473.0,21,3355
28325,Author_28325,10,473.0,20,3356
19013,Author_19013,10,472.0,24,3357
21746,Author_21746,10,472.0,25,3358
15648,Author_15648,10,471.0,26,3359
22916,Author_22916,10,471.0,17,3360
5956,Author_05956,10,470.0,30,3361
11608,Author_11608,10,470.0,31,3362
29368,Author_29368,10,470.0,32,3363
21383,Author_21383,10,469.0,20,3364
7335,Author_07335,10,468.0,25,3365
6054,Author_06054,10,466.0,21,3366
8736,Author_08736,10,466.0,11,3367
12762,Author_12762,10,465.0,27,3368
6840,Author_06840,10,464.0,20,3369
9907,Author_09907,10,464.0,17,3370
10153,Author_10153,10,463.0,16,3371
12177,Author_12177,10,463.0,17,3372
24502,Author_24502,10,463.0,29,3373
25334,Author_25334,10,463.0,20,3374
80,Author_00080,10,462.0,24,3375
342,Author_00342,10,462.0,23,3376
5419,Author_05419,10,462.0,20,3377
12387,Author_12387,10,461.0,22,3378
15337,Author_15337,10,460.0,31,3379
8292,Author_08292,10,459.0,20,3380
22123,Author_22123,10,459.0,34,3381
29015,Author_29015,10,459.0,24,3382
17048,Author_17048,10,458.0,24,3383
20224,Author_20224,10,458.0,19,3384
3919,Author_03919,10,457.0,25,3385
4522,Author_04522,10,457.0,21,3386
6531,Author_06531,10,457.0,25,3387
18784,Author_18784,10,457.0,18,3388
22105,Author_22105,10,457.0,13,3389
19445,Author_19445,10,456.0,40,3390
20328,Author_20328,10,456.0,25,3391
20107,Author_20107,10,455.0,29,3392
24498,Author_24498,10,455.0,16,3393
25598,Author_25598,10,455.0,18,3394
22993,Author_22993,10,454.0,19,3395
5251,Author_05251,10,453.0,26,3396
19121,Author_19121,10,453.0,18,3397
11207,Author_11207,10,452.0,19,3398
22546,Author_22546,10,452.0,29,3399
2894,Author_02894,10,450.0,36,3400
5286,Author_05286,10,450.0,21,3401
23099,Author_23099,10,450.0,22,3402
28745,Author_28745,10,450.0,25,3403
27125,Author_27125,10,449.0,18,3404
12821,Author_12821,10,448.0,22,3405
20846,Author_20846,10,448.0,14,3406
21628,Author_21628,10,448.0,19,3407
26973,Author_26973,10,448.0,24,3408
9374,Author_09374,10,447.0,28,3409
12043,Author_12043,10,447.0,25,3410
19096,Author_19096,10,447.0,30,3411
19905,Author_19905,10,447.0,23,3412
24805,Author_24805,10,447.0,15,3413
26190,Author_26190,10,447.0,26,3414
4795,Author_04795,10,446.0,17,3415
22556,Author_22556,10,446.0,24,3416
9489,Author_09489,10,445.0,24,3417
25992,Author_25992,10,445.0,27,3418
737,Author_00737,10,444.0,21,3419
23470,Author_23470,10,444.0,22,3420
19217,Author_19217,10,443.0,19,3421
19441,Author_19441,10,443.0,29,3422
28181,Author_28181,10,443.0,20,3423
8,Author_00008,10,442.0,26,3424
389,Author_00389,10,442.0,27,3425
21251,Author_21251,10,442.0,19,3426
23541,Author_23541,10,442.0,36,3427
1734,Author_01734,10,441.0,31,3428
11334,Author_11334,10,441.0,25,3429
17058,Author_17058,10,441.0,28,3430
23967,Author_23967,10,441.0,14,3431
29857,Author_29857,10,441.0,42,3432
814,Author_00814,10,440.0,22,3433
6583,Author_06583,10,440.0,24,3434
9247,Author_09247,10,440.0,28,3435
17884,Author_17884,10,440.0,33,3436
27113,Author_27113,10,440.0,26,3437
3897,Author_03897,10,439.0,21,3438
25580,Author_25580,10,439.0,31,3439
1226,Author_01226,10,438.0,20,3440
4102,Author_04102,10,438.0,26,3441
5076,Author_05076,10,438.0,21,3442
8308,Author_08308,10,438.0,17,3443
13250,Author_13250,10,438.0,28,3444
25267,Author_25267,10,438.0,23,3445
8904,Author_08904,10,437.0,26,3446
18641,Author_18641,10,437.0,24,3447
18564,Author_18564,10,436.0,29,3448
22977,Author_22977,10,436.0,25,3449
25107,Author_25107,10,436.0,19,3450
27969,Author_27969,10,436.0,18,3451
7498,Author_07498,10,435.0,22,3452
20471,Author_20471,10,435.0,17,3453
22806,Author_22806,10,434.0,22,3454
26747,Author_26747,10,434.0,22,3455
27858,Author_27858,10,434.0,20,3456
15826,Author_15826,10,433.0,20,3457
16500,Author_16500,10,433.0,17,3458
18016,Author_18016,10,433.0,26,3459
22494,Author_22494,10,433.0,25,3460
27055,Author_27055,10,433.0,33,3461
4556,Author_04556,10,432.0,20,3462
5122,Author_05122,10,432.0,14,3463
7830,Author_07830,10,432.0,19,3464
8594,Author_08594,10,432.0,21,3465
14642,Author_14642,10,432.0,26,3466
19348,Author_19348,10,432.0,31,3467
23757,Author_23757,10,431.0,31,3468
28056,Author_28056,10,431.0,29,3469
22616,Author_22616,10,430.0,21,3470
25920,Author_25920,10,430.0,19,3471
15036,Author_15036,10,429.0,21,3472
24016,Author_24016,10,429.0,14,3473
9996,Author_09996,10,427.0,34,3474
10372,Author_10372,10,427.0,19,3475
14060,Author_14060,10,427.0,26,3476
20880,Author_20880,10,427.0,23,3477
22108,Author_22108,10,427.0,18,3478
1823,Author_01823,10,425.0,22,3479
20627,Author_20627,10,425.0,22,3480
24035,Author_24035,10,425.0,26,3481
26470,Author_26470,10,425.0,22,3482
1941,Author_01941,10,424.0,25,3483
4790,Author_04790,10,424.0,23,3484
16710,Author_16710,10,424.0,21,3485
20416,Author_20416,10,424.0,18,3486
22020,Author_22020,10,424.0,25,3487
20251,Author_20251,10,423.0,28,3488
22293,Author_22293,10,423.0,25,3489
829,Author_00829,10,422.0,21,3490
16459,Author_16459,10,422.0,19,3491
22477,Author_22477,10,422.0,19,3492
23860,Author_23860,10,422.0,13,3493
4390,Author_04390,10,421.0,30,3494
4394,Author_04394,10,421.0,24,3495
9307,Author_09307,10,420.0,25,3496
21816,Author_21816,10,420.0,16,3497
28449,Author_28449,10,420.0,20,3498
10901,Author_10901,10,419.0,32,3499
16401,Author_16401,10,419.0,23,3500
17724,Author_17724,10,419.0,20,3501
26948,Author_26948,10,419.0,23,3502
29146,Author_29146,10,418.0,16,3503
991,Author_00991,10,417.0,26,3504
14505,Author_14505,10,417.0,17,3505
18437,Author_18437,10,417.0,18,3506
19957,Author_19957,10,417.0,22,3507
25978,Author_25978,10,417.0,18,3508
3147,Author_03147,10,416.0,20,3509
9478,Author_09478,10,416.0,32,3510
17856,Author_17856,10,415.0,20,3511
833,Author_00833,10,414.0,15,3512
926,Author_00926,10,414.0,23,3513
13764,Author_13764,10,414.0,24,3514
13777,Author_13777,10,414.0,22,3515
16876,Author_16876,10,414.0,21,3516
17371,Author_17371,10,414.0,26,3517
20290,Author_20290,10,414.0,21,3518
24114,Author_24114,10,414.0,30,3519
27530,Author_27530,10,414.0,26,3520
11310,Author_11310,10,413.0,33,3521
18873,Author_18873,10,413.0,28,3522
29193,Author_29193,10,413.0,27,3523
20947,Author_20947,10,412.0,31,3524
23180,Author_23180,10,412.0,27,3525
27679,Author_27679,10,412.0,32,3526
29829,Author_29829,10,412.0,28,3527
1461,Author_01461,10,411.0,31,3528
6587,Author_06587,10,411.0,33,3529
14533,Author_14533,10,411.0,20,3530
17759,Author_17759,10,411.0,20,3531
29502,Author_29502,10,411.0,27,3532
2441,Author_02441,10,410.0,22,3533
15699,Author_15699,10,410.0,26,3534
19289,Author_19289,10,410.0,34,3535
7574,Author_07574,10,409.0,24,3536
6383,Author_06383,10,408.0,22,3537
10878,Author_10878,10,408.0,16,3538
16169,Author_16169,10,408.0,18,3539
20389,Author_20389,10,408.0,31,3540
28841,Author_28841,10,408.0,20,3541
1760,Author_01760,10,407.0,19,3542
7448,Author_07448,10,407.0,24,3543
9274,Author_09274,10,407.0,25,3544
11090,Author_11090,10,407.0,19,3545
18118,Author_18118,10,407.0,23,3546
3013,Author_03013,10,406.0,21,3547
7152,Author_07152,10,406.0,24,3548
11931,Author_11931,10,406.0,17,3549
12170,Author_12170,10,406.0,27,3550
13229,Author_13229,10,406.0,19,3551
1275,Author_01275,10,405.0,22,3552
5805,Author_05805,10,405.0,20,3553
3348,Author_03348,10,404.0,26,3554
11995,Author_11995,10,404.0,25,3555
3046,Author_03046,10,403.0,24,3556
5675,Author_05675,10,403.0,21,3557
15306,Author_15306,10,403.0,20,3558
23293,Author_23293,10,403.0,20,3559
26652,Author_26652,10,403.0,30,3560
1565,Author_01565,10,402.0,34,3561
7720,Author_07720,10,402.0,32,3562
12979,Author_12979,10,402.0,19,3563
16297,Author_16297,10,402.0,33,3564
23905,Author_23905,10,402.0,23,3565
6047,Author_06047,10,401.0,31,3566
14208,Author_14208,10,400.0,34,3567
12754,Author_12754,10,399.0,21,3568
25330,Author_25330,10,399.0,17,3569
14896,Author_14896,10,398.0,22,3570
28701,Author_28701,10,397.0,25,3571
2724,Author_02724,10,396.0,29,3572
3557,Author_03557,10,396.0,15,3573
9741,Author_09741,10,396.0,24,3574
6299,Author_06299,10,395.0,27,3575
11682,Author_11682,10,395.0,21,3576
17358,Author_17358,10,395.0,21,3577
19283,Author_19283,10,395.0,20,3578
24046,Author_24046,10,395.0,30,3579
5608,Author_05608,10,394.0,18,3580
18317,Author_18317,10,394.0,27,3581
28311,Author_28311,10,394.0,25,3582
29234,Author_29234,10,394.0,25,3583
10165,Author_10165,10,393.0,15,3584
23159,Author_23159,10,393.0,30,3585
23431,Author_23431,10,393.0,38,3586
10093,Author_10093,10,392.0,36,3587
18730,Author_18730,10,392.0,29,3588
13813,Author_13813,10,391.0,16,3589
18163,Author_18163,10,391.0,17,3590
21539,Author_21539,10,390.0,22,3591
1024,Author_01024,10,389.0,32,3592
7906,Author_07906,10,389.0,23,3593
12628,Author_12628,10,389.0,30,3594
13609,Author_13609,10,389.0,18,3595
16400,Author_16400,10,389.0,13,3596
22765,Author_22765,10,389.0,21,3597
1593,Author_01593,10,388.0,27,3598
14527,Author_14527,10,388.0,34,3599
16675,Author_16675,10,388.0,28,3600
22951,Author_22951,10,388.0,19,3601
28274,Author_28274,10,388.0,24,3602
7092,Author_07092,10,387.0,14,3603
8041,Author_08041,10,386.0,22,3604
26698,Author_26698,10,386.0,33,3605
3666,Author_03666,10,385.0,26,3606
29175,Author_29175,10,385.0,30,3607
1060,Author_01060,10,384.0,27,3608
5955,Author_05955,10,384.0,24,3609
10571,Author_10571,10,384.0,21,3610
22325,Author_22325,10,384.0,30,3611
24640,Author_24640,10,384.0,21,3612
27806,Author_27806,10,384.0,17,3613
4471,Author_04471,10,383.0,17,3614
6135,Author_06135,10,383.0,18,3615
10578,Author_10578,10,383.0,27,3616
1819,Author_01819,10,382.0,20,3617
23523,Author_23523,10,382.0,24,3618
24956,Author_24956,10,382.0,16,3619
5481,Author_05481,10,381.0,20,3620
6020,Author_06020,10,381.0,19,3621
11859,Author_11859,10,381.0,20,3622
22645,Author_22645,10,381.0,34,3623
5074,Author_05074,10,380.0,21,3624
6277,Author_06277,10,380.0,26,3625
9067,Author_09067,10,380.0,17,3626
9972,Author_09972,10,380.0,29,3627
14164,Author_14164,10,379.0,24,3628
14704,Author_14704,10,379.0,17,3629
16463,Author_16463,10,379.0,24,3630
13148,Author_13148,10,378.0,29,3631
16724,Author_16724,10,378.0,21,3632
18030,Author_18030,10,378.0,22,3633
18450,Author_18450,10,378.0,30,3634
19056,Author_19056,10,378.0,16,3635
24304,Author_24304,10,378.0,28,3636
26489,Author_26489,10,378.0,24,3637
26491,Author_26491,10,378.0,25,3638
10,Author_00010,10,377.0,33,3639
14,Author_00014,10,377.0,20,3640
8544,Author_08544,10,377.0,20,3641
12193,Author_12193,10,377.0,23,3642
22245,Author_22245,10,377.0,25,3643
6809,Author_06809,10,376.0,16,3644
22399,Author_22399,10,376.0,32,3645
11823,Author_11823,10,375.0,29,3646
9858,Author_09858,10,374.0,19,3647
18809,Author_18809,10,374.0,33,3648
18943,Author_18943,10,374.0,24,3649
3503,Author_03503,10,373.0,39,3650
3940,Author_03940,10,373.0,23,3651
12060,Author_12060,10,373.0,29,3652
28292,Author_28292,10,373.0,17,3653
3057,Author_03057,10,372.0,27,3654
7809,Author_07809,10,372.0,22,3655
13262,Author_13262,10,372.0,16,3656
19516,Author_19516,10,372.0,17,3657
21489,Author_21489,10,372.0,21,3658
29699,Author_29699,10,372.0,15,3659
15115,Author_15115,10,371.0,25,3660
21425,Author_21425,10,371.0,33,3661
24466,Author_24466,10,371.0,22,3662
24904,Author_24904,10,371.0,25,3663
29729,Author_29729,10,371.0,19,3664
7697,Author_07697,10,370.0,22,3665
8072,Author_08072,10,370.0,26,3666
8073,Author_08073,10,370.0,26,3667
21555,Author_21555,10,370.0,30,3668
22155,Author_22155,10,370.0,23,3669
6801,Author_06801,10,369.0,21,3670
19147,Author_19147,10,369.0,29,3671
128,Author_00128,10,368.0,25,3672
3239,Author_03239,10,368.0,28,3673
11648,Author_11648,10,368.0,18,3674
15884,Author_15884,10,368.0,29,3675
23987,Author_23987,10,368.0,22,3676
28921,Author_28921,10,368.0,18,3677
6506,Author_06506,10,367.0,26,3678
10570,Author_10570,10,367.0,26,3679
11457,Author_11457,10,367.0,23,3680
11788,Author_11788,10,367.0,29,3681
18979,Author_18979,10,367.0,23,3682
8059,Author_08059,10,366.0,22,3683
20218,Author_20218,10,366.0,22,3684
24312,Author_24312,10,366.0,24,3685
15323,Author_15323,10,365.0,21,3686
16339,Author_16339,10,365.0,22,3687
18177,Author_18177,10,364.0,19,3688
20443,Author_20443,10,364.0,20,3689
971,Author_00971,10,363.0,31,3690
2520,Author_02520,10,363.0,21,3691
17232,Author_17232,10,363.0,20,3692
8241,Author_08241,10,362.0,28,3693
10200,Author_10200,10,362.0,21,3694
16225,Author_16225,10,362.0,17,3695
17044,Author_17044,10,362.0,25,3696
17889,Author_17889,10,362.0,21,3697
18024,Author_18024,10,362.0,17,3698
19352,Author_19352,10,362.0,25,3699
26653,Author_26653,10,362.0,27,3700
1366,Author_01366,10,361.0,29,3701
11102,Author_11102,10,361.0,25,3702
12612,Author_12612,10,361.0,22,3703
23858,Author_23858,10,361.0,27,3704
27996,Author_27996,10,361.0,20,3705
7713,Author_07713,10,360.0,31,3706
10635,Author_10635,10,360.0,31,3707
12079,Author_12079,10,360.0,14,3708
22411,Author_22411,10,360.0,19,3709
24946,Author_24946,10,360.0,33,3710
25747,Author_25747,10,360.0,22,3711
3179,Author_03179,10,359.0,16,3712
4011,Author_04011,10,359.0,27,3713
7651,Author_07651,10,359.0,39,3714
16603,Author_16603,10,359.0,23,3715
7800,Author_07800,10,358.0,19,3716
13507,Author_13507,10,358.0,16,3717
16856,Author_16856,10,358.0,29,3718
18645,Author_18645,10,358.0,25,3719
20508,Author_20508,10,358.0,19,3720
26759,Author_26759,10,358.0,14,3721
28601,Author_28601,10,358.0,17,3722
9872,Author_09872,10,357.0,19,3723
20899,Author_20899,10,357.0,43,3724
182,Author_00182,10,356.0,23,3725
6051,Author_06051,10,356.0,32,3726
6400,Author_06400,10,356.0,26,3727
20406,Author_20406,10,356.0,18,3728
26762,Author_26762,10,356.0,30,3729
4297,Author_04297,10,355.0,26,3730
18685,Author_18685,10,355.0,22,3731
25255,Author_25255,10,355.0,26,3732
25995,Author_25995,10,355.0,16,3733
7761,Author_07761,10,354.0,23,3734
12115,Author_12115,10,354.0,23,3735
23110,Author_23110,10,354.0,28,3736
24152,Author_24152,10,354.0,22,3737
25586,Author_25586,10,354.0,23,3738
662,Author_00662,10,353.0,23,3739
3146,Author_03146,10,353.0,22,3740
28271,Author_28271,10,353.0,20,3741
9735,Author_09735,10,352.0,25,3742
14677,Author_14677,10,352.0,20,3743
532,Author_00532,10,351.0,35,3744
1041,Author_01041,10,351.0,27,3745
5631,Author_05631,10,351.0,29,3746
27032,Author_27032,10,351.0,17,3747
23064,Author_23064,10,350.0,18,3748
1837,Author_01837,10,349.0,21,3749
3741,Author_03741,10,349.0,26,3750
11290,Author_11290,10,349.0,31,3751
16544,Author_16544,10,349.0,25,3752
18842,Author_18842,10,349.0,25,3753
25130,Author_25130,10,349.0,23,3754
28627,Author_28627,10,349.0,19,3755
8729,Author_08729,10,348.0,18,3756
17293,Author_17293,10,348.0,31,3757
23954,Author_23954,10,348.0,14,3758
4844,Author_04844,10,347.0,25,3759
9729,Author_09729,10,347.0,26,3760
11057,Author_11057,10,347.0,23,3761
11133,Author_11133,10,347.0,24,3762
13232,Author_13232,10,347.0,20,3763
15784,Author_15784,10,347.0,15,3764
17041,Author_17041,10,347.0,20,3765
23084,Author_23084,10,347.0,17,3766
180,Author_00180,10,346.0,21,3767
9669,Author_09669,10,346.0,33,3768
20493,Author_20493,10,346.0,29,3769
22541,Author_22541,10,346.0,19,3770
25631,Author_25631,10,346.0,26,3771
26724,Author_26724,10,346.0,36,3772
593,Author_00593,10,345.0,23,3773
4393,Author_04393,10,345.0,16,3774
4427,Author_04427,10,345.0,20,3775
7990,Author_07990,10,344.0,24,3776
8992,Author_08992,10,344.0,22,3777
14111,Author_14111,10,344.0,24,3778
26211,Author_26211,10,344.0,26,3779
29340,Author_29340,10,344.0,22,3780
7,Author_00007,10,343.0,23,3781
1251,Author_01251,10,343.0,21,3782
16646,Author_16646,10,343.0,17,3783
18397,Author_18397,10,343.0,22,3784
18574,Author_18574,10,343.0,15,3785
23732,Author_23732,10,343.0,22,3786
3904,Author_03904,10,342.0,18,3787
8253,Author_08253,10,342.0,21,3788
9256,Author_09256,10,342.0,27,3789
15930,Author_15930,10,342.0,16,3790
18001,Author_18001,10,342.0,23,3791
19591,Author_19591,10,342.0,20,3792
24419,Author_24419,10,342.0,27,3793
93,Author_00093,10,341.0,22,3794
2970,Author_02970,10,341.0,16,3795
11554,Author_11554,10,341.0,19,3796
16696,Author_16696,10,341.0,20,3797
18728,Author_18728,10,341.0,17,3798
11003,Author_11003,10,340.0,27,3799
26254,Author_26254,10,340.0,22,3800
1950,Author_01950,10,339.0,20,3801
10523,Author_10523,10,339.0,31,3802
20773,Author_20773,10,339.0,14,3803
21756,Author_21756,10,339.0,23,3804
22769,Author_22769,10,339.0,21,3805
23777,Author_23777,10,339.0,18,3806
24851,Author_24851,10,339.0,21,3807
11717,Author_11717,10,338.0,25,3808
13014,Author_13014,10,338.0,23,3809
15046,Author_15046,10,338.0,25,3810
17203,Author_17203,10,338.0,16,3811
22220,Author_22220,10,338.0,17,3812
22407,Author_22407,10,338.0,23,3813
25142,Author_25142,10,338.0,22,3814
25166,Author_25166,10,338.0,20,3815
25393,Author_25393,10,338.0,21,3816
25513,Author_25513,10,338.0,25,3817
29896,Author_29896,10,338.0,19,3818
29926,Author_29926,10,338.0,22,3819
6471,Author_06471,10,337.0,21,3820
7799,Author_07799,10,337.0,22,3821
20893,Author_20893,10,337.0,17,3822
22672,Author_22672,10,337.0,23,3823
26026,Author_26026,10,337.0,22,3824
13128,Author_13128,10,336.0,21,3825
15141,Author_15141,10,336.0,21,3826
15443,Author_15443,10,336.0,26,3827
19292,Author_19292,10,336.0,30,3828
8550,Author_08550,10,335.0,31,3829
26081,Author_26081,10,335.0,19,3830
28814,Author_28814,10,335.0,26,3831
2410,Author_02410,10,334.0,20,3832
7630,Author_07630,10,334.0,24,3833
13835,Author_13835,10,334.0,35,3834
14147,Author_14147,10,334.0,30,3835
18091,Author_18091,10,334.0,30,3836
4531,Author_04531,10,333.0,27,3837
6389,Author_06389,10,333.0,25,3838
11307,Author_11307,10,333.0,24,3839
19772,Author_19772,10,333.0,22,3840
21196,Author_21196,10,333.0,17,3841
787,Author_00787,10,332.0,24,3842
4391,Author_04391,10,332.0,15,3843
7843,Author_07843,10,332.0,27,3844
7852,Author_07852,10,332.0,33,3845
10043,Author_10043,10,332.0,16,3846
24039,Author_24039,10,332.0,18,3847
1424,Author_01424,10,331.0,22,3848
19449,Author_19449,10,331.0,24,3849
24181,Author_24181,10,331.0,25,3850
24196,Author_24196,10,331.0,25,3851
7016,Author_07016,10,330.0,29,3852
8683,Author_08683,10,330.0,23,3853
9184,Author_09184,10,330.0,24,3854
20529,Author_20529,10,330.0,23,3855
20974,Author_20974,10,330.0,20,3856
21777,Author_21777,10,330.0,32,3857
10952,Author_10952,10,329.0,23,3858
12208,Author_12208,10,329.0,42,3859
22014,Author_22014,10,329.0,23,3860
24900,Author_24900,10,329.0,23,3861
25497,Author_25497,10,329.0,18,3862
26337,Author_26337,10,329.0,25,3863
4255,Author_04255,10,328.0,17,3864
12641,Author_12641,10,328.0,22,3865
12990,Author_12990,10,328.0,24,3866
22623,Author_22623,10,328.0,24,3867
24249,Author_24249,10,328.0,18,3868
24728,Author_24728,10,328.0,18,3869
6060,Author_06060,10,327.0,22,3870
6263,Author_06263,10,327.0,21,3871
8385,Author_08385,10,327.0,16,3872
17027,Author_17027,10,327.0,22,3873
17803,Author_17803,10,327.0,24,3874
20010,Author_20010,10,327.0,27,3875
22984,Author_22984,10,327.0,26,3876
851,Author_00851,10,326.0,33,3877
17925,Author_17925,10,326.0,12,3878
18106,Author_18106,10,326.0,17,3879
21940,Author_21940,10,326.0,29,3880
22830,Author_22830,10,326.0,28,3881
1901,Author_01901,10,325.0,28,3882
16170,Author_16170,10,325.0,20,3883
5983,Author_05983,10,324.0,28,3884
13280,Author_13280,10,324.0,20,3885
16294,Author_16294,10,324.0,28,3886
16425,Author_16425,10,324.0,20,3887
18724,Author_18724,10,324.0,24,3888
18758,Author_18758,10,324.0,18,3889
19940,Author_19940,10,324.0,24,3890
21983,Author_21983,10,324.0,22,3891
27486,Author_27486,10,324.0,23,3892
27560,Author_27560,10,324.0,14,3893
29028,Author_29028,10,324.0,28,3894
401,Author_00401,10,323.0,16,3895
15034,Author_15034,10,323.0,24,3896
16367,Author_16367,10,323.0,24,3897
16448,Author_16448,10,323.0,24,3898
22017,Author_22017,10,323.0,35,3899
25219,Author_25219,10,323.0,27,3900
3639,Author_03639,10,322.0,26,3901
7834,Author_07834,10,322.0,29,3902
7983,Author_07983,10,322.0,27,3903
12715,Author_12715,10,322.0,16,3904
13653,Author_13653,10,322.0,29,3905
17713,Author_17713,10,322.0,34,3906
22170,Author_22170,10,322.0,27,3907
29261,Author_29261,10,322.0,21,3908
9235,Author_09235,10,321.0,18,3909
10637,Author_10637,10,321.0,15,3910
14996,Author_14996,10,321.0,25,3911
27797,Author_27797,10,321.0,26,3912
10435,Author_10435,10,320.0,17,3913
11944,Author_11944,10,320.0,26,3914
21951,Author_21951,10,320.0,15,3915
25498,Author_25498,10,320.0,20,3916
28165,Author_28165,10,320.0,20,3917
1415,Author_01415,10,319.0,20,3918
3217,Author_03217,10,319.0,27,3919
4502,Author_04502,10,319.0,19,3920
4602,Author_04602,10,319.0,28,3921
16937,Author_16937,10,319.0,23,3922
25910,Author_25910,10,319.0,23,3923
12073,Author_12073,10,318.0,26,3924
15454,Author_15454,10,318.0,13,3925
9573,Author_09573,10,317.0,16,3926
11225,Author_11225,10,317.0,27,3927
19590,Author_19590,10,317.0,27,3928
24073,Author_24073,10,317.0,24,3929
28031,Author_28031,10,317.0,22,3930
3360,Author_03360,10,316.0,20,3931
3700,Author_03700,10,316.0,25,3932
5808,Author_05808,10,316.0,26,3933
12631,Author_12631,10,316.0,31,3934
14345,Author_14345,10,316.0,19,3935
15463,Author_15463,10,316.0,14,3936
20833,Author_20833,10,316.0,28,3937
23357,Author_23357,10,316.0,22,3938
2209,Author_02209,10,315.0,24,3939
6368,Author_06368,10,315.0,32,3940
9765,Author_09765,10,315.0,23,3941
17350,Author_17350,10,315.0,24,3942
25997,Author_25997,10,315.0,25,3943
29113,Author_29113,10,315.0,20,3944
318,Author_00318,10,314.0,19,3945
25029,Author_25029,10,314.0,21,3946
25209,Author_25209,10,314.0,26,3947
29187,Author_29187,10,314.0,31,3948
11635,Author_11635,10,313.0,29,3949
23915,Author_23915,10,313.0,14,3950
1433,Author_01433,10,312.0,24,3951
4729,Author_04729,10,312.0,27,3952
4782,Author_04782,10,312.0,19,3953
16188,Author_16188,10,312.0,24,3954
16875,Author_16875,10,312.0,18,3955
20777,Author_20777,10,312.0,22,3956
21657,Author_21657,10,312.0,20,3957
24940,Author_24940,10,312.0,19,3958
12467,Author_12467,10,311.0,17,3959
17982,Author_17982,10,311.0,21,3960
18461,Author_18461,10,311.0,28,3961
18799,Author_18799,10,311.0,24,3962
22099,Author_22099,10,311.0,23,3963
8152,Author_08152,10,310.0,15,3964
24124,Author_24124,10,310.0,30,3965
8132,Author_08132,10,309.0,18,3966
10489,Author_10489,10,309.0,31,3967
15214,Author_15214,10,309.0,24,3968
6691,Author_06691,10,308.0,30,3969
9201,Author_09201,10,308.0,25,3970
12526,Author_12526,10,308.0,21,3971
12930,Author_12930,10,308.0,18,3972
15517,Author_15517,10,308.0,28,3973
22802,Author_22802,10,308.0,28,3974
24316,Author_24316,10,308.0,20,3975
28911,Author_28911,10,308.0,22,3976
3270,Author_03270,10,307.0,21,3977
4596,Author_04596,10,307.0,21,3978
19365,Author_19365,10,307.0,21,3979
26600,Author_26600,10,307.0,22,3980
29465,Author_29465,10,307.0,23,3981
756,Author_00756,10,306.0,22,3982
812,Author_00812,10,306.0,19,3983
9514,Author_09514,10,306.0,20,3984
16546,Author_16546,10,306.0,25,3985
19368,Author_19368,10,306.0,15,3986
23342,Author_23342,10,306.0,24,3987
23377,Author_23377,10,306.0,18,3988
23843,Author_23843,10,306.0,22,3989
229,Author_00229,10,305.0,25,3990
5683,Author_05683,10,305.0,22,3991
10602,Author_10602,10,305.0,20,3992
14459,Author_14459,10,305.0,17,3993
27694,Author_27694,10,305.0,17,3994
29879,Author_29879,10,305.0,21,3995
941,Author_00941,10,304.0,18,3996
1704,Author_01704,10,304.0,24,3997
9233,Author_09233,10,304.0,20,3998
22476,Author_22476,10,304.0,22,3999
25136,Author_25136,10,304.0,18,4000
1668,Author_01668,10,303.0,28,4001
3469,Author_03469,10,303.0,25,4002
6826,Author_06826,10,303.0,17,4003
9084,Author_09084,10,303.0,19,4004
17277,Author_17277,10,303.0,20,4005
21528,Author_21528,10,303.0,20,4006
22870,Author_22870,10,303.0,20,4007
26880,Author_26880,10,303.0,19,4008
24,Author_00024,10,302.0,28,4009
6633,Author_06633,10,302.0,30,4010
7782,Author_07782,10,302.0,26,4011
10420,Author_10420,10,302.0,22,4012
11227,Author_11227,10,302.0,29,4013
13290,Author_13290,10,302.0,26,4014
22788,Author_22788,10,302.0,25,4015
26669,Author_26669,10,302.0,21,4016
10079,Author_10079,10,301.0,25,4017
24397,Author_24397,10,301.0,19,4018
28714,Author_28714,10,301.0,29,4019
1335,Author_01335,10,300.0,25,4020
2966,Author_02966,10,300.0,27,4021
5720,Author_05720,10,300.0,22,4022
7913,Author_07913,10,300.0,17,4023
9155,Author_09155,10,300.0,31,4024
13257,Author_13257,10,300.0,19,4025
8709,Author_08709,10,299.0,28,4026
8895,Author_08895,10,299.0,22,4027
14140,Author_14140,10,299.0,12,4028
22096,Author_22096,10,299.0,32,4029
7276,Author_07276,10,298.0,26,4030
9162,Author_09162,10,298.0,23,4031
12928,Author_12928,10,298.0,19,4032
15986,Author_15986,10,298.0,19,4033
17918,Author_17918,10,298.0,25,4034
6827,Author_06827,10,297.0,28,4035
8492,Author_08492,10,297.0,23,4036
11296,Author_11296,10,297.0,16,4037
14071,Author_14071,10,297.0,28,4038
16281,Author_16281,10,297.0,20,4039
24123,Author_24123,10,297.0,13,4040
2529,Author_02529,10,296.0,28,4041
14914,Author_14914,10,296.0,17,4042
25823,Author_25823,10,296.0,16,4043
27945,Author_27945,10,296.0,22,4044
29080,Author_29080,10,296.0,18,4045
7319,Author_07319,10,295.0,22,4046
11012,Author_11012,10,295.0,22,4047
19514,Author_19514,10,295.0,13,4048
4258,Author_04258,10,294.0,24,4049
6141,Author_06141,10,294.0,26,4050
8246,Author_08246,10,294.0,23,4051
9203,Author_09203,10,294.0,24,4052
14516,Author_14516,10,294.0,26,4053
16233,Author_16233,10,294.0,20,4054
22883,Author_22883,10,294.0,26,4055
1113,Author_01113,10,293.0,20,4056
7654,Author_07654,10,293.0,14,4057
16005,Author_16005,10,293.0,17,4058
25167,Author_25167,10,293.0,20,4059
25772,Author_25772,10,293.0,20,4060
21341,Author_21341,10,292.0,23,4061
22128,Author_22128,10,292.0,19,4062
27928,Author_27928,10,292.0,23,4063
7218,Author_07218,10,291.0,26,4064
9375,Author_09375,10,291.0,25,4065
24545,Author_24545,10,291.0,29,4066
4007,Author_04007,10,290.0,25,4067
10986,Author_10986,10,290.0,18,4068
14187,Author_14187,10,290.0,32,4069
22090,Author_22090,10,290.0,18,4070
1379,Author_01379,10,289.0,33,4071
16317,Author_16317,10,289.0,20,4072
23582,Author_23582,10,289.0,25,4073
29094,Author_29094,10,289.0,21,4074
2592,Author_02592,10,288.0,28,4075
11109,Author_11109,10,288.0,20,4076
11626,Author_11626,10,288.0,21,4077
26217,Author_26217,10,287.0,22,4078
11649,Author_11649,10,286.0,24,4079
12434,Author_12434,10,286.0,17,4080
641,Author_00641,10,285.0,23,4081
6879,Author_06879,10,285.0,25,4082
17128,Author_17128,10,285.0,19,4083
19723,Author_19723,10,285.0,13,4084
20283,Author_20283,10,285.0,13,4085
3948,Author_03948,10,284.0,20,4086
10320,Author_10320,10,284.0,20,4087
18820,Author_18820,10,284.0,25,4088
24703,Author_24703,10,284.0,29,4089
10862,Author_10862,10,283.0,35,4090
14926,Author_14926,10,283.0,16,4091
21651,Author_21651,10,283.0,19,4092
23262,Author_23262,10,283.0,25,4093
28914,Author_28914,10,283.0,27,4094
28942,Author_28942,10,283.0,19,4095
1935,Author_01935,10,282.0,19,4096
2666,Author_02666,10,282.0,17,4097
4342,Author_04342,10,282.0,25,4098
5480,Author_05480,10,282.0,22,4099
8341,Author_08341,10,282.0,20,4100
8424,Author_08424,10,282.0,22,4101
13664,Author_13664,10,282.0,25,4102
16903,Author_16903,10,282.0,28,4103
27336,Author_27336,10,282.0,22,4104
1305,Author_01305,10,281.0,21,4105
43,Author_00043,10,280.0,27,4106
2675,Author_02675,10,280.0,29,4107
4906,Author_04906,10,280.0,23,4108
5160,Author_05160,10,280.0,19,4109
17459,Author_17459,10,280.0,23,4110
18074,Author_18074,10,280.0,15,4111
25243,Author_25243,10,280.0,23,4112
28060,Author_28060,10,280.0,14,4113
28790,Author_28790,10,280.0,22,4114
1763,Author_01763,10,279.0,29,4115
1237,Author_01237,10,278.0,22,4116
3971,Author_03971,10,278.0,25,4117
6482,Author_06482,10,278.0,22,4118
9391,Author_09391,10,278.0,20,4119
9886,Author_09886,10,278.0,19,4120
11489,Author_11489,10,278.0,14,4121
28070,Author_28070,10,278.0,22,4122
10541,Author_10541,10,277.0,26,4123
12996,Author_12996,10,277.0,24,4124
23042,Author_23042,10,277.0,22,4125
26564,Author_26564,10,277.0,25,4126
10994,Author_10994,10,276.0,19,4127
21553,Author_21553,10,276.0,18,4128
7435,Author_07435,10,275.0,27,4129
18597,Author_18597,10,275.0,23,4130
21439,Author_21439,10,275.0,19,4131
23726,Author_23726,10,275.0,19,4132
29144,Author_29144,10,275.0,21,4133
29169,Author_29169,10,275.0,18,4134
8144,Author_08144,10,274.0,19,4135
21499,Author_21499,10,274.0,21,4136
24214,Author_24214,10,274.0,24,4137
29774,Author_29774,10,274.0,21,4138
516,Author_00516,10,273.0,24,4139
3408,Author_03408,10,273.0,29,4140
9519,Author_09519,10,273.0,24,4141
15854,Author_15854,10,273.0,22,4142
19456,Author_19456,10,273.0,28,4143
25985,Author_25985,10,273.0,21,4144
1659,Author_01659,10,272.0,20,4145
4527,Author_04527,10,272.0,21,4146
5736,Author_05736,10,272.0,16,4147
7565,Author_07565,10,272.0,12,4148
2081,Author_02081,10,271.0,37,4149
16666,Author_16666,10,271.0,23,4150
10647,Author_10647,10,270.0,21,4151
12627,Author_12627,10,270.0,13,4152
17427,Author_17427,10,270.0,18,4153
27952,Author_27952,10,270.0,14,4154
1399,Author_01399,10,269.0,37,4155
3800,Author_03800,10,269.0,21,4156
18338,Author_18338,10,269.0,17,4157
19974,Author_19974,10,269.0,13,4158
22364,Author_22364,10,269.0,27,4159
29373,Author_29373,10,269.0,16,4160
6222,Author_06222,10,268.0,22,4161
13799,Author_13799,10,268.0,25,4162
20620,Author_20620,10,268.0,18,4163
24413,Author_24413,10,268.0,24,4164
19112,Author_19112,10,266.0,18,4165
5383,Author_05383,10,265.0,15,4166
11872,Author_11872,10,265.0,24,4167
21203,Author_21203,10,265.0,30,4168
24329,Author_24329,10,265.0,21,4169
606,Author_00606,10,264.0,14,4170
6230,Author_06230,10,264.0,17,4171
6708,Author_06708,10,264.0,19,4172
17461,Author_17461,10,264.0,22,4173
26156,Author_26156,10,264.0,20,4174
7840,Author_07840,10,263.0,30,4175
21233,Author_21233,10,263.0,16,4176
29911,Author_29911,10,263.0,13,4177
3083,Author_03083,10,262.0,16,4178
8434,Author_08434,10,262.0,20,4179
17252,Author_17252,10,262.0,27,4180
18116,Author_18116,10,262.0,22,4181
2448,Author_02448,10,261.0,22,4182
3246,Author_03246,10,261.0,22,4183
4262,Author_04262,10,261.0,21,4184
13430,Author_13430,10,261.0,31,4185
20867,Author_20867,10,261.0,21,4186
23866,Author_23866,10,261.0,21,4187
27878,Author_27878,10,261.0,24,4188
27933,Author_27933,10,260.0,24,4189
5073,Author_05073,10,259.0,23,4190
20151,Author_20151,10,259.0,22,4191
23154,Author_23154,10,259.0,28,4192
883,Author_00883,10,258.0,14,4193
20099,Author_20099,10,257.0,25,4194
25516,Author_25516,10,257.0,17,4195
26414,Author_26414,10,257.0,20,4196
16203,Author_16203,10,256.0,19,4197
16299,Author_16299,10,256.0,26,4198
18807,Author_18807,10,256.0,26,4199
6463,Author_06463,10,255.0,21,4200
9100,Author_09100,10,254.0,27,4201
14772,Author_14772,10,254.0,24,4202
4423,Author_04423,10,253.0,17,4203
13534,Author_13534,10,253.0,22,4204
16247,Author_16247,10,253.0,17,4205
19452,Author_19452,10,253.0,23,4206
19766,Author_19766,10,253.0,23,4207
28884,Author_28884,10,253.0,22,4208
8327,Author_08327,10,252.0,20,4209
11644,Author_11644,10,252.0,19,4210
17507,Author_17507,10,252.0,19,4211
22349,Author_22349,10,252.0,15,4212
24787,Author_24787,10,252.0,17,4213
2409,Author_02409,10,251.0,26,4214
5188,Author_05188,10,251.0,13,4215
13367,Author_13367,10,251.0,18,4216
20573,Author_20573,10,251.0,18,4217
11625,Author_11625,10,250.0,21,4218
19290,Author_19290,10,250.0,18,4219
7779,Author_07779,10,249.0,32,4220
26232,Author_26232,10,249.0,20,4221
713,Author_00713,10,248.0,20,4222
2682,Author_02682,10,248.0,22,4223
14416,Author_14416,10,248.0,19,4224
18760,Author_18760,10,248.0,20,4225
22530,Author_22530,10,248.0,24,4226
23545,Author_23545,10,248.0,19,4227
8110,Author_08110,10,247.0,16,4228
13161,Author_13161,10,247.0,19,4229
3206,Author_03206,10,246.0,21,4230
11653,Author_11653,10,246.0,20,4231
17686,Author_17686,10,246.0,23,4232
9909,Author_09909,10,245.0,22,4233
22456,Author_22456,10,245.0,28,4234
28319,Author_28319,10,245.0,22,4235
13771,Author_13771,10,244.0,18,4236
20551,Author_20551,10,244.0,24,4237
13898,Author_13898,10,243.0,28,4238
23246,Author_23246,10,243.0,23,4239
24019,Author_24019,10,243.0,20,4240
7037,Author_07037,10,242.0,18,4241
16090,Author_16090,10,242.0,20,4242
22928,Author_22928,10,242.0,14,4243
14691,Author_14691,10,241.0,17,4244
25692,Author_25692,10,241.0,17,4245
5958,Author_05958,10,240.0,24,4246
14076,Author_14076,10,240.0,19,4247
19315,Author_19315,10,240.0,18,4248
1735,Author_01735,10,239.0,21,4249
10845,Author_10845,10,239.0,26,4250
18286,Author_18286,10,239.0,21,4251
26272,Author_26272,10,239.0,29,4252
26393,Author_26393,10,239.0,21,4253
27965,Author_27965,10,239.0,21,4254
2754,Author_02754,10,238.0,18,4255
10478,Author_10478,10,238.0,25,4256
14784,Author_14784,10,238.0,23,4257
18776,Author_18776,10,238.0,17,4258
11469,Author_11469,10,237.0,20,4259
17542,Author_17542,10,237.0,19,4260
5762,Author_05762,10,236.0,23,4261
8635,Author_08635,10,236.0,23,4262
16105,Author_16105,10,236.0,17,4263
6451,Author_06451,10,235.0,23,4264
17685,Author_17685,10,235.0,20,4265
5464,Author_05464,10,234.0,15,4266
6804,Author_06804,10,234.0,24,4267
10133,Author_10133,10,234.0,26,4268
29017,Author_29017,10,234.0,25,4269
25526,Author_25526,10,233.0,29,4270
25636,Author_25636,10,232.0,19,4271
9789,Author_09789,10,231.0,21,4272
23826,Author_23826,10,231.0,28,4273
6039,Author_06039,10,230.0,27,4274
12176,Author_12176,10,230.0,16,4275
13353,Author_13353,10,230.0,32,4276
29285,Author_29285,10,230.0,20,4277
22190,Author_22190,10,229.0,21,4278
22594,Author_22594,10,229.0,23,4279
29560,Author_29560,10,228.0,22,4280
10021,Author_10021,10,227.0,20,4281
11708,Author_11708,10,227.0,23,4282
588,Author_00588,10,226.0,18,4283
16212,Author_16212,10,226.0,22,4284
20511,Author_20511,10,226.0,21,4285
269,Author_00269,10,225.0,13,4286
428,Author_00428,10,225.0,23,4287
545,Author_00545,10,224.0,16,4288
1607,Author_01607,10,223.0,25,4289
16412,Author_16412,10,222.0,15,4290
27176,Author_27176,10,222.0,17,4291
9663,Author_09663,10,220.0,19,4292
13543,Author_13543,10,220.0,17,4293
25549,Author_25549,10,220.0,19,4294
17355,Author_17355,10,219.0,18,4295
28859,Author_28859,10,218.0,17,4296
5609,Author_05609,10,216.0,17,4297
7900,Author_07900,10,216.0,23,4298
24524,Author_24524,10,215.0,17,4299
27292,Author_27292,10,215.0,18,4300
29923,Author_29923,10,215.0,24,4301
2663,Author_02663,10,212.0,24,4302
24278,Author_24278,10,211.0,25,4303
5601,Author_05601,10,210.0,17,4304
6734,Author_06734,10,209.0,20,4305
28233,Author_28233,10,209.0,18,4306
11073,Author_11073,10,206.0,18,4307
11913,Author_11913,10,205.0,20,4308
6382,Author_06382,10,201.0,20,4309
28543,Author_28543,10,198.0,24,4310
3808,Author_03808,10,196.0,15,4311
12615,Author_12615,10,196.0,12,4312
16357,Author_16357,10,194.0,17,4313
20995,Author_20995,10,192.0,18,4314
28661,Author_28661,10,192.0,17,4315
11972,Author_11972,10,191.0,20,4316
22856,Author_22856,10,178.0,20,4317
25738,Author_25738,9,10720.0,23,4318
10014,Author_10014,9,9442.0,20,4319
7199,Author_07199,9,5404.0,20,4320
1109,Author_01109,9,4746.0,23,4321
18439,Author_18439,9,3397.0,23,4322
546,Author_00546,9,2548.0,12,4323
2680,Author_02680,9,2494.0,18,4324
4599,Author_04599,9,2475.0,21,4325
13941,Author_13941,9,2214.0,23,4326
5448,Author_05448,9,2178.0,19,4327
8649,Author_08649,9,2072.0,16,4328
1018,Author_01018,9,1772.0,17,4329
5511,Author_05511,9,1718.0,14,4330
2880,Author_02880,9,1705.0,22,4331
26408,Author_26408,9,1665.0,12,4332
646,Author_00646,9,1523.0,19,4333
24357,Author_24357,9,1499.0,15,4334
13944,Author_13944,9,1385.0,26,4335
19765,Author_19765,9,1335.0,17,4336
4162,Author_04162,9,1300.0,19,4337
6689,Author_06689,9,1298.0,21,4338
403,Author_00403,9,1253.0,13,4339
22317,Author_22317,9,1194.0,18,4340
24809,Author_24809,9,1184.0,21,4341
13400,Author_13400,9,1170.0,31,4342
18344,Author_18344,9,1157.0,19,4343
15145,Author_15145,9,1138.0,21,4344
26308,Author_26308,9,1124.0,16,4345
27852,Author_27852,9,1113.0,17,4346
17635,Author_17635,9,1111.0,19,4347
9303,Author_09303,9,1053.0,19,4348
26848,Author_26848,9,1044.0,25,4349
14337,Author_14337,9,1026.0,14,4350
1894,Author_01894,9,985.0,17,4351
10980,Author_10980,9,982.0,20,4352
11781,Author_11781,9,961.0,20,4353
18150,Author_18150,9,961.0,13,4354
11146,Author_11146,9,959.0,17,4355
21018,Author_21018,9,944.0,23,4356
139,Author_00139,9,922.0,13,4357
3027,Author_03027,9,918.0,13,4358
1185,Author_01185,9,906.0,21,4359
26598,Author_26598,9,889.0,22,4360
10689,Author_10689,9,886.0,22,4361
26932,Author_26932,9,883.0,22,4362
29095,Author_29095,9,876.0,15,4363
11426,Author_11426,9,874.0,18,4364
24652,Author_24652,9,874.0,12,4365
27774,Author_27774,9,869.0,20,4366
7419,Author_07419,9,858.0,20,4367
18435,Author_18435,9,849.0,21,4368
21415,Author_21415,9,846.0,25,4369
19635,Author_19635,9,826.0,20,4370
29499,Author_29499,9,821.0,20,4371
12539,Author_12539,9,819.0,42,4372
3443,Author_03443,9,812.0,21,4373
5897,Author_05897,9,790.0,32,4374
24587,Author_24587,9,787.0,16,4375
29511,Author_29511,9,787.0,25,4376
11298,Author_11298,9,785.0,19,4377
25764,Author_25764,9,772.0,26,4378
1068,Author_01068,9,767.0,23,4379
577,Author_00577,9,764.0,18,4380
23378,Author_23378,9,756.0,22,4381
12195,Author_12195,9,748.0,15,4382
3441,Author_03441,9,734.0,19,4383
6435,Author_06435,9,728.0,25,4384
7100,Author_07100,9,727.0,16,4385
8216,Author_08216,9,727.0,24,4386
29620,Author_29620,9,725.0,18,4387
13011,Author_13011,9,716.0,19,4388
488,Author_00488,9,714.0,14,4389
4552,Author_04552,9,714.0,24,4390
15311,Author_15311,9,713.0,22,4391
21136,Author_21136,9,711.0,28,4392
15493,Author_15493,9,709.0,18,4393
9197,Author_09197,9,708.0,13,4394
7604,Author_07604,9,702.0,20,4395
29403,Author_29403,9,700.0,24,4396
29930,Author_29930,9,694.0,18,4397
3779,Author_03779,9,692.0,24,4398
21177,Author_21177,9,692.0,36,4399
4412,Author_04412,9,687.0,24,4400
761,Author_00761,9,686.0,18,4401
25413,Author_25413,9,686.0,21,4402
7306,Author_07306,9,685.0,26,4403
6027,Author_06027,9,683.0,11,4404
6560,Author_06560,9,683.0,16,4405
18924,Author_18924,9,683.0,18,4406
2339,Author_02339,9,680.0,20,4407
19018,Author_19018,9,679.0,26,4408
16341,Author_16341,9,674.0,18,4409
16041,Author_16041,9,671.0,29,4410
17955,Author_17955,9,670.0,25,4411
23604,Author_23604,9,665.0,23,4412
15962,Author_15962,9,662.0,12,4413
16842,Author_16842,9,661.0,24,4414
22122,Author_22122,9,661.0,25,4415
4094,Author_04094,9,660.0,18,4416
6484,Author_06484,9,659.0,16,4417
28437,Author_28437,9,659.0,17,4418
3403,Author_03403,9,658.0,30,4419
9983,Author_09983,9,656.0,30,4420
10216,Author_10216,9,654.0,27,4421
13382,Author_13382,9,652.0,18,4422
5918,Author_05918,9,650.0,13,4423
24321,Author_24321,9,649.0,17,4424
11442,Author_11442,9,648.0,25,4425
13360,Author_13360,9,648.0,14,4426
10976,Author_10976,9,644.0,19,4427
26323,Author_26323,9,642.0,28,4428
9122,Author_09122,9,640.0,21,4429
13600,Author_13600,9,638.0,33,4430
18657,Author_18657,9,634.0,13,4431
5714,Author_05714,9,625.0,17,4432
8290,Author_08290,9,625.0,19,4433
7693,Author_07693,9,616.0,24,4434
10539,Author_10539,9,616.0,13,4435
15411,Author_15411,9,615.0,11,4436
14577,Author_14577,9,610.0,15,4437
24688,Author_24688,9,610.0,21,4438
21449,Author_21449,9,609.0,34,4439
16950,Author_16950,9,608.0,16,4440
27431,Author_27431,9,608.0,28,4441
17206,Author_17206,9,601.0,27,4442
10408,Author_10408,9,599.0,19,4443
27709,Author_27709,9,598.0,29,4444
29319,Author_29319,9,598.0,16,4445
8975,Author_08975,9,594.0,18,4446
17566,Author_17566,9,591.0,21,4447
17938,Author_17938,9,591.0,25,4448
29097,Author_29097,9,591.0,17,4449
16288,Author_16288,9,589.0,19,4450
25362,Author_25362,9,589.0,21,4451
23036,Author_23036,9,588.0,18,4452
10242,Author_10242,9,587.0,15,4453
10965,Author_10965,9,586.0,25,4454
22139,Author_22139,9,583.0,24,4455
28794,Author_28794,9,583.0,13,4456
9401,Author_09401,9,582.0,16,4457
2208,Author_02208,9,581.0,19,4458
4549,Author_04549,9,576.0,22,4459
1428,Author_01428,9,573.0,21,4460
9582,Author_09582,9,573.0,38,4461
10219,Author_10219,9,570.0,13,4462
12608,Author_12608,9,570.0,26,4463
23211,Author_23211,9,569.0,14,4464
25052,Author_25052,9,569.0,28,4465
25550,Author_25550,9,568.0,18,4466
27843,Author_27843,9,568.0,16,4467
308,Author_00308,9,567.0,30,4468
10843,Author_10843,9,565.0,24,4469
5258,Author_05258,9,564.0,21,4470
6496,Author_06496,9,562.0,14,4471
8949,Author_08949,9,562.0,24,4472
23992,Author_23992,9,561.0,18,4473
14587,Author_14587,9,560.0,23,4474
21805,Author_21805,9,559.0,42,4475
29582,Author_29582,9,559.0,30,4476
19100,Author_19100,9,558.0,16,4477
27359,Author_27359,9,558.0,28,4478
5256,Author_05256,9,555.0,20,4479
11542,Author_11542,9,554.0,28,4480
806,Author_00806,9,552.0,26,4481
17588,Author_17588,9,550.0,15,4482
5116,Author_05116,9,548.0,22,4483
8641,Author_08641,9,548.0,28,4484
25188,Author_25188,9,548.0,21,4485
23078,Author_23078,9,547.0,22,4486
29326,Author_29326,9,546.0,13,4487
21547,Author_21547,9,545.0,26,4488
15196,Author_15196,9,543.0,13,4489
18264,Author_18264,9,543.0,19,4490
27826,Author_27826,9,543.0,20,4491
10054,Author_10054,9,541.0,17,4492
3949,Author_03949,9,540.0,16,4493
27444,Author_27444,9,539.0,24,4494
3573,Author_03573,9,538.0,14,4495
22252,Author_22252,9,535.0,20,4496
25140,Author_25140,9,531.0,20,4497
7346,Author_07346,9,529.0,21,4498
18636,Author_18636,9,529.0,28,4499
4127,Author_04127,9,528.0,22,4500
28500,Author_28500,9,528.0,21,4501
16960,Author_16960,9,527.0,20,4502
5827,Author_05827,9,526.0,19,4503
25572,Author_25572,9,526.0,21,4504
2140,Author_02140,9,525.0,18,4505
26242,Author_26242,9,524.0,19,4506
21709,Author_21709,9,522.0,33,4507
4359,Author_04359,9,521.0,21,4508
11636,Author_11636,9,521.0,19,4509
10087,Author_10087,9,520.0,16,4510
1626,Author_01626,9,519.0,19,4511
9904,Author_09904,9,517.0,12,4512
2917,Author_02917,9,516.0,22,4513
11406,Author_11406,9,516.0,20,4514
21559,Author_21559,9,516.0,18,4515
4110,Author_04110,9,514.0,21,4516
9799,Author_09799,9,512.0,27,4517
26904,Author_26904,9,509.0,17,4518
27020,Author_27020,9,508.0,20,4519
5221,Author_05221,9,506.0,28,4520
29046,Author_29046,9,506.0,20,4521
25028,Author_25028,9,505.0,18,4522
2112,Author_02112,9,500.0,17,4523
19457,Author_19457,9,500.0,16,4524
26238,Author_26238,9,500.0,15,4525
20057,Author_20057,9,499.0,16,4526
6088,Author_06088,9,498.0,11,4527
21029,Author_21029,9,498.0,15,4528
1558,Author_01558,9,497.0,21,4529
24243,Author_24243,9,497.0,29,4530
27029,Author_27029,9,496.0,28,4531
28419,Author_28419,9,495.0,29,4532
5388,Author_05388,9,493.0,24,4533
17780,Author_17780,9,493.0,17,4534
5857,Author_05857,9,492.0,29,4535
12814,Author_12814,9,492.0,25,4536
21117,Author_21117,9,492.0,28,4537
22233,Author_22233,9,492.0,17,4538
5838,Author_05838,9,491.0,17,4539
7111,Author_07111,9,491.0,14,4540
14718,Author_14718,9,491.0,16,4541
25632,Author_25632,9,491.0,13,4542
6092,Author_06092,9,490.0,23,4543
20805,Author_20805,9,490.0,25,4544
27907,Author_27907,9,490.0,14,4545
14686,Author_14686,9,489.0,26,4546
21832,Author_21832,9,489.0,30,4547
15623,Author_15623,9,488.0,14,4548
743,Author_00743,9,487.0,19,4549
15958,Author_15958,9,486.0,17,4550
6174,Author_06174,9,485.0,28,4551
11330,Author_11330,9,484.0,23,4552
23572,Author_23572,9,484.0,30,4553
14056,Author_14056,9,483.0,22,4554
24006,Author_24006,9,483.0,25,4555
16292,Author_16292,9,481.0,21,4556
23020,Author_23020,9,480.0,21,4557
4130,Author_04130,9,479.0,20,4558
7061,Author_07061,9,479.0,15,4559
18169,Author_18169,9,479.0,14,4560
12885,Author_12885,9,478.0,20,4561
16461,Author_16461,9,476.0,20,4562
14680,Author_14680,9,474.0,15,4563
25938,Author_25938,9,474.0,20,4564
28362,Author_28362,9,474.0,27,4565
10634,Author_10634,9,472.0,23,4566
14257,Author_14257,9,472.0,32,4567
28342,Author_28342,9,472.0,22,4568
27360,Author_27360,9,471.0,13,4569
9664,Author_09664,9,469.0,26,4570
18071,Author_18071,9,469.0,20,4571
3718,Author_03718,9,468.0,22,4572
26884,Author_26884,9,468.0,21,4573
27576,Author_27576,9,468.0,22,4574
4244,Author_04244,9,466.0,16,4575
18767,Author_18767,9,466.0,18,4576
24982,Author_24982,9,466.0,22,4577
23742,Author_23742,9,465.0,20,4578
9916,Author_09916,9,464.0,21,4579
13211,Author_13211,9,464.0,18,4580
19802,Author_19802,9,464.0,24,4581
21522,Author_21522,9,461.0,18,4582
22665,Author_22665,9,460.0,22,4583
24465,Author_24465,9,460.0,23,4584
18824,Author_18824,9,459.0,23,4585
19383,Author_19383,9,459.0,16,4586
20682,Author_20682,9,459.0,25,4587
3262,Author_03262,9,457.0,26,4588
13270,Author_13270,9,456.0,14,4589
9600,Author_09600,9,455.0,20,4590
16742,Author_16742,9,455.0,25,4591
22889,Author_22889,9,455.0,20,4592
5493,Author_05493,9,453.0,17,4593
5577,Author_05577,9,453.0,28,4594
25736,Author_25736,9,453.0,21,4595
8536,Author_08536,9,452.0,26,4596
6894,Author_06894,9,451.0,13,4597
8936,Author_08936,9,451.0,12,4598
20853,Author_20853,9,451.0,23,4599
16818,Author_16818,9,449.0,22,4600
21747,Author_21747,9,449.0,18,4601
25756,Author_25756,9,449.0,17,4602
28657,Author_28657,9,449.0,14,4603
29091,Author_29091,9,449.0,17,4604
4027,Author_04027,9,448.0,13,4605
8755,Author_08755,9,448.0,26,4606
11108,Author_11108,9,448.0,16,4607
11336,Author_11336,9,448.0,28,4608
17378,Author_17378,9,448.0,17,4609
444,Author_00444,9,447.0,19,4610
4900,Author_04900,9,447.0,16,4611
17915,Author_17915,9,447.0,19,4612
544,Author_00544,9,446.0,13,4613
22007,Author_22007,9,446.0,20,4614
24780,Author_24780,9,446.0,15,4615
26716,Author_26716,9,446.0,24,4616
28104,Author_28104,9,446.0,14,4617
6171,Author_06171,9,445.0,29,4618
13169,Author_13169,9,445.0,32,4619
18708,Author_18708,9,445.0,19,4620
4780,Author_04780,9,444.0,15,4621
12945,Author_12945,9,444.0,22,4622
11033,Author_11033,9,443.0,21,4623
17009,Author_17009,9,443.0,11,4624
27571,Author_27571,9,443.0,21,4625
14963,Author_14963,9,442.0,24,4626
29884,Author_29884,9,442.0,20,4627
15604,Author_15604,9,441.0,29,4628
12358,Author_12358,9,440.0,28,4629
15731,Author_15731,9,440.0,24,4630
20353,Author_20353,9,440.0,14,4631
25169,Author_25169,9,440.0,22,4632
6533,Author_06533,9,439.0,20,4633
21823,Author_21823,9,439.0,13,4634
25785,Author_25785,9,439.0,11,4635
753,Author_00753,9,438.0,23,4636
29117,Author_29117,9,438.0,17,4637
34,Author_00034,9,437.0,20,4638
21405,Author_21405,9,437.0,16,4639
26119,Author_26119,9,437.0,14,4640
1873,Author_01873,9,436.0,29,4641
13865,Author_13865,9,436.0,19,4642
26753,Author_26753,9,436.0,20,4643
10603,Author_10603,9,435.0,19,4644
12775,Author_12775,9,435.0,13,4645
9437,Author_09437,9,434.0,17,4646
506,Author_00506,9,432.0,19,4647
6318,Author_06318,9,432.0,28,4648
21580,Author_21580,9,432.0,19,4649
13158,Author_13158,9,431.0,19,4650
16131,Author_16131,9,431.0,22,4651
1313,Author_01313,9,430.0,24,4652
9656,Author_09656,9,430.0,19,4653
25051,Author_25051,9,430.0,18,4654
320,Author_00320,9,429.0,22,4655
7670,Author_07670,9,429.0,17,4656
12381,Author_12381,9,429.0,21,4657
20881,Author_20881,9,429.0,22,4658
27683,Author_27683,9,428.0,16,4659
16942,Author_16942,9,427.0,28,4660
5273,Author_05273,9,426.0,19,4661
11449,Author_11449,9,426.0,19,4662
14103,Author_14103,9,426.0,17,4663
9623,Author_09623,9,425.0,25,4664
19184,Author_19184,9,425.0,29,4665
1674,Author_01674,9,424.0,25,4666
7296,Author_07296,9,423.0,18,4667
17639,Author_17639,9,423.0,22,4668
2315,Author_02315,9,422.0,15,4669
29109,Author_29109,9,422.0,13,4670
10558,Author_10558,9,421.0,23,4671
19662,Author_19662,9,421.0,18,4672
29153,Author_29153,9,421.0,16,4673
14986,Author_14986,9,420.0,23,4674
22582,Author_22582,9,420.0,24,4675
8335,Author_08335,9,419.0,22,4676
729,Author_00729,9,418.0,25,4677
12496,Author_12496,9,418.0,24,4678
18025,Author_18025,9,418.0,15,4679
20102,Author_20102,9,418.0,14,4680
24379,Author_24379,9,418.0,14,4681
9179,Author_09179,9,417.0,33,4682
7106,Author_07106,9,416.0,19,4683
11221,Author_11221,9,416.0,27,4684
29793,Author_29793,9,416.0,25,4685
22877,Author_22877,9,415.0,20,4686
29284,Author_29284,9,415.0,19,4687
17660,Author_17660,9,414.0,19,4688
29481,Author_29481,9,414.0,24,4689
29904,Author_29904,9,414.0,20,4690
9986,Author_09986,9,413.0,28,4691
24451,Author_24451,9,413.0,21,4692
3011,Author_03011,9,412.0,26,4693
9773,Author_09773,9,412.0,15,4694
12661,Author_12661,9,412.0,19,4695
38,Author_00038,9,411.0,22,4696
15658,Author_15658,9,411.0,19,4697
25261,Author_25261,9,411.0,28,4698
16565,Author_16565,9,410.0,22,4699
6520,Author_06520,9,408.0,15,4700
8390,Author_08390,9,408.0,16,4701
22602,Author_22602,9,406.0,21,4702
23885,Author_23885,9,406.0,23,4703
3475,Author_03475,9,405.0,12,4704
7774,Author_07774,9,405.0,17,4705
9477,Author_09477,9,405.0,24,4706
13223,Author_13223,9,405.0,33,4707
22197,Author_22197,9,405.0,19,4708
26274,Author_26274,9,405.0,15,4709
2870,Author_02870,9,404.0,15,4710
7265,Author_07265,9,404.0,26,4711
8428,Author_08428,9,404.0,19,4712
18261,Author_18261,9,404.0,21,4713
25975,Author_25975,9,404.0,15,4714
828,Author_00828,9,403.0,15,4715
7488,Author_07488,9,403.0,19,4716
23893,Author_23893,9,403.0,25,4717
3314,Author_03314,9,402.0,17,4718
27979,Author_27979,9,402.0,18,4719
4105,Author_04105,9,401.0,25,4720
9506,Author_09506,9,401.0,29,4721
17510,Author_17510,9,401.0,20,4722
8445,Author_08445,9,400.0,24,4723
15794,Author_15794,9,400.0,16,4724
19737,Author_19737,9,400.0,21,4725
21649,Author_21649,9,400.0,30,4726
27532,Author_27532,9,400.0,26,4727
9285,Author_09285,9,399.0,35,4728
18915,Author_18915,9,399.0,20,4729
4642,Author_04642,9,398.0,14,4730
14958,Author_14958,9,398.0,16,4731
7412,Author_07412,9,397.0,16,4732
22240,Author_22240,9,397.0,13,4733
13949,Author_13949,9,396.0,17,4734
14086,Author_14086,9,396.0,16,4735
19174,Author_19174,9,396.0,13,4736
25421,Author_25421,9,395.0,27,4737
26731,Author_26731,9,395.0,21,4738
28579,Author_28579,9,395.0,22,4739
6055,Author_06055,9,394.0,24,4740
15225,Author_15225,9,394.0,24,4741
17791,Author_17791,9,394.0,24,4742
23776,Author_23776,9,394.0,18,4743
27075,Author_27075,9,393.0,27,4744
13739,Author_13739,9,392.0,20,4745
16822,Author_16822,9,392.0,28,4746
17376,Author_17376,9,392.0,19,4747
28295,Author_28295,9,392.0,16,4748
23544,Author_23544,9,391.0,28,4749
13622,Author_13622,9,390.0,18,4750
15215,Author_15215,9,390.0,27,4751
22401,Author_22401,9,390.0,23,4752
5409,Author_05409,9,389.0,22,4753
5512,Author_05512,9,389.0,30,4754
11535,Author_11535,9,389.0,18,4755
17747,Author_17747,9,389.0,21,4756
26054,Author_26054,9,388.0,22,4757
26360,Author_26360,9,388.0,16,4758
7508,Author_07508,9,387.0,15,4759
8229,Author_08229,9,387.0,17,4760
12330,Author_12330,9,387.0,16,4761
13617,Author_13617,9,387.0,23,4762
13997,Author_13997,9,387.0,19,4763
14762,Author_14762,9,387.0,27,4764
24580,Author_24580,9,387.0,20,4765
9973,Author_09973,9,386.0,14,4766
19879,Author_19879,9,386.0,26,4767
21204,Author_21204,9,386.0,21,4768
28208,Author_28208,9,386.0,29,4769
12946,Author_12946,9,385.0,30,4770
28946,Author_28946,9,385.0,20,4771
3662,Author_03662,9,384.0,25,4772
5444,Author_05444,9,384.0,26,4773
18288,Author_18288,9,384.0,15,4774
22023,Author_22023,9,384.0,17,4775
4920,Author_04920,9,383.0,16,4776
10445,Author_10445,9,383.0,14,4777
10882,Author_10882,9,383.0,17,4778
13996,Author_13996,9,383.0,30,4779
22637,Author_22637,9,383.0,20,4780
27909,Author_27909,9,383.0,18,4781
10055,Author_10055,9,382.0,15,4782
10771,Author_10771,9,382.0,22,4783
10821,Author_10821,9,382.0,21,4784
13117,Author_13117,9,382.0,18,4785
7370,Author_07370,9,381.0,29,4786
28703,Author_28703,9,381.0,19,4787
9516,Author_09516,9,380.0,23,4788
26162,Author_26162,9,380.0,12,4789
6109,Author_06109,9,379.0,21,4790
11899,Author_11899,9,379.0,21,4791
18468,Author_18468,9,379.0,17,4792
29179,Author_29179,9,379.0,29,4793
1186,Author_01186,9,378.0,16,4794
13209,Author_13209,9,378.0,39,4795
20845,Author_20845,9,377.0,24,4796
10742,Author_10742,9,376.0,19,4797
14736,Author_14736,9,376.0,29,4798
4529,Author_04529,9,375.0,21,4799
5432,Author_05432,9,375.0,16,4800
8528,Author_08528,9,375.0,19,4801
12805,Author_12805,9,375.0,22,4802
15281,Author_15281,9,375.0,16,4803
1003,Author_01003,9,374.0,16,4804
10838,Author_10838,9,374.0,15,4805
14409,Author_14409,9,374.0,30,4806
18446,Author_18446,9,373.0,18,4807
12222,Author_12222,9,372.0,25,4808
15681,Author_15681,9,372.0,14,4809
24835,Author_24835,9,372.0,25,4810
4684,Author_04684,9,371.0,17,4811
21502,Author_21502,9,371.0,19,4812
22370,Author_22370,9,371.0,22,4813
4528,Author_04528,9,370.0,30,4814
7951,Author_07951,9,370.0,20,4815
10108,Author_10108,9,370.0,22,4816
16719,Author_16719,9,370.0,21,4817
27043,Author_27043,9,370.0,21,4818
29697,Author_29697,9,370.0,16,4819
1274,Author_01274,9,369.0,20,4820
2866,Author_02866,9,369.0,23,4821
5908,Author_05908,9,369.0,20,4822
10308,Author_10308,9,369.0,27,4823
11980,Author_11980,9,369.0,23,4824
12912,Author_12912,9,369.0,17,4825
14478,Author_14478,9,369.0,27,4826
16274,Author_16274,9,369.0,15,4827
23640,Author_23640,9,369.0,28,4828
28945,Author_28945,9,369.0,23,4829
4203,Author_04203,9,368.0,21,4830
7899,Author_07899,9,368.0,25,4831
10283,Author_10283,9,368.0,27,4832
26856,Author_26856,9,368.0,33,4833
1135,Author_01135,9,367.0,31,4834
9613,Author_09613,9,367.0,17,4835
19560,Author_19560,9,367.0,16,4836
23463,Author_23463,9,367.0,26,4837
25320,Author_25320,9,367.0,17,4838
25457,Author_25457,9,367.0,21,4839
29371,Author_29371,9,367.0,21,4840
13147,Author_13147,9,366.0,16,4841
10984,Author_10984,9,365.0,20,4842
11633,Author_11633,9,365.0,23,4843
7350,Author_07350,9,364.0,23,4844
9013,Author_09013,9,364.0,17,4845
9547,Author_09547,9,364.0,22,4846
15571,Author_15571,9,364.0,18,4847
5664,Author_05664,9,363.0,21,4848
10158,Author_10158,9,363.0,20,4849
3488,Author_03488,9,362.0,13,4850
4338,Author_04338,9,362.0,20,4851
13797,Author_13797,9,362.0,22,4852
24794,Author_24794,9,362.0,21,4853
5206,Author_05206,9,361.0,30,4854
18529,Author_18529,9,361.0,24,4855
7758,Author_07758,9,360.0,15,4856
29022,Author_29022,9,360.0,25,4857
3156,Author_03156,9,359.0,20,4858
6770,Author_06770,9,359.0,26,4859
6903,Author_06903,9,359.0,20,4860
11726,Author_11726,9,359.0,21,4861
19819,Author_19819,9,359.0,20,4862
1625,Author_01625,9,358.0,18,4863
8060,Author_08060,9,358.0,18,4864
17503,Author_17503,9,358.0,18,4865
17948,Author_17948,9,358.0,19,4866
18392,Author_18392,9,357.0,21,4867
21912,Author_21912,9,357.0,26,4868
1208,Author_01208,9,356.0,35,4869
28555,Author_28555,9,356.0,14,4870
17130,Author_17130,9,355.0,25,4871
20882,Author_20882,9,355.0,22,4872
24305,Author_24305,9,355.0,24,4873
26841,Author_26841,9,355.0,26,4874
9939,Author_09939,9,354.0,27,4875
12860,Author_12860,9,354.0,26,4876
18043,Author_18043,9,353.0,16,4877
26935,Author_26935,9,353.0,22,4878
29107,Author_29107,9,353.0,16,4879
258,Author_00258,9,352.0,16,4880
4969,Author_04969,9,352.0,18,4881
16936,Author_16936,9,352.0,23,4882
1412,Author_01412,9,351.0,17,4883
2144,Author_02144,9,351.0,21,4884
3480,Author_03480,9,351.0,17,4885
9061,Author_09061,9,351.0,16,4886
12223,Author_12223,9,351.0,17,4887
13576,Author_13576,9,351.0,29,4888
17033,Author_17033,9,351.0,13,4889
17688,Author_17688,9,351.0,17,4890
24895,Author_24895,9,351.0,28,4891
26995,Author_26995,9,351.0,20,4892
17245,Author_17245,9,350.0,14,4893
18393,Author_18393,9,350.0,14,4894
21605,Author_21605,9,350.0,27,4895
423,Author_00423,9,349.0,16,4896
7734,Author_07734,9,348.0,20,4897
13066,Author_13066,9,348.0,22,4898
16157,Author_16157,9,348.0,18,4899
22348,Author_22348,9,348.0,20,4900
10324,Author_10324,9,347.0,22,4901
12604,Author_12604,9,347.0,17,4902
15254,Author_15254,9,347.0,19,4903
3751,Author_03751,9,346.0,15,4904
8730,Author_08730,9,346.0,12,4905
8994,Author_08994,9,346.0,12,4906
14915,Author_14915,9,346.0,27,4907
21448,Author_21448,9,346.0,14,4908
22569,Author_22569,9,346.0,18,4909
23624,Author_23624,9,346.0,18,4910
29507,Author_29507,9,346.0,28,4911
249,Author_00249,9,345.0,12,4912
441,Author_00441,9,345.0,15,4913
2491,Author_02491,9,345.0,15,4914
10160,Author_10160,9,345.0,18,4915
24461,Author_24461,9,345.0,18,4916
29363,Author_29363,9,345.0,14,4917
29941,Author_29941,9,345.0,26,4918
5309,Author_05309,9,344.0,26,4919
6100,Author_06100,9,344.0,20,4920
17752,Author_17752,9,344.0,30,4921
24293,Author_24293,9,344.0,13,4922
20129,Author_20129,9,343.0,28,4923
25490,Author_25490,9,343.0,21,4924
26014,Author_26014,9,343.0,20,4925
4746,Author_04746,9,342.0,22,4926
9933,Author_09933,9,342.0,23,4927
13277,Author_13277,9,342.0,18,4928
22333,Author_22333,9,342.0,13,4929
24836,Author_24836,9,342.0,19,4930
25767,Author_25767,9,342.0,19,4931
26679,Author_26679,9,342.0,19,4932
26922,Author_26922,9,342.0,19,4933
1123,Author_01123,9,341.0,16,4934
4317,Author_04317,9,341.0,17,4935
19190,Author_19190,9,341.0,25,4936
20991,Author_20991,9,341.0,21,4937
22695,Author_22695,9,341.0,11,4938
2062,Author_02062,9,339.0,15,4939
2235,Author_02235,9,338.0,26,4940
11009,Author_11009,9,338.0,23,4941
23438,Author_23438,9,338.0,23,4942
25020,Author_25020,9,338.0,14,4943
1466,Author_01466,9,337.0,16,4944
9940,Author_09940,9,337.0,23,4945
10856,Author_10856,9,337.0,27,4946
14713,Author_14713,9,337.0,19,4947
15476,Author_15476,9,337.0,19,4948
21740,Author_21740,9,337.0,30,4949
14609,Author_14609,9,336.0,16,4950
23167,Author_23167,9,336.0,30,4951
24987,Author_24987,9,336.0,18,4952
26676,Author_26676,9,336.0,22,4953
4587,Author_04587,9,335.0,23,4954
13552,Author_13552,9,335.0,24,4955
18095,Author_18095,9,335.0,19,4956
21732,Author_21732,9,335.0,19,4957
788,Author_00788,9,334.0,16,4958
1476,Author_01476,9,334.0,20,4959
6132,Author_06132,9,334.0,22,4960
15944,Author_15944,9,334.0,35,4961
18719,Author_18719,9,334.0,18,4962
20304,Author_20304,9,334.0,32,4963
25429,Author_25429,9,334.0,18,4964
25798,Author_25798,9,334.0,13,4965
5089,Author_05089,9,333.0,15,4966
16525,Author_16525,9,333.0,26,4967
17328,Author_17328,9,333.0,22,4968
24692,Author_24692,9,333.0,25,4969
24962,Author_24962,9,333.0,18,4970
26194,Author_26194,9,333.0,27,4971
8609,Author_08609,9,332.0,12,4972
15988,Author_15988,9,331.0,17,4973
16621,Author_16621,9,331.0,19,4974
20421,Author_20421,9,331.0,20,4975
21540,Author_21540,9,331.0,20,4976
23845,Author_23845,9,331.0,23,4977
124,Author_00124,9,330.0,18,4978
6852,Author_06852,9,330.0,23,4979
15708,Author_15708,9,330.0,23,4980
23679,Author_23679,9,330.0,15,4981
23857,Author_23857,9,330.0,22,4982
26410,Author_26410,9,330.0,22,4983
28054,Author_28054,9,330.0,18,4984
10077,Author_10077,9,329.0,23,4985
14070,Author_14070,9,329.0,18,4986
14299,Author_14299,9,329.0,12,4987
23576,Author_23576,9,329.0,27,4988
24175,Author_24175,9,329.0,34,4989
28796,Author_28796,9,329.0,27,4990
3714,Author_03714,9,328.0,12,4991
4768,Author_04768,9,328.0,16,4992
27511,Author_27511,9,328.0,23,4993
29392,Author_29392,9,328.0,29,4994
3350,Author_03350,9,327.0,19,4995
7336,Author_07336,9,327.0,13,4996
7874,Author_07874,9,327.0,17,4997
12445,Author_12445,9,327.0,18,4998
16786,Author_16786,9,327.0,17,4999
4898,Author_04898,9,326.0,21,5000
5530,Author_05530,9,326.0,15,5001
7295,Author_07295,9,326.0,31,5002
22192,Author_22192,9,326.0,16,5003
170,Author_00170,9,325.0,16,5004
10218,Author_10218,9,325.0,19,5005
24865,Author_24865,9,325.0,17,5006
26372,Author_26372,9,325.0,23,5007
2463,Author_02463,9,324.0,14,5008
8185,Author_08185,9,324.0,21,5009
12924,Author_12924,9,324.0,17,5010
13143,Author_13143,9,324.0,17,5011
14973,Author_14973,9,324.0,22,5012
16511,Author_16511,9,324.0,31,5013
18680,Author_18680,9,324.0,18,5014
21687,Author_21687,9,324.0,16,5015
25233,Author_25233,9,324.0,17,5016
27681,Author_27681,9,324.0,13,5017
29339,Author_29339,9,324.0,23,5018
3511,Author_03511,9,323.0,18,5019
4155,Author_04155,9,323.0,20,5020
18586,Author_18586,9,323.0,19,5021
20524,Author_20524,9,323.0,21,5022
27602,Author_27602,9,323.0,23,5023
3554,Author_03554,9,322.0,22,5024
8886,Author_08886,9,322.0,28,5025
9522,Author_09522,9,322.0,28,5026
16206,Author_16206,9,322.0,23,5027
19183,Author_19183,9,322.0,18,5028
19774,Author_19774,9,322.0,17,5029
24561,Author_24561,9,322.0,16,5030
28566,Author_28566,9,322.0,21,5031
4835,Author_04835,9,321.0,19,5032
13437,Author_13437,9,321.0,19,5033
26918,Author_26918,9,321.0,19,5034
27649,Author_27649,9,321.0,20,5035
28631,Author_28631,9,321.0,16,5036
28862,Author_28862,9,321.0,22,5037
6224,Author_06224,9,320.0,17,5038
7262,Author_07262,9,320.0,17,5039
8973,Author_08973,9,320.0,19,5040
13753,Author_13753,9,320.0,27,5041
15977,Author_15977,9,320.0,16,5042
28445,Author_28445,9,320.0,26,5043
3761,Author_03761,9,319.0,19,5044
11680,Author_11680,9,319.0,23,5045
12599,Author_12599,9,319.0,18,5046
20900,Author_20900,9,319.0,18,5047
3547,Author_03547,9,318.0,16,5048
21910,Author_21910,9,318.0,26,5049
6477,Author_06477,9,317.0,17,5050
9279,Author_09279,9,317.0,17,5051
10538,Author_10538,9,317.0,28,5052
10895,Author_10895,9,317.0,25,5053
11381,Author_11381,9,317.0,25,5054
11432,Author_11432,9,317.0,21,5055
13973,Author_13973,9,317.0,23,5056
17632,Author_17632,9,317.0,27,5057
22926,Author_22926,9,317.0,20,5058
23193,Author_23193,9,317.0,29,5059
26688,Author_26688,9,317.0,22,5060
28667,Author_28667,9,317.0,12,5061
2136,Author_02136,9,316.0,24,5062
3172,Author_03172,9,316.0,15,5063
6029,Author_06029,9,316.0,27,5064
6149,Author_06149,9,316.0,20,5065
11306,Author_11306,9,316.0,21,5066
16677,Author_16677,9,316.0,22,5067
22814,Author_22814,9,316.0,20,5068
23458,Author_23458,9,316.0,23,5069
26449,Author_26449,9,316.0,23,5070
27516,Author_27516,9,316.0,17,5071
2397,Author_02397,9,315.0,16,5072
2891,Author_02891,9,315.0,18,5073
4002,Author_04002,9,315.0,15,5074
9358,Author_09358,9,315.0,15,5075
11678,Author_11678,9,315.0,19,5076
17278,Author_17278,9,315.0,14,5077
18836,Author_18836,9,315.0,18,5078
21053,Author_21053,9,315.0,29,5079
24061,Author_24061,9,315.0,16,5080
27469,Author_27469,9,315.0,25,5081
29217,Author_29217,9,315.0,17,5082
1193,Author_01193,9,314.0,24,5083
3212,Author_03212,9,314.0,17,5084
7735,Author_07735,9,314.0,33,5085
8561,Author_08561,9,314.0,24,5086
15989,Author_15989,9,314.0,18,5087
26522,Author_26522,9,314.0,27,5088
29081,Author_29081,9,314.0,17,5089
2823,Author_02823,9,313.0,26,5090
5339,Author_05339,9,313.0,20,5091
6272,Author_06272,9,313.0,23,5092
15709,Author_15709,9,313.0,15,5093
17445,Author_17445,9,313.0,19,5094
25042,Author_25042,9,313.0,28,5095
1568,Author_01568,9,312.0,25,5096
16008,Author_16008,9,312.0,16,5097
27985,Author_27985,9,312.0,17,5098
2595,Author_02595,9,311.0,19,5099
20710,Author_20710,9,311.0,22,5100
21135,Author_21135,9,311.0,13,5101
23348,Author_23348,9,311.0,21,5102
23780,Author_23780,9,311.0,17,5103
6002,Author_06002,9,310.0,15,5104
6083,Author_06083,9,310.0,20,5105
9140,Author_09140,9,310.0,19,5106
12349,Author_12349,9,310.0,25,5107
19700,Author_19700,9,310.0,33,5108
27906,Author_27906,9,310.0,21,5109
4429,Author_04429,9,309.0,18,5110
12536,Author_12536,9,309.0,28,5111
19051,Author_19051,9,309.0,15,5112
20866,Author_20866,9,309.0,18,5113
26380,Author_26380,9,309.0,26,5114
27770,Author_27770,9,309.0,17,5115
112,Author_00112,9,308.0,19,5116
2485,Author_02485,9,308.0,25,5117
4588,Author_04588,9,308.0,19,5118
5332,Author_05332,9,308.0,25,5119
10560,Author_10560,9,308.0,17,5120
13102,Author_13102,9,308.0,19,5121
13830,Author_13830,9,308.0,23,5122
14439,Author_14439,9,308.0,24,5123
16159,Author_16159,9,308.0,28,5124
22393,Author_22393,9,308.0,18,5125
25212,Author_25212,9,308.0,24,5126
29437,Author_29437,9,308.0,15,5127
14946,Author_14946,9,307.0,19,5128
15661,Author_15661,9,307.0,13,5129
20689,Author_20689,9,307.0,31,5130
23120,Author_23120,9,307.0,26,5131
29841,Author_29841,9,307.0,19,5132
1236,Author_01236,9,306.0,25,5133
9077,Author_09077,9,306.0,17,5134
13504,Author_13504,9,306.0,17,5135
22785,Author_22785,9,306.0,18,5136
23344,Author_23344,9,306.0,17,5137
25063,Author_25063,9,306.0,16,5138
1114,Author_01114,9,305.0,18,5139
8586,Author_08586,9,305.0,17,5140
21590,Author_21590,9,305.0,16,5141
28986,Author_28986,9,305.0,21,5142
29356,Author_29356,9,305.0,22,5143
276,Author_00276,9,304.0,32,5144
2313,Author_02313,9,304.0,14,5145
3645,Author_03645,9,304.0,23,5146
5810,Author_05810,9,304.0,18,5147
8678,Author_08678,9,304.0,24,5148
9707,Author_09707,9,304.0,40,5149
17694,Author_17694,9,304.0,21,5150
19318,Author_19318,9,304.0,30,5151
26107,Author_26107,9,304.0,16,5152
27325,Author_27325,9,304.0,20,5153
2480,Author_02480,9,303.0,24,5154
10106,Author_10106,9,303.0,19,5155
17586,Author_17586,9,303.0,23,5156
23745,Author_23745,9,303.0,29,5157
26091,Author_26091,9,303.0,13,5158
5912,Author_05912,9,302.0,17,5159
5971,Author_05971,9,302.0,16,5160
12408,Author_12408,9,302.0,19,5161
23908,Author_23908,9,302.0,28,5162
24191,Author_24191,9,302.0,21,5163
26505,Author_26505,9,302.0,14,5164
29345,Author_29345,9,302.0,17,5165
187,Author_00187,9,301.0,20,5166
5596,Author_05596,9,301.0,15,5167
9615,Author_09615,9,301.0,22,5168
10313,Author_10313,9,301.0,29,5169
21068,Author_21068,9,301.0,13,5170
1183,Author_01183,9,300.0,18,5171
6363,Author_06363,9,300.0,16,5172
6931,Author_06931,9,300.0,25,5173
11211,Author_11211,9,300.0,22,5174
11773,Author_11773,9,300.0,33,5175
14466,Author_14466,9,300.0,32,5176
18348,Author_18348,9,300.0,16,5177
6806,Author_06806,9,299.0,17,5178
16732,Author_16732,9,299.0,14,5179
21738,Author_21738,9,299.0,17,5180
29977,Author_29977,9,299.0,16,5181
1959,Author_01959,9,298.0,20,5182
2885,Author_02885,9,298.0,25,5183
8684,Author_08684,9,298.0,20,5184
9132,Author_09132,9,298.0,16,5185
14190,Author_14190,9,298.0,18,5186
21120,Author_21120,9,298.0,15,5187
28019,Author_28019,9,298.0,27,5188
4044,Author_04044,9,297.0,23,5189
4621,Author_04621,9,297.0,14,5190
14639,Author_14639,9,297.0,19,5191
20509,Author_20509,9,297.0,14,5192
22744,Author_22744,9,297.0,20,5193
22961,Author_22961,9,297.0,17,5194
25464,Author_25464,9,297.0,16,5195
28357,Author_28357,9,297.0,17,5196
371,Author_00371,9,296.0,28,5197
19151,Author_19151,9,296.0,26,5198
26447,Author_26447,9,296.0,28,5199
26900,Author_26900,9,296.0,14,5200
27239,Author_27239,9,296.0,22,5201
29069,Author_29069,9,296.0,18,5202
3276,Author_03276,9,295.0,13,5203
4580,Author_04580,9,295.0,18,5204
8504,Author_08504,9,295.0,24,5205
11695,Author_11695,9,295.0,37,5206
26141,Author_26141,9,295.0,20,5207
11154,Author_11154,9,294.0,14,5208
11578,Author_11578,9,294.0,22,5209
13971,Author_13971,9,294.0,22,5210
21313,Author_21313,9,294.0,27,5211
25076,Author_25076,9,294.0,26,5212
14502,Author_14502,9,293.0,19,5213
15881,Author_15881,9,293.0,21,5214
23760,Author_23760,9,293.0,19,5215
3510,Author_03510,9,292.0,24,5216
3552,Author_03552,9,292.0,15,5217
11464,Author_11464,9,292.0,16,5218
11687,Author_11687,9,292.0,21,5219
14801,Author_14801,9,292.0,22,5220
14892,Author_14892,9,292.0,15,5221
28970,Author_28970,9,292.0,18,5222
3973,Author_03973,9,291.0,29,5223
4135,Author_04135,9,291.0,26,5224
12779,Author_12779,9,291.0,19,5225
14207,Author_14207,9,291.0,24,5226
20915,Author_20915,9,291.0,32,5227
25509,Author_25509,9,291.0,19,5228
5315,Author_05315,9,290.0,13,5229
7272,Author_07272,9,290.0,15,5230
9714,Author_09714,9,290.0,21,5231
21002,Author_21002,9,290.0,25,5232
26310,Author_26310,9,290.0,13,5233
20266,Author_20266,9,289.0,15,5234
28922,Author_28922,9,289.0,18,5235
3034,Author_03034,9,288.0,28,5236
9515,Author_09515,9,288.0,28,5237
5648,Author_05648,9,287.0,27,5238
12561,Author_12561,9,287.0,17,5239
16016,Author_16016,9,287.0,29,5240
16275,Author_16275,9,287.0,24,5241
21257,Author_21257,9,287.0,18,5242
23257,Author_23257,9,287.0,17,5243
24007,Author_24007,9,287.0,13,5244
26977,Author_26977,9,287.0,19,5245
5472,Author_05472,9,286.0,26,5246
7390,Author_07390,9,286.0,14,5247
22011,Author_22011,9,286.0,19,5248
23197,Author_23197,9,286.0,20,5249
25889,Author_25889,9,286.0,14,5250
7660,Author_07660,9,285.0,23,5251
15018,Author_15018,9,285.0,23,5252
17467,Author_17467,9,285.0,27,5253
26028,Author_26028,9,285.0,23,5254
26524,Author_26524,9,285.0,20,5255
26898,Author_26898,9,285.0,21,5256
29610,Author_29610,9,285.0,27,5257
6168,Author_06168,9,284.0,20,5258
9661,Author_09661,9,284.0,18,5259
22137,Author_22137,9,284.0,25,5260
22436,Author_22436,9,284.0,25,5261
6678,Author_06678,9,283.0,16,5262
14993,Author_14993,9,283.0,18,5263
16045,Author_16045,9,283.0,19,5264
20850,Author_20850,9,283.0,17,5265
27677,Author_27677,9,283.0,24,5266
29506,Author_29506,9,283.0,15,5267
5103,Author_05103,9,282.0,13,5268
11208,Author_11208,9,282.0,19,5269
14937,Author_14937,9,282.0,20,5270
19424,Author_19424,9,282.0,25,5271
24236,Author_24236,9,282.0,26,5272
25850,Author_25850,9,282.0,25,5273
3015,Author_03015,9,281.0,24,5274
14809,Author_14809,9,281.0,14,5275
20452,Author_20452,9,281.0,25,5276
20543,Author_20543,9,281.0,16,5277
25222,Author_25222,9,281.0,17,5278
29825,Author_29825,9,281.0,19,5279
551,Author_00551,9,280.0,19,5280
1293,Author_01293,9,280.0,19,5281
3911,Author_03911,9,280.0,22,5282
4012,Author_04012,9,280.0,23,5283
7317,Author_07317,9,280.0,23,5284
29329,Author_29329,9,280.0,23,5285
4453,Author_04453,9,279.0,16,5286
8133,Author_08133,9,279.0,15,5287
9123,Author_09123,9,279.0,27,5288
15088,Author_15088,9,279.0,17,5289
15126,Author_15126,9,279.0,22,5290
15972,Author_15972,9,279.0,24,5291
21681,Author_21681,9,279.0,12,5292
29142,Author_29142,9,279.0,28,5293
1874,Author_01874,9,278.0,23,5294
4603,Author_04603,9,278.0,24,5295
14777,Author_14777,9,278.0,29,5296
17221,Author_17221,9,278.0,22,5297
18364,Author_18364,9,278.0,13,5298
19193,Author_19193,9,278.0,24,5299
19836,Author_19836,9,278.0,21,5300
24033,Author_24033,9,278.0,17,5301
24985,Author_24985,9,278.0,19,5302
28163,Author_28163,9,278.0,16,5303
29576,Author_29576,9,278.0,31,5304
4430,Author_04430,9,277.0,21,5305
21774,Author_21774,9,277.0,28,5306
24859,Author_24859,9,277.0,25,5307
28499,Author_28499,9,277.0,29,5308
2719,Author_02719,9,276.0,20,5309
4187,Author_04187,9,276.0,14,5310
4754,Author_04754,9,276.0,20,5311
9414,Author_09414,9,276.0,13,5312
11233,Author_11233,9,276.0,18,5313
20545,Author_20545,9,276.0,18,5314
1702,Author_01702,9,275.0,15,5315
3896,Author_03896,9,275.0,26,5316
4937,Author_04937,9,275.0,24,5317
7827,Author_07827,9,275.0,28,5318
8672,Author_08672,9,275.0,17,5319
12890,Author_12890,9,275.0,16,5320
15050,Author_15050,9,275.0,25,5321
19154,Author_19154,9,275.0,26,5322
24353,Author_24353,9,275.0,14,5323
14196,Author_14196,9,274.0,25,5324
14716,Author_14716,9,274.0,20,5325
15653,Author_15653,9,274.0,28,5326
15979,Author_15979,9,274.0,16,5327
23491,Author_23491,9,274.0,17,5328
587,Author_00587,9,273.0,15,5329
3060,Author_03060,9,273.0,23,5330
7796,Author_07796,9,273.0,19,5331
15060,Author_15060,9,273.0,34,5332
22812,Author_22812,9,273.0,19,5333
2023,Author_02023,9,272.0,19,5334
7313,Author_07313,9,272.0,17,5335
21340,Author_21340,9,272.0,25,5336
21556,Author_21556,9,272.0,17,5337
1516,Author_01516,9,271.0,17,5338
9253,Author_09253,9,271.0,22,5339
9608,Author_09608,9,271.0,14,5340
15580,Author_15580,9,271.0,17,5341
15754,Author_15754,9,271.0,17,5342
6839,Author_06839,9,270.0,18,5343
17323,Author_17323,9,270.0,22,5344
17346,Author_17346,9,270.0,22,5345
1749,Author_01749,9,269.0,25,5346
3976,Author_03976,9,269.0,25,5347
15639,Author_15639,9,269.0,18,5348
17553,Author_17553,9,269.0,22,5349
26768,Author_26768,9,269.0,17,5350
28593,Author_28593,9,269.0,26,5351
1235,Author_01235,9,268.0,22,5352
24389,Author_24389,9,268.0,18,5353
25184,Author_25184,9,268.0,23,5354
27076,Author_27076,9,268.0,21,5355
27280,Author_27280,9,268.0,22,5356
28989,Author_28989,9,268.0,24,5357
173,Author_00173,9,267.0,26,5358
1590,Author_01590,9,267.0,18,5359
1849,Author_01849,9,267.0,30,5360
17214,Author_17214,9,267.0,16,5361
17497,Author_17497,9,267.0,24,5362
25473,Author_25473,9,267.0,22,5363
815,Author_00815,9,266.0,25,5364
8752,Author_08752,9,266.0,18,5365
11455,Author_11455,9,266.0,25,5366
12227,Author_12227,9,266.0,19,5367
14536,Author_14536,9,266.0,25,5368
17148,Author_17148,9,266.0,19,5369
22052,Author_22052,9,266.0,23,5370
26454,Author_26454,9,266.0,29,5371
26562,Author_26562,9,266.0,19,5372
1984,Author_01984,9,265.0,19,5373
7358,Author_07358,9,265.0,20,5374
19568,Author_19568,9,265.0,27,5375
19773,Author_19773,9,265.0,18,5376
24666,Author_24666,9,265.0,15,5377
28860,Author_28860,9,265.0,28,5378
144,Author_00144,9,264.0,19,5379
10198,Author_10198,9,264.0,10,5380
22024,Author_22024,9,264.0,14,5381
22502,Author_22502,9,264.0,19,5382
23465,Author_23465,9,264.0,15,5383
29814,Author_29814,9,264.0,24,5384
876,Author_00876,9,263.0,20,5385
1194,Author_01194,9,263.0,16,5386
1197,Author_01197,9,263.0,24,5387
7950,Author_07950,9,263.0,22,5388
24831,Author_24831,9,263.0,23,5389
25138,Author_25138,9,263.0,23,5390
28577,Author_28577,9,263.0,19,5391
29741,Author_29741,9,263.0,36,5392
18171,Author_18171,9,262.0,25,5393
3017,Author_03017,9,261.0,20,5394
6044,Author_06044,9,261.0,27,5395
10811,Author_10811,9,261.0,23,5396
14792,Author_14792,9,261.0,15,5397
15014,Author_15014,9,261.0,20,5398
2090,Author_02090,9,260.0,17,5399
2868,Author_02868,9,260.0,23,5400
7690,Author_07690,9,260.0,14,5401
9932,Author_09932,9,260.0,15,5402
9967,Author_09967,9,260.0,25,5403
19689,Author_19689,9,260.0,24,5404
21906,Author_21906,9,260.0,21,5405
23231,Author_23231,9,260.0,25,5406
481,Author_00481,9,259.0,19,5407
923,Author_00923,9,259.0,22,5408
9199,Author_09199,9,259.0,18,5409
10169,Author_10169,9,259.0,21,5410
11170,Author_11170,9,259.0,17,5411
11873,Author_11873,9,259.0,15,5412
17866,Author_17866,9,259.0,27,5413
19016,Author_19016,9,259.0,18,5414
19274,Author_19274,9,259.0,22,5415
26619,Author_26619,9,259.0,15,5416
1877,Author_01877,9,258.0,17,5417
6312,Author_06312,9,258.0,16,5418
14413,Author_14413,9,258.0,19,5419
18139,Author_18139,9,258.0,22,5420
21665,Author_21665,9,258.0,13,5421
29580,Author_29580,9,258.0,22,5422
4216,Author_04216,9,257.0,14,5423
4564,Author_04564,9,257.0,23,5424
7949,Author_07949,9,257.0,14,5425
10813,Author_10813,9,257.0,18,5426
28891,Author_28891,9,257.0,19,5427
307,Author_00307,9,256.0,18,5428
3651,Author_03651,9,256.0,20,5429
7418,Author_07418,9,256.0,16,5430
10981,Author_10981,9,256.0,23,5431
12097,Author_12097,9,256.0,13,5432
13812,Author_13812,9,256.0,15,5433
16785,Author_16785,9,256.0,25,5434
19831,Author_19831,9,256.0,11,5435
23680,Author_23680,9,256.0,18,5436
25533,Author_25533,9,256.0,13,5437
25627,Author_25627,9,256.0,20,5438
21931,Author_21931,9,255.0,18,5439
25686,Author_25686,9,255.0,13,5440
315,Author_00315,9,254.0,14,5441
12720,Author_12720,9,254.0,19,5442
16095,Author_16095,9,254.0,18,5443
23253,Author_23253,9,254.0,27,5444
7872,Author_07872,9,253.0,21,5445
15051,Author_15051,9,253.0,13,5446
19266,Author_19266,9,253.0,23,5447
25495,Author_25495,9,253.0,22,5448
26116,Author_26116,9,253.0,14,5449
27763,Author_27763,9,253.0,22,5450
1457,Author_01457,9,252.0,32,5451
8199,Author_08199,9,252.0,16,5452
10782,Author_10782,9,252.0,28,5453
16152,Author_16152,9,252.0,15,5454
16854,Author_16854,9,252.0,28,5455
22564,Author_22564,9,252.0,22,5456
25387,Author_25387,9,252.0,21,5457
26891,Author_26891,9,252.0,20,5458
2963,Author_02963,9,251.0,24,5459
6719,Author_06719,9,251.0,22,5460
7922,Author_07922,9,251.0,26,5461
8945,Author_08945,9,251.0,19,5462
11779,Author_11779,9,251.0,19,5463
13292,Author_13292,9,251.0,16,5464
14427,Author_14427,9,251.0,19,5465
19540,Author_19540,9,251.0,27,5466
20067,Author_20067,9,251.0,17,5467
27757,Author_27757,9,251.0,22,5468
6911,Author_06911,9,250.0,18,5469
7120,Author_07120,9,250.0,14,5470
7510,Author_07510,9,250.0,19,5471
18514,Author_18514,9,250.0,16,5472
164,Author_00164,9,249.0,18,5473
1081,Author_01081,9,249.0,23,5474
1142,Author_01142,9,249.0,20,5475
1205,Author_01205,9,249.0,16,5476
2331,Author_02331,9,249.0,12,5477
3334,Author_03334,9,249.0,17,5478
10656,Author_10656,9,249.0,23,5479
12294,Author_12294,9,249.0,21,5480
13751,Author_13751,9,249.0,21,5481
15458,Author_15458,9,249.0,23,5482
27129,Author_27129,9,249.0,20,5483
29138,Author_29138,9,249.0,18,5484
29474,Author_29474,9,249.0,20,5485
435,Author_00435,9,248.0,18,5486
1525,Author_01525,9,248.0,15,5487
4039,Author_04039,9,248.0,23,5488
18851,Author_18851,9,248.0,20,5489
19160,Author_19160,9,248.0,11,5490
22310,Author_22310,9,248.0,22,5491
27201,Author_27201,9,248.0,22,5492
2190,Author_02190,9,247.0,25,5493
3556,Author_03556,9,247.0,23,5494
5013,Author_05013,9,247.0,25,5495
6245,Author_06245,9,247.0,26,5496
6688,Author_06688,9,247.0,15,5497
7123,Author_07123,9,247.0,21,5498
11394,Author_11394,9,247.0,18,5499
11599,Author_11599,9,247.0,20,5500
13861,Author_13861,9,247.0,15,5501
14237,Author_14237,9,247.0,16,5502
14724,Author_14724,9,247.0,17,5503
19880,Author_19880,9,247.0,17,5504
23935,Author_23935,9,247.0,21,5505
4541,Author_04541,9,246.0,13,5506
5914,Author_05914,9,246.0,18,5507
6442,Author_06442,9,246.0,29,5508
26351,Author_26351,9,246.0,19,5509
2267,Author_02267,9,245.0,25,5510
6856,Author_06856,9,245.0,29,5511
6994,Author_06994,9,245.0,14,5512
7378,Author_07378,9,245.0,19,5513
8051,Author_08051,9,245.0,16,5514
12836,Author_12836,9,245.0,26,5515
17421,Author_17421,9,245.0,27,5516
20967,Author_20967,9,245.0,27,5517
17,Author_00017,9,244.0,20,5518
5909,Author_05909,9,244.0,12,5519
16029,Author_16029,9,244.0,26,5520
18931,Author_18931,9,244.0,15,5521
27091,Author_27091,9,244.0,27,5522
8383,Author_08383,9,243.0,29,5523
9319,Author_09319,9,243.0,26,5524
18056,Author_18056,9,243.0,20,5525
22308,Author_22308,9,243.0,23,5526
23388,Author_23388,9,243.0,21,5527
24559,Author_24559,9,243.0,25,5528
24710,Author_24710,9,243.0,21,5529
25815,Author_25815,9,243.0,17,5530
27912,Author_27912,9,243.0,19,5531
28077,Author_28077,9,243.0,13,5532
28767,Author_28767,9,243.0,18,5533
29489,Author_29489,9,243.0,17,5534
1992,Author_01992,9,242.0,20,5535
4296,Author_04296,9,242.0,18,5536
13735,Author_13735,9,242.0,14,5537
17891,Author_17891,9,242.0,16,5538
18740,Author_18740,9,242.0,27,5539
19041,Author_19041,9,242.0,19,5540
20036,Author_20036,9,242.0,15,5541
22304,Author_22304,9,242.0,15,5542
25842,Author_25842,9,242.0,21,5543
29890,Author_29890,9,242.0,15,5544
11628,Author_11628,9,241.0,20,5545
18028,Author_18028,9,241.0,16,5546
24045,Author_24045,9,241.0,22,5547
24512,Author_24512,9,241.0,20,5548
24613,Author_24613,9,241.0,20,5549
11063,Author_11063,9,240.0,19,5550
4098,Author_04098,9,239.0,21,5551
8933,Author_08933,9,239.0,25,5552
11938,Author_11938,9,239.0,16,5553
15906,Author_15906,9,239.0,21,5554
17715,Author_17715,9,239.0,18,5555
22463,Author_22463,9,239.0,16,5556
23426,Author_23426,9,239.0,19,5557
24156,Author_24156,9,239.0,22,5558
24170,Author_24170,9,239.0,21,5559
25510,Author_25510,9,239.0,15,5560
1468,Author_01468,9,238.0,16,5561
3073,Author_03073,9,238.0,21,5562
5304,Author_05304,9,238.0,16,5563
5305,Author_05305,9,238.0,16,5564
7207,Author_07207,9,238.0,16,5565
14568,Author_14568,9,238.0,14,5566
15781,Author_15781,9,238.0,19,5567
27659,Author_27659,9,238.0,17,5568
2430,Author_02430,9,237.0,21,5569
2561,Author_02561,9,237.0,19,5570
3271,Author_03271,9,237.0,27,5571
11650,Author_11650,9,237.0,21,5572
14222,Author_14222,9,237.0,19,5573
27354,Author_27354,9,237.0,22,5574
4276,Author_04276,9,236.0,20,5575
7496,Author_07496,9,236.0,11,5576
12475,Author_12475,9,236.0,18,5577
22390,Author_22390,9,236.0,16,5578
166,Author_00166,9,235.0,18,5579
396,Author_00396,9,235.0,17,5580
9946,Author_09946,9,235.0,22,5581
24579,Author_24579,9,235.0,26,5582
3818,Author_03818,9,234.0,14,5583
15503,Author_15503,9,234.0,22,5584
19084,Author_19084,9,234.0,13,5585
25713,Author_25713,9,234.0,20,5586
27443,Author_27443,9,234.0,20,5587
4467,Author_04467,9,233.0,14,5588
6313,Author_06313,9,233.0,23,5589
14477,Author_14477,9,233.0,22,5590
16271,Author_16271,9,233.0,18,5591
108,Author_00108,9,232.0,17,5592
3155,Author_03155,9,232.0,20,5593
6733,Author_06733,9,232.0,23,5594
9309,Author_09309,9,232.0,17,5595
11255,Author_11255,9,232.0,16,5596
17595,Author_17595,9,232.0,20,5597
20884,Author_20884,9,232.0,22,5598
20921,Author_20921,9,232.0,15,5599
21530,Author_21530,9,232.0,22,5600
1989,Author_01989,9,231.0,18,5601
2365,Author_02365,9,231.0,21,5602
4225,Author_04225,9,231.0,15,5603
11619,Author_11619,9,231.0,21,5604
27771,Author_27771,9,231.0,18,5605
6408,Author_06408,9,230.0,27,5606
8926,Author_08926,9,230.0,25,5607
14605,Author_14605,9,230.0,20,5608
16343,Author_16343,9,230.0,15,5609
18813,Author_18813,9,230.0,18,5610
25106,Author_25106,9,230.0,22,5611
3251,Author_03251,9,229.0,20,5612
7741,Author_07741,9,229.0,15,5613
10091,Author_10091,9,229.0,22,5614
10094,Author_10094,9,229.0,17,5615
19287,Author_19287,9,229.0,16,5616
21473,Author_21473,9,229.0,21,5617
23985,Author_23985,9,229.0,19,5618
27147,Author_27147,9,229.0,19,5619
722,Author_00722,9,228.0,16,5620
4993,Author_04993,9,228.0,22,5621
16782,Author_16782,9,228.0,22,5622
18347,Author_18347,9,228.0,23,5623
24540,Author_24540,9,228.0,19,5624
24721,Author_24721,9,228.0,11,5625
24756,Author_24756,9,228.0,18,5626
29710,Author_29710,9,228.0,17,5627
12698,Author_12698,9,227.0,12,5628
19104,Author_19104,9,227.0,21,5629
4202,Author_04202,9,226.0,20,5630
5176,Author_05176,9,226.0,19,5631
8075,Author_08075,9,226.0,25,5632
9561,Author_09561,9,226.0,18,5633
5567,Author_05567,9,225.0,12,5634
14253,Author_14253,9,225.0,23,5635
24833,Author_24833,9,225.0,25,5636
27551,Author_27551,9,225.0,13,5637
4422,Author_04422,9,224.0,19,5638
5341,Author_05341,9,224.0,23,5639
5932,Author_05932,9,224.0,24,5640
12003,Author_12003,9,224.0,16,5641
12894,Author_12894,9,224.0,10,5642
22360,Author_22360,9,224.0,12,5643
1852,Author_01852,9,223.0,26,5644
2025,Author_02025,9,223.0,23,5645
6159,Author_06159,9,223.0,17,5646
11800,Author_11800,9,223.0,24,5647
15501,Author_15501,9,223.0,22,5648
19386,Author_19386,9,223.0,20,5649
22782,Author_22782,9,223.0,18,5650
23986,Author_23986,9,223.0,16,5651
28522,Author_28522,9,223.0,24,5652
28550,Author_28550,9,223.0,18,5653
2941,Author_02941,9,222.0,16,5654
3108,Author_03108,9,222.0,18,5655
9161,Author_09161,9,222.0,21,5656
11091,Author_11091,9,222.0,13,5657
13388,Author_13388,9,222.0,17,5658
21151,Author_21151,9,222.0,21,5659
24570,Author_24570,9,222.0,20,5660
27791,Author_27791,9,222.0,22,5661
15414,Author_15414,9,221.0,14,5662
17035,Author_17035,9,221.0,19,5663
22625,Author_22625,9,221.0,19,5664
1567,Author_01567,9,220.0,14,5665
1692,Author_01692,9,220.0,20,5666
15952,Author_15952,9,220.0,17,5667
17244,Author_17244,9,220.0,16,5668
20381,Author_20381,9,220.0,24,5669
24137,Author_24137,9,220.0,13,5670
26202,Author_26202,9,220.0,23,5671
27911,Author_27911,9,220.0,19,5672
7524,Author_07524,9,219.0,25,5673
10860,Author_10860,9,219.0,15,5674
13171,Author_13171,9,219.0,21,5675
19030,Author_19030,9,219.0,21,5676
20177,Author_20177,9,219.0,17,5677
22671,Author_22671,9,219.0,17,5678
25082,Author_25082,9,219.0,17,5679
8442,Author_08442,9,218.0,27,5680
12895,Author_12895,9,218.0,21,5681
7969,Author_07969,9,217.0,15,5682
26356,Author_26356,9,217.0,18,5683
29374,Author_29374,9,217.0,19,5684
2333,Author_02333,9,216.0,23,5685
3081,Author_03081,9,216.0,16,5686
21261,Author_21261,9,216.0,17,5687
21849,Author_21849,9,216.0,18,5688
28388,Author_28388,9,216.0,17,5689
28928,Author_28928,9,216.0,16,5690
2968,Author_02968,9,215.0,11,5691
4358,Author_04358,9,215.0,24,5692
9622,Author_09622,9,215.0,12,5693
13051,Author_13051,9,215.0,21,5694
1296,Author_01296,9,214.0,26,5695
8810,Author_08810,9,214.0,26,5696
10733,Author_10733,9,214.0,21,5697
12173,Author_12173,9,214.0,17,5698
12465,Author_12465,9,214.0,17,5699
12867,Author_12867,9,214.0,28,5700
17292,Author_17292,9,214.0,18,5701
17406,Author_17406,9,214.0,18,5702
19420,Author_19420,9,214.0,13,5703
9278,Author_09278,9,213.0,19,5704
14664,Author_14664,9,213.0,15,5705
16965,Author_16965,9,213.0,21,5706
19756,Author_19756,9,213.0,23,5707
19943,Author_19943,9,213.0,14,5708
23690,Author_23690,9,213.0,19,5709
24758,Author_24758,9,213.0,10,5710
26682,Author_26682,9,213.0,16,5711
28460,Author_28460,9,213.0,21,5712
1875,Author_01875,9,212.0,24,5713
3332,Author_03332,9,212.0,15,5714
6591,Author_06591,9,212.0,18,5715
9596,Author_09596,9,212.0,28,5716
15889,Author_15889,9,212.0,28,5717
19618,Author_19618,9,212.0,18,5718
24205,Author_24205,9,212.0,22,5719
24438,Author_24438,9,212.0,16,5720
28855,Author_28855,9,212.0,16,5721
5060,Author_05060,9,211.0,23,5722
5094,Author_05094,9,211.0,14,5723
8034,Author_08034,9,211.0,26,5724
15610,Author_15610,9,211.0,16,5725
16455,Author_16455,9,211.0,20,5726
22786,Author_22786,9,211.0,18,5727
24696,Author_24696,9,211.0,23,5728
1490,Author_01490,9,210.0,23,5729
1805,Author_01805,9,210.0,16,5730
12247,Author_12247,9,210.0,24,5731
26960,Author_26960,9,210.0,18,5732
1544,Author_01544,9,209.0,22,5733
11294,Author_11294,9,209.0,14,5734
12065,Author_12065,9,209.0,21,5735
14389,Author_14389,9,209.0,17,5736
23892,Author_23892,9,209.0,19,5737
24543,Author_24543,9,209.0,12,5738
6286,Author_06286,9,208.0,16,5739
10958,Author_10958,9,208.0,22,5740
17896,Author_17896,9,208.0,18,5741
25603,Author_25603,9,208.0,20,5742
27007,Author_27007,9,207.0,21,5743
29967,Author_29967,9,207.0,20,5744
5690,Author_05690,9,206.0,17,5745
5877,Author_05877,9,206.0,14,5746
21848,Author_21848,9,206.0,15,5747
13375,Author_13375,9,205.0,23,5748
14390,Author_14390,9,205.0,16,5749
16187,Author_16187,9,205.0,18,5750
24970,Author_24970,9,205.0,21,5751
735,Author_00735,9,204.0,22,5752
11478,Author_11478,9,204.0,18,5753
14822,Author_14822,9,204.0,18,5754
15609,Author_15609,9,204.0,21,5755
27108,Author_27108,9,204.0,13,5756
28268,Author_28268,9,204.0,13,5757
7490,Author_07490,9,203.0,19,5758
9542,Author_09542,9,203.0,13,5759
16557,Author_16557,9,203.0,21,5760
17054,Author_17054,9,203.0,14,5761
27946,Author_27946,9,203.0,19,5762
7274,Author_07274,9,202.0,14,5763
15324,Author_15324,9,202.0,15,5764
29336,Author_29336,9,202.0,22,5765
4166,Author_04166,9,201.0,26,5766
4385,Author_04385,9,201.0,15,5767
24563,Author_24563,9,201.0,18,5768
27090,Author_27090,9,201.0,16,5769
27272,Author_27272,9,201.0,13,5770
16215,Author_16215,9,200.0,14,5771
18343,Author_18343,9,200.0,13,5772
5787,Author_05787,9,199.0,16,5773
291,Author_00291,9,198.0,14,5774
845,Author_00845,9,198.0,19,5775
1860,Author_01860,9,198.0,16,5776
3379,Author_03379,9,198.0,24,5777
16980,Author_16980,9,198.0,19,5778
18922,Author_18922,9,198.0,12,5779
8417,Author_08417,9,197.0,17,5780
6343,Author_06343,9,196.0,17,5781
22413,Author_22413,9,196.0,23,5782
24076,Author_24076,9,196.0,27,5783
25581,Author_25581,9,196.0,16,5784
28710,Author_28710,9,196.0,16,5785
664,Author_00664,9,195.0,14,5786
4466,Author_04466,9,195.0,13,5787
14666,Author_14666,9,195.0,17,5788
29905,Author_29905,9,194.0,21,5789
939,Author_00939,9,193.0,16,5790
2287,Author_02287,9,193.0,11,5791
21707,Author_21707,9,193.0,12,5792
11838,Author_11838,9,192.0,14,5793
15633,Author_15633,9,192.0,19,5794
20794,Author_20794,9,192.0,16,5795
23663,Author_23663,9,192.0,17,5796
26083,Author_26083,9,192.0,19,5797
5620,Author_05620,9,191.0,16,5798
17608,Author_17608,9,191.0,16,5799
27745,Author_27745,9,191.0,17,5800
6122,Author_06122,9,190.0,15,5801
11935,Author_11935,9,190.0,18,5802
18777,Author_18777,9,190.0,16,5803
1117,Author_01117,9,189.0,14,5804
2890,Author_02890,9,188.0,16,5805
4908,Author_04908,9,188.0,19,5806
15161,Author_15161,9,188.0,22,5807
2042,Author_02042,9,187.0,14,5808
5166,Author_05166,9,187.0,14,5809
5910,Author_05910,9,187.0,14,5810
12018,Author_12018,9,187.0,18,5811
15500,Author_15500,9,187.0,16,5812
21412,Author_21412,9,187.0,19,5813
23562,Author_23562,9,187.0,16,5814
26536,Author_26536,9,187.0,13,5815
27729,Author_27729,9,187.0,22,5816
7312,Author_07312,9,186.0,13,5817
3157,Author_03157,9,185.0,16,5818
10292,Author_10292,9,184.0,15,5819
21704,Author_21704,9,184.0,17,5820
23923,Author_23923,9,184.0,25,5821
25104,Author_25104,9,183.0,17,5822
1178,Author_01178,9,182.0,16,5823
15228,Author_15228,9,182.0,10,5824
1944,Author_01944,9,181.0,10,5825
2089,Author_02089,9,181.0,13,5826
3641,Author_03641,9,181.0,21,5827
12175,Author_12175,9,181.0,13,5828
18246,Author_18246,9,181.0,15,5829
9740,Author_09740,9,180.0,18,5830
15369,Author_15369,9,180.0,16,5831
16059,Author_16059,9,180.0,18,5832
4318,Author_04318,9,179.0,19,5833
10471,Author_10471,9,178.0,16,5834
14864,Author_14864,9,178.0,19,5835
25058,Author_25058,9,178.0,10,5836
2297,Author_02297,9,177.0,13,5837
9523,Author_09523,9,177.0,12,5838
3797,Author_03797,9,176.0,18,5839
29965,Author_29965,9,176.0,17,5840
1219,Author_01219,9,175.0,17,5841
17360,Author_17360,9,175.0,13,5842
20163,Author_20163,9,174.0,11,5843
1162,Author_01162,9,173.0,17,5844
5661,Author_05661,9,173.0,15,5845
15446,Author_15446,9,173.0,18,5846
171,Author_00171,9,172.0,17,5847
28093,Author_28093,9,172.0,13,5848
16413,Author_16413,9,170.0,18,5849
8344,Author_08344,9,169.0,18,5850
28976,Author_28976,9,169.0,21,5851
5422,Author_05422,9,168.0,18,5852
20679,Author_20679,9,168.0,17,5853
6067,Author_06067,9,167.0,12,5854
11943,Author_11943,9,167.0,17,5855
27503,Author_27503,9,167.0,17,5856
1730,Author_01730,9,166.0,14,5857
15722,Author_15722,9,166.0,15,5858
29456,Author_29456,9,166.0,18,5859
8178,Author_08178,9,159.0,20,5860
22402,Author_22402,9,158.0,17,5861
8358,Author_08358,9,155.0,23,5862
4439,Author_04439,9,153.0,16,5863
26680,Author_26680,9,153.0,11,5864
6783,Author_06783,8,9645.0,11,5865
9944,Author_09944,8,7029.0,9,5866
28936,Author_28936,8,5334.0,21,5867
27284,Author_27284,8,5225.0,13,5868
12934,Author_12934,8,5204.0,15,5869
20024,Author_20024,8,4701.0,16,5870
29013,Author_29013,8,4119.0,15,5871
29621,Author_29621,8,3595.0,14,5872
16196,Author_16196,8,2570.0,12,5873
14595,Author_14595,8,2510.0,18,5874
29999,Author_29999,8,2464.0,14,5875
16216,Author_16216,8,2340.0,21,5876
13959,Author_13959,8,2316.0,13,5877
23555,Author_23555,8,2218.0,25,5878
25284,Author_25284,8,2199.0,14,5879
10132,Author_10132,8,2002.0,18,5880
27976,Author_27976,8,1355.0,20,5881
27450,Author_27450,8,1333.0,19,5882
2818,Author_02818,8,1302.0,26,5883
7924,Author_07924,8,1302.0,23,5884
15742,Author_15742,8,1169.0,18,5885
15825,Author_15825,8,1162.0,18,5886
20576,Author_20576,8,1140.0,16,5887
11864,Author_11864,8,1133.0,10,5888
26199,Author_26199,8,1066.0,18,5889
18841,Author_18841,8,1064.0,14,5890
7349,Author_07349,8,1050.0,13,5891
27583,Author_27583,8,1048.0,13,5892
26467,Author_26467,8,1032.0,19,5893
1450,Author_01450,8,1010.0,19,5894
20811,Author_20811,8,1009.0,20,5895
9556,Author_09556,8,981.0,19,5896
3961,Author_03961,8,952.0,15,5897
1148,Author_01148,8,951.0,18,5898
16811,Author_16811,8,920.0,19,5899
5525,Author_05525,8,918.0,11,5900
6388,Author_06388,8,907.0,16,5901
2558,Author_02558,8,902.0,17,5902
11254,Author_11254,8,884.0,17,5903
10416,Author_10416,8,876.0,10,5904
15090,Author_15090,8,868.0,14,5905
10061,Author_10061,8,861.0,13,5906
3587,Author_03587,8,858.0,13,5907
184,Author_00184,8,842.0,16,5908
28530,Author_28530,8,839.0,16,5909
29798,Author_29798,8,823.0,13,5910
21259,Author_21259,8,815.0,25,5911
20606,Author_20606,8,812.0,18,5912
5142,Author_05142,8,798.0,13,5913
29224,Author_29224,8,784.0,15,5914
5280,Author_05280,8,777.0,14,5915
21027,Author_21027,8,768.0,17,5916
3658,Author_03658,8,766.0,20,5917
18389,Author_18389,8,763.0,17,5918
20931,Author_20931,8,758.0,22,5919
5230,Author_05230,8,748.0,20,5920
1434,Author_01434,8,745.0,17,5921
511,Author_00511,8,742.0,24,5922
25048,Author_25048,8,728.0,15,5923
16338,Author_16338,8,724.0,18,5924
21670,Author_21670,8,712.0,10,5925
16451,Author_16451,8,709.0,26,5926
28258,Author_28258,8,706.0,19,5927
26896,Author_26896,8,701.0,14,5928
24813,Author_24813,8,694.0,23,5929
29150,Author_29150,8,694.0,16,5930
15960,Author_15960,8,690.0,16,5931
2633,Author_02633,8,689.0,19,5932
4215,Author_04215,8,689.0,11,5933
3843,Author_03843,8,685.0,11,5934
15490,Author_15490,8,682.0,14,5935
7050,Author_07050,8,679.0,16,5936
27990,Author_27990,8,679.0,24,5937
15703,Author_15703,8,672.0,15,5938
25685,Author_25685,8,671.0,13,5939
22780,Author_22780,8,669.0,18,5940
26235,Author_26235,8,666.0,14,5941
10265,Author_10265,8,661.0,20,5942
14358,Author_14358,8,657.0,17,5943
13399,Author_13399,8,656.0,23,5944
9981,Author_09981,8,653.0,21,5945
4086,Author_04086,8,650.0,13,5946
5357,Author_05357,8,648.0,17,5947
25000,Author_25000,8,648.0,17,5948
5987,Author_05987,8,645.0,22,5949
26440,Author_26440,8,640.0,22,5950
29407,Author_29407,8,640.0,21,5951
24416,Author_24416,8,634.0,14,5952
10201,Author_10201,8,631.0,13,5953
10182,Author_10182,8,613.0,10,5954
17205,Author_17205,8,612.0,18,5955
7088,Author_07088,8,609.0,27,5956
13057,Author_13057,8,605.0,11,5957
29342,Author_29342,8,601.0,18,5958
20895,Author_20895,8,599.0,19,5959
9441,Author_09441,8,597.0,33,5960
7252,Author_07252,8,587.0,18,5961
27348,Author_27348,8,576.0,13,5962
21713,Author_21713,8,574.0,13,5963
12089,Author_12089,8,572.0,18,5964
9416,Author_09416,8,562.0,12,5965
15240,Author_15240,8,556.0,12,5966
19872,Author_19872,8,552.0,22,5967
1020,Author_01020,8,550.0,17,5968
2281,Author_02281,8,550.0,12,5969
18234,Author_18234,8,550.0,14,5970
17064,Author_17064,8,549.0,14,5971
24055,Author_24055,8,548.0,17,5972
28739,Author_28739,8,541.0,23,5973
12888,Author_12888,8,539.0,12,5974
13252,Author_13252,8,538.0,18,5975
24083,Author_24083,8,537.0,13,5976
8589,Author_08589,8,534.0,16,5977
18646,Author_18646,8,531.0,16,5978
3014,Author_03014,8,530.0,12,5979
2830,Author_02830,8,529.0,19,5980
10421,Author_10421,8,529.0,18,5981
356,Author_00356,8,528.0,16,5982
1571,Author_01571,8,528.0,27,5983
20351,Author_20351,8,527.0,18,5984
7811,Author_07811,8,526.0,17,5985
26078,Author_26078,8,523.0,13,5986
15619,Author_15619,8,521.0,16,5987
10297,Author_10297,8,520.0,22,5988
14571,Author_14571,8,520.0,17,5989
4443,Author_04443,8,518.0,14,5990
15486,Author_15486,8,517.0,13,5991
9943,Author_09943,8,515.0,17,5992
20836,Author_20836,8,515.0,23,5993
10440,Author_10440,8,511.0,17,5994
20504,Author_20504,8,510.0,11,5995
23655,Author_23655,8,510.0,17,5996
26821,Author_26821,8,510.0,16,5997
6012,Author_06012,8,507.0,12,5998
18093,Author_18093,8,507.0,17,5999
24771,Author_24771,8,505.0,15,6000
835,Author_00835,8,504.0,10,6001
20968,Author_20968,8,503.0,24,6002
29488,Author_29488,8,503.0,13,6003
8862,Author_08862,8,502.0,18,6004
23564,Author_23564,8,502.0,18,6005
3986,Author_03986,8,500.0,20,6006
12436,Author_12436,8,500.0,20,6007
29788,Author_29788,8,499.0,16,6008
29189,Author_29189,8,498.0,10,6009
24503,Author_24503,8,497.0,16,6010
6716,Author_06716,8,496.0,18,6011
4437,Author_04437,8,495.0,18,6012
7351,Author_07351,8,495.0,18,6013
8103,Author_08103,8,495.0,12,6014
4889,Author_04889,8,494.0,20,6015
18745,Author_18745,8,494.0,13,6016
1514,Author_01514,8,493.0,15,6017
17926,Author_17926,8,493.0,25,6018
14101,Author_14101,8,492.0,27,6019
22893,Author_22893,8,492.0,18,6020
23307,Author_23307,8,491.0,16,6021
28546,Author_28546,8,490.0,12,6022
25881,Author_25881,8,489.0,18,6023
3444,Author_03444,8,488.0,15,6024
15188,Author_15188,8,488.0,19,6025
8372,Author_08372,8,485.0,18,6026
17798,Author_17798,8,484.0,17,6027
9758,Author_09758,8,483.0,14,6028
237,Author_00237,8,481.0,16,6029
11615,Author_11615,8,481.0,17,6030
7962,Author_07962,8,478.0,17,6031
27268,Author_27268,8,478.0,18,6032
13969,Author_13969,8,477.0,18,6033
21152,Author_21152,8,475.0,19,6034
22182,Author_22182,8,475.0,25,6035
24804,Author_24804,8,474.0,13,6036
18695,Author_18695,8,473.0,12,6037
12365,Author_12365,8,472.0,18,6038
16414,Author_16414,8,472.0,14,6039
7007,Author_07007,8,471.0,19,6040
14116,Author_14116,8,471.0,13,6041
24013,Author_24013,8,470.0,22,6042
29934,Author_29934,8,470.0,12,6043
13863,Author_13863,8,469.0,13,6044
25285,Author_25285,8,468.0,23,6045
18611,Author_18611,8,467.0,20,6046
19883,Author_19883,8,467.0,21,6047
18973,Author_18973,8,466.0,16,6048
16663,Author_16663,8,465.0,16,6049
18337,Author_18337,8,464.0,17,6050
3289,Author_03289,8,463.0,19,6051
3656,Author_03656,8,463.0,17,6052
3995,Author_03995,8,463.0,23,6053
18953,Author_18953,8,463.0,19,6054
3833,Author_03833,8,462.0,14,6055
14673,Author_14673,8,462.0,11,6056
15105,Author_15105,8,462.0,16,6057
17742,Author_17742,8,462.0,11,6058
23795,Author_23795,8,462.0,16,6059
1943,Author_01943,8,460.0,28,6060
8888,Author_08888,8,456.0,24,6061
20336,Author_20336,8,456.0,21,6062
23949,Author_23949,8,455.0,13,6063
26438,Author_26438,8,454.0,13,6064
27970,Author_27970,8,454.0,16,6065
17006,Author_17006,8,452.0,15,6066
791,Author_00791,8,451.0,16,6067
17258,Author_17258,8,450.0,19,6068
28977,Author_28977,8,450.0,18,6069
4374,Author_04374,8,449.0,18,6070
19877,Author_19877,8,449.0,13,6071
29712,Author_29712,8,449.0,19,6072
1203,Author_01203,8,448.0,15,6073
20397,Author_20397,8,448.0,19,6074
10052,Author_10052,8,447.0,12,6075
5694,Author_05694,8,444.0,15,6076
15457,Author_15457,8,444.0,23,6077
21349,Author_21349,8,444.0,29,6078
17560,Author_17560,8,443.0,25,6079
23037,Author_23037,8,443.0,14,6080
196,Author_00196,8,441.0,21,6081
4997,Author_04997,8,441.0,22,6082
9751,Author_09751,8,441.0,16,6083
27627,Author_27627,8,441.0,21,6084
17492,Author_17492,8,440.0,17,6085
78,Author_00078,8,439.0,18,6086
17192,Author_17192,8,439.0,24,6087
28615,Author_28615,8,439.0,13,6088
26816,Author_26816,8,438.0,18,6089
2924,Author_02924,8,436.0,13,6090
29589,Author_29589,8,436.0,19,6091
17804,Author_17804,8,435.0,21,6092
4227,Author_04227,8,434.0,12,6093
27884,Author_27884,8,434.0,14,6094
7932,Author_07932,8,433.0,21,6095
19614,Author_19614,8,432.0,26,6096
5134,Author_05134,8,431.0,21,6097
17275,Author_17275,8,431.0,18,6098
23581,Author_23581,8,430.0,19,6099
6180,Author_06180,8,429.0,13,6100
7402,Author_07402,8,429.0,19,6101
17145,Author_17145,8,429.0,12,6102
990,Author_00990,8,428.0,18,6103
7753,Author_07753,8,428.0,19,6104
24732,Author_24732,8,427.0,13,6105
8391,Author_08391,8,426.0,17,6106
13397,Author_13397,8,425.0,11,6107
2225,Author_02225,8,424.0,14,6108
3412,Author_03412,8,424.0,14,6109
1230,Author_01230,8,423.0,13,6110
188,Author_00188,8,422.0,12,6111
8927,Author_08927,8,422.0,14,6112
16991,Author_16991,8,422.0,19,6113
23065,Author_23065,8,422.0,20,6114
5937,Author_05937,8,421.0,17,6115
18815,Author_18815,8,421.0,22,6116
13040,Author_13040,8,420.0,30,6117
3230,Author_03230,8,419.0,24,6118
4153,Author_04153,8,419.0,16,6119
6476,Author_06476,8,419.0,10,6120
18884,Author_18884,8,419.0,22,6121
4917,Author_04917,8,417.0,16,6122
18631,Author_18631,8,417.0,13,6123
1027,Author_01027,8,415.0,11,6124
19703,Author_19703,8,415.0,11,6125
20259,Author_20259,8,415.0,22,6126
21072,Author_21072,8,414.0,14,6127
22375,Author_22375,8,414.0,13,6128
29550,Author_29550,8,414.0,15,6129
4915,Author_04915,8,413.0,14,6130
12597,Author_12597,8,413.0,18,6131
14672,Author_14672,8,412.0,21,6132
15065,Author_15065,8,412.0,16,6133
20366,Author_20366,8,412.0,21,6134
20463,Author_20463,8,412.0,15,6135
8660,Author_08660,8,411.0,16,6136
10597,Author_10597,8,410.0,17,6137
20118,Author_20118,8,410.0,11,6138
24529,Author_24529,8,409.0,18,6139
631,Author_00631,8,408.0,16,6140
3801,Author_03801,8,408.0,16,6141
4270,Author_04270,8,408.0,15,6142
15416,Author_15416,8,408.0,14,6143
7302,Author_07302,8,407.0,18,6144
20267,Author_20267,8,407.0,18,6145
26334,Author_26334,8,407.0,25,6146
4174,Author_04174,8,405.0,21,6147
11401,Author_11401,8,405.0,16,6148
11918,Author_11918,8,405.0,16,6149
12483,Author_12483,8,405.0,11,6150
21156,Author_21156,8,405.0,25,6151
21871,Author_21871,8,405.0,15,6152
10548,Author_10548,8,404.0,16,6153
19207,Author_19207,8,404.0,12,6154
21883,Author_21883,8,404.0,27,6155
18539,Author_18539,8,403.0,30,6156
28144,Author_28144,8,403.0,13,6157
24058,Author_24058,8,401.0,17,6158
14134,Author_14134,8,400.0,18,6159
22586,Author_22586,8,399.0,12,6160
19894,Author_19894,8,398.0,20,6161
9498,Author_09498,8,397.0,22,6162
22277,Author_22277,8,397.0,17,6163
13138,Author_13138,8,395.0,13,6164
15971,Author_15971,8,395.0,13,6165
20888,Author_20888,8,393.0,23,6166
16240,Author_16240,8,392.0,19,6167
27823,Author_27823,8,392.0,19,6168
5167,Author_05167,8,390.0,16,6169
20182,Author_20182,8,390.0,16,6170
26304,Author_26304,8,390.0,21,6171
17010,Author_17010,8,389.0,19,6172
24113,Author_24113,8,389.0,19,6173
2876,Author_02876,8,388.0,12,6174
5671,Author_05671,8,388.0,12,6175
6695,Author_06695,8,388.0,13,6176
18573,Author_18573,8,388.0,17,6177
23289,Author_23289,8,388.0,23,6178
19706,Author_19706,8,387.0,13,6179
11180,Author_11180,8,386.0,11,6180
14625,Author_14625,8,386.0,15,6181
19861,Author_19861,8,386.0,17,6182
143,Author_00143,8,385.0,15,6183
9620,Author_09620,8,385.0,17,6184
208,Author_00208,8,384.0,21,6185
6466,Author_06466,8,384.0,13,6186
15356,Author_15356,8,384.0,16,6187
17756,Author_17756,8,384.0,14,6188
11502,Author_11502,8,383.0,19,6189
17201,Author_17201,8,383.0,26,6190
19838,Author_19838,8,383.0,20,6191
21576,Author_21576,8,383.0,19,6192
5607,Author_05607,8,382.0,13,6193
7357,Author_07357,8,382.0,18,6194
14630,Author_14630,8,382.0,10,6195
4475,Author_04475,8,381.0,18,6196
21526,Author_21526,8,381.0,13,6197
25278,Author_25278,8,381.0,17,6198
6276,Author_06276,8,380.0,24,6199
11071,Author_11071,8,380.0,11,6200
11759,Author_11759,8,378.0,18,6201
20719,Author_20719,8,378.0,16,6202
2317,Author_02317,8,376.0,18,6203
4649,Author_04649,8,376.0,16,6204
25311,Author_25311,8,376.0,20,6205
10669,Author_10669,8,375.0,16,6206
23374,Author_23374,8,375.0,23,6207
10110,Author_10110,8,374.0,21,6208
23499,Author_23499,8,374.0,15,6209
29263,Author_29263,8,374.0,9,6210
16823,Author_16823,8,373.0,18,6211
18613,Author_18613,8,373.0,16,6212
25592,Author_25592,8,373.0,18,6213
5644,Author_05644,8,372.0,11,6214
6790,Author_06790,8,372.0,15,6215
16315,Author_16315,8,372.0,12,6216
12454,Author_12454,8,371.0,18,6217
15929,Author_15929,8,371.0,16,6218
21350,Author_21350,8,371.0,22,6219
29623,Author_29623,8,371.0,21,6220
3946,Author_03946,8,370.0,14,6221
15907,Author_15907,8,370.0,14,6222
27059,Author_27059,8,370.0,16,6223
469,Author_00469,8,369.0,20,6224
2004,Author_02004,8,369.0,20,6225
4398,Author_04398,8,369.0,19,6226
10717,Author_10717,8,369.0,15,6227
17494,Author_17494,8,369.0,10,6228
17179,Author_17179,8,368.0,20,6229
17536,Author_17536,8,368.0,15,6230
18670,Author_18670,8,368.0,17,6231
581,Author_00581,8,367.0,18,6232
3209,Author_03209,8,367.0,15,6233
15821,Author_15821,8,365.0,24,6234
16998,Author_16998,8,365.0,19,6235
17612,Author_17612,8,365.0,20,6236
23237,Author_23237,8,365.0,11,6237
6567,Author_06567,8,363.0,25,6238
6030,Author_06030,8,362.0,18,6239
6404,Author_06404,8,362.0,11,6240
12573,Author_12573,8,362.0,21,6241
3562,Author_03562,8,361.0,18,6242
8362,Author_08362,8,361.0,12,6243
9990,Author_09990,8,360.0,14,6244
12398,Author_12398,8,360.0,13,6245
21796,Author_21796,8,360.0,15,6246
25419,Author_25419,8,359.0,15,6247
28652,Author_28652,8,359.0,19,6248
29703,Author_29703,8,359.0,21,6249
13557,Author_13557,8,358.0,10,6250
22873,Author_22873,8,358.0,13,6251
23714,Author_23714,8,358.0,18,6252
21252,Author_21252,8,357.0,20,6253
10519,Author_10519,8,356.0,20,6254
4072,Author_04072,8,355.0,12,6255
26700,Author_26700,8,355.0,12,6256
28549,Author_28549,8,355.0,10,6257
14376,Author_14376,8,354.0,20,6258
11288,Author_11288,8,353.0,13,6259
26332,Author_26332,8,353.0,15,6260
14584,Author_14584,8,352.0,25,6261
15152,Author_15152,8,352.0,14,6262
17962,Author_17962,8,352.0,25,6263
21894,Author_21894,8,352.0,22,6264
1834,Author_01834,8,351.0,24,6265
3728,Author_03728,8,351.0,19,6266
17973,Author_17973,8,351.0,27,6267
27417,Author_27417,8,351.0,16,6268
7340,Author_07340,8,350.0,16,6269
18431,Author_18431,8,350.0,8,6270
19099,Author_19099,8,350.0,17,6271
24192,Author_24192,8,350.0,14,6272
25098,Author_25098,8,350.0,19,6273
7356,Author_07356,8,349.0,18,6274
11520,Author_11520,8,349.0,18,6275
18944,Author_18944,8,349.0,17,6276
23677,Author_23677,8,349.0,14,6277
5494,Author_05494,8,348.0,13,6278
15284,Author_15284,8,348.0,16,6279
16718,Author_16718,8,348.0,16,6280
17937,Author_17937,8,348.0,12,6281
27261,Author_27261,8,348.0,16,6282
29823,Author_29823,8,348.0,13,6283
8844,Author_08844,8,347.0,26,6284
9648,Author_09648,8,346.0,14,6285
25318,Author_25318,8,346.0,16,6286
24826,Author_24826,8,345.0,13,6287
1906,Author_01906,8,344.0,17,6288
2946,Author_02946,8,344.0,17,6289
21806,Author_21806,8,344.0,28,6290
22081,Author_22081,8,344.0,25,6291
13541,Author_13541,8,343.0,20,6292
15780,Author_15780,8,343.0,11,6293
26988,Author_26988,8,343.0,16,6294
28850,Author_28850,8,343.0,12,6295
20595,Author_20595,8,342.0,18,6296
218,Author_00218,8,341.0,14,6297
11774,Author_11774,8,341.0,15,6298
19491,Author_19491,8,341.0,13,6299
20637,Author_20637,8,341.0,18,6300
837,Author_00837,8,340.0,20,6301
8462,Author_08462,8,340.0,21,6302
28849,Author_28849,8,340.0,9,6303
1328,Author_01328,8,339.0,27,6304
11994,Author_11994,8,339.0,20,6305
1610,Author_01610,8,338.0,15,6306
4300,Author_04300,8,338.0,20,6307
8254,Author_08254,8,338.0,15,6308
20464,Author_20464,8,337.0,21,6309
120,Author_00120,8,336.0,22,6310
5147,Author_05147,8,336.0,20,6311
7155,Author_07155,8,336.0,16,6312
10425,Author_10425,8,336.0,22,6313
28001,Author_28001,8,336.0,14,6314
6460,Author_06460,8,335.0,14,6315
7366,Author_07366,8,335.0,18,6316
7593,Author_07593,8,335.0,21,6317
13649,Author_13649,8,335.0,18,6318
24337,Author_24337,8,335.0,16,6319
27889,Author_27889,8,335.0,22,6320
8322,Author_08322,8,334.0,22,6321
20469,Author_20469,8,334.0,15,6322
7177,Author_07177,8,333.0,16,6323
9794,Author_09794,8,333.0,10,6324
23638,Author_23638,8,333.0,11,6325
28772,Author_28772,8,333.0,9,6326
1667,Author_01667,8,332.0,17,6327
11897,Author_11897,8,332.0,17,6328
12188,Author_12188,8,332.0,17,6329
16350,Author_16350,8,331.0,16,6330
16941,Author_16941,8,331.0,18,6331
23153,Author_23153,8,331.0,12,6332
11985,Author_11985,8,330.0,20,6333
18342,Author_18342,8,330.0,14,6334
20195,Author_20195,8,330.0,21,6335
22611,Author_22611,8,330.0,20,6336
27624,Author_27624,8,330.0,24,6337
29732,Author_29732,8,330.0,15,6338
1282,Author_01282,8,329.0,14,6339
18131,Author_18131,8,329.0,17,6340
23692,Author_23692,8,329.0,20,6341
28275,Author_28275,8,329.0,20,6342
17532,Author_17532,8,328.0,19,6343
27092,Author_27092,8,328.0,21,6344
1809,Author_01809,8,327.0,14,6345
4500,Author_04500,8,327.0,14,6346
26206,Author_26206,8,327.0,15,6347
14838,Author_14838,8,326.0,12,6348
19584,Author_19584,8,326.0,29,6349
22094,Author_22094,8,326.0,12,6350
26943,Author_26943,8,326.0,12,6351
27819,Author_27819,8,326.0,20,6352
29468,Author_29468,8,326.0,14,6353
2349,Author_02349,8,325.0,14,6354
4639,Author_04639,8,325.0,13,6355
4721,Author_04721,8,325.0,16,6356
21708,Author_21708,8,325.0,18,6357
23448,Author_23448,8,325.0,18,6358
4301,Author_04301,8,324.0,18,6359
7327,Author_07327,8,324.0,20,6360
19787,Author_19787,8,324.0,13,6361
25916,Author_25916,8,324.0,14,6362
27104,Author_27104,8,324.0,12,6363
1458,Author_01458,8,323.0,17,6364
7348,Author_07348,8,323.0,14,6365
26460,Author_26460,8,323.0,14,6366
4954,Author_04954,8,322.0,18,6367
13520,Author_13520,8,322.0,13,6368
26834,Author_26834,8,322.0,11,6369
9070,Author_09070,8,321.0,19,6370
11264,Author_11264,8,321.0,25,6371
13131,Author_13131,8,321.0,10,6372
18932,Author_18932,8,321.0,10,6373
25119,Author_25119,8,321.0,23,6374
27637,Author_27637,8,321.0,27,6375
189,Author_00189,8,320.0,20,6376
13956,Author_13956,8,320.0,21,6377
16747,Author_16747,8,320.0,12,6378
17602,Author_17602,8,320.0,16,6379
19696,Author_19696,8,320.0,14,6380
24737,Author_24737,8,320.0,13,6381
25705,Author_25705,8,320.0,14,6382
26662,Author_26662,8,320.0,17,6383
11711,Author_11711,8,319.0,24,6384
20363,Author_20363,8,319.0,11,6385
21281,Author_21281,8,319.0,20,6386
23002,Author_23002,8,319.0,15,6387
3664,Author_03664,8,318.0,27,6388
20961,Author_20961,8,318.0,18,6389
22307,Author_22307,8,318.0,18,6390
91,Author_00091,8,317.0,29,6391
1340,Author_01340,8,317.0,21,6392
5535,Author_05535,8,317.0,16,6393
6396,Author_06396,8,317.0,26,6394
14652,Author_14652,8,317.0,31,6395
22303,Author_22303,8,317.0,20,6396
28879,Author_28879,8,317.0,14,6397
19898,Author_19898,8,316.0,14,6398
29770,Author_29770,8,316.0,21,6399
8654,Author_08654,8,315.0,18,6400
13284,Author_13284,8,315.0,22,6401
16353,Author_16353,8,315.0,11,6402
7138,Author_07138,8,314.0,20,6403
14929,Author_14929,8,314.0,20,6404
4256,Author_04256,8,313.0,13,6405
8321,Author_08321,8,313.0,19,6406
8934,Author_08934,8,313.0,14,6407
13867,Author_13867,8,313.0,15,6408
855,Author_00855,8,312.0,22,6409
2927,Author_02927,8,312.0,19,6410
9588,Author_09588,8,312.0,27,6411
21466,Author_21466,8,312.0,17,6412
22583,Author_22583,8,312.0,12,6413
22690,Author_22690,8,312.0,16,6414
25016,Author_25016,8,312.0,20,6415
1495,Author_01495,8,311.0,12,6416
3021,Author_03021,8,311.0,18,6417
14267,Author_14267,8,311.0,12,6418
24539,Author_24539,8,311.0,22,6419
2627,Author_02627,8,310.0,14,6420
4144,Author_04144,8,310.0,20,6421
10930,Author_10930,8,310.0,18,6422
21597,Author_21597,8,310.0,12,6423
21607,Author_21607,8,310.0,14,6424
21973,Author_21973,8,310.0,21,6425
23112,Author_23112,8,310.0,13,6426
24672,Author_24672,8,310.0,23,6427
25175,Author_25175,8,310.0,19,6428
26719,Author_26719,8,310.0,16,6429
27720,Author_27720,8,310.0,13,6430
14214,Author_14214,8,309.0,16,6431
15479,Author_15479,8,309.0,24,6432
15747,Author_15747,8,309.0,16,6433
16094,Author_16094,8,309.0,14,6434
17316,Author_17316,8,309.0,10,6435
27406,Author_27406,8,309.0,15,6436
29184,Author_29184,8,309.0,18,6437
5264,Author_05264,8,308.0,19,6438
19245,Author_19245,8,308.0,16,6439
513,Author_00513,8,307.0,15,6440
1058,Author_01058,8,307.0,12,6441
6634,Author_06634,8,307.0,20,6442
11593,Author_11593,8,307.0,17,6443
22595,Author_22595,8,307.0,18,6444
29404,Author_29404,8,307.0,17,6445
2828,Author_02828,8,306.0,16,6446
7253,Author_07253,8,306.0,20,6447
11015,Author_11015,8,306.0,19,6448
15645,Author_15645,8,306.0,14,6449
26703,Author_26703,8,306.0,19,6450
26772,Author_26772,8,306.0,17,6451
6145,Author_06145,8,305.0,15,6452
7422,Author_07422,8,305.0,12,6453
10800,Author_10800,8,305.0,16,6454
28363,Author_28363,8,305.0,16,6455
21691,Author_21691,8,304.0,16,6456
24775,Author_24775,8,304.0,14,6457
29785,Author_29785,8,304.0,17,6458
12621,Author_12621,8,303.0,16,6459
20503,Author_20503,8,303.0,24,6460
24680,Author_24680,8,303.0,22,6461
1229,Author_01229,8,302.0,14,6462
6322,Author_06322,8,302.0,16,6463
7560,Author_07560,8,302.0,19,6464
16862,Author_16862,8,302.0,11,6465
24942,Author_24942,8,302.0,23,6466
3358,Author_03358,8,301.0,16,6467
4047,Author_04047,8,301.0,23,6468
9465,Author_09465,8,301.0,13,6469
20037,Author_20037,8,301.0,11,6470
25456,Author_25456,8,301.0,13,6471
29594,Author_29594,8,301.0,14,6472
29634,Author_29634,8,300.0,15,6473
21804,Author_21804,8,299.0,15,6474
24167,Author_24167,8,299.0,19,6475
4691,Author_04691,8,298.0,14,6476
5982,Author_05982,8,298.0,19,6477
6578,Author_06578,8,298.0,22,6478
23623,Author_23623,8,298.0,12,6479
26108,Author_26108,8,298.0,14,6480
26740,Author_26740,8,298.0,13,6481
27132,Author_27132,8,298.0,16,6482
45,Author_00045,8,297.0,15,6483
50,Author_00050,8,297.0,23,6484
1022,Author_01022,8,297.0,19,6485
12858,Author_12858,8,297.0,15,6486
14481,Author_14481,8,297.0,14,6487
24625,Author_24625,8,297.0,13,6488
27144,Author_27144,8,297.0,19,6489
9710,Author_09710,8,296.0,18,6490
14417,Author_14417,8,296.0,12,6491
17953,Author_17953,8,296.0,25,6492
20608,Author_20608,8,296.0,18,6493
9493,Author_09493,8,295.0,18,6494
22378,Author_22378,8,295.0,15,6495
27088,Author_27088,8,295.0,17,6496
2404,Author_02404,8,294.0,14,6497
6360,Author_06360,8,294.0,18,6498
10354,Author_10354,8,294.0,13,6499
12650,Author_12650,8,294.0,18,6500
18333,Author_18333,8,294.0,22,6501
20834,Author_20834,8,294.0,14,6502
18900,Author_18900,8,293.0,14,6503
19617,Author_19617,8,293.0,17,6504
26637,Author_26637,8,293.0,17,6505
10441,Author_10441,8,292.0,18,6506
14660,Author_14660,8,292.0,18,6507
17562,Author_17562,8,292.0,15,6508
19332,Author_19332,8,292.0,14,6509
24884,Author_24884,8,292.0,18,6510
29254,Author_29254,8,292.0,21,6511
4370,Author_04370,8,291.0,16,6512
13054,Author_13054,8,291.0,9,6513
14576,Author_14576,8,291.0,15,6514
15637,Author_15637,8,291.0,19,6515
17596,Author_17596,8,291.0,14,6516
17784,Author_17784,8,291.0,21,6517
21962,Author_21962,8,291.0,24,6518
25861,Author_25861,8,291.0,19,6519
26859,Author_26859,8,291.0,21,6520
1775,Author_01775,8,290.0,22,6521
8873,Author_08873,8,290.0,16,6522
10452,Author_10452,8,290.0,21,6523
18451,Author_18451,8,290.0,15,6524
24467,Author_24467,8,290.0,17,6525
25151,Author_25151,8,290.0,16,6526
26694,Author_26694,8,290.0,19,6527
28323,Author_28323,8,290.0,22,6528
10114,Author_10114,8,289.0,10,6529
10619,Author_10619,8,289.0,29,6530
19716,Author_19716,8,289.0,22,6531
25010,Author_25010,8,289.0,12,6532
27205,Author_27205,8,289.0,13,6533
1397,Author_01397,8,288.0,14,6534
2656,Author_02656,8,288.0,17,6535
6157,Author_06157,8,288.0,23,6536
6971,Author_06971,8,288.0,24,6537
7127,Author_07127,8,288.0,13,6538
17197,Author_17197,8,288.0,13,6539
3422,Author_03422,8,287.0,13,6540
10871,Author_10871,8,287.0,20,6541
18911,Author_18911,8,287.0,12,6542
19682,Author_19682,8,287.0,18,6543
7890,Author_07890,8,286.0,11,6544
11746,Author_11746,8,286.0,21,6545
13758,Author_13758,8,286.0,16,6546
14948,Author_14948,8,286.0,19,6547
15687,Author_15687,8,286.0,24,6548
15943,Author_15943,8,286.0,16,6549
20548,Author_20548,8,286.0,31,6550
24469,Author_24469,8,286.0,17,6551
26409,Author_26409,8,286.0,11,6552
29020,Author_29020,8,286.0,11,6553
1031,Author_01031,8,285.0,25,6554
2316,Author_02316,8,285.0,11,6555
4406,Author_04406,8,285.0,15,6556
9974,Author_09974,8,285.0,12,6557
12249,Author_12249,8,285.0,14,6558
12594,Author_12594,8,285.0,23,6559
13075,Author_13075,8,285.0,13,6560
17584,Author_17584,8,285.0,13,6561
17597,Author_17597,8,285.0,22,6562
18965,Author_18965,8,285.0,17,6563
21840,Author_21840,8,285.0,15,6564
3082,Author_03082,8,284.0,19,6565
5397,Author_05397,8,284.0,12,6566
8291,Author_08291,8,284.0,14,6567
10291,Author_10291,8,284.0,18,6568
17768,Author_17768,8,284.0,19,6569
20403,Author_20403,8,284.0,21,6570
20667,Author_20667,8,284.0,27,6571
22097,Author_22097,8,284.0,13,6572
23454,Author_23454,8,284.0,11,6573
28839,Author_28839,8,284.0,14,6574
1221,Author_01221,8,283.0,19,6575
2601,Author_02601,8,283.0,15,6576
11265,Author_11265,8,283.0,14,6577
14621,Author_14621,8,283.0,16,6578
17817,Author_17817,8,283.0,19,6579
17892,Author_17892,8,283.0,14,6580
19643,Author_19643,8,283.0,15,6581
29607,Author_29607,8,283.0,14,6582
2199,Author_02199,8,282.0,16,6583
3832,Author_03832,8,282.0,35,6584
20796,Author_20796,8,282.0,10,6585
21976,Author_21976,8,282.0,19,6586
25607,Author_25607,8,282.0,15,6587
27855,Author_27855,8,282.0,18,6588
29137,Author_29137,8,282.0,24,6589
167,Author_00167,8,281.0,28,6590
3654,Author_03654,8,281.0,20,6591
7415,Author_07415,8,281.0,15,6592
10751,Author_10751,8,281.0,19,6593
14723,Author_14723,8,281.0,17,6594
24936,Author_24936,8,281.0,19,6595
26997,Author_26997,8,281.0,17,6596
29382,Author_29382,8,281.0,18,6597
13958,Author_13958,8,280.0,14,6598
17235,Author_17235,8,280.0,23,6599
18268,Author_18268,8,280.0,24,6600
25165,Author_25165,8,280.0,15,6601
28832,Author_28832,8,280.0,13,6602
6943,Author_06943,8,279.0,19,6603
8085,Author_08085,8,279.0,16,6604
19334,Author_19334,8,279.0,17,6605
24542,Author_24542,8,279.0,16,6606
28213,Author_28213,8,279.0,17,6607
11187,Author_11187,8,278.0,11,6608
13567,Author_13567,8,278.0,23,6609
16920,Author_16920,8,278.0,21,6610
19676,Author_19676,8,278.0,20,6611
21308,Author_21308,8,278.0,16,6612
23649,Author_23649,8,278.0,18,6613
25455,Author_25455,8,278.0,17,6614
26038,Author_26038,8,278.0,17,6615
7691,Author_07691,8,277.0,16,6616
8427,Author_08427,8,277.0,16,6617
10117,Author_10117,8,277.0,16,6618
12531,Author_12531,8,277.0,22,6619
18511,Author_18511,8,277.0,23,6620
18893,Author_18893,8,277.0,16,6621
2067,Author_02067,8,276.0,14,6622
14888,Author_14888,8,276.0,10,6623
20988,Author_20988,8,276.0,16,6624
21811,Author_21811,8,276.0,21,6625
5250,Author_05250,8,275.0,12,6626
6794,Author_06794,8,275.0,25,6627
7868,Author_07868,8,275.0,18,6628
7934,Author_07934,8,275.0,18,6629
8555,Author_08555,8,275.0,22,6630
10796,Author_10796,8,275.0,12,6631
15869,Author_15869,8,275.0,18,6632
18694,Author_18694,8,275.0,16,6633
1291,Author_01291,8,274.0,15,6634
3979,Author_03979,8,274.0,19,6635
7712,Author_07712,8,274.0,21,6636
24053,Author_24053,8,274.0,23,6637
1460,Author_01460,8,273.0,14,6638
3937,Author_03937,8,273.0,19,6639
5602,Author_05602,8,273.0,12,6640
6278,Author_06278,8,273.0,24,6641
15032,Author_15032,8,273.0,28,6642
28172,Author_28172,8,273.0,10,6643
16576,Author_16576,8,272.0,25,6644
22195,Author_22195,8,272.0,20,6645
28176,Author_28176,8,272.0,15,6646
29850,Author_29850,8,272.0,21,6647
1916,Author_01916,8,271.0,16,6648
13654,Author_13654,8,271.0,15,6649
13692,Author_13692,8,271.0,19,6650
18535,Author_18535,8,271.0,19,6651
27739,Author_27739,8,271.0,24,6652
27922,Author_27922,8,271.0,14,6653
1256,Author_01256,8,270.0,14,6654
6655,Author_06655,8,270.0,19,6655
11617,Author_11617,8,270.0,13,6656
11769,Author_11769,8,270.0,24,6657
14339,Author_14339,8,270.0,18,6658
18659,Author_18659,8,270.0,20,6659
19955,Author_19955,8,270.0,17,6660
21057,Author_21057,8,270.0,12,6661
22522,Author_22522,8,270.0,15,6662
26129,Author_26129,8,270.0,13,6663
27436,Author_27436,8,270.0,15,6664
29147,Author_29147,8,270.0,20,6665
1921,Author_01921,8,269.0,26,6666
5646,Author_05646,8,269.0,14,6667
9191,Author_09191,8,269.0,11,6668
10830,Author_10830,8,269.0,18,6669
11044,Author_11044,8,269.0,15,6670
13836,Author_13836,8,269.0,19,6671
23600,Author_23600,8,269.0,17,6672
2474,Author_02474,8,268.0,14,6673
8950,Author_08950,8,268.0,19,6674
12904,Author_12904,8,268.0,14,6675
14168,Author_14168,8,268.0,18,6676
17397,Author_17397,8,268.0,18,6677
23286,Author_23286,8,268.0,13,6678
26567,Author_26567,8,268.0,17,6679
26594,Author_26594,8,268.0,17,6680
29689,Author_29689,8,268.0,13,6681
4902,Author_04902,8,267.0,13,6682
7507,Author_07507,8,267.0,23,6683
7519,Author_07519,8,267.0,22,6684
8527,Author_08527,8,267.0,21,6685
12966,Author_12966,8,267.0,13,6686
19462,Author_19462,8,267.0,15,6687
23676,Author_23676,8,267.0,23,6688
24456,Author_24456,8,267.0,19,6689
27128,Author_27128,8,267.0,14,6690
2884,Author_02884,8,266.0,22,6691
5306,Author_05306,8,266.0,21,6692
6979,Author_06979,8,266.0,15,6693
13466,Author_13466,8,266.0,12,6694
15760,Author_15760,8,266.0,23,6695
16630,Author_16630,8,266.0,15,6696
24636,Author_24636,8,266.0,14,6697
1326,Author_01326,8,265.0,17,6698
7166,Author_07166,8,265.0,17,6699
11284,Author_11284,8,265.0,12,6700
11860,Author_11860,8,265.0,11,6701
11900,Author_11900,8,265.0,14,6702
12004,Author_12004,8,265.0,23,6703
13178,Author_13178,8,265.0,20,6704
13782,Author_13782,8,265.0,11,6705
17433,Author_17433,8,265.0,16,6706
17734,Author_17734,8,265.0,13,6707
21168,Author_21168,8,265.0,18,6708
4843,Author_04843,8,264.0,22,6709
11637,Author_11637,8,264.0,17,6710
12027,Author_12027,8,264.0,16,6711
14950,Author_14950,8,264.0,14,6712
20468,Author_20468,8,264.0,17,6713
21462,Author_21462,8,264.0,15,6714
23854,Author_23854,8,264.0,18,6715
140,Author_00140,8,263.0,15,6716
2024,Author_02024,8,263.0,17,6717
2902,Author_02902,8,263.0,20,6718
7545,Author_07545,8,263.0,18,6719
8347,Author_08347,8,263.0,23,6720
20816,Author_20816,8,263.0,17,6721
25226,Author_25226,8,263.0,23,6722
473,Author_00473,8,262.0,19,6723
1245,Author_01245,8,262.0,11,6724
3868,Author_03868,8,262.0,24,6725
6515,Author_06515,8,262.0,17,6726
8087,Author_08087,8,262.0,23,6727
8097,Author_08097,8,262.0,18,6728
15593,Author_15593,8,262.0,15,6729
16420,Author_16420,8,262.0,17,6730
22475,Author_22475,8,262.0,18,6731
26569,Author_26569,8,262.0,14,6732
27172,Author_27172,8,262.0,17,6733
29300,Author_29300,8,262.0,13,6734
917,Author_00917,8,261.0,24,6735
17154,Author_17154,8,261.0,19,6736
18471,Author_18471,8,261.0,20,6737
19097,Author_19097,8,261.0,13,6738
20740,Author_20740,8,261.0,21,6739
3150,Author_03150,8,260.0,19,6740
13787,Author_13787,8,260.0,15,6741
17297,Author_17297,8,260.0,17,6742
23707,Author_23707,8,260.0,16,6743
25336,Author_25336,8,260.0,17,6744
27430,Author_27430,8,260.0,18,6745
2961,Author_02961,8,259.0,20,6746
16877,Author_16877,8,259.0,21,6747
17468,Author_17468,8,259.0,12,6748
22617,Author_22617,8,259.0,24,6749
25241,Author_25241,8,259.0,21,6750
1141,Author_01141,8,258.0,19,6751
1597,Author_01597,8,258.0,20,6752
4408,Author_04408,8,258.0,13,6753
5867,Author_05867,8,258.0,21,6754
14148,Author_14148,8,258.0,11,6755
18441,Author_18441,8,258.0,15,6756
24541,Author_24541,8,258.0,13,6757
24764,Author_24764,8,258.0,32,6758
25655,Author_25655,8,258.0,21,6759
27927,Author_27927,8,258.0,22,6760
28297,Author_28297,8,258.0,13,6761
28394,Author_28394,8,258.0,21,6762
3752,Author_03752,8,257.0,26,6763
10486,Author_10486,8,257.0,20,6764
16591,Author_16591,8,257.0,16,6765
25432,Author_25432,8,257.0,16,6766
240,Author_00240,8,256.0,17,6767
10443,Author_10443,8,256.0,19,6768
12338,Author_12338,8,256.0,15,6769
20926,Author_20926,8,256.0,16,6770
22202,Author_22202,8,256.0,17,6771
24260,Author_24260,8,256.0,21,6772
26319,Author_26319,8,256.0,16,6773
26345,Author_26345,8,256.0,17,6774
28084,Author_28084,8,256.0,11,6775
28131,Author_28131,8,256.0,10,6776
1648,Author_01648,8,255.0,14,6777
3869,Author_03869,8,255.0,11,6778
5969,Author_05969,8,255.0,14,6779
6908,Author_06908,8,255.0,20,6780
14094,Author_14094,8,255.0,16,6781
15925,Author_15925,8,255.0,24,6782
17921,Author_17921,8,255.0,20,6783
21244,Author_21244,8,255.0,18,6784
7678,Author_07678,8,254.0,20,6785
22646,Author_22646,8,254.0,21,6786
24021,Author_24021,8,254.0,18,6787
24591,Author_24591,8,254.0,14,6788
8939,Author_08939,8,253.0,19,6789
11031,Author_11031,8,253.0,16,6790
16371,Author_16371,8,253.0,23,6791
17998,Author_17998,8,253.0,11,6792
25030,Author_25030,8,253.0,19,6793
25111,Author_25111,8,253.0,16,6794
26233,Author_26233,8,253.0,15,6795
2610,Author_02610,8,252.0,21,6796
2954,Author_02954,8,252.0,11,6797
4284,Author_04284,8,252.0,12,6798
9784,Author_09784,8,252.0,27,6799
10134,Author_10134,8,252.0,30,6800
16843,Author_16843,8,252.0,15,6801
17259,Author_17259,8,252.0,19,6802
25719,Author_25719,8,252.0,23,6803
2426,Author_02426,8,251.0,17,6804
2582,Author_02582,8,251.0,16,6805
8343,Author_08343,8,251.0,13,6806
12152,Author_12152,8,251.0,22,6807
20245,Author_20245,8,251.0,15,6808
20647,Author_20647,8,251.0,11,6809
22922,Author_22922,8,251.0,17,6810
26702,Author_26702,8,251.0,18,6811
26787,Author_26787,8,251.0,17,6812
29672,Author_29672,8,251.0,13,6813
1957,Author_01957,8,250.0,16,6814
6223,Author_06223,8,250.0,14,6815
6653,Author_06653,8,250.0,19,6816
7468,Author_07468,8,250.0,20,6817
14968,Author_14968,8,250.0,16,6818
14970,Author_14970,8,250.0,17,6819
20204,Author_20204,8,250.0,15,6820
23952,Author_23952,8,250.0,16,6821
2272,Author_02272,8,249.0,13,6822
5096,Author_05096,8,249.0,19,6823
5860,Author_05860,8,249.0,22,6824
9352,Author_09352,8,249.0,21,6825
9520,Author_09520,8,249.0,13,6826
10024,Author_10024,8,249.0,17,6827
10254,Author_10254,8,249.0,14,6828
10724,Author_10724,8,249.0,18,6829
11749,Author_11749,8,249.0,11,6830
12119,Author_12119,8,249.0,16,6831
12654,Author_12654,8,249.0,23,6832
13717,Author_13717,8,249.0,19,6833
16579,Author_16579,8,249.0,20,6834
19122,Author_19122,8,249.0,17,6835
440,Author_00440,8,248.0,22,6836
8105,Author_08105,8,248.0,15,6837
12560,Author_12560,8,248.0,11,6838
12606,Author_12606,8,248.0,17,6839
14582,Author_14582,8,248.0,22,6840
1938,Author_01938,8,247.0,15,6841
5496,Author_05496,8,247.0,16,6842
7052,Author_07052,8,247.0,17,6843
18110,Author_18110,8,247.0,24,6844
21762,Author_21762,8,247.0,13,6845
24239,Author_24239,8,247.0,23,6846
24705,Author_24705,8,247.0,20,6847
28602,Author_28602,8,247.0,22,6848
4109,Author_04109,8,246.0,15,6849
6300,Author_06300,8,246.0,15,6850
18464,Author_18464,8,246.0,14,6851
19419,Author_19419,8,246.0,17,6852
20045,Author_20045,8,246.0,17,6853
4206,Author_04206,8,245.0,13,6854
7410,Author_07410,8,245.0,25,6855
9241,Author_09241,8,245.0,13,6856
12429,Author_12429,8,245.0,23,6857
13828,Author_13828,8,245.0,21,6858
23132,Author_23132,8,245.0,18,6859
14541,Author_14541,8,244.0,17,6860
15386,Author_15386,8,244.0,21,6861
3355,Author_03355,8,243.0,13,6862
13815,Author_13815,8,243.0,9,6863
22116,Author_22116,8,243.0,13,6864
3281,Author_03281,8,242.0,15,6865
3935,Author_03935,8,242.0,18,6866
7888,Author_07888,8,242.0,17,6867
13361,Author_13361,8,242.0,16,6868
18065,Author_18065,8,242.0,15,6869
21339,Author_21339,8,242.0,22,6870
23921,Author_23921,8,242.0,19,6871
26636,Author_26636,8,242.0,11,6872
29492,Author_29492,8,242.0,16,6873
4727,Author_04727,8,241.0,12,6874
7704,Author_07704,8,241.0,9,6875
12287,Author_12287,8,241.0,18,6876
19777,Author_19777,8,241.0,14,6877
22597,Author_22597,8,241.0,22,6878
22808,Author_22808,8,241.0,19,6879
24462,Author_24462,8,241.0,13,6880
25449,Author_25449,8,241.0,10,6881
28516,Author_28516,8,241.0,15,6882
28567,Author_28567,8,241.0,23,6883
1684,Author_01684,8,240.0,20,6884
3447,Author_03447,8,240.0,27,6885
6024,Author_06024,8,240.0,21,6886
6721,Author_06721,8,240.0,12,6887
11545,Author_11545,8,240.0,22,6888
15835,Author_15835,8,240.0,16,6889
17471,Author_17471,8,240.0,11,6890
20650,Author_20650,8,240.0,20,6891
23498,Author_23498,8,240.0,24,6892
6015,Author_06015,8,239.0,11,6893
12260,Author_12260,8,239.0,18,6894
14882,Author_14882,8,239.0,19,6895
16855,Author_16855,8,239.0,13,6896
18477,Author_18477,8,239.0,16,6897
22344,Author_22344,8,239.0,19,6898
28571,Author_28571,8,239.0,18,6899
28582,Author_28582,8,239.0,15,6900
979,Author_00979,8,238.0,11,6901
2503,Author_02503,8,238.0,13,6902
2789,Author_02789,8,238.0,13,6903
4286,Author_04286,8,238.0,15,6904
7149,Author_07149,8,238.0,18,6905
11527,Author_11527,8,238.0,14,6906
14949,Author_14949,8,238.0,16,6907
17426,Author_17426,8,238.0,12,6908
25373,Author_25373,8,238.0,16,6909
29656,Author_29656,8,238.0,22,6910
2386,Author_02386,8,237.0,17,6911
3497,Author_03497,8,237.0,18,6912
12947,Author_12947,8,237.0,14,6913
14771,Author_14771,8,237.0,24,6914
19846,Author_19846,8,237.0,8,6915
28958,Author_28958,8,237.0,14,6916
5378,Author_05378,8,236.0,19,6917
6097,Author_06097,8,236.0,18,6918
11244,Author_11244,8,236.0,19,6919
12952,Author_12952,8,236.0,21,6920
13037,Author_13037,8,236.0,20,6921
20600,Author_20600,8,236.0,19,6922
21517,Author_21517,8,236.0,27,6923
22947,Author_22947,8,236.0,16,6924
27853,Author_27853,8,236.0,14,6925
27921,Author_27921,8,236.0,19,6926
28174,Author_28174,8,236.0,14,6927
29352,Author_29352,8,236.0,18,6928
680,Author_00680,8,235.0,18,6929
862,Author_00862,8,235.0,12,6930
4481,Author_04481,8,235.0,30,6931
17280,Author_17280,8,235.0,15,6932
24002,Author_24002,8,235.0,16,6933
929,Author_00929,8,234.0,14,6934
1846,Author_01846,8,234.0,12,6935
6542,Author_06542,8,234.0,16,6936
7892,Author_07892,8,234.0,16,6937
12611,Author_12611,8,234.0,18,6938
12622,Author_12622,8,234.0,14,6939
20319,Author_20319,8,234.0,15,6940
21417,Author_21417,8,234.0,16,6941
1009,Author_01009,8,233.0,15,6942
1352,Author_01352,8,233.0,20,6943
1411,Author_01411,8,233.0,14,6944
3595,Author_03595,8,233.0,17,6945
18610,Author_18610,8,233.0,19,6946
19019,Author_19019,8,233.0,16,6947
20166,Author_20166,8,233.0,12,6948
21998,Author_21998,8,233.0,18,6949
26146,Author_26146,8,233.0,24,6950
27375,Author_27375,8,233.0,16,6951
28408,Author_28408,8,233.0,17,6952
2967,Author_02967,8,232.0,18,6953
4169,Author_04169,8,232.0,22,6954
6375,Author_06375,8,232.0,14,6955
9910,Author_09910,8,232.0,11,6956
13046,Author_13046,8,232.0,17,6957
13295,Author_13295,8,232.0,19,6958
15496,Author_15496,8,232.0,15,6959
19497,Author_19497,8,232.0,18,6960
28998,Author_28998,8,232.0,12,6961
3572,Author_03572,8,231.0,19,6962
10598,Author_10598,8,231.0,19,6963
14324,Author_14324,8,231.0,13,6964
18673,Author_18673,8,231.0,16,6965
21697,Author_21697,8,231.0,19,6966
22994,Author_22994,8,231.0,14,6967
23437,Author_23437,8,231.0,20,6968
26775,Author_26775,8,231.0,17,6969
28026,Author_28026,8,231.0,21,6970
2371,Author_02371,8,230.0,15,6971
6918,Author_06918,8,230.0,20,6972
8791,Author_08791,8,230.0,17,6973
17943,Author_17943,8,230.0,17,6974
20297,Author_20297,8,230.0,24,6975
569,Author_00569,8,229.0,17,6976
6859,Author_06859,8,229.0,12,6977
9745,Author_09745,8,229.0,16,6978
9956,Author_09956,8,229.0,15,6979
10222,Author_10222,8,229.0,25,6980
15797,Author_15797,8,229.0,15,6981
20928,Author_20928,8,229.0,12,6982
21431,Author_21431,8,229.0,20,6983
27250,Author_27250,8,229.0,11,6984
29976,Author_29976,8,229.0,21,6985
4463,Author_04463,8,228.0,18,6986
8392,Author_08392,8,228.0,14,6987
10592,Author_10592,8,228.0,15,6988
12592,Author_12592,8,228.0,14,6989
12703,Author_12703,8,228.0,10,6990
23982,Author_23982,8,228.0,13,6991
27377,Author_27377,8,228.0,12,6992
28791,Author_28791,8,228.0,21,6993
11363,Author_11363,8,227.0,15,6994
13780,Author_13780,8,227.0,15,6995
17032,Author_17032,8,227.0,20,6996
18831,Author_18831,8,227.0,21,6997
19390,Author_19390,8,227.0,18,6998
22810,Author_22810,8,227.0,18,6999
25946,Author_25946,8,227.0,16,7000
29755,Author_29755,8,227.0,20,7001
3753,Author_03753,8,226.0,22,7002
6732,Author_06732,8,226.0,21,7003
7521,Author_07521,8,226.0,24,7004
10566,Author_10566,8,226.0,17,7005
10884,Author_10884,8,226.0,14,7006
15935,Author_15935,8,226.0,18,7007
18653,Author_18653,8,226.0,20,7008
22914,Author_22914,8,226.0,17,7009
23224,Author_23224,8,226.0,17,7010
24136,Author_24136,8,226.0,17,7011
24158,Author_24158,8,226.0,18,7012
476,Author_00476,8,225.0,16,7013
11730,Author_11730,8,225.0,12,7014
14308,Author_14308,8,225.0,16,7015
16040,Author_16040,8,225.0,24,7016
19486,Author_19486,8,225.0,20,7017
20823,Author_20823,8,225.0,14,7018
13056,Author_13056,8,224.0,21,7019
17174,Author_17174,8,224.0,17,7020
25980,Author_25980,8,224.0,20,7021
1602,Author_01602,8,223.0,22,7022
6113,Author_06113,8,223.0,18,7023
8668,Author_08668,8,223.0,16,7024
9935,Author_09935,8,223.0,19,7025
22609,Author_22609,8,223.0,11,7026
26284,Author_26284,8,223.0,12,7027
1459,Author_01459,8,222.0,9,7028
4618,Author_04618,8,222.0,13,7029
4801,Author_04801,8,222.0,21,7030
7514,Author_07514,8,222.0,12,7031
9874,Author_09874,8,222.0,11,7032
10591,Author_10591,8,222.0,16,7033
12801,Author_12801,8,222.0,24,7034
15852,Author_15852,8,222.0,23,7035
23115,Author_23115,8,222.0,12,7036
25338,Author_25338,8,222.0,10,7037
3615,Author_03615,8,221.0,18,7038
6718,Author_06718,8,221.0,17,7039
7150,Author_07150,8,221.0,22,7040
7401,Author_07401,8,221.0,18,7041
8104,Author_08104,8,221.0,12,7042
12509,Author_12509,8,221.0,14,7043
21077,Author_21077,8,221.0,13,7044
22758,Author_22758,8,221.0,14,7045
25441,Author_25441,8,221.0,13,7046
25574,Author_25574,8,221.0,26,7047
26940,Author_26940,8,221.0,25,7048
27663,Author_27663,8,221.0,23,7049
1482,Author_01482,8,220.0,12,7050
2085,Author_02085,8,220.0,21,7051
6543,Author_06543,8,220.0,17,7052
8081,Author_08081,8,220.0,11,7053
9314,Author_09314,8,220.0,22,7054
14899,Author_14899,8,220.0,18,7055
17994,Author_17994,8,220.0,13,7056
21016,Author_21016,8,220.0,14,7057
24910,Author_24910,8,220.0,16,7058
26487,Author_26487,8,220.0,17,7059
2271,Author_02271,8,219.0,21,7060
6803,Author_06803,8,219.0,12,7061
7381,Author_07381,8,219.0,20,7062
8593,Author_08593,8,219.0,14,7063
15220,Author_15220,8,219.0,16,7064
19444,Author_19444,8,219.0,12,7065
29586,Author_29586,8,219.0,15,7066
1812,Author_01812,8,218.0,11,7067
1850,Author_01850,8,218.0,18,7068
10371,Author_10371,8,218.0,17,7069
12355,Author_12355,8,218.0,20,7070
17770,Author_17770,8,218.0,20,7071
17800,Author_17800,8,218.0,15,7072
20011,Author_20011,8,218.0,12,7073
21424,Author_21424,8,218.0,19,7074
950,Author_00950,8,217.0,15,7075
1083,Author_01083,8,217.0,13,7076
4213,Author_04213,8,217.0,17,7077
4737,Author_04737,8,217.0,13,7078
6459,Author_06459,8,217.0,11,7079
7015,Author_07015,8,217.0,12,7080
8621,Author_08621,8,217.0,21,7081
11704,Author_11704,8,217.0,16,7082
11753,Author_11753,8,217.0,17,7083
11946,Author_11946,8,217.0,14,7084
12511,Author_12511,8,217.0,12,7085
16079,Author_16079,8,217.0,14,7086
18015,Author_18015,8,217.0,12,7087
18279,Author_18279,8,217.0,18,7088
7099,Author_07099,8,216.0,14,7089
8657,Author_08657,8,216.0,13,7090
10946,Author_10946,8,216.0,15,7091
12736,Author_12736,8,216.0,20,7092
13316,Author_13316,8,216.0,16,7093
14722,Author_14722,8,216.0,18,7094
17020,Author_17020,8,216.0,12,7095
17396,Author_17396,8,216.0,10,7096
25021,Author_25021,8,216.0,10,7097
26578,Author_26578,8,216.0,14,7098
2912,Author_02912,8,215.0,20,7099
8146,Author_08146,8,215.0,16,7100
9269,Author_09269,8,215.0,14,7101
9922,Author_09922,8,215.0,20,7102
10912,Author_10912,8,215.0,12,7103
11080,Author_11080,8,215.0,15,7104
11258,Author_11258,8,215.0,12,7105
17108,Author_17108,8,215.0,17,7106
18554,Author_18554,8,215.0,20,7107
28169,Author_28169,8,215.0,16,7108
2,Author_00002,8,214.0,14,7109
6604,Author_06604,8,214.0,24,7110
7271,Author_07271,8,214.0,16,7111
9384,Author_09384,8,214.0,21,7112
21324,Author_21324,8,214.0,17,7113
24571,Author_24571,8,214.0,22,7114
25716,Author_25716,8,214.0,20,7115
26644,Author_26644,8,214.0,12,7116
26771,Author_26771,8,214.0,12,7117
3974,Author_03974,8,213.0,15,7118
5220,Author_05220,8,213.0,14,7119
7599,Author_07599,8,213.0,15,7120
7846,Author_07846,8,213.0,15,7121
10674,Author_10674,8,213.0,18,7122
11072,Author_11072,8,213.0,15,7123
15663,Author_15663,8,213.0,24,7124
21635,Author_21635,8,213.0,17,7125
23737,Author_23737,8,213.0,15,7126
24284,Author_24284,8,213.0,15,7127
26506,Author_26506,8,213.0,18,7128
29698,Author_29698,8,213.0,18,7129
192,Author_00192,8,212.0,11,7130
2887,Author_02887,8,212.0,22,7131
3105,Author_03105,8,212.0,18,7132
3710,Author_03710,8,212.0,14,7133
4521,Author_04521,8,212.0,10,7134
8027,Author_08027,8,212.0,16,7135
13630,Author_13630,8,212.0,20,7136
15996,Author_15996,8,212.0,17,7137
19837,Author_19837,8,212.0,12,7138
19845,Author_19845,8,212.0,12,7139
21247,Author_21247,8,212.0,18,7140
21809,Author_21809,8,212.0,14,7141
23103,Author_23103,8,212.0,18,7142
23571,Author_23571,8,212.0,12,7143
24102,Author_24102,8,212.0,16,7144
26770,Author_26770,8,212.0,8,7145
29411,Author_29411,8,212.0,16,7146
4714,Author_04714,8,211.0,24,7147
6079,Author_06079,8,211.0,23,7148
7750,Author_07750,8,211.0,17,7149
7904,Author_07904,8,211.0,17,7150
10529,Author_10529,8,211.0,17,7151
10715,Author_10715,8,211.0,23,7152
13380,Author_13380,8,211.0,20,7153
15384,Author_15384,8,211.0,14,7154
15868,Author_15868,8,211.0,23,7155
16291,Author_16291,8,211.0,21,7156
23361,Author_23361,8,211.0,15,7157
26327,Author_26327,8,211.0,13,7158
9338,Author_09338,8,210.0,15,7159
9450,Author_09450,8,210.0,9,7160
17390,Author_17390,8,210.0,13,7161
17506,Author_17506,8,210.0,11,7162
22471,Author_22471,8,210.0,22,7163
23713,Author_23713,8,210.0,21,7164
25190,Author_25190,8,210.0,11,7165
27492,Author_27492,8,210.0,14,7166
6584,Author_06584,8,209.0,14,7167
10407,Author_10407,8,209.0,17,7168
11557,Author_11557,8,209.0,20,7169
13045,Author_13045,8,209.0,17,7170
20802,Author_20802,8,209.0,21,7171
23459,Author_23459,8,209.0,16,7172
24536,Author_24536,8,209.0,14,7173
2087,Author_02087,8,208.0,27,7174
4032,Author_04032,8,208.0,14,7175
4395,Author_04395,8,208.0,9,7176
14356,Author_14356,8,208.0,13,7177
15151,Author_15151,8,208.0,14,7178
15301,Author_15301,8,208.0,15,7179
16265,Author_16265,8,208.0,19,7180
18472,Author_18472,8,208.0,12,7181
22102,Author_22102,8,208.0,18,7182
24348,Author_24348,8,208.0,11,7183
25748,Author_25748,8,208.0,12,7184
25796,Author_25796,8,208.0,14,7185
3975,Author_03975,8,207.0,14,7186
4952,Author_04952,8,207.0,16,7187
9030,Author_09030,8,207.0,14,7188
12407,Author_12407,8,207.0,25,7189
18734,Author_18734,8,207.0,18,7190
20559,Author_20559,8,207.0,15,7191
21422,Author_21422,8,207.0,15,7192
25235,Author_25235,8,207.0,23,7193
25359,Author_25359,8,207.0,13,7194
1268,Author_01268,8,206.0,15,7195
4725,Author_04725,8,206.0,14,7196
6739,Author_06739,8,206.0,13,7197
7087,Author_07087,8,206.0,15,7198
9347,Author_09347,8,206.0,16,7199
11744,Author_11744,8,206.0,18,7200
11817,Author_11817,8,206.0,17,7201
23913,Author_23913,8,206.0,25,7202
24638,Author_24638,8,206.0,15,7203
26314,Author_26314,8,206.0,15,7204
26815,Author_26815,8,206.0,15,7205
28668,Author_28668,8,206.0,26,7206
683,Author_00683,8,205.0,16,7207
1414,Author_01414,8,205.0,20,7208
2455,Author_02455,8,205.0,16,7209
3840,Author_03840,8,205.0,20,7210
3912,Author_03912,8,205.0,14,7211
6137,Author_06137,8,205.0,18,7212
6836,Author_06836,8,205.0,13,7213
7292,Author_07292,8,205.0,13,7214
8727,Author_08727,8,205.0,16,7215
17379,Author_17379,8,205.0,17,7216
20483,Author_20483,8,205.0,17,7217
21780,Author_21780,8,205.0,14,7218
24328,Author_24328,8,205.0,16,7219
25379,Author_25379,8,205.0,11,7220
26683,Author_26683,8,205.0,13,7221
1182,Author_01182,8,204.0,17,7222
8480,Author_08480,8,204.0,18,7223
9529,Author_09529,8,204.0,13,7224
20854,Author_20854,8,204.0,20,7225
22281,Author_22281,8,204.0,13,7226
23965,Author_23965,8,204.0,19,7227
25962,Author_25962,8,204.0,13,7228
27509,Author_27509,8,204.0,20,7229
28385,Author_28385,8,204.0,18,7230
28835,Author_28835,8,204.0,23,7231
2362,Author_02362,8,203.0,18,7232
5719,Author_05719,8,203.0,16,7233
6043,Author_06043,8,203.0,10,7234
11005,Author_11005,8,203.0,30,7235
22194,Author_22194,8,203.0,17,7236
23297,Author_23297,8,203.0,16,7237
23767,Author_23767,8,203.0,20,7238
26557,Author_26557,8,203.0,21,7239
6609,Author_06609,8,202.0,19,7240
11525,Author_11525,8,202.0,17,7241
15400,Author_15400,8,202.0,19,7242
24160,Author_24160,8,202.0,21,7243
27896,Author_27896,8,202.0,22,7244
29359,Author_29359,8,202.0,16,7245
2537,Author_02537,8,201.0,12,7246
3746,Author_03746,8,201.0,20,7247
3815,Author_03815,8,201.0,17,7248
3886,Author_03886,8,201.0,10,7249
4583,Author_04583,8,201.0,22,7250
5972,Author_05972,8,201.0,8,7251
8228,Author_08228,8,201.0,11,7252
8816,Author_08816,8,201.0,17,7253
12559,Author_12559,8,201.0,15,7254
20049,Author_20049,8,201.0,15,7255
21337,Author_21337,8,201.0,12,7256
25914,Author_25914,8,201.0,18,7257
26949,Author_26949,8,201.0,13,7258
2028,Author_02028,8,200.0,12,7259
4812,Author_04812,8,200.0,10,7260
5684,Author_05684,8,200.0,19,7261
7801,Author_07801,8,200.0,18,7262
10247,Author_10247,8,200.0,18,7263
11115,Author_11115,8,200.0,14,7264
14062,Author_14062,8,200.0,14,7265
17343,Author_17343,8,200.0,19,7266
17966,Author_17966,8,200.0,14,7267
18378,Author_18378,8,200.0,21,7268
18811,Author_18811,8,200.0,15,7269
22425,Author_22425,8,200.0,15,7270
23138,Author_23138,8,200.0,22,7271
24157,Author_24157,8,200.0,16,7272
5477,Author_05477,8,199.0,16,7273
9226,Author_09226,8,199.0,17,7274
11760,Author_11760,8,199.0,14,7275
13096,Author_13096,8,199.0,17,7276
15901,Author_15901,8,199.0,10,7277
17877,Author_17877,8,199.0,17,7278
20121,Author_20121,8,199.0,16,7279
22422,Author_22422,8,199.0,12,7280
27761,Author_27761,8,199.0,15,7281
27814,Author_27814,8,199.0,12,7282
2306,Author_02306,8,198.0,15,7283
3923,Author_03923,8,198.0,15,7284
4907,Author_04907,8,198.0,16,7285
6501,Author_06501,8,198.0,20,7286
6711,Author_06711,8,198.0,18,7287
7616,Author_07616,8,198.0,15,7288
8503,Author_08503,8,198.0,10,7289
11923,Author_11923,8,198.0,13,7290
19246,Author_19246,8,198.0,30,7291
19761,Author_19761,8,198.0,14,7292
20175,Author_20175,8,198.0,14,7293
21893,Author_21893,8,198.0,17,7294
24074,Author_24074,8,198.0,17,7295
5387,Author_05387,8,197.0,12,7296
8669,Author_08669,8,197.0,19,7297
11533,Author_11533,8,197.0,21,7298
19562,Author_19562,8,197.0,15,7299
20803,Author_20803,8,197.0,15,7300
21810,Author_21810,8,197.0,12,7301
1637,Author_01637,8,196.0,18,7302
3796,Author_03796,8,196.0,14,7303
10829,Author_10829,8,196.0,17,7304
13111,Author_13111,8,196.0,27,7305
19031,Author_19031,8,196.0,14,7306
21364,Author_21364,8,196.0,19,7307
21979,Author_21979,8,196.0,19,7308
22063,Author_22063,8,196.0,17,7309
27424,Author_27424,8,196.0,14,7310
1165,Author_01165,8,195.0,19,7311
6513,Author_06513,8,195.0,16,7312
22147,Author_22147,8,195.0,12,7313
25999,Author_25999,8,195.0,14,7314
999,Author_00999,8,194.0,16,7315
1690,Author_01690,8,194.0,13,7316
1847,Author_01847,8,194.0,15,7317
2825,Author_02825,8,194.0,19,7318
4773,Author_04773,8,194.0,21,7319
5317,Author_05317,8,194.0,23,7320
6078,Author_06078,8,194.0,24,7321
6529,Author_06529,8,194.0,12,7322
10518,Author_10518,8,194.0,15,7323
19213,Author_19213,8,194.0,13,7324
20804,Author_20804,8,194.0,17,7325
20809,Author_20809,8,194.0,20,7326
25172,Author_25172,8,194.0,16,7327
1376,Author_01376,8,193.0,16,7328
1563,Author_01563,8,193.0,18,7329
9846,Author_09846,8,193.0,17,7330
10229,Author_10229,8,193.0,22,7331
11413,Author_11413,8,193.0,23,7332
12960,Author_12960,8,193.0,17,7333
16036,Author_16036,8,193.0,14,7334
16563,Author_16563,8,193.0,16,7335
19742,Author_19742,8,193.0,16,7336
20724,Author_20724,8,193.0,16,7337
22989,Author_22989,8,193.0,24,7338
26964,Author_26964,8,193.0,18,7339
9657,Author_09657,8,192.0,20,7340
10241,Author_10241,8,192.0,12,7341
13384,Author_13384,8,192.0,19,7342
23478,Author_23478,8,192.0,13,7343
23980,Author_23980,8,192.0,15,7344
26521,Author_26521,8,192.0,12,7345
26750,Author_26750,8,192.0,21,7346
27355,Author_27355,8,192.0,11,7347
29735,Author_29735,8,192.0,12,7348
412,Author_00412,8,191.0,14,7349
4690,Author_04690,8,191.0,15,7350
7585,Author_07585,8,191.0,18,7351
8671,Author_08671,8,191.0,15,7352
10349,Author_10349,8,191.0,13,7353
13858,Author_13858,8,191.0,12,7354
17476,Author_17476,8,191.0,17,7355
23906,Author_23906,8,191.0,23,7356
26056,Author_26056,8,191.0,18,7357
27499,Author_27499,8,191.0,14,7358
3853,Author_03853,8,190.0,16,7359
4148,Author_04148,8,190.0,13,7360
5031,Author_05031,8,190.0,13,7361
6473,Author_06473,8,190.0,18,7362
8307,Author_08307,8,190.0,21,7363
8443,Author_08443,8,190.0,14,7364
8451,Author_08451,8,190.0,11,7365
9041,Author_09041,8,190.0,16,7366
18964,Author_18964,8,190.0,23,7367
19876,Author_19876,8,190.0,12,7368
21330,Author_21330,8,190.0,15,7369
22025,Author_22025,8,190.0,12,7370
23432,Author_23432,8,190.0,16,7371
8013,Author_08013,8,189.0,13,7372
10358,Author_10358,8,189.0,17,7373
10596,Author_10596,8,189.0,18,7374
12500,Author_12500,8,189.0,20,7375
16921,Author_16921,8,189.0,19,7376
21494,Author_21494,8,189.0,13,7377
23249,Author_23249,8,189.0,15,7378
27183,Author_27183,8,189.0,12,7379
27592,Author_27592,8,189.0,14,7380
948,Author_00948,8,188.0,17,7381
2405,Author_02405,8,188.0,15,7382
6206,Author_06206,8,188.0,14,7383
6229,Author_06229,8,188.0,12,7384
17919,Author_17919,8,188.0,19,7385
3401,Author_03401,8,187.0,16,7386
9782,Author_09782,8,187.0,18,7387
15074,Author_15074,8,187.0,18,7388
17568,Author_17568,8,187.0,16,7389
18868,Author_18868,8,187.0,18,7390
19048,Author_19048,8,187.0,13,7391
21641,Author_21641,8,187.0,13,7392
21666,Author_21666,8,187.0,13,7393
23440,Author_23440,8,187.0,13,7394
25483,Author_25483,8,187.0,16,7395
22,Author_00022,8,186.0,16,7396
6116,Author_06116,8,186.0,13,7397
8714,Author_08714,8,186.0,20,7398
14923,Author_14923,8,186.0,13,7399
16112,Author_16112,8,186.0,17,7400
19511,Author_19511,8,186.0,17,7401
22152,Author_22152,8,186.0,11,7402
25814,Author_25814,8,186.0,19,7403
7153,Author_07153,8,185.0,20,7404
8154,Author_08154,8,185.0,15,7405
9918,Author_09918,8,185.0,17,7406
10051,Author_10051,8,185.0,19,7407
11481,Author_11481,8,185.0,14,7408
11546,Author_11546,8,185.0,17,7409
12556,Author_12556,8,185.0,17,7410
13422,Author_13422,8,185.0,14,7411
23611,Author_23611,8,185.0,17,7412
891,Author_00891,8,184.0,21,7413
13683,Author_13683,8,184.0,13,7414
14884,Author_14884,8,184.0,13,7415
18621,Author_18621,8,184.0,17,7416
20544,Author_20544,8,184.0,15,7417
25293,Author_25293,8,184.0,10,7418
27837,Author_27837,8,184.0,14,7419
29122,Author_29122,8,184.0,12,7420
29124,Author_29124,8,184.0,15,7421
2389,Author_02389,8,183.0,12,7422
9753,Author_09753,8,183.0,17,7423
12296,Author_12296,8,183.0,10,7424
15855,Author_15855,8,183.0,17,7425
17551,Author_17551,8,183.0,16,7426
18195,Author_18195,8,183.0,23,7427
19342,Author_19342,8,183.0,18,7428
21813,Author_21813,8,183.0,15,7429
6551,Author_06551,8,182.0,14,7430
7026,Author_07026,8,182.0,15,7431
13871,Author_13871,8,182.0,16,7432
21194,Author_21194,8,182.0,15,7433
21485,Author_21485,8,182.0,10,7434
24366,Author_24366,8,182.0,19,7435
25724,Author_25724,8,182.0,14,7436
1353,Author_01353,8,181.0,19,7437
2752,Author_02752,8,181.0,20,7438
8811,Author_08811,8,181.0,17,7439
8889,Author_08889,8,181.0,16,7440
9761,Author_09761,8,181.0,11,7441
10234,Author_10234,8,181.0,26,7442
12487,Author_12487,8,181.0,17,7443
15533,Author_15533,8,181.0,16,7444
24396,Author_24396,8,181.0,11,7445
29813,Author_29813,8,181.0,18,7446
1317,Author_01317,8,180.0,12,7447
2093,Author_02093,8,180.0,17,7448
5816,Author_05816,8,180.0,13,7449
8483,Author_08483,8,180.0,14,7450
18137,Author_18137,8,180.0,20,7451
21438,Author_21438,8,180.0,11,7452
21701,Author_21701,8,180.0,18,7453
22255,Author_22255,8,180.0,20,7454
2785,Author_02785,8,179.0,13,7455
4807,Author_04807,8,179.0,17,7456
8204,Author_08204,8,179.0,15,7457
20187,Author_20187,8,179.0,18,7458
23764,Author_23764,8,179.0,11,7459
24228,Author_24228,8,179.0,22,7460
27402,Author_27402,8,179.0,15,7461
3449,Author_03449,8,178.0,23,7462
4151,Author_04151,8,178.0,15,7463
28741,Author_28741,8,178.0,9,7464
9463,Author_09463,8,177.0,11,7465
10826,Author_10826,8,177.0,18,7466
11529,Author_11529,8,177.0,14,7467
13381,Author_13381,8,177.0,14,7468
15312,Author_15312,8,177.0,20,7469
16632,Author_16632,8,177.0,19,7470
3405,Author_03405,8,176.0,14,7471
5068,Author_05068,8,176.0,12,7472
5298,Author_05298,8,176.0,15,7473
13106,Author_13106,8,176.0,22,7474
15949,Author_15949,8,176.0,14,7475
17143,Author_17143,8,176.0,16,7476
18326,Author_18326,8,176.0,9,7477
22146,Author_22146,8,176.0,13,7478
24844,Author_24844,8,176.0,17,7479
27143,Author_27143,8,176.0,18,7480
29780,Author_29780,8,176.0,20,7481
29789,Author_29789,8,176.0,14,7482
265,Author_00265,8,175.0,19,7483
2940,Author_02940,8,175.0,13,7484
15108,Author_15108,8,175.0,14,7485
22392,Author_22392,8,175.0,18,7486
23331,Author_23331,8,175.0,20,7487
28189,Author_28189,8,175.0,18,7488
28789,Author_28789,8,175.0,14,7489
29973,Author_29973,8,175.0,24,7490
1210,Author_01210,8,174.0,17,7491
9742,Author_09742,8,174.0,11,7492
15529,Author_15529,8,174.0,10,7493
23043,Author_23043,8,174.0,16,7494
23894,Author_23894,8,174.0,13,7495
27768,Author_27768,8,174.0,12,7496
29304,Author_29304,8,174.0,23,7497
117,Author_00117,8,173.0,15,7498
657,Author_00657,8,173.0,12,7499
3677,Author_03677,8,173.0,15,7500
6440,Author_06440,8,173.0,16,7501
7915,Author_07915,8,173.0,10,7502
11764,Author_11764,8,173.0,16,7503
13053,Author_13053,8,173.0,24,7504
13793,Author_13793,8,173.0,21,7505
13899,Author_13899,8,173.0,17,7506
15041,Author_15041,8,173.0,15,7507
17099,Author_17099,8,173.0,12,7508
18923,Author_18923,8,173.0,11,7509
26405,Author_26405,8,173.0,12,7510
29731,Author_29731,8,173.0,10,7511
11748,Author_11748,8,172.0,12,7512
16406,Author_16406,8,172.0,12,7513
16581,Author_16581,8,172.0,16,7514
18432,Author_18432,8,172.0,12,7515
23855,Author_23855,8,172.0,15,7516
25729,Author_25729,8,172.0,14,7517
12309,Author_12309,8,171.0,17,7518
14982,Author_14982,8,171.0,10,7519
15421,Author_15421,8,171.0,13,7520
21662,Author_21662,8,171.0,9,7521
22021,Author_22021,8,171.0,16,7522
22935,Author_22935,8,171.0,18,7523
23021,Author_23021,8,171.0,17,7524
24766,Author_24766,8,171.0,17,7525
25984,Author_25984,8,171.0,13,7526
27792,Author_27792,8,171.0,12,7527
29931,Author_29931,8,171.0,15,7528
1845,Author_01845,8,170.0,18,7529
4964,Author_04964,8,170.0,14,7530
6063,Author_06063,8,170.0,13,7531
12280,Author_12280,8,170.0,14,7532
14548,Author_14548,8,170.0,18,7533
21055,Author_21055,8,170.0,16,7534
1228,Author_01228,8,169.0,13,7535
1503,Author_01503,8,169.0,14,7536
4111,Author_04111,8,169.0,13,7537
9852,Author_09852,8,169.0,20,7538
13851,Author_13851,8,169.0,17,7539
14294,Author_14294,8,169.0,10,7540
18649,Author_18649,8,169.0,14,7541
8384,Author_08384,8,168.0,13,7542
8419,Author_08419,8,168.0,19,7543
19544,Author_19544,8,168.0,16,7544
26311,Author_26311,8,168.0,16,7545
149,Author_00149,8,167.0,13,7546
14490,Author_14490,8,167.0,9,7547
19971,Author_19971,8,167.0,18,7548
20480,Author_20480,8,167.0,8,7549
26443,Author_26443,8,167.0,16,7550
29945,Author_29945,8,167.0,10,7551
2174,Author_02174,8,166.0,13,7552
9530,Author_09530,8,166.0,13,7553
14023,Author_14023,8,166.0,18,7554
15313,Author_15313,8,166.0,17,7555
17589,Author_17589,8,166.0,11,7556
23275,Author_23275,8,166.0,12,7557
29176,Author_29176,8,166.0,21,7558
287,Author_00287,8,165.0,15,7559
7266,Author_07266,8,165.0,13,7560
7491,Author_07491,8,165.0,17,7561
8930,Author_08930,8,165.0,15,7562
13587,Author_13587,8,165.0,13,7563
15591,Author_15591,8,165.0,10,7564
23867,Author_23867,8,165.0,13,7565
29242,Author_29242,8,165.0,17,7566
29328,Author_29328,8,165.0,15,7567
2158,Author_02158,8,164.0,13,7568
4405,Author_04405,8,164.0,14,7569
13696,Author_13696,8,164.0,13,7570
17552,Author_17552,8,164.0,17,7571
18229,Author_18229,8,164.0,14,7572
18838,Author_18838,8,164.0,12,7573
24334,Author_24334,8,164.0,12,7574
24968,Author_24968,8,164.0,17,7575
67,Author_00067,8,163.0,17,7576
185,Author_00185,8,163.0,13,7577
7963,Author_07963,8,163.0,13,7578
10017,Author_10017,8,163.0,13,7579
12857,Author_12857,8,163.0,18,7580
19050,Author_19050,8,163.0,11,7581
27255,Author_27255,8,163.0,16,7582
4239,Author_04239,8,162.0,14,7583
6209,Author_06209,8,162.0,12,7584
6608,Author_06608,8,162.0,19,7585
14556,Author_14556,8,162.0,14,7586
16545,Author_16545,8,162.0,16,7587
21663,Author_21663,8,162.0,14,7588
26209,Author_26209,8,162.0,17,7589
27974,Author_27974,8,162.0,10,7590
12321,Author_12321,8,161.0,13,7591
13714,Author_13714,8,161.0,22,7592
17190,Author_17190,8,161.0,14,7593
20019,Author_20019,8,161.0,21,7594
20686,Author_20686,8,161.0,22,7595
21219,Author_21219,8,161.0,17,7596
22670,Author_22670,8,161.0,14,7597
23339,Author_23339,8,161.0,21,7598
24674,Author_24674,8,161.0,17,7599
25214,Author_25214,8,161.0,11,7600
25805,Author_25805,8,161.0,12,7601
29859,Author_29859,8,161.0,14,7602
5214,Author_05214,8,160.0,17,7603
9775,Author_09775,8,160.0,16,7604
10713,Author_10713,8,160.0,18,7605
19214,Author_19214,8,160.0,14,7606
21381,Author_21381,8,160.0,13,7607
21593,Author_21593,8,160.0,16,7608
27713,Author_27713,8,160.0,12,7609
1387,Author_01387,8,159.0,21,7610
14906,Author_14906,8,159.0,10,7611
14930,Author_14930,8,159.0,15,7612
16110,Author_16110,8,159.0,16,7613
17669,Author_17669,8,159.0,16,7614
18481,Author_18481,8,159.0,14,7615
21609,Author_21609,8,159.0,19,7616
3018,Author_03018,8,158.0,12,7617
6973,Author_06973,8,158.0,11,7618
27235,Author_27235,8,158.0,15,7619
594,Author_00594,8,157.0,18,7620
4606,Author_04606,8,157.0,16,7621
8177,Author_08177,8,157.0,16,7622
14338,Author_14338,8,157.0,12,7623
17739,Author_17739,8,157.0,14,7624
24575,Author_24575,8,157.0,12,7625
8045,Author_08045,8,156.0,16,7626
10327,Author_10327,8,156.0,12,7627
13889,Author_13889,8,156.0,19,7628
27316,Author_27316,8,156.0,15,7629
3802,Author_03802,8,155.0,14,7630
7094,Author_07094,8,155.0,13,7631
8848,Author_08848,8,155.0,15,7632
17570,Author_17570,8,155.0,12,7633
22557,Author_22557,8,155.0,20,7634
24307,Author_24307,8,155.0,21,7635
28816,Author_28816,8,155.0,17,7636
31,Author_00031,8,154.0,15,7637
3524,Author_03524,8,154.0,17,7638
6862,Author_06862,8,154.0,12,7639
7219,Author_07219,8,154.0,13,7640
7767,Author_07767,8,154.0,16,7641
14484,Author_14484,8,154.0,14,7642
25672,Author_25672,8,154.0,10,7643
2611,Author_02611,8,153.0,18,7644
14720,Author_14720,8,153.0,14,7645
21187,Author_21187,8,153.0,15,7646
20344,Author_20344,8,152.0,12,7647
3035,Author_03035,8,151.0,13,7648
21700,Author_21700,8,151.0,15,7649
23245,Author_23245,8,151.0,14,7650
3993,Author_03993,8,150.0,17,7651
21965,Author_21965,8,150.0,15,7652
2556,Author_02556,8,149.0,15,7653
3533,Author_03533,8,149.0,14,7654
10233,Author_10233,8,149.0,9,7655
11064,Author_11064,8,149.0,17,7656
19576,Author_19576,8,149.0,14,7657
27526,Author_27526,8,149.0,12,7658
11054,Author_11054,8,148.0,14,7659
13213,Author_13213,8,148.0,13,7660
16466,Author_16466,8,148.0,20,7661
20944,Author_20944,8,148.0,13,7662
28899,Author_28899,8,148.0,12,7663
4146,Author_04146,8,147.0,15,7664
6211,Author_06211,8,147.0,15,7665
15089,Author_15089,8,147.0,11,7666
19489,Author_19489,8,147.0,10,7667
26961,Author_26961,8,147.0,24,7668
27133,Author_27133,8,147.0,18,7669
28553,Author_28553,8,147.0,13,7670
4731,Author_04731,8,146.0,17,7671
5350,Author_05350,8,146.0,13,7672
11879,Author_11879,8,146.0,21,7673
15368,Author_15368,8,146.0,18,7674
28257,Author_28257,8,146.0,15,7675
20420,Author_20420,8,145.0,15,7676
22534,Author_22534,8,145.0,19,7677
3804,Author_03804,8,144.0,18,7678
6240,Author_06240,8,144.0,22,7679
17672,Author_17672,8,144.0,19,7680
23830,Author_23830,8,144.0,13,7681
3214,Author_03214,8,143.0,14,7682
4865,Author_04865,8,143.0,13,7683
22209,Author_22209,8,143.0,19,7684
26181,Author_26181,8,143.0,20,7685
1207,Author_01207,8,142.0,15,7686
4418,Author_04418,8,141.0,12,7687
25397,Author_25397,8,141.0,13,7688
6336,Author_06336,8,140.0,18,7689
13816,Author_13816,8,140.0,13,7690
17090,Author_17090,8,140.0,14,7691
20966,Author_20966,8,140.0,11,7692
22545,Author_22545,8,140.0,14,7693
3723,Author_03723,8,139.0,13,7694
5727,Author_05727,8,139.0,10,7695
26355,Author_26355,8,139.0,9,7696
4458,Author_04458,8,138.0,20,7697
7008,Author_07008,8,138.0,15,7698
7597,Author_07597,8,137.0,12,7699
26367,Author_26367,8,137.0,22,7700
22415,Author_22415,8,136.0,18,7701
22531,Author_22531,8,136.0,12,7702
7848,Author_07848,8,135.0,13,7703
13994,Author_13994,8,135.0,13,7704
16290,Author_16290,8,135.0,14,7705
20918,Author_20918,8,135.0,11,7706
13004,Author_13004,8,133.0,11,7707
4515,Author_04515,8,132.0,13,7708
10130,Author_10130,8,132.0,17,7709
16209,Author_16209,8,132.0,15,7710
11020,Author_11020,8,131.0,13,7711
12279,Author_12279,8,131.0,9,7712
15841,Author_15841,8,131.0,11,7713
21232,Author_21232,8,131.0,10,7714
8302,Author_08302,8,130.0,16,7715
27226,Author_27226,8,130.0,14,7716
7005,Author_07005,8,129.0,16,7717
17663,Author_17663,8,129.0,14,7718
29680,Author_29680,8,129.0,12,7719
1174,Author_01174,8,128.0,19,7720
4201,Author_04201,8,128.0,9,7721
4625,Author_04625,8,128.0,13,7722
23924,Author_23924,8,128.0,13,7723
24867,Author_24867,8,128.0,13,7724
17535,Author_17535,8,127.0,14,7725
25559,Author_25559,8,127.0,16,7726
10769,Author_10769,8,126.0,8,7727
14353,Author_14353,8,126.0,17,7728
29221,Author_29221,8,123.0,16,7729
22283,Author_22283,8,122.0,15,7730
27491,Author_27491,8,122.0,12,7731
9258,Author_09258,8,121.0,13,7732
7082,Author_07082,8,120.0,13,7733
9654,Author_09654,8,120.0,11,7734
10112,Author_10112,8,120.0,13,7735
19941,Author_19941,8,120.0,9,7736
14223,Author_14223,8,119.0,11,7737
7046,Author_07046,8,116.0,12,7738
28837,Author_28837,8,116.0,9,7739
12221,Author_12221,8,114.0,9,7740
23218,Author_23218,8,114.0,13,7741
25472,Author_25472,8,114.0,20,7742
9071,Author_09071,8,109.0,15,7743
3523,Author_03523,8,108.0,11,7744
4819,Author_04819,8,108.0,10,7745
22022,Author_22022,8,102.0,11,7746
11577,Author_11577,8,100.0,11,7747
14702,Author_14702,8,96.0,12,7748
4065,Author_04065,7,10565.0,13,7749
6191,Author_06191,7,6994.0,17,7750
11813,Author_11813,7,4265.0,16,7751
28242,Author_28242,7,4174.0,12,7752
29528,Author_29528,7,3050.0,15,7753
1158,Author_01158,7,2741.0,10,7754
22661,Author_22661,7,2569.0,23,7755
25977,Author_25977,7,2562.0,23,7756
6815,Author_06815,7,2463.0,11,7757
11327,Author_11327,7,2441.0,17,7758
696,Author_00696,7,2318.0,10,7759
27121,Author_27121,7,2230.0,10,7760
23620,Author_23620,7,2073.0,10,7761
27490,Author_27490,7,2052.0,16,7762
25143,Author_25143,7,2028.0,15,7763
12652,Author_12652,7,1968.0,20,7764
17604,Author_17604,7,1914.0,16,7765
3382,Author_03382,7,1869.0,12,7766
7857,Author_07857,7,1563.0,11,7767
29007,Author_29007,7,1463.0,21,7768
19807,Author_19807,7,1391.0,15,7769
1971,Author_01971,7,1389.0,11,7770
17778,Author_17778,7,1354.0,14,7771
2263,Author_02263,7,1329.0,11,7772
2115,Author_02115,7,1322.0,17,7773
9810,Author_09810,7,1277.0,11,7774
280,Author_00280,7,1237.0,25,7775
15978,Author_15978,7,1210.0,11,7776
3502,Author_03502,7,1113.0,12,7777
2831,Author_02831,7,1040.0,19,7778
14391,Author_14391,7,1036.0,15,7779
18928,Author_18928,7,939.0,14,7780
27824,Author_27824,7,939.0,18,7781
9220,Author_09220,7,926.0,13,7782
21569,Author_21569,7,920.0,14,7783
26089,Author_26089,7,897.0,14,7784
29947,Author_29947,7,877.0,12,7785
13167,Author_13167,7,869.0,10,7786
22482,Author_22482,7,862.0,15,7787
21126,Author_21126,7,861.0,9,7788
27695,Author_27695,7,855.0,11,7789
7453,Author_07453,7,854.0,17,7790
4075,Author_04075,7,852.0,18,7791
20134,Author_20134,7,838.0,10,7792
12194,Author_12194,7,812.0,14,7793
19770,Author_19770,7,805.0,12,7794
1646,Author_01646,7,802.0,11,7795
24505,Author_24505,7,800.0,12,7796
19616,Author_19616,7,793.0,18,7797
27563,Author_27563,7,773.0,11,7798
13656,Author_13656,7,753.0,14,7799
8235,Author_08235,7,749.0,15,7800
19394,Author_19394,7,745.0,10,7801
8901,Author_08901,7,726.0,12,7802
5935,Author_05935,7,715.0,20,7803
25755,Author_25755,7,706.0,12,7804
1314,Author_01314,7,700.0,10,7805
27458,Author_27458,7,700.0,13,7806
14043,Author_14043,7,691.0,19,7807
17157,Author_17157,7,683.0,15,7808
17680,Author_17680,7,673.0,9,7809
28309,Author_28309,7,667.0,14,7810
21423,Author_21423,7,663.0,9,7811
15981,Author_15981,7,647.0,12,7812
25690,Author_25690,7,647.0,15,7813
23174,Author_23174,7,636.0,11,7814
29246,Author_29246,7,623.0,15,7815
9225,Author_09225,7,618.0,15,7816
14588,Author_14588,7,613.0,15,7817
16465,Author_16465,7,603.0,15,7818
24011,Author_24011,7,601.0,16,7819
5128,Author_05128,7,599.0,20,7820
21326,Author_21326,7,599.0,16,7821
5071,Author_05071,7,597.0,13,7822
20765,Author_20765,7,596.0,12,7823
17081,Author_17081,7,585.0,17,7824
22005,Author_22005,7,584.0,15,7825
20337,Author_20337,7,583.0,11,7826
8150,Author_08150,7,582.0,13,7827
17353,Author_17353,7,579.0,13,7828
7571,Author_07571,7,578.0,20,7829
29325,Author_29325,7,571.0,9,7830
799,Author_00799,7,567.0,16,7831
2942,Author_02942,7,566.0,15,7832
24500,Author_24500,7,565.0,12,7833
1767,Author_01767,7,564.0,15,7834
634,Author_00634,7,563.0,12,7835
22136,Author_22136,7,562.0,19,7836
3626,Author_03626,7,560.0,14,7837
28769,Author_28769,7,558.0,11,7838
21358,Author_21358,7,551.0,11,7839
25595,Author_25595,7,551.0,23,7840
3197,Author_03197,7,550.0,17,7841
8775,Author_08775,7,546.0,13,7842
2783,Author_02783,7,545.0,13,7843
9721,Author_09721,7,545.0,25,7844
26126,Author_26126,7,544.0,19,7845
5018,Author_05018,7,540.0,14,7846
14748,Author_14748,7,531.0,15,7847
16407,Author_16407,7,528.0,20,7848
6593,Author_06593,7,525.0,12,7849
2679,Author_02679,7,523.0,17,7850
22306,Author_22306,7,523.0,13,7851
22798,Author_22798,7,523.0,23,7852
28366,Author_28366,7,522.0,13,7853
20020,Author_20020,7,521.0,21,7854
28524,Author_28524,7,517.0,14,7855
2695,Author_02695,7,515.0,15,7856
27241,Author_27241,7,515.0,12,7857
13631,Author_13631,7,514.0,13,7858
1467,Author_01467,7,513.0,19,7859
13084,Author_13084,7,512.0,13,7860
3397,Author_03397,7,511.0,12,7861
24235,Author_24235,7,508.0,17,7862
21757,Author_21757,7,503.0,18,7863
8211,Author_08211,7,500.0,11,7864
25570,Author_25570,7,499.0,13,7865
22459,Author_22459,7,496.0,15,7866
11982,Author_11982,7,495.0,14,7867
13265,Author_13265,7,495.0,12,7868
2580,Author_02580,7,491.0,21,7869
645,Author_00645,7,488.0,11,7870
11160,Author_11160,7,488.0,12,7871
13062,Author_13062,7,488.0,16,7872
5287,Author_05287,7,487.0,20,7873
14104,Author_14104,7,487.0,13,7874
7203,Author_07203,7,485.0,17,7875
16236,Author_16236,7,481.0,21,7876
22982,Author_22982,7,481.0,19,7877
11212,Author_11212,7,480.0,14,7878
6850,Author_06850,7,478.0,15,7879
18082,Author_18082,7,478.0,11,7880
25728,Author_25728,7,478.0,12,7881
15734,Author_15734,7,477.0,22,7882
3054,Author_03054,7,476.0,17,7883
11969,Author_11969,7,476.0,10,7884
1863,Author_01863,7,474.0,13,7885
20241,Author_20241,7,472.0,13,7886
19501,Author_19501,7,469.0,21,7887
16651,Author_16651,7,468.0,9,7888
17195,Author_17195,7,468.0,15,7889
6271,Author_06271,7,465.0,14,7890
23051,Author_23051,7,465.0,18,7891
8352,Author_08352,7,459.0,11,7892
27385,Author_27385,7,459.0,12,7893
3472,Author_03472,7,458.0,10,7894
7973,Author_07973,7,458.0,12,7895
19029,Author_19029,7,458.0,11,7896
3186,Author_03186,7,456.0,19,7897
8794,Author_08794,7,456.0,18,7898
8753,Author_08753,7,455.0,20,7899
19907,Author_19907,7,455.0,12,7900
3085,Author_03085,7,454.0,16,7901
5725,Author_05725,7,452.0,14,7902
16554,Author_16554,7,452.0,9,7903
16769,Author_16769,7,452.0,11,7904
1974,Author_01974,7,450.0,13,7905
9962,Author_09962,7,450.0,18,7906
3216,Author_03216,7,449.0,9,7907
21932,Author_21932,7,449.0,17,7908
8258,Author_08258,7,445.0,17,7909
23213,Author_23213,7,445.0,11,7910
23322,Author_23322,7,445.0,10,7911
7804,Author_07804,7,444.0,13,7912
17807,Author_17807,7,443.0,13,7913
11705,Author_11705,7,441.0,18,7914
19860,Author_19860,7,441.0,12,7915
14165,Author_14165,7,440.0,12,7916
13661,Author_13661,7,438.0,20,7917
20862,Author_20862,7,436.0,12,7918
4026,Author_04026,7,434.0,13,7919
9119,Author_09119,7,434.0,14,7920
5672,Author_05672,7,433.0,14,7921
2788,Author_02788,7,432.0,11,7922
15798,Author_15798,7,432.0,9,7923
17139,Author_17139,7,429.0,15,7924
1755,Author_01755,7,428.0,14,7925
2395,Author_02395,7,427.0,11,7926
13080,Author_13080,7,427.0,18,7927
27328,Author_27328,7,425.0,12,7928
14991,Author_14991,7,424.0,19,7929
22234,Author_22234,7,423.0,10,7930
11268,Author_11268,7,422.0,13,7931
6425,Author_06425,7,419.0,16,7932
17920,Author_17920,7,419.0,18,7933
14593,Author_14593,7,418.0,14,7934
207,Author_00207,7,417.0,20,7935
9897,Author_09897,7,413.0,17,7936
13700,Author_13700,7,413.0,11,7937
1176,Author_01176,7,412.0,14,7938
6390,Author_06390,7,412.0,11,7939
27269,Author_27269,7,411.0,12,7940
11488,Author_11488,7,410.0,13,7941
24145,Author_24145,7,410.0,14,7942
18541,Author_18541,7,407.0,21,7943
29302,Author_29302,7,407.0,11,7944
22328,Author_22328,7,404.0,16,7945
15876,Author_15876,7,403.0,11,7946
8986,Author_08986,7,402.0,9,7947
19228,Author_19228,7,402.0,19,7948
21329,Author_21329,7,402.0,8,7949
1964,Author_01964,7,401.0,24,7950
6367,Author_06367,7,400.0,11,7951
7662,Author_07662,7,400.0,19,7952
21927,Author_21927,7,400.0,13,7953
3229,Author_03229,7,399.0,12,7954
270,Author_00270,7,398.0,16,7955
12948,Author_12948,7,398.0,18,7956
14700,Author_14700,7,396.0,16,7957
4713,Author_04713,7,395.0,15,7958
6215,Author_06215,7,395.0,17,7959
21634,Author_21634,7,394.0,13,7960
1766,Author_01766,7,393.0,15,7961
11317,Author_11317,7,393.0,19,7962
26766,Author_26766,7,393.0,18,7963
28552,Author_28552,7,392.0,13,7964
3116,Author_03116,7,391.0,15,7965
14737,Author_14737,7,391.0,11,7966
14219,Author_14219,7,390.0,13,7967
16670,Author_16670,7,389.0,10,7968
2251,Author_02251,7,388.0,12,7969
21524,Author_21524,7,388.0,15,7970
21718,Author_21718,7,387.0,19,7971
5478,Author_05478,7,386.0,8,7972
3597,Author_03597,7,385.0,10,7973
1878,Author_01878,7,384.0,11,7974
6948,Author_06948,7,384.0,22,7975
16490,Author_16490,7,384.0,14,7976
16697,Author_16697,7,383.0,18,7977
17649,Author_17649,7,383.0,17,7978
8978,Author_08978,7,382.0,13,7979
10659,Author_10659,7,381.0,13,7980
19004,Author_19004,7,381.0,8,7981
11715,Author_11715,7,380.0,14,7982
15442,Author_15442,7,380.0,10,7983
19530,Author_19530,7,380.0,14,7984
25546,Author_25546,7,379.0,22,7985
18349,Author_18349,7,378.0,12,7986
18883,Author_18883,7,378.0,18,7987
9257,Author_09257,7,375.0,10,7988
10505,Author_10505,7,374.0,10,7989
10870,Author_10870,7,373.0,10,7990
19180,Author_19180,7,373.0,18,7991
21464,Author_21464,7,373.0,13,7992
16779,Author_16779,7,372.0,19,7993
9289,Author_09289,7,370.0,20,7994
26647,Author_26647,7,370.0,11,7995
25951,Author_25951,7,369.0,14,7996
10227,Author_10227,7,367.0,19,7997
16820,Author_16820,7,366.0,23,7998
5425,Author_05425,7,365.0,10,7999
6674,Author_06674,7,363.0,16,8000
2050,Author_02050,7,362.0,14,8001
22939,Author_22939,7,362.0,18,8002
8195,Author_08195,7,361.0,14,8003
9188,Author_09188,7,361.0,19,8004
12159,Author_12159,7,361.0,9,8005
24343,Author_24343,7,361.0,13,8006
6236,Author_06236,7,359.0,22,8007
6260,Author_06260,7,359.0,13,8008
9305,Author_09305,7,359.0,16,8009
29270,Author_29270,7,359.0,15,8010
21923,Author_21923,7,358.0,11,8011
22289,Author_22289,7,358.0,14,8012
17394,Author_17394,7,357.0,13,8013
4350,Author_04350,7,356.0,22,8014
5077,Author_05077,7,356.0,13,8015
13444,Author_13444,7,356.0,14,8016
22272,Author_22272,7,356.0,12,8017
22579,Author_22579,7,355.0,12,8018
10081,Author_10081,7,354.0,12,8019
22903,Author_22903,7,353.0,11,8020
24427,Author_24427,7,353.0,10,8021
3019,Author_03019,7,352.0,15,8022
3963,Author_03963,7,352.0,17,8023
15160,Author_15160,7,352.0,9,8024
17386,Author_17386,7,352.0,17,8025
28933,Author_28933,7,352.0,14,8026
29685,Author_29685,7,352.0,14,8027
8623,Author_08623,7,351.0,16,8028
7256,Author_07256,7,350.0,17,8029
23336,Author_23336,7,350.0,14,8030
22721,Author_22721,7,349.0,10,8031
3582,Author_03582,7,347.0,12,8032
23006,Author_23006,7,347.0,16,8033
6795,Author_06795,7,346.0,11,8034
14078,Author_14078,7,346.0,12,8035
16378,Author_16378,7,346.0,13,8036
944,Author_00944,7,345.0,17,8037
13160,Author_13160,7,345.0,7,8038
14141,Author_14141,7,345.0,11,8039
16491,Author_16491,7,345.0,17,8040
2161,Author_02161,7,344.0,11,8041
10991,Author_10991,7,344.0,12,8042
414,Author_00414,7,343.0,12,8043
18780,Author_18780,7,343.0,17,8044
22680,Author_22680,7,343.0,14,8045
4322,Author_04322,7,342.0,10,8046
4326,Author_04326,7,341.0,11,8047
16193,Author_16193,7,341.0,12,8048
17036,Author_17036,7,341.0,17,8049
22265,Author_22265,7,341.0,12,8050
23068,Author_23068,7,341.0,16,8051
29979,Author_29979,7,341.0,11,8052
15487,Author_15487,7,340.0,15,8053
7601,Author_07601,7,339.0,13,8054
11339,Author_11339,7,338.0,8,8055
1505,Author_01505,7,337.0,14,8056
24972,Author_24972,7,337.0,19,8057
3450,Author_03450,7,336.0,13,8058
4067,Author_04067,7,336.0,8,8059
8485,Author_08485,7,336.0,19,8060
10944,Author_10944,7,336.0,13,8061
1736,Author_01736,7,335.0,11,8062
3409,Author_03409,7,335.0,14,8063
6298,Author_06298,7,335.0,23,8064
12329,Author_12329,7,335.0,17,8065
13026,Author_13026,7,335.0,10,8066
13523,Author_13523,7,335.0,15,8067
24534,Author_24534,7,335.0,16,8068
25272,Author_25272,7,335.0,10,8069
29525,Author_29525,7,335.0,13,8070
260,Author_00260,7,334.0,20,8071
885,Author_00885,7,334.0,17,8072
14260,Author_14260,7,333.0,12,8073
6657,Author_06657,7,332.0,10,8074
19325,Author_19325,7,332.0,12,8075
28595,Author_28595,7,332.0,13,8076
5393,Author_05393,7,331.0,21,8077
25860,Author_25860,7,331.0,14,8078
11278,Author_11278,7,330.0,12,8079
11830,Author_11830,7,329.0,14,8080
29195,Author_29195,7,329.0,14,8081
2285,Author_02285,7,328.0,21,8082
9472,Author_09472,7,328.0,14,8083
23233,Author_23233,7,328.0,8,8084
14372,Author_14372,7,326.0,10,8085
5948,Author_05948,7,325.0,18,8086
6010,Author_06010,7,325.0,14,8087
15938,Author_15938,7,325.0,11,8088
18354,Author_18354,7,325.0,15,8089
2399,Author_02399,7,324.0,10,8090
14399,Author_14399,7,324.0,16,8091
14659,Author_14659,7,324.0,16,8092
572,Author_00572,7,323.0,14,8093
9404,Author_09404,7,323.0,13,8094
11242,Author_11242,7,323.0,14,8095
12125,Author_12125,7,323.0,22,8096
21802,Author_21802,7,323.0,13,8097
6415,Author_06415,7,322.0,14,8098
12639,Author_12639,7,322.0,10,8099
24090,Author_24090,7,321.0,15,8100
9349,Author_09349,7,320.0,14,8101
10588,Author_10588,7,320.0,15,8102
16496,Author_16496,7,320.0,13,8103
27803,Author_27803,7,320.0,17,8104
3457,Author_03457,7,319.0,16,8105
12799,Author_12799,7,319.0,11,8106
2990,Author_02990,7,318.0,12,8107
8198,Author_08198,7,318.0,21,8108
10020,Author_10020,7,318.0,11,8109
19138,Author_19138,7,318.0,12,8110
20696,Author_20696,7,318.0,13,8111
1111,Author_01111,7,317.0,13,8112
1798,Author_01798,7,316.0,13,8113
8863,Author_08863,7,316.0,8,8114
21226,Author_21226,7,316.0,13,8115
22908,Author_22908,7,316.0,20,8116
4670,Author_04670,7,315.0,12,8117
8201,Author_08201,7,315.0,14,8118
8981,Author_08981,7,315.0,13,8119
17917,Author_17917,7,315.0,16,8120
21080,Author_21080,7,315.0,25,8121
23821,Author_23821,7,315.0,14,8122
25702,Author_25702,7,315.0,11,8123
29921,Author_29921,7,315.0,20,8124
2659,Author_02659,7,314.0,12,8125
7047,Author_07047,7,314.0,14,8126
22309,Author_22309,7,314.0,18,8127
24557,Author_24557,7,313.0,13,8128
24255,Author_24255,7,312.0,18,8129
6620,Author_06620,7,311.0,8,8130
19518,Author_19518,7,311.0,17,8131
23108,Author_23108,7,311.0,11,8132
500,Author_00500,7,310.0,12,8133
13315,Author_13315,7,310.0,17,8134
7783,Author_07783,7,309.0,14,8135
12601,Author_12601,7,309.0,14,8136
12975,Author_12975,7,309.0,14,8137
24223,Author_24223,7,309.0,10,8138
28341,Author_28341,7,309.0,16,8139
2684,Author_02684,7,308.0,14,8140
2969,Author_02969,7,308.0,12,8141
9481,Author_09481,7,308.0,23,8142
22435,Author_22435,7,308.0,14,8143
22507,Author_22507,7,308.0,14,8144
27124,Author_27124,7,308.0,28,8145
18513,Author_18513,7,307.0,12,8146
2026,Author_02026,7,306.0,16,8147
4264,Author_04264,7,306.0,9,8148
10342,Author_10342,7,306.0,11,8149
26113,Author_26113,7,306.0,20,8150
26566,Author_26566,7,306.0,12,8151
3376,Author_03376,7,305.0,17,8152
4802,Author_04802,7,305.0,9,8153
2935,Author_02935,7,304.0,11,8154
3517,Author_03517,7,304.0,14,8155
6379,Author_06379,7,304.0,15,8156
15399,Author_15399,7,304.0,9,8157
10840,Author_10840,7,303.0,17,8158
12218,Author_12218,7,303.0,12,8159
21088,Author_21088,7,303.0,12,8160
16483,Author_16483,7,302.0,14,8161
19125,Author_19125,7,302.0,16,8162
28149,Author_28149,7,302.0,11,8163
27317,Author_27317,7,301.0,9,8164
14869,Author_14869,7,300.0,11,8165
22057,Author_22057,7,300.0,14,8166
8163,Author_08163,7,299.0,8,8167
12898,Author_12898,7,299.0,10,8168
19549,Author_19549,7,299.0,12,8169
23816,Author_23816,7,299.0,13,8170
16025,Author_16025,7,298.0,13,8171
18092,Author_18092,7,298.0,11,8172
26934,Author_26934,7,298.0,11,8173
1316,Author_01316,7,297.0,13,8174
12717,Author_12717,7,297.0,12,8175
15939,Author_15939,7,297.0,9,8176
20039,Author_20039,7,297.0,11,8177
21585,Author_21585,7,297.0,16,8178
24402,Author_24402,7,297.0,13,8179
12785,Author_12785,7,296.0,15,8180
19945,Author_19945,7,296.0,11,8181
20962,Author_20962,7,296.0,14,8182
26340,Author_26340,7,296.0,14,8183
1793,Author_01793,7,295.0,11,8184
2283,Author_02283,7,295.0,16,8185
3151,Author_03151,7,295.0,16,8186
12744,Author_12744,7,295.0,13,8187
9736,Author_09736,7,294.0,12,8188
16011,Author_16011,7,294.0,14,8189
18914,Author_18914,7,294.0,11,8190
27893,Author_27893,7,294.0,17,8191
6338,Author_06338,7,293.0,19,8192
17565,Author_17565,7,293.0,12,8193
24000,Author_24000,7,293.0,13,8194
27874,Author_27874,7,293.0,9,8195
28329,Author_28329,7,293.0,13,8196
9065,Author_09065,7,292.0,11,8197
1479,Author_01479,7,291.0,14,8198
1787,Author_01787,7,291.0,15,8199
6056,Author_06056,7,291.0,13,8200
10700,Author_10700,7,291.0,20,8201
10781,Author_10781,7,291.0,9,8202
18482,Author_18482,7,291.0,17,8203
18555,Author_18555,7,291.0,15,8204
18977,Author_18977,7,291.0,8,8205
28164,Author_28164,7,291.0,18,8206
1273,Author_01273,7,290.0,13,8207
18698,Author_18698,7,290.0,18,8208
21113,Author_21113,7,290.0,14,8209
27748,Author_27748,7,290.0,10,8210
29288,Author_29288,7,290.0,21,8211
5438,Author_05438,7,289.0,20,8212
7184,Author_07184,7,289.0,20,8213
25863,Author_25863,7,289.0,17,8214
5791,Author_05791,7,288.0,18,8215
9357,Author_09357,7,288.0,12,8216
18180,Author_18180,7,288.0,10,8217
2604,Author_02604,7,287.0,12,8218
7175,Author_07175,7,287.0,11,8219
21236,Author_21236,7,287.0,13,8220
22104,Author_22104,7,287.0,15,8221
23345,Author_23345,7,287.0,20,8222
15114,Author_15114,7,286.0,12,8223
13685,Author_13685,7,285.0,13,8224
19937,Author_19937,7,285.0,12,8225
6391,Author_06391,7,284.0,14,8226
10000,Author_10000,7,284.0,15,8227
10644,Author_10644,7,283.0,12,8228
13527,Author_13527,7,283.0,15,8229
27324,Author_27324,7,283.0,17,8230
2864,Author_02864,7,282.0,14,8231
3128,Author_03128,7,282.0,23,8232
5771,Author_05771,7,282.0,14,8233
6980,Author_06980,7,282.0,14,8234
8306,Author_08306,7,282.0,10,8235
10410,Author_10410,7,282.0,12,8236
12389,Author_12389,7,282.0,10,8237
27554,Author_27554,7,282.0,15,8238
28642,Author_28642,7,282.0,9,8239
8920,Author_08920,7,281.0,18,8240
10477,Author_10477,7,281.0,14,8241
24406,Author_24406,7,281.0,22,8242
27051,Author_27051,7,281.0,21,8243
2540,Author_02540,7,280.0,11,8244
26864,Author_26864,7,280.0,15,8245
2708,Author_02708,7,279.0,15,8246
3638,Author_03638,7,279.0,15,8247
6656,Author_06656,7,279.0,13,8248
21009,Author_21009,7,279.0,11,8249
23768,Author_23768,7,279.0,12,8250
563,Author_00563,7,278.0,15,8251
4030,Author_04030,7,278.0,13,8252
4357,Author_04357,7,278.0,13,8253
6829,Author_06829,7,278.0,14,8254
17746,Author_17746,7,278.0,13,8255
23846,Author_23846,7,278.0,13,8256
2438,Author_02438,7,277.0,12,8257
14489,Author_14489,7,277.0,9,8258
15435,Author_15435,7,277.0,18,8259
26374,Author_26374,7,277.0,20,8260
29375,Author_29375,7,277.0,14,8261
29748,Author_29748,7,277.0,11,8262
21574,Author_21574,7,276.0,12,8263
25762,Author_25762,7,276.0,9,8264
4882,Author_04882,7,275.0,11,8265
12024,Author_12024,7,275.0,10,8266
1269,Author_01269,7,274.0,20,8267
8787,Author_08787,7,274.0,12,8268
9238,Author_09238,7,274.0,9,8269
13242,Author_13242,7,274.0,15,8270
14734,Author_14734,7,274.0,14,8271
24346,Author_24346,7,274.0,17,8272
25071,Author_25071,7,274.0,14,8273
29201,Author_29201,7,274.0,12,8274
1294,Author_01294,7,273.0,8,8275
7643,Author_07643,7,273.0,17,8276
8422,Author_08422,7,273.0,8,8277
9926,Author_09926,7,273.0,12,8278
10988,Author_10988,7,273.0,15,8279
11081,Author_11081,7,273.0,10,8280
11312,Author_11312,7,273.0,13,8281
25905,Author_25905,7,273.0,16,8282
7936,Author_07936,7,272.0,13,8283
21133,Author_21133,7,272.0,11,8284
23635,Author_23635,7,272.0,18,8285
28492,Author_28492,7,272.0,17,8286
6303,Author_06303,7,271.0,16,8287
7625,Author_07625,7,271.0,10,8288
16207,Author_16207,7,271.0,14,8289
21741,Author_21741,7,271.0,11,8290
24998,Author_24998,7,271.0,13,8291
27120,Author_27120,7,271.0,14,8292
27153,Author_27153,7,271.0,11,8293
28251,Author_28251,7,271.0,15,8294
1939,Author_01939,7,270.0,13,8295
3735,Author_03735,7,270.0,19,8296
5562,Author_05562,7,270.0,12,8297
11822,Author_11822,7,270.0,16,8298
24584,Author_24584,7,270.0,19,8299
28495,Author_28495,7,270.0,9,8300
29745,Author_29745,7,270.0,11,8301
26527,Author_26527,7,269.0,13,8302
6487,Author_06487,7,268.0,13,8303
17008,Author_17008,7,268.0,22,8304
19519,Author_19519,7,268.0,11,8305
20983,Author_20983,7,268.0,13,8306
22521,Author_22521,7,268.0,12,8307
25884,Author_25884,7,268.0,12,8308
28926,Author_28926,7,268.0,9,8309
28948,Author_28948,7,268.0,15,8310
16245,Author_16245,7,267.0,19,8311
19236,Author_19236,7,267.0,11,8312
7743,Author_07743,7,266.0,11,8313
14847,Author_14847,7,266.0,12,8314
18181,Author_18181,7,266.0,15,8315
495,Author_00495,7,265.0,12,8316
3545,Author_03545,7,265.0,14,8317
3926,Author_03926,7,265.0,16,8318
5377,Author_05377,7,265.0,9,8319
9171,Author_09171,7,265.0,15,8320
15561,Author_15561,7,265.0,19,8321
20161,Author_20161,7,265.0,16,8322
22998,Author_22998,7,265.0,14,8323
24958,Author_24958,7,265.0,15,8324
3972,Author_03972,7,264.0,13,8325
5742,Author_05742,7,264.0,16,8326
6283,Author_06283,7,264.0,11,8327
10559,Author_10559,7,264.0,14,8328
10975,Author_10975,7,264.0,14,8329
19711,Author_19711,7,264.0,14,8330
23988,Author_23988,7,264.0,11,8331
25036,Author_25036,7,264.0,9,8332
25487,Author_25487,7,264.0,17,8333
8982,Author_08982,7,263.0,14,8334
10148,Author_10148,7,263.0,16,8335
11553,Author_11553,7,263.0,17,8336
18210,Author_18210,7,263.0,11,8337
23283,Author_23283,7,263.0,18,8338
3282,Author_03282,7,262.0,24,8339
14041,Author_14041,7,262.0,20,8340
22442,Author_22442,7,262.0,17,8341
27019,Author_27019,7,262.0,21,8342
7506,Author_07506,7,261.0,7,8343
12443,Author_12443,7,261.0,12,8344
18669,Author_18669,7,261.0,13,8345
18723,Author_18723,7,261.0,16,8346
19870,Author_19870,7,261.0,13,8347
28045,Author_28045,7,261.0,8,8348
7429,Author_07429,7,260.0,13,8349
9263,Author_09263,7,260.0,18,8350
15429,Author_15429,7,260.0,13,8351
26730,Author_26730,7,260.0,8,8352
26928,Author_26928,7,260.0,9,8353
1548,Author_01548,7,259.0,16,8354
2985,Author_02985,7,259.0,14,8355
3568,Author_03568,7,259.0,18,8356
4099,Author_04099,7,259.0,18,8357
4123,Author_04123,7,259.0,16,8358
7470,Author_07470,7,259.0,14,8359
8881,Author_08881,7,259.0,20,8360
11262,Author_11262,7,259.0,10,8361
12189,Author_12189,7,259.0,23,8362
23460,Author_23460,7,259.0,15,8363
24788,Author_24788,7,259.0,22,8364
26377,Author_26377,7,259.0,10,8365
27343,Author_27343,7,259.0,17,8366
1908,Author_01908,7,258.0,12,8367
3785,Author_03785,7,258.0,9,8368
12200,Author_12200,7,258.0,8,8369
16845,Author_16845,7,258.0,7,8370
18230,Author_18230,7,258.0,20,8371
22171,Author_22171,7,258.0,19,8372
26493,Author_26493,7,258.0,15,8373
27407,Author_27407,7,258.0,16,8374
27813,Author_27813,7,258.0,10,8375
784,Author_00784,7,257.0,8,8376
908,Author_00908,7,257.0,9,8377
10542,Author_10542,7,257.0,11,8378
10657,Author_10657,7,257.0,13,8379
15773,Author_15773,7,257.0,17,8380
15923,Author_15923,7,257.0,21,8381
22933,Author_22933,7,257.0,12,8382
25392,Author_25392,7,257.0,18,8383
26508,Author_26508,7,257.0,12,8384
28648,Author_28648,7,257.0,14,8385
28858,Author_28858,7,257.0,12,8386
235,Author_00235,7,256.0,13,8387
4875,Author_04875,7,256.0,9,8388
14464,Author_14464,7,256.0,18,8389
16088,Author_16088,7,256.0,19,8390
20666,Author_20666,7,256.0,11,8391
27242,Author_27242,7,256.0,22,8392
4253,Author_04253,7,255.0,10,8393
11716,Author_11716,7,255.0,15,8394
11783,Author_11783,7,255.0,10,8395
15560,Author_15560,7,255.0,12,8396
16232,Author_16232,7,255.0,12,8397
23462,Author_23462,7,255.0,15,8398
24088,Author_24088,7,255.0,16,8399
27122,Author_27122,7,255.0,10,8400
3969,Author_03969,7,254.0,21,8401
12316,Author_12316,7,254.0,14,8402
13687,Author_13687,7,254.0,10,8403
13769,Author_13769,7,254.0,12,8404
16524,Author_16524,7,254.0,7,8405
20945,Author_20945,7,254.0,10,8406
24128,Author_24128,7,254.0,19,8407
1147,Author_01147,7,253.0,10,8408
3669,Author_03669,7,253.0,16,8409
6228,Author_06228,7,253.0,9,8410
26034,Author_26034,7,253.0,15,8411
27786,Author_27786,7,253.0,12,8412
259,Author_00259,7,252.0,14,8413
865,Author_00865,7,252.0,17,8414
4657,Author_04657,7,252.0,13,8415
8887,Author_08887,7,252.0,15,8416
17436,Author_17436,7,252.0,13,8417
17777,Author_17777,7,252.0,12,8418
19227,Author_19227,7,252.0,17,8419
20378,Author_20378,7,252.0,18,8420
21446,Author_21446,7,252.0,21,8421
22455,Author_22455,7,252.0,11,8422
25544,Author_25544,7,252.0,23,8423
26873,Author_26873,7,252.0,14,8424
1599,Author_01599,7,251.0,17,8425
2799,Author_02799,7,251.0,16,8426
5700,Author_05700,7,251.0,15,8427
11205,Author_11205,7,251.0,14,8428
11360,Author_11360,7,251.0,11,8429
11727,Author_11727,7,251.0,11,8430
12527,Author_12527,7,251.0,17,8431
16279,Author_16279,7,251.0,12,8432
23750,Author_23750,7,251.0,15,8433
5614,Author_05614,7,250.0,9,8434
13485,Author_13485,7,250.0,13,8435
14491,Author_14491,7,250.0,12,8436
15824,Author_15824,7,250.0,15,8437
16473,Author_16473,7,250.0,17,8438
17341,Author_17341,7,250.0,16,8439
19034,Author_19034,7,250.0,11,8440
25127,Author_25127,7,250.0,13,8441
27022,Author_27022,7,250.0,19,8442
27440,Author_27440,7,250.0,23,8443
29043,Author_29043,7,250.0,15,8444
5710,Author_05710,7,249.0,10,8445
7330,Author_07330,7,249.0,10,8446
13068,Author_13068,7,249.0,10,8447
13157,Author_13157,7,249.0,11,8448
22198,Author_22198,7,249.0,16,8449
22800,Author_22800,7,249.0,13,8450
23302,Author_23302,7,249.0,23,8451
25939,Author_25939,7,249.0,22,8452
28873,Author_28873,7,249.0,16,8453
5967,Author_05967,7,248.0,18,8454
8783,Author_08783,7,248.0,11,8455
8885,Author_08885,7,248.0,13,8456
11514,Author_11514,7,248.0,12,8457
15164,Author_15164,7,248.0,15,8458
26672,Author_26672,7,248.0,12,8459
880,Author_00880,7,247.0,16,8460
2065,Author_02065,7,247.0,14,8461
5009,Author_05009,7,247.0,17,8462
13098,Author_13098,7,247.0,12,8463
14651,Author_14651,7,247.0,16,8464
15048,Author_15048,7,247.0,18,8465
19804,Author_19804,7,247.0,21,8466
5524,Author_05524,7,246.0,12,8467
7970,Author_07970,7,246.0,19,8468
10057,Author_10057,7,246.0,17,8469
14098,Author_14098,7,246.0,13,8470
15239,Author_15239,7,246.0,12,8471
17682,Author_17682,7,246.0,20,8472
19717,Author_19717,7,246.0,20,8473
21730,Author_21730,7,246.0,15,8474
25125,Author_25125,7,246.0,15,8475
2794,Author_02794,7,245.0,13,8476
9234,Author_09234,7,245.0,9,8477
26941,Author_26941,7,245.0,15,8478
3291,Author_03291,7,244.0,21,8479
8088,Author_08088,7,244.0,18,8480
11932,Author_11932,7,244.0,18,8481
13109,Author_13109,7,244.0,16,8482
17936,Author_17936,7,244.0,13,8483
25227,Author_25227,7,244.0,11,8484
25562,Author_25562,7,244.0,13,8485
29262,Author_29262,7,244.0,14,8486
7902,Author_07902,7,243.0,10,8487
10362,Author_10362,7,243.0,11,8488
11292,Author_11292,7,243.0,11,8489
11775,Author_11775,7,243.0,12,8490
22381,Author_22381,7,243.0,10,8491
22825,Author_22825,7,243.0,9,8492
25548,Author_25548,7,243.0,9,8493
25553,Author_25553,7,243.0,12,8494
27789,Author_27789,7,243.0,22,8495
28864,Author_28864,7,243.0,9,8496
7328,Author_07328,7,242.0,17,8497
9696,Author_09696,7,242.0,9,8498
14047,Author_14047,7,242.0,18,8499
20115,Author_20115,7,242.0,14,8500
21266,Author_21266,7,242.0,13,8501
23527,Author_23527,7,242.0,12,8502
29832,Author_29832,7,242.0,14,8503
11142,Author_11142,7,241.0,12,8504
18952,Author_18952,7,241.0,16,8505
23309,Author_23309,7,241.0,23,8506
24179,Author_24179,7,241.0,16,8507
3174,Author_03174,7,240.0,9,8508
10075,Author_10075,7,240.0,9,8509
13081,Author_13081,7,240.0,9,8510
16380,Author_16380,7,240.0,15,8511
16615,Author_16615,7,240.0,13,8512
16992,Author_16992,7,240.0,11,8513
25622,Author_25622,7,240.0,14,8514
28371,Author_28371,7,240.0,10,8515
1552,Author_01552,7,239.0,11,8516
2149,Author_02149,7,239.0,12,8517
6907,Author_06907,7,239.0,12,8518
12845,Author_12845,7,239.0,17,8519
17622,Author_17622,7,239.0,19,8520
19729,Author_19729,7,239.0,14,8521
23827,Author_23827,7,239.0,11,8522
4998,Author_04998,7,238.0,13,8523
17984,Author_17984,7,238.0,13,8524
18158,Author_18158,7,238.0,11,8525
19261,Author_19261,7,238.0,16,8526
25888,Author_25888,7,238.0,24,8527
2164,Author_02164,7,237.0,12,8528
6320,Author_06320,7,237.0,17,8529
8580,Author_08580,7,237.0,14,8530
12178,Author_12178,7,237.0,9,8531
18692,Author_18692,7,237.0,17,8532
18930,Author_18930,7,237.0,12,8533
22050,Author_22050,7,237.0,10,8534
24421,Author_24421,7,237.0,10,8535
517,Author_00517,7,236.0,12,8536
10954,Author_10954,7,236.0,16,8537
13195,Author_13195,7,236.0,8,8538
26809,Author_26809,7,236.0,19,8539
27426,Author_27426,7,236.0,15,8540
2047,Author_02047,7,235.0,14,8541
2739,Author_02739,7,235.0,16,8542
3062,Author_03062,7,235.0,13,8543
3267,Author_03267,7,235.0,13,8544
15389,Author_15389,7,235.0,14,8545
17026,Author_17026,7,235.0,20,8546
17879,Author_17879,7,235.0,15,8547
23060,Author_23060,7,235.0,19,8548
27152,Author_27152,7,235.0,10,8549
27296,Author_27296,7,235.0,19,8550
28049,Author_28049,7,235.0,17,8551
1671,Author_01671,7,234.0,20,8552
1759,Author_01759,7,234.0,16,8553
2436,Author_02436,7,234.0,12,8554
2898,Author_02898,7,234.0,12,8555
3352,Author_03352,7,234.0,16,8556
5057,Author_05057,7,234.0,10,8557
5554,Author_05554,7,234.0,10,8558
8812,Author_08812,7,234.0,15,8559
11669,Author_11669,7,234.0,11,8560
20653,Author_20653,7,234.0,11,8561
20927,Author_20927,7,234.0,11,8562
23730,Author_23730,7,234.0,14,8563
23828,Author_23828,7,234.0,12,8564
24556,Author_24556,7,234.0,16,8565
24708,Author_24708,7,234.0,15,8566
13701,Author_13701,7,233.0,13,8567
15475,Author_15475,7,233.0,15,8568
16559,Author_16559,7,233.0,18,8569
18411,Author_18411,7,233.0,12,8570
22835,Author_22835,7,233.0,21,8571
26584,Author_26584,7,233.0,8,8572
10805,Author_10805,7,232.0,14,8573
15436,Author_15436,7,232.0,15,8574
27170,Author_27170,7,232.0,13,8575
27405,Author_27405,7,232.0,17,8576
28153,Author_28153,7,232.0,14,8577
7215,Author_07215,7,231.0,11,8578
8338,Author_08338,7,231.0,13,8579
10224,Author_10224,7,231.0,21,8580
10691,Author_10691,7,231.0,25,8581
11970,Author_11970,7,231.0,18,8582
12535,Author_12535,7,231.0,19,8583
13887,Author_13887,7,231.0,11,8584
19637,Author_19637,7,231.0,8,8585
26330,Author_26330,7,231.0,12,8586
3558,Author_03558,7,230.0,15,8587
14578,Author_14578,7,230.0,11,8588
25829,Author_25829,7,230.0,16,8589
25866,Author_25866,7,230.0,17,8590
2031,Author_02031,7,229.0,13,8591
3742,Author_03742,7,229.0,14,8592
4373,Author_04373,7,229.0,24,8593
7870,Author_07870,7,229.0,20,8594
9776,Author_09776,7,229.0,12,8595
11862,Author_11862,7,229.0,10,8596
19966,Author_19966,7,229.0,14,8597
21272,Author_21272,7,229.0,22,8598
22269,Author_22269,7,229.0,16,8599
1079,Author_01079,7,228.0,16,8600
1167,Author_01167,7,228.0,9,8601
4041,Author_04041,7,228.0,12,8602
4659,Author_04659,7,228.0,15,8603
5201,Author_05201,7,228.0,10,8604
5262,Author_05262,7,228.0,11,8605
8006,Author_08006,7,228.0,16,8606
8758,Author_08758,7,228.0,15,8607
11745,Author_11745,7,228.0,9,8608
15021,Author_15021,7,228.0,17,8609
17799,Author_17799,7,228.0,19,8610
18609,Author_18609,7,228.0,18,8611
19248,Author_19248,7,228.0,13,8612
19763,Author_19763,7,228.0,22,8613
3065,Author_03065,7,227.0,17,8614
3199,Author_03199,7,227.0,13,8615
6342,Author_06342,7,227.0,14,8616
7270,Author_07270,7,227.0,19,8617
10822,Author_10822,7,227.0,12,8618
12085,Author_12085,7,227.0,15,8619
15419,Author_15419,7,227.0,16,8620
19009,Author_19009,7,227.0,12,8621
29569,Author_29569,7,227.0,13,8622
6701,Author_06701,7,226.0,12,8623
14856,Author_14856,7,226.0,13,8624
23163,Author_23163,7,226.0,19,8625
23833,Author_23833,7,226.0,14,8626
26420,Author_26420,7,226.0,12,8627
5062,Author_05062,7,225.0,14,8628
10553,Author_10553,7,225.0,14,8629
12442,Author_12442,7,225.0,11,8630
12513,Author_12513,7,225.0,9,8631
14925,Author_14925,7,225.0,20,8632
15272,Author_15272,7,225.0,11,8633
18278,Author_18278,7,225.0,14,8634
18381,Author_18381,7,225.0,19,8635
19196,Author_19196,7,225.0,25,8636
24056,Author_24056,7,225.0,15,8637
26394,Author_26394,7,225.0,12,8638
27851,Author_27851,7,225.0,16,8639
29431,Author_29431,7,225.0,12,8640
127,Author_00127,7,224.0,11,8641
6148,Author_06148,7,224.0,13,8642
7918,Author_07918,7,224.0,20,8643
8014,Author_08014,7,224.0,11,8644
10206,Author_10206,7,224.0,20,8645
14201,Author_14201,7,224.0,13,8646
19091,Author_19091,7,224.0,17,8647
24429,Author_24429,7,224.0,16,8648
1891,Author_01891,7,223.0,11,8649
3621,Author_03621,7,223.0,18,8650
5182,Author_05182,7,223.0,23,8651
7462,Author_07462,7,223.0,21,8652
8720,Author_08720,7,223.0,13,8653
9231,Author_09231,7,223.0,10,8654
20619,Author_20619,7,223.0,16,8655
20980,Author_20980,7,223.0,15,8656
22593,Author_22593,7,223.0,19,8657
26742,Author_26742,7,223.0,11,8658
9126,Author_09126,7,222.0,12,8659
9672,Author_09672,7,222.0,16,8660
10403,Author_10403,7,222.0,15,8661
10911,Author_10911,7,222.0,16,8662
12121,Author_12121,7,222.0,10,8663
12337,Author_12337,7,222.0,14,8664
20051,Author_20051,7,222.0,13,8665
29764,Author_29764,7,222.0,11,8666
4137,Author_04137,7,221.0,11,8667
4177,Author_04177,7,221.0,13,8668
4343,Author_04343,7,221.0,14,8669
7588,Author_07588,7,221.0,17,8670
17638,Author_17638,7,221.0,9,8671
18188,Author_18188,7,221.0,17,8672
19186,Author_19186,7,221.0,17,8673
22384,Author_22384,7,221.0,12,8674
3362,Author_03362,7,220.0,10,8675
9616,Author_09616,7,220.0,16,8676
12954,Author_12954,7,220.0,14,8677
13126,Author_13126,7,220.0,11,8678
17359,Author_17359,7,220.0,11,8679
18032,Author_18032,7,220.0,10,8680
24588,Author_24588,7,220.0,15,8681
26512,Author_26512,7,220.0,20,8682
26538,Author_26538,7,220.0,16,8683
28856,Author_28856,7,220.0,25,8684
3544,Author_03544,7,219.0,14,8685
5249,Author_05249,7,219.0,16,8686
6982,Author_06982,7,219.0,16,8687
7570,Author_07570,7,219.0,15,8688
7645,Author_07645,7,219.0,10,8689
13192,Author_13192,7,219.0,19,8690
15652,Author_15652,7,219.0,10,8691
20394,Author_20394,7,219.0,13,8692
24070,Author_24070,7,219.0,10,8693
25132,Author_25132,7,219.0,8,8694
28140,Author_28140,7,219.0,22,8695
29162,Author_29162,7,219.0,15,8696
656,Author_00656,7,218.0,13,8697
1007,Author_01007,7,218.0,11,8698
4517,Author_04517,7,218.0,11,8699
5086,Author_05086,7,218.0,12,8700
7201,Author_07201,7,218.0,20,8701
8979,Author_08979,7,218.0,12,8702
14885,Author_14885,7,218.0,8,8703
17849,Author_17849,7,218.0,17,8704
18769,Author_18769,7,218.0,30,8705
26510,Author_26510,7,218.0,19,8706
27682,Author_27682,7,218.0,17,8707
28041,Author_28041,7,218.0,15,8708
2657,Author_02657,7,217.0,15,8709
3842,Author_03842,7,217.0,13,8710
4008,Author_04008,7,217.0,21,8711
5807,Author_05807,7,217.0,10,8712
7200,Author_07200,7,217.0,12,8713
7687,Author_07687,7,217.0,23,8714
9099,Author_09099,7,217.0,13,8715
15859,Author_15859,7,217.0,8,8716
16683,Author_16683,7,217.0,13,8717
18620,Author_18620,7,217.0,19,8718
23209,Author_23209,7,217.0,12,8719
24896,Author_24896,7,217.0,11,8720
29564,Author_29564,7,217.0,16,8721
3264,Author_03264,7,216.0,10,8722
11778,Author_11778,7,216.0,13,8723
20294,Author_20294,7,216.0,16,8724
20909,Author_20909,7,216.0,13,8725
26303,Author_26303,7,216.0,16,8726
29327,Author_29327,7,216.0,18,8727
9114,Author_09114,7,215.0,12,8728
15732,Author_15732,7,215.0,13,8729
21199,Author_21199,7,215.0,13,8730
23902,Author_23902,7,215.0,13,8731
24855,Author_24855,7,215.0,18,8732
989,Author_00989,7,214.0,12,8733
1472,Author_01472,7,214.0,17,8734
2975,Author_02975,7,214.0,13,8735
7469,Author_07469,7,214.0,16,8736
13817,Author_13817,7,214.0,15,8737
16352,Author_16352,7,214.0,15,8738
16695,Author_16695,7,214.0,10,8739
23091,Author_23091,7,214.0,14,8740
29247,Author_29247,7,214.0,16,8741
660,Author_00660,7,213.0,12,8742
2120,Author_02120,7,213.0,12,8743
4490,Author_04490,7,213.0,19,8744
11061,Author_11061,7,213.0,15,8745
14710,Author_14710,7,213.0,19,8746
17837,Author_17837,7,213.0,10,8747
18290,Author_18290,7,213.0,12,8748
3207,Author_03207,7,212.0,9,8749
4226,Author_04226,7,212.0,10,8750
7736,Author_07736,7,212.0,12,8751
8090,Author_08090,7,212.0,10,8752
15660,Author_15660,7,212.0,15,8753
17501,Author_17501,7,212.0,13,8754
19333,Author_19333,7,212.0,9,8755
20996,Author_20996,7,212.0,7,8756
25511,Author_25511,7,212.0,21,8757
28186,Author_28186,7,212.0,23,8758
28726,Author_28726,7,212.0,13,8759
4555,Author_04555,7,211.0,13,8760
7927,Author_07927,7,211.0,21,8761
8396,Author_08396,7,211.0,8,8762
9009,Author_09009,7,211.0,10,8763
19109,Author_19109,7,211.0,13,8764
26169,Author_26169,7,211.0,14,8765
1496,Author_01496,7,210.0,12,8766
4164,Author_04164,7,210.0,12,8767
6034,Author_06034,7,210.0,13,8768
7991,Author_07991,7,210.0,15,8769
11523,Author_11523,7,210.0,10,8770
14984,Author_14984,7,210.0,10,8771
16256,Author_16256,7,210.0,12,8772
16316,Author_16316,7,210.0,9,8773
20521,Author_20521,7,210.0,15,8774
21909,Author_21909,7,210.0,15,8775
2186,Author_02186,7,209.0,19,8776
18355,Author_18355,7,209.0,11,8777
20597,Author_20597,7,209.0,12,8778
24330,Author_24330,7,209.0,18,8779
3515,Author_03515,7,208.0,16,8780
4494,Author_04494,7,208.0,11,8781
5922,Author_05922,7,208.0,9,8782
10155,Author_10155,7,208.0,13,8783
13129,Author_13129,7,208.0,13,8784
13827,Author_13827,7,208.0,13,8785
15129,Author_15129,7,208.0,11,8786
17097,Author_17097,7,208.0,15,8787
24364,Author_24364,7,208.0,15,8788
26300,Author_26300,7,208.0,14,8789
446,Author_00446,7,207.0,16,8790
6595,Author_06595,7,207.0,15,8791
7441,Author_07441,7,207.0,15,8792
10298,Author_10298,7,207.0,11,8793
11132,Author_11132,7,207.0,15,8794
13524,Author_13524,7,207.0,13,8795
20305,Author_20305,7,207.0,19,8796
25273,Author_25273,7,207.0,13,8797
26954,Author_26954,7,207.0,14,8798
28379,Author_28379,7,207.0,11,8799
29346,Author_29346,7,207.0,18,8800
3721,Author_03721,7,206.0,19,8801
3762,Author_03762,7,206.0,19,8802
6053,Author_06053,7,206.0,14,8803
6273,Author_06273,7,206.0,11,8804
9275,Author_09275,7,206.0,15,8805
10286,Author_10286,7,206.0,9,8806
12461,Author_12461,7,206.0,14,8807
20856,Author_20856,7,206.0,14,8808
24029,Author_24029,7,206.0,11,8809
27501,Author_27501,7,206.0,8,8810
28598,Author_28598,7,206.0,16,8811
3020,Author_03020,7,205.0,11,8812
7380,Author_07380,7,205.0,13,8813
7926,Author_07926,7,205.0,22,8814
8219,Author_08219,7,205.0,11,8815
8595,Author_08595,7,205.0,13,8816
12700,Author_12700,7,205.0,13,8817
12718,Author_12718,7,205.0,12,8818
15750,Author_15750,7,205.0,12,8819
17617,Author_17617,7,205.0,9,8820
20370,Author_20370,7,205.0,14,8821
25073,Author_25073,7,205.0,14,8822
25248,Author_25248,7,205.0,11,8823
28201,Author_28201,7,205.0,15,8824
28355,Author_28355,7,205.0,17,8825
9426,Author_09426,7,204.0,16,8826
9689,Author_09689,7,204.0,18,8827
11048,Author_11048,7,204.0,12,8828
11657,Author_11657,7,204.0,19,8829
17488,Author_17488,7,204.0,12,8830
20516,Author_20516,7,204.0,10,8831
21011,Author_21011,7,204.0,22,8832
26204,Author_26204,7,204.0,14,8833
26915,Author_26915,7,204.0,18,8834
27404,Author_27404,7,204.0,19,8835
994,Author_00994,7,203.0,16,8836
2206,Author_02206,7,203.0,13,8837
5516,Author_05516,7,203.0,14,8838
12832,Author_12832,7,203.0,17,8839
13833,Author_13833,7,203.0,10,8840
19145,Author_19145,7,203.0,13,8841
19942,Author_19942,7,203.0,14,8842
27023,Author_27023,7,203.0,11,8843
27061,Author_27061,7,203.0,14,8844
5324,Author_05324,7,202.0,12,8845
7034,Author_07034,7,202.0,11,8846
16189,Author_16189,7,202.0,14,8847
17062,Author_17062,7,202.0,10,8848
18309,Author_18309,7,202.0,18,8849
19933,Author_19933,7,202.0,15,8850
22514,Author_22514,7,202.0,17,8851
2220,Author_02220,7,201.0,16,8852
4087,Author_04087,7,201.0,12,8853
10029,Author_10029,7,201.0,15,8854
13201,Author_13201,7,201.0,13,8855
13509,Author_13509,7,201.0,8,8856
15548,Author_15548,7,201.0,12,8857
16737,Author_16737,7,201.0,13,8858
23642,Author_23642,7,201.0,16,8859
25309,Author_25309,7,201.0,15,8860
28656,Author_28656,7,201.0,17,8861
29204,Author_29204,7,201.0,8,8862
136,Author_00136,7,200.0,10,8863
967,Author_00967,7,200.0,23,8864
8251,Author_08251,7,200.0,19,8865
10100,Author_10100,7,200.0,17,8866
10374,Author_10374,7,200.0,9,8867
11518,Author_11518,7,200.0,14,8868
16654,Author_16654,7,200.0,8,8869
16667,Author_16667,7,200.0,13,8870
20643,Author_20643,7,200.0,11,8871
20714,Author_20714,7,200.0,19,8872
21276,Author_21276,7,200.0,14,8873
21624,Author_21624,7,200.0,16,8874
27569,Author_27569,7,200.0,7,8875
3226,Author_03226,7,199.0,10,8876
10495,Author_10495,7,199.0,11,8877
20822,Author_20822,7,199.0,21,8878
21561,Author_21561,7,199.0,12,8879
28036,Author_28036,7,199.0,12,8880
28339,Author_28339,7,199.0,10,8881
29929,Author_29929,7,199.0,11,8882
1119,Author_01119,7,198.0,13,8883
1283,Author_01283,7,198.0,9,8884
8763,Author_08763,7,198.0,15,8885
9103,Author_09103,7,198.0,12,8886
10831,Author_10831,7,198.0,14,8887
14177,Author_14177,7,198.0,12,8888
16648,Author_16648,7,198.0,15,8889
20565,Author_20565,7,198.0,13,8890
20925,Author_20925,7,198.0,12,8891
24488,Author_24488,7,198.0,11,8892
27908,Author_27908,7,198.0,19,8893
28931,Author_28931,7,198.0,19,8894
8824,Author_08824,7,197.0,14,8895
9475,Author_09475,7,197.0,7,8896
9671,Author_09671,7,197.0,16,8897
11721,Author_11721,7,197.0,16,8898
12051,Author_12051,7,197.0,19,8899
13260,Author_13260,7,197.0,19,8900
13866,Author_13866,7,197.0,13,8901
20372,Author_20372,7,197.0,10,8902
22429,Author_22429,7,197.0,14,8903
23876,Author_23876,7,197.0,17,8904
25147,Author_25147,7,197.0,14,8905
27658,Author_27658,7,197.0,14,8906
2258,Author_02258,7,196.0,18,8907
4683,Author_04683,7,196.0,17,8908
5253,Author_05253,7,196.0,16,8909
8299,Author_08299,7,196.0,11,8910
9043,Author_09043,7,196.0,16,8911
10116,Author_10116,7,196.0,10,8912
10422,Author_10422,7,196.0,21,8913
11021,Author_11021,7,196.0,9,8914
15698,Author_15698,7,196.0,17,8915
17367,Author_17367,7,196.0,10,8916
19580,Author_19580,7,196.0,14,8917
19918,Author_19918,7,196.0,15,8918
22912,Author_22912,7,196.0,18,8919
23788,Author_23788,7,196.0,13,8920
24531,Author_24531,7,196.0,19,8921
1299,Author_01299,7,195.0,9,8922
8583,Author_08583,7,195.0,12,8923
9458,Author_09458,7,195.0,17,8924
16093,Author_16093,7,195.0,18,8925
17253,Author_17253,7,195.0,15,8926
17573,Author_17573,7,195.0,17,8927
26077,Author_26077,7,195.0,12,8928
26950,Author_26950,7,195.0,15,8929
28904,Author_28904,7,195.0,9,8930
5297,Author_05297,7,194.0,13,8931
7717,Author_07717,7,194.0,16,8932
8172,Author_08172,7,194.0,13,8933
10636,Author_10636,7,194.0,11,8934
10876,Author_10876,7,194.0,12,8935
11176,Author_11176,7,194.0,13,8936
16000,Author_16000,7,194.0,11,8937
17633,Author_17633,7,194.0,13,8938
18055,Author_18055,7,194.0,13,8939
22385,Author_22385,7,194.0,13,8940
23920,Author_23920,7,194.0,12,8941
27714,Author_27714,7,194.0,12,8942
28744,Author_28744,7,194.0,20,8943
3487,Author_03487,7,193.0,16,8944
4327,Author_04327,7,193.0,17,8945
8784,Author_08784,7,193.0,9,8946
10536,Author_10536,7,193.0,16,8947
13794,Author_13794,7,193.0,29,8948
17377,Author_17377,7,193.0,11,8949
17797,Author_17797,7,193.0,8,8950
19686,Author_19686,7,193.0,24,8951
23038,Author_23038,7,193.0,13,8952
27298,Author_27298,7,193.0,18,8953
28696,Author_28696,7,193.0,11,8954
792,Author_00792,7,192.0,10,8955
6444,Author_06444,7,192.0,18,8956
8962,Author_08962,7,192.0,10,8957
9684,Author_09684,7,192.0,15,8958
14166,Author_14166,7,192.0,16,8959
14252,Author_14252,7,192.0,15,8960
15449,Author_15449,7,192.0,12,8961
21269,Author_21269,7,192.0,12,8962
25928,Author_25928,7,192.0,10,8963
3915,Author_03915,7,191.0,17,8964
5828,Author_05828,7,191.0,19,8965
7112,Author_07112,7,191.0,17,8966
11833,Author_11833,7,191.0,8,8967
13571,Author_13571,7,191.0,15,8968
13610,Author_13610,7,191.0,15,8969
13646,Author_13646,7,191.0,13,8970
14359,Author_14359,7,191.0,18,8971
16194,Author_16194,7,191.0,15,8972
18543,Author_18543,7,191.0,15,8973
22842,Author_22842,7,191.0,14,8974
25363,Author_25363,7,191.0,20,8975
25411,Author_25411,7,191.0,17,8976
27198,Author_27198,7,191.0,9,8977
29955,Author_29955,7,191.0,16,8978
1666,Author_01666,7,190.0,13,8979
4644,Author_04644,7,190.0,20,8980
5210,Author_05210,7,190.0,16,8981
7886,Author_07886,7,190.0,10,8982
8971,Author_08971,7,190.0,12,8983
10245,Author_10245,7,190.0,17,8984
16058,Author_16058,7,190.0,17,8985
16706,Author_16706,7,190.0,17,8986
24624,Author_24624,7,190.0,13,8987
25710,Author_25710,7,190.0,15,8988
2163,Author_02163,7,189.0,12,8989
2293,Author_02293,7,189.0,11,8990
11139,Author_11139,7,189.0,18,8991
22634,Author_22634,7,189.0,11,8992
24875,Author_24875,7,189.0,12,8993
25981,Author_25981,7,189.0,12,8994
2034,Author_02034,7,188.0,11,8995
3505,Author_03505,7,188.0,16,8996
4634,Author_04634,7,188.0,20,8997
11712,Author_11712,7,188.0,7,8998
11777,Author_11777,7,188.0,18,8999
11925,Author_11925,7,188.0,20,9000
16280,Author_16280,7,188.0,16,9001
18257,Author_18257,7,188.0,10,9002
25857,Author_25857,7,188.0,13,9003
26179,Author_26179,7,188.0,21,9004
29757,Author_29757,7,188.0,15,9005
1608,Author_01608,7,187.0,11,9006
2521,Author_02521,7,187.0,18,9007
4992,Author_04992,7,187.0,16,9008
7067,Author_07067,7,187.0,16,9009
17088,Author_17088,7,187.0,17,9010
20510,Author_20510,7,187.0,14,9011
24647,Author_24647,7,187.0,17,9012
26839,Author_26839,7,187.0,13,9013
5354,Author_05354,7,186.0,9,9014
6405,Author_06405,7,186.0,12,9015
6635,Author_06635,7,186.0,7,9016
13954,Author_13954,7,186.0,16,9017
16164,Author_16164,7,186.0,12,9018
17893,Author_17893,7,186.0,11,9019
18465,Author_18465,7,186.0,16,9020
18789,Author_18789,7,186.0,16,9021
23831,Author_23831,7,186.0,21,9022
24516,Author_24516,7,186.0,17,9023
25134,Author_25134,7,186.0,12,9024
1231,Author_01231,7,185.0,17,9025
1624,Author_01624,7,185.0,18,9026
2834,Author_02834,7,185.0,10,9027
6581,Author_06581,7,185.0,12,9028
10203,Author_10203,7,185.0,18,9029
10459,Author_10459,7,185.0,13,9030
11289,Author_11289,7,185.0,10,9031
16223,Author_16223,7,185.0,17,9032
17829,Author_17829,7,185.0,11,9033
18746,Author_18746,7,185.0,12,9034
23070,Author_23070,7,185.0,12,9035
26379,Author_26379,7,185.0,18,9036
27364,Author_27364,7,185.0,10,9037
1973,Author_01973,7,184.0,14,9038
2079,Author_02079,7,184.0,10,9039
2616,Author_02616,7,184.0,11,9040
6124,Author_06124,7,184.0,12,9041
12026,Author_12026,7,184.0,13,9042
16512,Author_16512,7,184.0,18,9043
28781,Author_28781,7,184.0,19,9044
29087,Author_29087,7,184.0,11,9045
29559,Author_29559,7,184.0,19,9046
3208,Author_03208,7,183.0,14,9047
3693,Author_03693,7,183.0,19,9048
5651,Author_05651,7,183.0,15,9049
7784,Author_07784,7,183.0,17,9050
8173,Author_08173,7,183.0,9,9051
8612,Author_08612,7,183.0,11,9052
15340,Author_15340,7,183.0,12,9053
16144,Author_16144,7,183.0,12,9054
20470,Author_20470,7,183.0,8,9055
20870,Author_20870,7,183.0,15,9056
23216,Author_23216,7,183.0,12,9057
23722,Author_23722,7,183.0,18,9058
26722,Author_26722,7,183.0,9,9059
28356,Author_28356,7,183.0,14,9060
489,Author_00489,7,182.0,18,9061
1239,Author_01239,7,182.0,12,9062
7960,Author_07960,7,182.0,10,9063
8139,Author_08139,7,182.0,16,9064
8542,Author_08542,7,182.0,11,9065
12231,Author_12231,7,182.0,10,9066
12910,Author_12910,7,182.0,14,9067
25101,Author_25101,7,182.0,18,9068
27216,Author_27216,7,182.0,11,9069
27234,Author_27234,7,182.0,15,9070
28740,Author_28740,7,182.0,8,9071
2440,Author_02440,7,181.0,12,9072
4966,Author_04966,7,181.0,15,9073
8859,Author_08859,7,181.0,8,9074
15059,Author_15059,7,181.0,10,9075
16599,Author_16599,7,181.0,12,9076
17037,Author_17037,7,181.0,16,9077
17415,Author_17415,7,181.0,15,9078
21469,Author_21469,7,181.0,12,9079
21716,Author_21716,7,181.0,20,9080
28011,Author_28011,7,181.0,13,9081
28288,Author_28288,7,181.0,12,9082
29849,Author_29849,7,181.0,18,9083
4676,Author_04676,7,180.0,8,9084
7249,Author_07249,7,180.0,10,9085
9462,Author_09462,7,180.0,13,9086
11475,Author_11475,7,180.0,23,9087
13016,Author_13016,7,180.0,13,9088
15717,Author_15717,7,180.0,16,9089
16757,Author_16757,7,180.0,14,9090
19561,Author_19561,7,180.0,15,9091
23841,Author_23841,7,180.0,18,9092
25371,Author_25371,7,180.0,11,9093
26746,Author_26746,7,180.0,10,9094
27892,Author_27892,7,180.0,14,9095
28107,Author_28107,7,180.0,15,9096
2759,Author_02759,7,179.0,12,9097
5559,Author_05559,7,179.0,13,9098
10065,Author_10065,7,179.0,9,9099
12755,Author_12755,7,179.0,11,9100
19083,Author_19083,7,179.0,18,9101
19688,Author_19688,7,179.0,9,9102
20190,Author_20190,7,179.0,9,9103
21408,Author_21408,7,179.0,12,9104
23321,Author_23321,7,179.0,10,9105
24261,Author_24261,7,179.0,16,9106
24554,Author_24554,7,179.0,10,9107
27202,Author_27202,7,179.0,17,9108
28965,Author_28965,7,179.0,13,9109
2180,Author_02180,7,178.0,11,9110
3867,Author_03867,7,178.0,13,9111
4839,Author_04839,7,178.0,10,9112
8474,Author_08474,7,178.0,12,9113
21332,Author_21332,7,178.0,14,9114
23094,Author_23094,7,178.0,19,9115
23765,Author_23765,7,178.0,13,9116
26251,Author_26251,7,178.0,10,9117
5604,Author_05604,7,177.0,17,9118
6344,Author_06344,7,177.0,16,9119
10098,Author_10098,7,177.0,10,9120
11153,Author_11153,7,177.0,21,9121
12025,Author_12025,7,177.0,11,9122
14230,Author_14230,7,177.0,10,9123
16816,Author_16816,7,177.0,15,9124
20485,Author_20485,7,177.0,15,9125
22270,Author_22270,7,177.0,19,9126
24881,Author_24881,7,177.0,15,9127
25250,Author_25250,7,177.0,9,9128
29900,Author_29900,7,177.0,13,9129
1244,Author_01244,7,176.0,10,9130
4043,Author_04043,7,176.0,18,9131
8854,Author_08854,7,176.0,16,9132
9362,Author_09362,7,176.0,11,9133
10248,Author_10248,7,176.0,11,9134
11555,Author_11555,7,176.0,8,9135
11836,Author_11836,7,176.0,11,9136
12992,Author_12992,7,176.0,15,9137
13593,Author_13593,7,176.0,12,9138
14176,Author_14176,7,176.0,10,9139
15273,Author_15273,7,176.0,13,9140
15796,Author_15796,7,176.0,19,9141
17322,Author_17322,7,176.0,7,9142
22383,Author_22383,7,176.0,14,9143
26045,Author_26045,7,176.0,13,9144
4636,Author_04636,7,175.0,20,9145
4977,Author_04977,7,175.0,12,9146
8473,Author_08473,7,175.0,17,9147
13210,Author_13210,7,175.0,8,9148
13964,Author_13964,7,175.0,15,9149
14902,Author_14902,7,175.0,19,9150
16161,Author_16161,7,175.0,11,9151
18075,Author_18075,7,175.0,12,9152
21981,Author_21981,7,175.0,22,9153
23685,Author_23685,7,175.0,11,9154
24049,Author_24049,7,175.0,15,9155
3743,Author_03743,7,174.0,15,9156
5986,Author_05986,7,174.0,15,9157
6685,Author_06685,7,174.0,11,9158
7455,Author_07455,7,174.0,13,9159
8674,Author_08674,7,174.0,12,9160
9915,Author_09915,7,174.0,11,9161
10999,Author_10999,7,174.0,15,9162
13115,Author_13115,7,174.0,14,9163
14911,Author_14911,7,174.0,13,9164
15310,Author_15310,7,174.0,17,9165
16749,Author_16749,7,174.0,14,9166
19321,Author_19321,7,174.0,16,9167
19495,Author_19495,7,174.0,18,9168
26824,Author_26824,7,174.0,11,9169
27865,Author_27865,7,174.0,12,9170
28142,Author_28142,7,174.0,9,9171
29220,Author_29220,7,174.0,15,9172
2265,Author_02265,7,173.0,10,9173
3419,Author_03419,7,173.0,18,9174
4620,Author_04620,7,173.0,13,9175
11313,Author_11313,7,173.0,16,9176
13146,Author_13146,7,173.0,11,9177
14851,Author_14851,7,173.0,16,9178
14876,Author_14876,7,173.0,8,9179
18211,Author_18211,7,173.0,9,9180
18447,Author_18447,7,173.0,11,9181
26583,Author_26583,7,173.0,16,9182
29935,Author_29935,7,173.0,13,9183
7055,Author_07055,7,172.0,12,9184
7573,Author_07573,7,172.0,11,9185
9085,Author_09085,7,172.0,13,9186
9340,Author_09340,7,172.0,17,9187
12477,Author_12477,7,172.0,17,9188
13087,Author_13087,7,172.0,10,9189
13125,Author_13125,7,172.0,8,9190
15278,Author_15278,7,172.0,17,9191
16526,Author_16526,7,172.0,17,9192
18520,Author_18520,7,172.0,14,9193
18675,Author_18675,7,172.0,12,9194
21654,Author_21654,7,172.0,12,9195
23143,Author_23143,7,172.0,10,9196
26347,Author_26347,7,172.0,10,9197
454,Author_00454,7,171.0,13,9198
1311,Author_01311,7,171.0,9,9199
1853,Author_01853,7,171.0,23,9200
2930,Author_02930,7,171.0,15,9201
3287,Author_03287,7,171.0,15,9202
3790,Author_03790,7,171.0,16,9203
4431,Author_04431,7,171.0,11,9204
4447,Author_04447,7,171.0,13,9205
5216,Author_05216,7,171.0,9,9206
9038,Author_09038,7,171.0,14,9207
9223,Author_09223,7,171.0,12,9208
11411,Author_11411,7,171.0,9,9209
12764,Author_12764,7,171.0,17,9210
13962,Author_13962,7,171.0,14,9211
16790,Author_16790,7,171.0,12,9212
17315,Author_17315,7,171.0,16,9213
17444,Author_17444,7,171.0,23,9214
17883,Author_17883,7,171.0,14,9215
20030,Author_20030,7,171.0,12,9216
27180,Author_27180,7,171.0,19,9217
28501,Author_28501,7,171.0,13,9218
29768,Author_29768,7,171.0,17,9219
379,Author_00379,7,170.0,10,9220
1615,Author_01615,7,170.0,15,9221
2343,Author_02343,7,170.0,14,9222
2356,Author_02356,7,170.0,21,9223
3088,Author_03088,7,170.0,11,9224
5340,Author_05340,7,170.0,16,9225
7334,Author_07334,7,170.0,11,9226
7338,Author_07338,7,170.0,15,9227
9760,Author_09760,7,170.0,17,9228
11107,Author_11107,7,170.0,11,9229
11767,Author_11767,7,170.0,11,9230
11907,Author_11907,7,170.0,18,9231
15990,Author_15990,7,170.0,15,9232
21570,Author_21570,7,170.0,23,9233
22473,Author_22473,7,170.0,10,9234
23122,Author_23122,7,170.0,14,9235
29450,Author_29450,7,170.0,18,9236
2302,Author_02302,7,169.0,19,9237
4089,Author_04089,7,169.0,15,9238
5107,Author_05107,7,169.0,14,9239
5795,Author_05795,7,169.0,12,9240
12020,Author_12020,7,169.0,19,9241
22088,Author_22088,7,169.0,13,9242
23577,Author_23577,7,169.0,11,9243
1406,Author_01406,7,168.0,16,9244
1810,Author_01810,7,168.0,9,9245
3917,Author_03917,7,168.0,13,9246
4077,Author_04077,7,168.0,14,9247
4100,Author_04100,7,168.0,16,9248
10146,Author_10146,7,168.0,14,9249
11001,Author_11001,7,168.0,14,9250
19990,Author_19990,7,168.0,16,9251
24872,Author_24872,7,168.0,12,9252
25979,Author_25979,7,168.0,10,9253
28365,Author_28365,7,168.0,14,9254
28887,Author_28887,7,168.0,16,9255
28992,Author_28992,7,168.0,16,9256
29966,Author_29966,7,168.0,13,9257
525,Author_00525,7,167.0,12,9258
550,Author_00550,7,167.0,11,9259
4563,Author_04563,7,167.0,14,9260
4901,Author_04901,7,167.0,14,9261
11213,Author_11213,7,167.0,12,9262
12795,Author_12795,7,167.0,18,9263
15031,Author_15031,7,167.0,14,9264
15268,Author_15268,7,167.0,12,9265
16327,Author_16327,7,167.0,15,9266
17200,Author_17200,7,167.0,9,9267
20444,Author_20444,7,167.0,13,9268
23409,Author_23409,7,167.0,13,9269
26364,Author_26364,7,167.0,16,9270
27154,Author_27154,7,167.0,22,9271
1339,Author_01339,7,166.0,18,9272
5353,Author_05353,7,166.0,13,9273
7974,Author_07974,7,166.0,17,9274
9033,Author_09033,7,166.0,12,9275
9598,Author_09598,7,166.0,11,9276
10080,Author_10080,7,166.0,11,9277
10496,Author_10496,7,166.0,13,9278
11581,Author_11581,7,166.0,12,9279
14887,Author_14887,7,166.0,12,9280
15665,Author_15665,7,166.0,9,9281
16959,Author_16959,7,166.0,16,9282
20412,Author_20412,7,166.0,19,9283
22355,Author_22355,7,166.0,17,9284
25557,Author_25557,7,166.0,12,9285
27253,Author_27253,7,166.0,11,9286
27956,Author_27956,7,166.0,12,9287
27972,Author_27972,7,166.0,12,9288
72,Author_00072,7,165.0,10,9289
176,Author_00176,7,165.0,15,9290
4058,Author_04058,7,165.0,15,9291
4979,Author_04979,7,165.0,12,9292
6888,Author_06888,7,165.0,13,9293
11595,Author_11595,7,165.0,19,9294
11955,Author_11955,7,165.0,21,9295
13047,Author_13047,7,165.0,10,9296
13064,Author_13064,7,165.0,19,9297
13405,Author_13405,7,165.0,10,9298
14259,Author_14259,7,165.0,20,9299
14592,Author_14592,7,165.0,21,9300
16906,Author_16906,7,165.0,16,9301
18416,Author_18416,7,165.0,13,9302
20047,Author_20047,7,165.0,26,9303
28415,Author_28415,7,165.0,9,9304
29148,Author_29148,7,165.0,14,9305
29817,Author_29817,7,165.0,7,9306
3354,Author_03354,7,164.0,13,9307
6219,Author_06219,7,164.0,16,9308
7529,Author_07529,7,164.0,12,9309
10528,Author_10528,7,164.0,13,9310
12476,Author_12476,7,164.0,14,9311
13215,Author_13215,7,164.0,9,9312
14754,Author_14754,7,164.0,14,9313
15489,Author_15489,7,164.0,13,9314
18474,Author_18474,7,164.0,11,9315
316,Author_00316,7,163.0,11,9316
2522,Author_02522,7,163.0,11,9317
7051,Author_07051,7,163.0,16,9318
12676,Author_12676,7,163.0,16,9319
18374,Author_18374,7,163.0,13,9320
20433,Author_20433,7,163.0,12,9321
21744,Author_21744,7,163.0,12,9322
22844,Author_22844,7,163.0,14,9323
23263,Author_23263,7,163.0,11,9324
26080,Author_26080,7,163.0,12,9325
996,Author_00996,7,162.0,10,9326
1107,Author_01107,7,162.0,10,9327
2495,Author_02495,7,162.0,15,9328
4369,Author_04369,7,162.0,10,9329
9206,Author_09206,7,162.0,13,9330
9406,Author_09406,7,162.0,9,9331
9551,Author_09551,7,162.0,16,9332
19522,Author_19522,7,162.0,18,9333
19552,Author_19552,7,162.0,17,9334
20295,Author_20295,7,162.0,17,9335
20763,Author_20763,7,162.0,10,9336
24471,Author_24471,7,162.0,11,9337
24687,Author_24687,7,162.0,13,9338
26316,Author_26316,7,162.0,15,9339
1084,Author_01084,7,161.0,11,9340
1171,Author_01171,7,161.0,15,9341
2278,Author_02278,7,161.0,10,9342
3388,Author_03388,7,161.0,14,9343
6259,Author_06259,7,161.0,14,9344
10521,Author_10521,7,161.0,16,9345
11285,Author_11285,7,161.0,10,9346
11474,Author_11474,7,161.0,16,9347
12959,Author_12959,7,161.0,13,9348
13651,Author_13651,7,161.0,12,9349
15900,Author_15900,7,161.0,17,9350
16709,Author_16709,7,161.0,13,9351
18084,Author_18084,7,161.0,9,9352
18920,Author_18920,7,161.0,14,9353
25246,Author_25246,7,161.0,13,9354
28089,Author_28089,7,161.0,13,9355
29005,Author_29005,7,161.0,8,9356
1023,Author_01023,7,160.0,9,9357
3007,Author_03007,7,160.0,13,9358
7642,Author_07642,7,160.0,16,9359
9447,Author_09447,7,160.0,14,9360
10047,Author_10047,7,160.0,11,9361
12533,Author_12533,7,160.0,11,9362
13730,Author_13730,7,160.0,13,9363
16321,Author_16321,7,160.0,10,9364
17296,Author_17296,7,160.0,13,9365
18490,Author_18490,7,160.0,15,9366
20815,Author_20815,7,160.0,10,9367
23399,Author_23399,7,160.0,13,9368
24974,Author_24974,7,160.0,15,9369
28267,Author_28267,7,160.0,13,9370
2470,Author_02470,7,159.0,10,9371
7231,Author_07231,7,159.0,15,9372
7342,Author_07342,7,159.0,10,9373
9365,Author_09365,7,159.0,10,9374
9639,Author_09639,7,159.0,11,9375
14055,Author_14055,7,159.0,9,9376
14335,Author_14335,7,159.0,11,9377
20618,Author_20618,7,159.0,12,9378
23419,Author_23419,7,159.0,13,9379
28389,Author_28389,7,159.0,12,9380
131,Author_00131,7,158.0,13,9381
209,Author_00209,7,158.0,10,9382
4060,Author_04060,7,158.0,17,9383
6006,Author_06006,7,158.0,19,9384
7770,Author_07770,7,158.0,12,9385
8928,Author_08928,7,158.0,14,9386
10951,Author_10951,7,158.0,17,9387
28021,Author_28021,7,158.0,13,9388
5348,Author_05348,7,157.0,8,9389
5400,Author_05400,7,157.0,16,9390
6514,Author_06514,7,157.0,14,9391
7855,Author_07855,7,157.0,15,9392
9087,Author_09087,7,157.0,12,9393
13376,Author_13376,7,157.0,12,9394
19347,Author_19347,7,157.0,17,9395
27873,Author_27873,7,157.0,14,9396
28335,Author_28335,7,157.0,23,9397
28979,Author_28979,7,157.0,11,9398
3439,Author_03439,7,156.0,14,9399
5485,Author_05485,7,156.0,19,9400
5573,Author_05573,7,156.0,12,9401
5645,Author_05645,7,156.0,11,9402
12906,Author_12906,7,156.0,9,9403
13025,Author_13025,7,156.0,16,9404
13698,Author_13698,7,156.0,17,9405
16752,Author_16752,7,156.0,10,9406
16990,Author_16990,7,156.0,12,9407
17007,Author_17007,7,156.0,19,9408
18580,Author_18580,7,156.0,16,9409
24792,Author_24792,7,156.0,12,9410
26872,Author_26872,7,156.0,12,9411
7287,Author_07287,7,155.0,11,9412
12985,Author_12985,7,155.0,16,9413
13302,Author_13302,7,155.0,11,9414
14254,Author_14254,7,155.0,10,9415
17528,Author_17528,7,155.0,13,9416
18162,Author_18162,7,155.0,14,9417
20123,Author_20123,7,155.0,14,9418
20423,Author_20423,7,155.0,16,9419
20953,Author_20953,7,155.0,13,9420
23385,Author_23385,7,155.0,11,9421
24492,Author_24492,7,155.0,17,9422
24995,Author_24995,7,155.0,14,9423
25571,Author_25571,7,155.0,13,9424
26533,Author_26533,7,155.0,11,9425
26777,Author_26777,7,155.0,22,9426
4249,Author_04249,7,154.0,12,9427
4911,Author_04911,7,154.0,11,9428
9018,Author_09018,7,154.0,9,9429
9149,Author_09149,7,154.0,13,9430
11409,Author_11409,7,154.0,10,9431
17495,Author_17495,7,154.0,19,9432
17719,Author_17719,7,154.0,11,9433
18460,Author_18460,7,154.0,14,9434
24020,Author_24020,7,154.0,12,9435
1400,Author_01400,7,153.0,15,9436
5184,Author_05184,7,153.0,18,9437
6745,Author_06745,7,153.0,18,9438
7254,Author_07254,7,153.0,12,9439
8169,Author_08169,7,153.0,11,9440
10484,Author_10484,7,153.0,10,9441
13142,Author_13142,7,153.0,15,9442
16060,Author_16060,7,153.0,9,9443
19093,Author_19093,7,153.0,15,9444
19886,Author_19886,7,153.0,13,9445
24448,Author_24448,7,153.0,7,9446
27167,Author_27167,7,153.0,9,9447
28113,Author_28113,7,153.0,16,9448
28541,Author_28541,7,153.0,14,9449
311,Author_00311,7,152.0,13,9450
518,Author_00518,7,152.0,21,9451
849,Author_00849,7,152.0,18,9452
1758,Author_01758,7,152.0,10,9453
2121,Author_02121,7,152.0,11,9454
3093,Author_03093,7,152.0,12,9455
6347,Author_06347,7,152.0,14,9456
6935,Author_06935,7,152.0,19,9457
8518,Author_08518,7,152.0,13,9458
10833,Author_10833,7,152.0,14,9459
13930,Author_13930,7,152.0,18,9460
14408,Author_14408,7,152.0,9,9461
19633,Author_19633,7,152.0,17,9462
19794,Author_19794,7,152.0,18,9463
20817,Author_20817,7,152.0,17,9464
22684,Author_22684,7,152.0,8,9465
26561,Author_26561,7,152.0,12,9466
26810,Author_26810,7,152.0,13,9467
27212,Author_27212,7,152.0,9,9468
44,Author_00044,7,151.0,13,9469
1307,Author_01307,7,151.0,12,9470
5514,Author_05514,7,151.0,14,9471
7482,Author_07482,7,151.0,15,9472
8108,Author_08108,7,151.0,9,9473
8520,Author_08520,7,151.0,22,9474
11784,Author_11784,7,151.0,9,9475
22691,Author_22691,7,151.0,10,9476
27493,Author_27493,7,151.0,17,9477
27864,Author_27864,7,151.0,17,9478
29644,Author_29644,7,151.0,18,9479
12010,Author_12010,7,150.0,13,9480
12565,Author_12565,7,150.0,14,9481
12787,Author_12787,7,150.0,15,9482
12874,Author_12874,7,150.0,10,9483
17329,Author_17329,7,150.0,13,9484
24845,Author_24845,7,150.0,15,9485
26603,Author_26603,7,150.0,10,9486
28290,Author_28290,7,150.0,17,9487
29161,Author_29161,7,150.0,12,9488
751,Author_00751,7,149.0,11,9489
1688,Author_01688,7,149.0,12,9490
2055,Author_02055,7,149.0,12,9491
2134,Author_02134,7,149.0,13,9492
2497,Author_02497,7,149.0,12,9493
8905,Author_08905,7,149.0,18,9494
14234,Author_14234,7,149.0,12,9495
15157,Author_15157,7,149.0,18,9496
17721,Author_17721,7,149.0,20,9497
26463,Author_26463,7,149.0,13,9498
1825,Author_01825,7,148.0,13,9499
7493,Author_07493,7,148.0,17,9500
9379,Author_09379,7,148.0,19,9501
10355,Author_10355,7,148.0,11,9502
12710,Author_12710,7,148.0,19,9503
14115,Author_14115,7,148.0,15,9504
19796,Author_19796,7,148.0,15,9505
24719,Author_24719,7,148.0,13,9506
4626,Author_04626,7,147.0,14,9507
5469,Author_05469,7,147.0,10,9508
16397,Author_16397,7,147.0,14,9509
18666,Author_18666,7,147.0,11,9510
24315,Author_24315,7,147.0,15,9511
27539,Author_27539,7,147.0,16,9512
27994,Author_27994,7,147.0,14,9513
988,Author_00988,7,146.0,12,9514
2015,Author_02015,7,146.0,13,9515
10442,Author_10442,7,146.0,12,9516
11782,Author_11782,7,146.0,11,9517
13159,Author_13159,7,146.0,11,9518
14216,Author_14216,7,146.0,17,9519
15514,Author_15514,7,146.0,16,9520
17881,Author_17881,7,146.0,13,9521
18403,Author_18403,7,146.0,15,9522
21650,Author_21650,7,146.0,10,9523
4941,Author_04941,7,145.0,12,9524
7538,Author_07538,7,145.0,11,9525
7700,Author_07700,7,145.0,13,9526
10491,Author_10491,7,145.0,13,9527
10683,Author_10683,7,145.0,13,9528
15221,Author_15221,7,145.0,13,9529
16865,Author_16865,7,145.0,16,9530
18790,Author_18790,7,145.0,13,9531
22574,Author_22574,7,145.0,11,9532
22824,Author_22824,7,145.0,17,9533
25041,Author_25041,7,145.0,15,9534
27273,Author_27273,7,145.0,11,9535
4880,Author_04880,7,144.0,9,9536
9054,Author_09054,7,144.0,13,9537
10149,Author_10149,7,144.0,9,9538
11456,Author_11456,7,144.0,15,9539
14848,Author_14848,7,144.0,20,9540
19963,Author_19963,7,144.0,15,9541
21798,Author_21798,7,144.0,14,9542
25812,Author_25812,7,144.0,12,9543
28677,Author_28677,7,144.0,19,9544
2958,Author_02958,7,143.0,20,9545
5327,Author_05327,7,143.0,17,9546
9797,Author_09797,7,143.0,10,9547
13453,Author_13453,7,143.0,9,9548
18896,Author_18896,7,143.0,11,9549
19450,Author_19450,7,143.0,18,9550
19997,Author_19997,7,143.0,16,9551
22506,Author_22506,7,143.0,17,9552
23712,Author_23712,7,143.0,14,9553
1161,Author_01161,7,142.0,13,9554
5864,Author_05864,7,142.0,16,9555
13299,Author_13299,7,142.0,11,9556
13750,Author_13750,7,142.0,9,9557
18412,Author_18412,7,142.0,13,9558
20331,Author_20331,7,142.0,11,9559
20556,Author_20556,7,142.0,13,9560
20695,Author_20695,7,142.0,11,9561
23379,Author_23379,7,142.0,13,9562
26320,Author_26320,7,142.0,14,9563
26817,Author_26817,7,142.0,14,9564
26974,Author_26974,7,142.0,16,9565
27964,Author_27964,7,142.0,10,9566
224,Author_00224,7,141.0,11,9567
2910,Author_02910,7,141.0,14,9568
3041,Author_03041,7,141.0,16,9569
6281,Author_06281,7,141.0,15,9570
17052,Author_17052,7,141.0,12,9571
19415,Author_19415,7,141.0,17,9572
19952,Author_19952,7,141.0,12,9573
21897,Author_21897,7,141.0,15,9574
23220,Author_23220,7,141.0,14,9575
26338,Author_26338,7,141.0,20,9576
27103,Author_27103,7,141.0,19,9577
27410,Author_27410,7,141.0,13,9578
27666,Author_27666,7,141.0,16,9579
29425,Author_29425,7,141.0,12,9580
1124,Author_01124,7,140.0,10,9581
1709,Author_01709,7,140.0,12,9582
2748,Author_02748,7,140.0,11,9583
10568,Author_10568,7,140.0,17,9584
10868,Author_10868,7,140.0,12,9585
16577,Author_16577,7,140.0,9,9586
21344,Author_21344,7,140.0,9,9587
21887,Author_21887,7,140.0,11,9588
23783,Author_23783,7,140.0,12,9589
28807,Author_28807,7,140.0,17,9590
29960,Author_29960,7,140.0,12,9591
8453,Author_08453,7,139.0,18,9592
16944,Author_16944,7,139.0,9,9593
18006,Author_18006,7,139.0,11,9594
23040,Author_23040,7,139.0,12,9595
25253,Author_25253,7,139.0,16,9596
25986,Author_25986,7,139.0,14,9597
26336,Author_26336,7,139.0,13,9598
193,Author_00193,7,138.0,23,9599
410,Author_00410,7,138.0,9,9600
1838,Author_01838,7,138.0,16,9601
3317,Author_03317,7,138.0,12,9602
4881,Author_04881,7,138.0,18,9603
5929,Author_05929,7,138.0,15,9604
14594,Author_14594,7,138.0,9,9605
18600,Author_18600,7,138.0,10,9606
19517,Author_19517,7,138.0,23,9607
21279,Author_21279,7,138.0,10,9608
23652,Author_23652,7,138.0,13,9609
24527,Author_24527,7,138.0,14,9610
26803,Author_26803,7,138.0,15,9611
27037,Author_27037,7,138.0,12,9612
28491,Author_28491,7,138.0,9,9613
29000,Author_29000,7,138.0,13,9614
102,Author_00102,7,137.0,10,9615
3879,Author_03879,7,137.0,21,9616
7444,Author_07444,7,137.0,18,9617
7472,Author_07472,7,137.0,15,9618
7606,Author_07606,7,137.0,16,9619
12368,Author_12368,7,137.0,11,9620
14679,Author_14679,7,137.0,10,9621
15765,Author_15765,7,137.0,10,9622
15772,Author_15772,7,137.0,21,9623
16687,Author_16687,7,137.0,12,9624
24254,Author_24254,7,137.0,7,9625
26404,Author_26404,7,137.0,13,9626
1502,Author_01502,7,136.0,10,9627
3882,Author_03882,7,136.0,10,9628
4473,Author_04473,7,136.0,13,9629
5144,Author_05144,7,136.0,18,9630
7228,Author_07228,7,136.0,11,9631
15404,Author_15404,7,136.0,14,9632
16597,Author_16597,7,136.0,12,9633
16763,Author_16763,7,136.0,10,9634
24447,Author_24447,7,136.0,10,9635
852,Author_00852,7,135.0,24,9636
10326,Author_10326,7,135.0,18,9637
11494,Author_11494,7,135.0,16,9638
20852,Author_20852,7,135.0,18,9639
25204,Author_25204,7,135.0,17,9640
26153,Author_26153,7,135.0,18,9641
28157,Author_28157,7,135.0,14,9642
6756,Author_06756,7,134.0,12,9643
9473,Author_09473,7,134.0,9,9644
9989,Author_09989,7,134.0,8,9645
12112,Author_12112,7,134.0,9,9646
12571,Author_12571,7,134.0,17,9647
15179,Author_15179,7,134.0,19,9648
23639,Author_23639,7,134.0,13,9649
24362,Author_24362,7,134.0,16,9650
26236,Author_26236,7,134.0,15,9651
322,Author_00322,7,133.0,16,9652
940,Author_00940,7,133.0,14,9653
2787,Author_02787,7,133.0,16,9654
11567,Author_11567,7,133.0,13,9655
13614,Author_13614,7,133.0,13,9656
14255,Author_14255,7,133.0,12,9657
15049,Author_15049,7,133.0,12,9658
15689,Author_15689,7,133.0,8,9659
21184,Author_21184,7,133.0,16,9660
24528,Author_24528,7,133.0,15,9661
27480,Author_27480,7,133.0,12,9662
27678,Author_27678,7,133.0,16,9663
29790,Author_29790,7,133.0,11,9664
934,Author_00934,7,132.0,18,9665
5584,Author_05584,7,132.0,11,9666
5934,Author_05934,7,132.0,12,9667
7104,Author_07104,7,132.0,15,9668
7185,Author_07185,7,132.0,9,9669
7702,Author_07702,7,132.0,16,9670
8010,Author_08010,7,132.0,12,9671
8213,Author_08213,7,132.0,15,9672
10439,Author_10439,7,132.0,15,9673
11038,Author_11038,7,132.0,15,9674
13412,Author_13412,7,132.0,15,9675
14264,Author_14264,7,132.0,8,9676
23390,Author_23390,7,132.0,12,9677
24256,Author_24256,7,132.0,14,9678
25268,Author_25268,7,132.0,18,9679
5673,Author_05673,7,131.0,17,9680
5926,Author_05926,7,131.0,13,9681
8499,Author_08499,7,131.0,19,9682
12811,Author_12811,7,131.0,10,9683
21107,Author_21107,7,131.0,14,9684
21465,Author_21465,7,131.0,10,9685
23142,Author_23142,7,131.0,13,9686
23457,Author_23457,7,131.0,13,9687
2372,Author_02372,7,130.0,12,9688
2989,Author_02989,7,130.0,13,9689
8011,Author_08011,7,130.0,12,9690
8264,Author_08264,7,130.0,17,9691
10164,Author_10164,7,130.0,16,9692
10197,Author_10197,7,130.0,11,9693
14912,Author_14912,7,130.0,14,9694
16003,Author_16003,7,130.0,16,9695
25897,Author_25897,7,130.0,17,9696
2188,Author_02188,7,129.0,18,9697
5849,Author_05849,7,129.0,12,9698
6196,Author_06196,7,129.0,8,9699
7673,Author_07673,7,129.0,19,9700
12935,Author_12935,7,129.0,17,9701
18782,Author_18782,7,129.0,9,9702
18848,Author_18848,7,129.0,19,9703
18983,Author_18983,7,129.0,10,9704
21148,Author_21148,7,129.0,7,9705
22763,Author_22763,7,129.0,9,9706
23312,Author_23312,7,129.0,17,9707
399,Author_00399,7,128.0,12,9708
904,Author_00904,7,128.0,13,9709
3066,Author_03066,7,128.0,10,9710
6398,Author_06398,7,128.0,13,9711
6762,Author_06762,7,128.0,17,9712
8652,Author_08652,7,128.0,8,9713
20989,Author_20989,7,128.0,15,9714
25575,Author_25575,7,128.0,14,9715
27888,Author_27888,7,128.0,10,9716
29417,Author_29417,7,128.0,8,9717
13365,Author_13365,7,127.0,9,9718
15976,Author_15976,7,127.0,14,9719
19169,Author_19169,7,127.0,12,9720
24996,Author_24996,7,127.0,10,9721
27595,Author_27595,7,127.0,15,9722
5692,Author_05692,7,126.0,13,9723
11372,Author_11372,7,126.0,11,9724
12649,Author_12649,7,126.0,15,9725
12852,Author_12852,7,126.0,16,9726
12931,Author_12931,7,126.0,10,9727
14314,Author_14314,7,126.0,15,9728
16389,Author_16389,7,126.0,14,9729
21434,Author_21434,7,126.0,12,9730
1223,Author_01223,7,125.0,15,9731
1747,Author_01747,7,125.0,11,9732
4876,Author_04876,7,125.0,18,9733
5874,Author_05874,7,125.0,12,9734
6885,Author_06885,7,125.0,9,9735
11069,Author_11069,7,125.0,11,9736
14999,Author_14999,7,125.0,17,9737
19499,Author_19499,7,125.0,14,9738
19541,Author_19541,7,125.0,11,9739
26076,Author_26076,7,125.0,15,9740
27926,Author_27926,7,125.0,12,9741
8147,Author_08147,7,124.0,13,9742
9350,Author_09350,7,124.0,13,9743
10191,Author_10191,7,124.0,13,9744
12607,Author_12607,7,124.0,10,9745
13774,Author_13774,7,124.0,16,9746
13808,Author_13808,7,124.0,19,9747
15569,Author_15569,7,124.0,9,9748
18773,Author_18773,7,124.0,14,9749
19440,Author_19440,7,124.0,10,9750
23560,Author_23560,7,124.0,8,9751
14733,Author_14733,7,123.0,20,9752
15685,Author_15685,7,123.0,13,9753
16887,Author_16887,7,123.0,13,9754
25154,Author_25154,7,123.0,11,9755
27780,Author_27780,7,123.0,9,9756
3184,Author_03184,7,122.0,12,9757
5842,Author_05842,7,122.0,8,9758
6589,Author_06589,7,122.0,10,9759
9676,Author_09676,7,122.0,10,9760
17613,Author_17613,7,122.0,12,9761
23369,Author_23369,7,122.0,8,9762
26486,Author_26486,7,122.0,14,9763
27086,Author_27086,7,122.0,10,9764
27285,Author_27285,7,122.0,8,9765
1782,Author_01782,7,121.0,12,9766
3042,Author_03042,7,121.0,9,9767
4068,Author_04068,7,121.0,9,9768
9804,Author_09804,7,121.0,13,9769
10555,Author_10555,7,121.0,11,9770
10615,Author_10615,7,121.0,10,9771
4707,Author_04707,7,120.0,9,9772
8454,Author_08454,7,120.0,14,9773
11975,Author_11975,7,120.0,11,9774
13786,Author_13786,7,120.0,13,9775
17720,Author_17720,7,120.0,13,9776
18995,Author_18995,7,120.0,8,9777
24741,Author_24741,7,120.0,9,9778
27542,Author_27542,7,120.0,21,9779
2683,Author_02683,7,119.0,10,9780
13222,Author_13222,7,119.0,15,9781
21015,Author_21015,7,119.0,16,9782
24762,Author_24762,7,119.0,16,9783
889,Author_00889,7,118.0,12,9784
4409,Author_04409,7,118.0,11,9785
7359,Author_07359,7,118.0,10,9786
18622,Author_18622,7,118.0,12,9787
18935,Author_18935,7,118.0,14,9788
27049,Author_27049,7,118.0,10,9789
13749,Author_13749,7,117.0,10,9790
18972,Author_18972,7,117.0,12,9791
21180,Author_21180,7,117.0,11,9792
27236,Author_27236,7,117.0,14,9793
27876,Author_27876,7,117.0,11,9794
29183,Author_29183,7,117.0,8,9795
3321,Author_03321,7,116.0,12,9796
26989,Author_26989,7,116.0,13,9797
29800,Author_29800,7,116.0,12,9798
1678,Author_01678,7,115.0,13,9799
15875,Author_15875,7,115.0,13,9800
18328,Author_18328,7,115.0,12,9801
18365,Author_18365,7,115.0,16,9802
18678,Author_18678,7,115.0,12,9803
25707,Author_25707,7,115.0,10,9804
3087,Author_03087,7,114.0,16,9805
3884,Author_03884,7,114.0,11,9806
18417,Author_18417,7,114.0,12,9807
844,Author_00844,7,113.0,13,9808
8951,Author_08951,7,113.0,11,9809
10278,Author_10278,7,113.0,9,9810
11601,Author_11601,7,113.0,11,9811
21673,Author_21673,7,113.0,11,9812
26051,Author_26051,7,113.0,10,9813
27425,Author_27425,7,113.0,13,9814
28560,Author_28560,7,113.0,12,9815
29140,Author_29140,7,113.0,11,9816
16662,Author_16662,7,112.0,16,9817
28078,Author_28078,7,112.0,18,9818
28434,Author_28434,7,112.0,20,9819
9026,Author_09026,7,111.0,11,9820
9936,Author_09936,7,111.0,9,9821
16047,Author_16047,7,111.0,14,9822
17248,Author_17248,7,111.0,16,9823
23081,Author_23081,7,111.0,12,9824
28384,Author_28384,7,111.0,8,9825
28757,Author_28757,7,111.0,17,9826
4336,Author_04336,7,110.0,9,9827
12808,Author_12808,7,110.0,10,9828
14870,Author_14870,7,110.0,11,9829
17514,Author_17514,7,110.0,12,9830
20061,Author_20061,7,110.0,12,9831
23291,Author_23291,7,110.0,16,9832
10088,Author_10088,7,109.0,11,9833
12216,Author_12216,7,109.0,9,9834
23971,Author_23971,7,109.0,11,9835
25388,Author_25388,7,109.0,9,9836
5784,Author_05784,7,108.0,9,9837
5801,Author_05801,7,108.0,14,9838
16054,Author_16054,7,108.0,12,9839
18252,Author_18252,7,108.0,13,9840
910,Author_00910,7,107.0,11,9841
5323,Author_05323,7,107.0,9,9842
8493,Author_08493,7,107.0,14,9843
9766,Author_09766,7,107.0,13,9844
13441,Author_13441,7,107.0,13,9845
13532,Author_13532,7,107.0,16,9846
14311,Author_14311,7,107.0,10,9847
20499,Author_20499,7,107.0,10,9848
22710,Author_22710,7,107.0,11,9849
5070,Author_05070,7,106.0,12,9850
18312,Author_18312,7,106.0,11,9851
5175,Author_05175,7,105.0,11,9852
10008,Author_10008,7,105.0,15,9853
20368,Author_20368,7,105.0,14,9854
23630,Author_23630,7,105.0,10,9855
9853,Author_09853,7,104.0,12,9856
10983,Author_10983,7,104.0,14,9857
22773,Author_22773,7,104.0,8,9858
23420,Author_23420,7,104.0,13,9859
24153,Author_24153,7,104.0,10,9860
901,Author_00901,7,103.0,13,9861
1550,Author_01550,7,103.0,11,9862
3192,Author_03192,7,103.0,10,9863
15139,Author_15139,7,103.0,9,9864
17229,Author_17229,7,103.0,17,9865
22029,Author_22029,7,103.0,14,9866
3311,Author_03311,7,102.0,13,9867
3704,Author_03704,7,102.0,19,9868
18589,Author_18589,7,102.0,11,9869
19366,Author_19366,7,102.0,11,9870
23936,Author_23936,7,102.0,9,9871
28007,Author_28007,7,102.0,8,9872
2181,Author_02181,7,101.0,19,9873
3608,Author_03608,7,101.0,10,9874
25066,Author_25066,7,101.0,12,9875
25901,Author_25901,7,101.0,10,9876
26773,Author_26773,7,101.0,11,9877
24216,Author_24216,7,100.0,20,9878
28083,Author_28083,7,100.0,17,9879
1712,Author_01712,7,99.0,13,9880
5053,Author_05053,7,99.0,19,9881
10184,Author_10184,7,99.0,14,9882
24060,Author_24060,7,99.0,14,9883
25506,Author_25506,7,99.0,13,9884
13805,Author_13805,7,98.0,10,9885
19082,Author_19082,7,98.0,14,9886
25880,Author_25880,7,98.0,9,9887
6704,Author_06704,7,97.0,15,9888
10584,Author_10584,7,97.0,13,9889
25848,Author_25848,7,97.0,9,9890
26877,Author_26877,7,97.0,15,9891
28802,Author_28802,7,97.0,13,9892
27190,Author_27190,7,96.0,10,9893
16534,Author_16534,7,95.0,14,9894
19194,Author_19194,7,95.0,8,9895
21733,Author_21733,7,95.0,11,9896
1561,Author_01561,7,94.0,11,9897
9144,Author_09144,7,94.0,10,9898
22241,Author_22241,7,94.0,12,9899
28091,Author_28091,7,94.0,13,9900
7520,Author_07520,7,93.0,12,9901
19356,Author_19356,7,93.0,9,9902
358,Author_00358,7,92.0,10,9903
16889,Author_16889,7,92.0,10,9904
16082,Author_16082,7,91.0,11,9905
20002,Author_20002,7,91.0,12,9906
22412,Author_22412,7,90.0,8,9907
3981,Author_03981,7,89.0,9,9908
4049,Author_04049,7,89.0,12,9909
4751,Author_04751,7,89.0,12,9910
11563,Author_11563,7,88.0,10,9911
26241,Author_26241,7,88.0,8,9912
14118,Author_14118,7,86.0,10,9913
26627,Author_26627,7,86.0,11,9914
3604,Author_03604,7,84.0,13,9915
5818,Author_05818,7,84.0,10,9916
27398,Author_27398,7,84.0,15,9917
19871,Author_19871,7,83.0,11,9918
14634,Author_14634,7,82.0,17,9919
17693,Author_17693,7,82.0,18,9920
21049,Author_21049,7,81.0,10,9921
19008,Author_19008,7,80.0,10,9922
11729,Author_11729,7,79.0,9,9923
19026,Author_19026,7,69.0,12,9924
23508,Author_23508,6,10682.0,7,9925
29515,Author_29515,6,5261.0,10,9926
2751,Author_02751,6,3097.0,10,9927
25176,Author_25176,6,2500.0,11,9928
11694,Author_11694,6,2452.0,13,9929
6945,Author_06945,6,2347.0,11,9930
26764,Author_26764,6,1907.0,13,9931
11335,Author_11335,6,1835.0,10,9932
23976,Author_23976,6,1818.0,11,9933
2911,Author_02911,6,1528.0,6,9934
11122,Author_11122,6,1310.0,10,9935
12197,Author_12197,6,1231.0,12,9936
21821,Author_21821,6,1172.0,14,9937
9825,Author_09825,6,1154.0,10,9938
18578,Author_18578,6,1133.0,9,9939
19231,Author_19231,6,1081.0,9,9940
8972,Author_08972,6,974.0,9,9941
12151,Author_12151,6,919.0,12,9942
6876,Author_06876,6,901.0,6,9943
21770,Author_21770,6,896.0,15,9944
13476,Author_13476,6,891.0,18,9945
15723,Author_15723,6,886.0,8,9946
24668,Author_24668,6,874.0,8,9947
14678,Author_14678,6,867.0,14,9948
22884,Author_22884,6,829.0,13,9949
4361,Author_04361,6,824.0,9,9950
8275,Author_08275,6,824.0,11,9951
27286,Author_27286,6,818.0,9,9952
9702,Author_09702,6,789.0,10,9953
2056,Author_02056,6,778.0,8,9954
18853,Author_18853,6,774.0,7,9955
10141,Author_10141,6,770.0,8,9956
8546,Author_08546,6,767.0,14,9957
13108,Author_13108,6,753.0,9,9958
15712,Author_15712,6,726.0,15,9959
21060,Author_21060,6,726.0,10,9960
17176,Author_17176,6,719.0,17,9961
10274,Author_10274,6,718.0,8,9962
27632,Author_27632,6,694.0,11,9963
4093,Author_04093,6,683.0,7,9964
15092,Author_15092,6,648.0,10,9965
15237,Author_15237,6,641.0,9,9966
429,Author_00429,6,633.0,12,9967
12340,Author_12340,6,616.0,9,9968
19923,Author_19923,6,614.0,11,9969
27937,Author_27937,6,606.0,11,9970
4082,Author_04082,6,603.0,9,9971
21442,Author_21442,6,601.0,15,9972
21476,Author_21476,6,601.0,6,9973
3970,Author_03970,6,584.0,13,9974
11888,Author_11888,6,581.0,15,9975
6766,Author_06766,6,569.0,11,9976
12984,Author_12984,6,564.0,9,9977
10083,Author_10083,6,559.0,8,9978
14261,Author_14261,6,550.0,14,9979
8943,Author_08943,6,544.0,9,9980
19508,Author_19508,6,540.0,11,9981
14860,Author_14860,6,536.0,10,9982
23364,Author_23364,6,531.0,10,9983
10712,Author_10712,6,527.0,11,9984
18563,Author_18563,6,524.0,12,9985
26869,Author_26869,6,518.0,13,9986
18147,Author_18147,6,514.0,18,9987
2998,Author_02998,6,512.0,9,9988
28775,Author_28775,6,512.0,12,9989
2979,Author_02979,6,510.0,16,9990
14038,Author_14038,6,510.0,14,9991
20286,Author_20286,6,509.0,12,9992
20352,Author_20352,6,504.0,15,9993
11851,Author_11851,6,500.0,12,9994
23962,Author_23962,6,497.0,11,9995
1511,Author_01511,6,493.0,10,9996
4640,Author_04640,6,492.0,9,9997
25342,Author_25342,6,490.0,11,9998
18157,Author_18157,6,489.0,14,9999
22191,Author_22191,6,488.0,11,10000
15455,Author_15455,6,487.0,20,10001
20970,Author_20970,6,485.0,8,10002
20193,Author_20193,6,473.0,13,10003
281,Author_00281,6,472.0,8,10004
13967,Author_13967,6,472.0,16,10005
29746,Author_29746,6,472.0,6,10006
16434,Author_16434,6,470.0,10,10007
19612,Author_19612,6,470.0,12,10008
20708,Author_20708,6,468.0,14,10009
1051,Author_01051,6,463.0,13,10010
3134,Author_03134,6,460.0,9,10011
17700,Author_17700,6,457.0,9,10012
22631,Author_22631,6,457.0,17,10013
18077,Author_18077,6,456.0,6,10014
4540,Author_04540,6,455.0,9,10015
5164,Author_05164,6,454.0,12,10016
21413,Author_21413,6,453.0,6,10017
5704,Author_05704,6,447.0,6,10018
29933,Author_29933,6,447.0,10,10019
29848,Author_29848,6,446.0,11,10020
3153,Author_03153,6,445.0,13,10021
3770,Author_03770,6,445.0,13,10022
15047,Author_15047,6,443.0,17,10023
6250,Author_06250,6,440.0,14,10024
11573,Author_11573,6,439.0,18,10025
29639,Author_29639,6,439.0,8,10026
6924,Author_06924,6,438.0,10,10027
27785,Author_27785,6,438.0,8,10028
17705,Author_17705,6,434.0,6,10029
10648,Author_10648,6,432.0,8,10030
11710,Author_11710,6,427.0,7,10031
19124,Author_19124,6,427.0,19,10032
11422,Author_11422,6,425.0,13,10033
4356,Author_04356,6,424.0,12,10034
20184,Author_20184,6,424.0,17,10035
14671,Author_14671,6,423.0,21,10036
26591,Author_26591,6,423.0,17,10037
21008,Author_21008,6,421.0,10,10038
27416,Author_27416,6,421.0,8,10039
9894,Author_09894,6,416.0,13,10040
18947,Author_18947,6,414.0,9,10041
27403,Author_27403,6,414.0,17,10042
9145,Author_09145,6,413.0,12,10043
26411,Author_26411,6,413.0,12,10044
4688,Author_04688,6,412.0,7,10045
10638,Author_10638,6,411.0,12,10046
16328,Author_16328,6,407.0,11,10047
15156,Author_15156,6,405.0,8,10048
14026,Author_14026,6,403.0,12,10049
25662,Author_25662,6,403.0,18,10050
18858,Author_18858,6,402.0,20,10051
28614,Author_28614,6,402.0,15,10052
7747,Author_07747,6,401.0,11,10053
28120,Author_28120,6,399.0,9,10054
29454,Author_29454,6,399.0,12,10055
20226,Author_20226,6,396.0,12,10056
20440,Author_20440,6,396.0,19,10057
11901,Author_11901,6,395.0,13,10058
23394,Author_23394,6,394.0,8,10059
29321,Author_29321,6,392.0,12,10060
27140,Author_27140,6,390.0,16,10061
4905,Author_04905,6,388.0,15,10062
18323,Author_18323,6,388.0,13,10063
4328,Author_04328,6,387.0,9,10064
4976,Author_04976,6,387.0,12,10065
21129,Author_21129,6,387.0,12,10066
827,Author_00827,6,386.0,10,10067
10932,Author_10932,6,386.0,15,10068
22759,Author_22759,6,386.0,12,10069
28461,Author_28461,6,385.0,12,10070
13124,Author_13124,6,381.0,10,10071
28616,Author_28616,6,381.0,11,10072
11917,Author_11917,6,380.0,12,10073
29482,Author_29482,6,380.0,9,10074
7293,Author_07293,6,379.0,8,10075
10694,Author_10694,6,379.0,12,10076
29135,Author_29135,6,379.0,14,10077
27687,Author_27687,6,377.0,14,10078
11167,Author_11167,6,376.0,11,10079
12520,Author_12520,6,376.0,13,10080
7229,Author_07229,6,375.0,16,10081
6967,Author_06967,6,374.0,12,10082
14091,Author_14091,6,374.0,9,10083
15383,Author_15383,6,373.0,7,10084
24977,Author_24977,6,372.0,8,10085
6938,Author_06938,6,371.0,8,10086
12495,Author_12495,6,371.0,11,10087
313,Author_00313,6,369.0,7,10088
1915,Author_01915,6,369.0,20,10089
6307,Author_06307,6,368.0,16,10090
19904,Author_19904,6,368.0,8,10091
27573,Author_27573,6,368.0,9,10092
1242,Author_01242,6,367.0,8,10093
6052,Author_06052,6,365.0,10,10094
8647,Author_08647,6,365.0,10,10095
20095,Author_20095,6,365.0,11,10096
28284,Author_28284,6,365.0,11,10097
2058,Author_02058,6,364.0,14,10098
26621,Author_26621,6,364.0,9,10099
6570,Author_06570,6,363.0,13,10100
11732,Author_11732,6,362.0,6,10101
15249,Author_15249,6,362.0,10,10102
6748,Author_06748,6,361.0,15,10103
24846,Author_24846,6,361.0,13,10104
26553,Author_26553,6,361.0,9,10105
413,Author_00413,6,359.0,13,10106
6875,Author_06875,6,359.0,9,10107
685,Author_00685,6,357.0,9,10108
12373,Author_12373,6,357.0,13,10109
5606,Author_05606,6,356.0,9,10110
3335,Author_03335,6,354.0,8,10111
22145,Author_22145,6,354.0,7,10112
12619,Author_12619,6,352.0,11,10113
15130,Author_15130,6,352.0,10,10114
24407,Author_24407,6,352.0,19,10115
7945,Author_07945,6,351.0,7,10116
13261,Author_13261,6,348.0,11,10117
10753,Author_10753,6,347.0,17,10118
8127,Author_08127,6,346.0,11,10119
17692,Author_17692,6,346.0,10,10120
3685,Author_03685,6,344.0,14,10121
19607,Author_19607,6,344.0,17,10122
26144,Author_26144,6,344.0,6,10123
10275,Author_10275,6,343.0,11,10124
14569,Author_14569,6,343.0,10,10125
22492,Author_22492,6,343.0,11,10126
24750,Author_24750,6,343.0,11,10127
26182,Author_26182,6,343.0,13,10128
29705,Author_29705,6,343.0,7,10129
18149,Author_18149,6,342.0,10,10130
23798,Author_23798,6,342.0,11,10131
995,Author_00995,6,341.0,12,10132
12293,Author_12293,6,340.0,10,10133
18844,Author_18844,6,340.0,14,10134
29200,Author_29200,6,339.0,12,10135
12068,Author_12068,6,338.0,10,10136
17753,Author_17753,6,337.0,12,10137
19809,Author_19809,6,337.0,9,10138
3340,Author_03340,6,335.0,7,10139
5812,Author_05812,6,335.0,10,10140
26167,Author_26167,6,335.0,12,10141
26998,Author_26998,6,335.0,13,10142
12776,Author_12776,6,334.0,19,10143
217,Author_00217,6,333.0,7,10144
10090,Author_10090,6,333.0,22,10145
15056,Author_15056,6,333.0,17,10146
155,Author_00155,6,331.0,21,10147
17392,Author_17392,6,331.0,13,10148
20035,Author_20035,6,331.0,8,10149
15116,Author_15116,6,330.0,14,10150
21205,Author_21205,6,329.0,7,10151
24121,Author_24121,6,329.0,11,10152
24623,Author_24623,6,329.0,9,10153
22775,Author_22775,6,328.0,8,10154
29408,Author_29408,6,327.0,9,10155
23131,Author_23131,6,326.0,10,10156
28463,Author_28463,6,326.0,13,10157
29074,Author_29074,6,326.0,11,10158
4664,Author_04664,6,325.0,9,10159
4407,Author_04407,6,323.0,10,10160
5307,Author_05307,6,323.0,6,10161
13088,Author_13088,6,323.0,11,10162
29010,Author_29010,6,322.0,12,10163
28386,Author_28386,6,321.0,23,10164
27773,Author_27773,6,320.0,10,10165
8038,Author_08038,6,319.0,13,10166
10195,Author_10195,6,319.0,21,10167
21351,Author_21351,6,317.0,9,10168
29402,Author_29402,6,317.0,10,10169
6702,Author_06702,6,316.0,11,10170
2308,Author_02308,6,315.0,10,10171
23496,Author_23496,6,314.0,9,10172
26472,Author_26472,6,314.0,13,10173
27975,Author_27975,6,314.0,11,10174
29316,Author_29316,6,314.0,18,10175
12266,Author_12266,6,313.0,17,10176
23734,Author_23734,6,313.0,8,10177
2984,Author_02984,6,312.0,18,10178
17029,Author_17029,6,312.0,12,10179
21020,Author_21020,6,312.0,12,10180
22760,Author_22760,6,312.0,13,10181
23311,Author_23311,6,312.0,10,10182
8324,Author_08324,6,311.0,10,10183
20611,Author_20611,6,311.0,10,10184
5243,Author_05243,6,310.0,11,10185
8738,Author_08738,6,310.0,17,10186
679,Author_00679,6,309.0,15,10187
17395,Author_17395,6,309.0,7,10188
1910,Author_01910,6,308.0,14,10189
20717,Author_20717,6,308.0,10,10190
8337,Author_08337,6,307.0,11,10191
10886,Author_10886,6,307.0,12,10192
16475,Author_16475,6,307.0,18,10193
14900,Author_14900,6,306.0,6,10194
27623,Author_27623,6,306.0,7,10195
1706,Author_01706,6,305.0,12,10196
20272,Author_20272,6,304.0,9,10197
22745,Author_22745,6,304.0,15,10198
3506,Author_03506,6,303.0,9,10199
5091,Author_05091,6,303.0,12,10200
14327,Author_14327,6,303.0,15,10201
23665,Author_23665,6,303.0,14,10202
24240,Author_24240,6,303.0,12,10203
4545,Author_04545,6,302.0,10,10204
18205,Author_18205,6,302.0,14,10205
26837,Author_26837,6,302.0,10,10206
25937,Author_25937,6,301.0,9,10207
19588,Author_19588,6,300.0,10,10208
21294,Author_21294,6,300.0,7,10209
23899,Author_23899,6,300.0,12,10210
302,Author_00302,6,299.0,10,10211
12777,Author_12777,6,299.0,9,10212
21278,Author_21278,6,299.0,8,10213
9659,Author_09659,6,298.0,8,10214
20396,Author_20396,6,296.0,7,10215
4021,Author_04021,6,295.0,8,10216
13100,Author_13100,6,295.0,12,10217
17011,Author_17011,6,295.0,8,10218
26132,Author_26132,6,295.0,13,10219
27135,Author_27135,6,295.0,12,10220
25990,Author_25990,6,294.0,9,10221
478,Author_00478,6,293.0,10,10222
5743,Author_05743,6,293.0,12,10223
7666,Author_07666,6,293.0,10,10224
15353,Author_15353,6,292.0,14,10225
18748,Author_18748,6,292.0,17,10226
21611,Author_21611,6,291.0,19,10227
21865,Author_21865,6,291.0,16,10228
26885,Author_26885,6,291.0,12,10229
1531,Author_01531,6,290.0,8,10230
5889,Author_05889,6,289.0,17,10231
19403,Author_19403,6,289.0,9,10232
20427,Author_20427,6,289.0,12,10233
6420,Author_06420,6,288.0,11,10234
11156,Author_11156,6,288.0,13,10235
18013,Author_18013,6,288.0,8,10236
22282,Author_22282,6,288.0,13,10237
28643,Author_28643,6,288.0,9,10238
21799,Author_21799,6,287.0,16,10239
25746,Author_25746,6,286.0,15,10240
7436,Author_07436,6,285.0,8,10241
13986,Author_13986,6,285.0,12,10242
21578,Author_21578,6,285.0,11,10243
24637,Author_24637,6,285.0,9,10244
2733,Author_02733,6,284.0,9,10245
10905,Author_10905,6,284.0,10,10246
12240,Author_12240,6,284.0,17,10247
17040,Author_17040,6,284.0,16,10248
18551,Author_18551,6,284.0,11,10249
9160,Author_09160,6,283.0,12,10250
27096,Author_27096,6,283.0,10,10251
28824,Author_28824,6,283.0,16,10252
609,Author_00609,6,282.0,7,10253
3605,Author_03605,6,282.0,10,10254
4700,Author_04700,6,282.0,10,10255
21819,Author_21819,6,282.0,10,10256
27157,Author_27157,6,282.0,8,10257
5594,Author_05594,6,281.0,12,10258
9627,Author_09627,6,281.0,12,10259
20484,Author_20484,6,281.0,9,10260
25223,Author_25223,6,281.0,10,10261
1052,Author_01052,6,280.0,12,10262
18052,Author_18052,6,280.0,9,10263
4853,Author_04853,6,279.0,10,10264
13950,Author_13950,6,279.0,11,10265
16140,Author_16140,6,279.0,10,10266
26765,Author_26765,6,279.0,14,10267
3437,Author_03437,6,278.0,12,10268
6331,Author_06331,6,278.0,8,10269
19620,Author_19620,6,278.0,8,10270
28583,Author_28583,6,278.0,14,10271
2229,Author_02229,6,277.0,9,10272
2325,Author_02325,6,277.0,10,10273
15746,Author_15746,6,277.0,15,10274
1489,Author_01489,6,276.0,9,10275
1923,Author_01923,6,276.0,6,10276
13431,Author_13431,6,276.0,10,10277
21046,Author_21046,6,276.0,16,10278
14685,Author_14685,6,275.0,9,10279
23554,Author_23554,6,275.0,12,10280
13334,Author_13334,6,274.0,10,10281
3648,Author_03648,6,273.0,12,10282
5970,Author_05970,6,273.0,19,10283
14064,Author_14064,6,273.0,16,10284
17701,Author_17701,6,273.0,7,10285
26278,Author_26278,6,273.0,12,10286
28426,Author_28426,6,273.0,10,10287
19197,Author_19197,6,272.0,17,10288
25242,Author_25242,6,272.0,16,10289
17640,Author_17640,6,271.0,10,10290
4771,Author_04771,6,270.0,12,10291
13634,Author_13634,6,270.0,8,10292
15738,Author_15738,6,270.0,12,10293
16674,Author_16674,6,270.0,18,10294
23586,Author_23586,6,270.0,8,10295
6597,Author_06597,6,269.0,13,10296
12667,Author_12667,6,269.0,17,10297
18867,Author_18867,6,269.0,22,10298
27620,Author_27620,6,269.0,8,10299
14022,Author_14022,6,268.0,11,10300
24372,Author_24372,6,268.0,6,10301
7281,Author_07281,6,267.0,11,10302
11436,Author_11436,6,267.0,9,10303
18986,Author_18986,6,267.0,11,10304
24272,Author_24272,6,267.0,14,10305
27991,Author_27991,6,267.0,13,10306
28252,Author_28252,6,267.0,6,10307
9568,Author_09568,6,266.0,11,10308
13034,Author_13034,6,266.0,12,10309
20339,Author_20339,6,266.0,11,10310
21193,Author_21193,6,266.0,13,10311
3170,Author_03170,6,265.0,7,10312
7544,Author_07544,6,265.0,10,10313
9655,Author_09655,6,265.0,10,10314
18682,Author_18682,6,265.0,8,10315
22962,Author_22962,6,265.0,15,10316
23501,Author_23501,6,265.0,11,10317
16829,Author_16829,6,264.0,11,10318
5654,Author_05654,6,263.0,16,10319
9330,Author_09330,6,263.0,11,10320
14455,Author_14455,6,263.0,13,10321
21603,Author_21603,6,263.0,15,10322
6523,Author_06523,6,262.0,16,10323
12823,Author_12823,6,262.0,9,10324
23391,Author_23391,6,262.0,13,10325
23878,Author_23878,6,262.0,10,10326
6111,Author_06111,6,261.0,10,10327
18054,Author_18054,6,261.0,13,10328
20599,Author_20599,6,261.0,8,10329
25623,Author_25623,6,261.0,13,10330
25680,Author_25680,6,261.0,11,10331
18,Author_00018,6,260.0,9,10332
5612,Author_05612,6,260.0,13,10333
11014,Author_11014,6,260.0,12,10334
15888,Author_15888,6,260.0,12,10335
16309,Author_16309,6,260.0,8,10336
22059,Author_22059,6,260.0,8,10337
28674,Author_28674,6,260.0,7,10338
29084,Author_29084,6,260.0,13,10339
10432,Author_10432,6,259.0,13,10340
16516,Author_16516,6,259.0,11,10341
27194,Author_27194,6,259.0,10,10342
28561,Author_28561,6,259.0,14,10343
4150,Author_04150,6,258.0,14,10344
7279,Author_07279,6,258.0,11,10345
10728,Author_10728,6,258.0,17,10346
12875,Author_12875,6,258.0,13,10347
13540,Author_13540,6,258.0,9,10348
29223,Author_29223,6,258.0,13,10349
3494,Author_03494,6,257.0,12,10350
13550,Author_13550,6,257.0,13,10351
14709,Author_14709,6,257.0,19,10352
16529,Author_16529,6,257.0,14,10353
25808,Author_25808,6,257.0,11,10354
26532,Author_26532,6,257.0,7,10355
9377,Author_09377,6,256.0,11,10356
21399,Author_21399,6,256.0,12,10357
7626,Author_07626,6,255.0,12,10358
8076,Author_08076,6,255.0,15,10359
10744,Author_10744,6,255.0,12,10360
12938,Author_12938,6,255.0,14,10361
15347,Author_15347,6,255.0,8,10362
24552,Author_24552,6,255.0,6,10363
27139,Author_27139,6,255.0,22,10364
3458,Author_03458,6,254.0,11,10365
4723,Author_04723,6,254.0,13,10366
5510,Author_05510,6,254.0,10,10367
12239,Author_12239,6,254.0,14,10368
14436,Author_14436,6,254.0,10,10369
14797,Author_14797,6,254.0,8,10370
24378,Author_24378,6,254.0,15,10371
28676,Author_28676,6,254.0,9,10372
539,Author_00539,6,253.0,11,10373
14149,Author_14149,6,253.0,10,10374
21386,Author_21386,6,253.0,7,10375
28670,Author_28670,6,253.0,13,10376
14051,Author_14051,6,252.0,8,10377
15441,Author_15441,6,252.0,10,10378
19903,Author_19903,6,252.0,8,10379
27859,Author_27859,6,252.0,15,10380
2915,Author_02915,6,251.0,8,10381
6535,Author_06535,6,251.0,14,10382
11927,Author_11927,6,251.0,10,10383
19164,Author_19164,6,251.0,8,10384
20644,Author_20644,6,251.0,13,10385
26760,Author_26760,6,251.0,8,10386
29484,Author_29484,6,251.0,8,10387
11793,Author_11793,6,250.0,11,10388
15403,Author_15403,6,250.0,10,10389
22247,Author_22247,6,250.0,12,10390
12936,Author_12936,6,249.0,13,10391
16228,Author_16228,6,249.0,12,10392
17699,Author_17699,6,249.0,10,10393
25317,Author_25317,6,249.0,12,10394
13044,Author_13044,6,248.0,20,10395
15409,Author_15409,6,248.0,9,10396
24093,Author_24093,6,248.0,9,10397
4509,Author_04509,6,247.0,17,10398
21371,Author_21371,6,247.0,10,10399
27796,Author_27796,6,247.0,12,10400
4496,Author_04496,6,246.0,16,10401
23062,Author_23062,6,246.0,11,10402
29332,Author_29332,6,246.0,19,10403
1175,Author_01175,6,245.0,10,10404
8664,Author_08664,6,245.0,10,10405
10557,Author_10557,6,245.0,11,10406
11939,Author_11939,6,245.0,7,10407
13369,Author_13369,6,245.0,13,10408
16028,Author_16028,6,245.0,14,10409
21356,Author_21356,6,244.0,12,10410
24314,Author_24314,6,244.0,8,10411
24418,Author_24418,6,244.0,9,10412
1391,Author_01391,6,243.0,15,10413
2052,Author_02052,6,243.0,6,10414
10786,Author_10786,6,243.0,10,10415
14653,Author_14653,6,243.0,16,10416
5043,Author_05043,6,242.0,11,10417
5398,Author_05398,6,242.0,9,10418
8062,Author_08062,6,242.0,10,10419
17212,Author_17212,6,242.0,11,10420
17399,Author_17399,6,242.0,10,10421
21482,Author_21482,6,242.0,11,10422
22486,Author_22486,6,242.0,8,10423
25408,Author_25408,6,242.0,14,10424
5301,Author_05301,6,240.0,8,10425
6193,Author_06193,6,240.0,6,10426
17137,Author_17137,6,240.0,10,10427
17628,Author_17628,6,240.0,8,10428
22068,Author_22068,6,240.0,12,10429
25973,Author_25973,6,240.0,14,10430
4775,Author_04775,6,239.0,18,10431
7610,Author_07610,6,239.0,17,10432
16211,Author_16211,6,239.0,7,10433
21930,Author_21930,6,239.0,14,10434
24155,Author_24155,6,239.0,16,10435
29786,Author_29786,6,239.0,12,10436
309,Author_00309,6,238.0,8,10437
6961,Author_06961,6,238.0,13,10438
16113,Author_16113,6,238.0,10,10439
7726,Author_07726,6,237.0,14,10440
9079,Author_09079,6,237.0,6,10441
12554,Author_12554,6,237.0,10,10442
13595,Author_13595,6,237.0,14,10443
25618,Author_25618,6,237.0,13,10444
2002,Author_02002,6,236.0,12,10445
5455,Author_05455,6,236.0,10,10446
6262,Author_06262,6,236.0,12,10447
6457,Author_06457,6,236.0,16,10448
9035,Author_09035,6,236.0,8,10449
9313,Author_09313,6,236.0,11,10450
12069,Author_12069,6,236.0,12,10451
17545,Author_17545,6,235.0,9,10452
26160,Author_26160,6,235.0,13,10453
29856,Author_29856,6,235.0,10,10454
4287,Author_04287,6,234.0,13,10455
4752,Author_04752,6,234.0,11,10456
8857,Author_08857,6,234.0,11,10457
8987,Author_08987,6,234.0,11,10458
16961,Author_16961,6,234.0,8,10459
23671,Author_23671,6,234.0,12,10460
24299,Author_24299,6,234.0,10,10461
7901,Author_07901,6,233.0,15,10462
274,Author_00274,6,232.0,15,10463
1789,Author_01789,6,232.0,16,10464
9998,Author_09998,6,232.0,11,10465
12570,Author_12570,6,232.0,14,10466
15537,Author_15537,6,232.0,6,10467
15546,Author_15546,6,232.0,8,10468
24627,Author_24627,6,232.0,9,10469
25044,Author_25044,6,232.0,10,10470
27606,Author_27606,6,232.0,10,10471
28690,Author_28690,6,232.0,10,10472
5453,Author_05453,6,231.0,8,10473
14332,Author_14332,6,231.0,11,10474
463,Author_00463,6,230.0,13,10475
3139,Author_03139,6,230.0,10,10476
9213,Author_09213,6,230.0,11,10477
15322,Author_15322,6,230.0,8,10478
17447,Author_17447,6,230.0,11,10479
18146,Author_18146,6,230.0,10,10480
19439,Author_19439,6,230.0,18,10481
20174,Author_20174,6,230.0,10,10482
21629,Author_21629,6,230.0,12,10483
22176,Author_22176,6,230.0,7,10484
24661,Author_24661,6,230.0,13,10485
6294,Author_06294,6,229.0,9,10486
12551,Author_12551,6,229.0,9,10487
25558,Author_25558,6,229.0,9,10488
15563,Author_15563,6,228.0,9,10489
24291,Author_24291,6,228.0,10,10490
26453,Author_26453,6,228.0,12,10491
5117,Author_05117,6,227.0,11,10492
5491,Author_05491,6,227.0,12,10493
5498,Author_05498,6,227.0,11,10494
10996,Author_10996,6,227.0,10,10495
14645,Author_14645,6,227.0,13,10496
11277,Author_11277,6,226.0,13,10497
14079,Author_14079,6,226.0,17,10498
324,Author_00324,6,225.0,13,10499
3891,Author_03891,6,225.0,10,10500
4767,Author_04767,6,225.0,13,10501
18107,Author_18107,6,225.0,6,10502
24075,Author_24075,6,225.0,10,10503
282,Author_00282,6,224.0,11,10504
14699,Author_14699,6,224.0,11,10505
19526,Author_19526,6,224.0,10,10506
20026,Author_20026,6,224.0,6,10507
22249,Author_22249,6,224.0,8,10508
25953,Author_25953,6,224.0,12,10509
636,Author_00636,6,223.0,9,10510
9055,Author_09055,6,223.0,15,10511
15037,Author_15037,6,223.0,17,10512
17361,Author_17361,6,223.0,12,10513
21210,Author_21210,6,223.0,13,10514
25422,Author_25422,6,223.0,6,10515
29787,Author_29787,6,223.0,9,10516
21868,Author_21868,6,222.0,10,10517
22199,Author_22199,6,222.0,15,10518
22571,Author_22571,6,222.0,16,10519
24615,Author_24615,6,222.0,9,10520
26161,Author_26161,6,222.0,12,10521
11,Author_00011,6,221.0,8,10522
8283,Author_08283,6,221.0,11,10523
17941,Author_17941,6,221.0,11,10524
21769,Author_21769,6,221.0,14,10525
29495,Author_29495,6,221.0,10,10526
4981,Author_04981,6,220.0,12,10527
14832,Author_14832,6,220.0,10,10528
17978,Author_17978,6,220.0,12,10529
21510,Author_21510,6,220.0,17,10530
6915,Author_06915,6,219.0,13,10531
17967,Author_17967,6,219.0,8,10532
22549,Author_22549,6,219.0,8,10533
25503,Author_25503,6,219.0,7,10534
26471,Author_26471,6,219.0,13,10535
27894,Author_27894,6,219.0,15,10536
3939,Author_03939,6,218.0,12,10537
5462,Author_05462,6,218.0,15,10538
12512,Author_12512,6,218.0,13,10539
12800,Author_12800,6,218.0,12,10540
12998,Author_12998,6,218.0,9,10541
19278,Author_19278,6,218.0,8,10542
25466,Author_25466,6,218.0,9,10543
6796,Author_06796,6,217.0,10,10544
15077,Author_15077,6,217.0,11,10545
16538,Author_16538,6,217.0,18,10546
23589,Author_23589,6,217.0,16,10547
28916,Author_28916,6,217.0,18,10548
3038,Author_03038,6,216.0,8,10549
4251,Author_04251,6,216.0,12,10550
5379,Author_05379,6,216.0,13,10551
8112,Author_08112,6,216.0,12,10552
10258,Author_10258,6,216.0,9,10553
12127,Author_12127,6,216.0,10,10554
17135,Author_17135,6,216.0,8,10555
29691,Author_29691,6,216.0,13,10556
2286,Author_02286,6,215.0,15,10557
13798,Author_13798,6,215.0,12,10558
14471,Author_14471,6,215.0,11,10559
16201,Author_16201,6,215.0,11,10560
225,Author_00225,6,214.0,9,10561
1074,Author_01074,6,214.0,13,10562
3784,Author_03784,6,214.0,9,10563
16681,Author_16681,6,214.0,8,10564
16859,Author_16859,6,214.0,9,10565
21652,Author_21652,6,214.0,7,10566
24195,Author_24195,6,214.0,15,10567
24876,Author_24876,6,214.0,11,10568
3233,Author_03233,6,213.0,11,10569
5299,Author_05299,6,213.0,7,10570
8420,Author_08420,6,213.0,12,10571
9027,Author_09027,6,213.0,12,10572
17887,Author_17887,6,213.0,10,10573
24375,Author_24375,6,213.0,13,10574
24907,Author_24907,6,213.0,16,10575
25994,Author_25994,6,213.0,8,10576
26424,Author_26424,6,213.0,13,10577
27689,Author_27689,6,213.0,12,10578
719,Author_00719,6,212.0,13,10579
1589,Author_01589,6,212.0,8,10580
4424,Author_04424,6,212.0,13,10581
11074,Author_11074,6,212.0,14,10582
18802,Author_18802,6,212.0,15,10583
26436,Author_26436,6,212.0,10,10584
26936,Author_26936,6,212.0,9,10585
28260,Author_28260,6,212.0,8,10586
10626,Author_10626,6,211.0,10,10587
16458,Author_16458,6,211.0,10,10588
17810,Author_17810,6,211.0,12,10589
23961,Author_23961,6,211.0,13,10590
1808,Author_01808,6,210.0,11,10591
3298,Author_03298,6,210.0,19,10592
6204,Author_06204,6,210.0,10,10593
8194,Author_08194,6,210.0,13,10594
12540,Author_12540,6,210.0,12,10595
12609,Author_12609,6,210.0,14,10596
20780,Author_20780,6,210.0,9,10597
28199,Author_28199,6,210.0,11,10598
28968,Author_28968,6,210.0,15,10599
1039,Author_01039,6,209.0,18,10600
6162,Author_06162,6,209.0,12,10601
7980,Author_07980,6,209.0,12,10602
8317,Author_08317,6,209.0,7,10603
9292,Author_09292,6,209.0,10,10604
13518,Author_13518,6,209.0,14,10605
15802,Author_15802,6,209.0,11,10606
18423,Author_18423,6,209.0,13,10607
19313,Author_19313,6,209.0,12,10608
20520,Author_20520,6,209.0,8,10609
25345,Author_25345,6,209.0,18,10610
834,Author_00834,6,208.0,16,10611
2150,Author_02150,6,208.0,15,10612
3140,Author_03140,6,208.0,10,10613
5837,Author_05837,6,208.0,9,10614
15150,Author_15150,6,208.0,11,10615
16678,Author_16678,6,208.0,9,10616
19377,Author_19377,6,208.0,13,10617
21325,Author_21325,6,208.0,7,10618
622,Author_00622,6,207.0,16,10619
11134,Author_11134,6,207.0,10,10620
12463,Author_12463,6,207.0,19,10621
20254,Author_20254,6,207.0,13,10622
26789,Author_26789,6,207.0,9,10623
6547,Author_06547,6,206.0,16,10624
11452,Author_11452,6,206.0,12,10625
12076,Author_12076,6,206.0,7,10626
13572,Author_13572,6,206.0,11,10627
17363,Author_17363,6,206.0,8,10628
18549,Author_18549,6,206.0,10,10629
23343,Author_23343,6,206.0,12,10630
29267,Author_29267,6,206.0,8,10631
6392,Author_06392,6,205.0,8,10632
11663,Author_11663,6,205.0,9,10633
16139,Author_16139,6,205.0,9,10634
19882,Author_19882,6,205.0,9,10635
22126,Author_22126,6,205.0,22,10636
27208,Author_27208,6,205.0,11,10637
28254,Author_28254,6,205.0,11,10638
29238,Author_29238,6,205.0,19,10639
11971,Author_11971,6,204.0,12,10640
12589,Author_12589,6,204.0,7,10641
15058,Author_15058,6,204.0,11,10642
16539,Author_16539,6,204.0,11,10643
17487,Author_17487,6,204.0,13,10644
22620,Author_22620,6,204.0,10,10645
24765,Author_24765,6,204.0,13,10646
25917,Author_25917,6,204.0,14,10647
26879,Author_26879,6,204.0,9,10648
8028,Author_08028,6,203.0,12,10649
8248,Author_08248,6,203.0,9,10650
18219,Author_18219,6,203.0,13,10651
25563,Author_25563,6,203.0,14,10652
26006,Author_26006,6,203.0,7,10653
4088,Author_04088,6,202.0,15,10654
6860,Author_06860,6,202.0,13,10655
7695,Author_07695,6,202.0,9,10656
8705,Author_08705,6,202.0,13,10657
9461,Author_09461,6,202.0,8,10658
11203,Author_11203,6,202.0,20,10659
18927,Author_18927,6,202.0,12,10660
22223,Author_22223,6,202.0,15,10661
25673,Author_25673,6,202.0,8,10662
1469,Author_01469,6,201.0,15,10663
2299,Author_02299,6,201.0,7,10664
3122,Author_03122,6,201.0,8,10665
5223,Author_05223,6,201.0,11,10666
7321,Author_07321,6,201.0,12,10667
8022,Author_08022,6,201.0,10,10668
9860,Author_09860,6,201.0,9,10669
15872,Author_15872,6,201.0,13,10670
16471,Author_16471,6,201.0,12,10671
22741,Author_22741,6,201.0,21,10672
23488,Author_23488,6,201.0,13,10673
28411,Author_28411,6,201.0,8,10674
3920,Author_03920,6,200.0,9,10675
6359,Author_06359,6,200.0,10,10676
6433,Author_06433,6,200.0,12,10677
14676,Author_14676,6,200.0,12,10678
15372,Author_15372,6,200.0,18,10679
18125,Author_18125,6,200.0,13,10680
21591,Author_21591,6,200.0,16,10681
21985,Author_21985,6,200.0,8,10682
25056,Author_25056,6,200.0,15,10683
4665,Author_04665,6,199.0,9,10684
5120,Author_05120,6,199.0,10,10685
9306,Author_09306,6,199.0,11,10686
9503,Author_09503,6,199.0,14,10687
11618,Author_11618,6,199.0,12,10688
11786,Author_11786,6,199.0,15,10689
17404,Author_17404,6,199.0,18,10690
20281,Author_20281,6,199.0,12,10691
23964,Author_23964,6,199.0,8,10692
26894,Author_26894,6,199.0,10,10693
1341,Author_01341,6,198.0,15,10694
2429,Author_02429,6,198.0,11,10695
3551,Author_03551,6,198.0,17,10696
5064,Author_05064,6,198.0,6,10697
13688,Author_13688,6,198.0,11,10698
14919,Author_14919,6,198.0,15,10699
18857,Author_18857,6,198.0,6,10700
26196,Author_26196,6,198.0,12,10701
16127,Author_16127,6,197.0,16,10702
16807,Author_16807,6,197.0,8,10703
17114,Author_17114,6,197.0,15,10704
19925,Author_19925,6,197.0,11,10705
20296,Author_20296,6,197.0,11,10706
27540,Author_27540,6,197.0,15,10707
214,Author_00214,6,196.0,12,10708
7935,Author_07935,6,196.0,11,10709
10325,Author_10325,6,196.0,17,10710
12944,Author_12944,6,196.0,10,10711
19813,Author_19813,6,196.0,6,10712
20617,Author_20617,6,196.0,8,10713
21857,Author_21857,6,196.0,12,10714
25757,Author_25757,6,196.0,14,10715
29883,Author_29883,6,196.0,12,10716
4956,Author_04956,6,195.0,10,10717
6199,Author_06199,6,195.0,15,10718
6768,Author_06768,6,195.0,14,10719
8190,Author_08190,6,195.0,14,10720
11017,Author_11017,6,195.0,11,10721
19262,Author_19262,6,195.0,12,10722
6291,Author_06291,6,194.0,10,10723
15355,Author_15355,6,194.0,7,10724
23489,Author_23489,6,194.0,9,10725
28063,Author_28063,6,194.0,10,10726
538,Author_00538,6,193.0,11,10727
1677,Author_01677,6,193.0,11,10728
2502,Author_02502,6,193.0,12,10729
9176,Author_09176,6,193.0,9,10730
10900,Author_10900,6,193.0,10,10731
13824,Author_13824,6,193.0,12,10732
15375,Author_15375,6,193.0,12,10733
16384,Author_16384,6,193.0,14,10734
16505,Author_16505,6,193.0,10,10735
19343,Author_19343,6,193.0,14,10736
21872,Author_21872,6,193.0,8,10737
29606,Author_29606,6,193.0,13,10738
825,Author_00825,6,192.0,7,10739
8438,Author_08438,6,192.0,11,10740
12128,Author_12128,6,192.0,16,10741
13459,Author_13459,6,192.0,14,10742
15628,Author_15628,6,192.0,11,10743
17325,Author_17325,6,192.0,11,10744
17332,Author_17332,6,192.0,13,10745
17959,Author_17959,6,192.0,6,10746
22958,Author_22958,6,192.0,13,10747
24598,Author_24598,6,192.0,18,10748
28536,Author_28536,6,192.0,10,10749
2273,Author_02273,6,191.0,9,10750
5613,Author_05613,6,191.0,9,10751
7187,Author_07187,6,191.0,12,10752
17080,Author_17080,6,191.0,14,10753
18427,Author_18427,6,191.0,15,10754
19988,Author_19988,6,191.0,12,10755
20223,Author_20223,6,191.0,12,10756
21103,Author_21103,6,191.0,8,10757
23436,Author_23436,6,191.0,9,10758
25389,Author_25389,6,191.0,11,10759
28773,Author_28773,6,191.0,9,10760
2046,Author_02046,6,190.0,11,10761
6682,Author_06682,6,190.0,12,10762
7850,Author_07850,6,190.0,12,10763
8444,Author_08444,6,190.0,17,10764
9599,Author_09599,6,190.0,13,10765
10447,Author_10447,6,190.0,11,10766
10971,Author_10971,6,190.0,10,10767
11861,Author_11861,6,190.0,11,10768
15815,Author_15815,6,190.0,10,10769
18516,Author_18516,6,190.0,9,10770
25593,Author_25593,6,190.0,7,10771
300,Author_00300,6,189.0,10,10772
409,Author_00409,6,189.0,10,10773
4240,Author_04240,6,189.0,16,10774
6989,Author_06989,6,189.0,15,10775
7269,Author_07269,6,189.0,8,10776
9920,Author_09920,6,189.0,12,10777
11740,Author_11740,6,189.0,13,10778
12409,Author_12409,6,189.0,19,10779
15184,Author_15184,6,189.0,13,10780
15549,Author_15549,6,189.0,9,10781
18772,Author_18772,6,189.0,7,10782
18907,Author_18907,6,189.0,15,10783
22590,Author_22590,6,189.0,14,10784
29330,Author_29330,6,189.0,10,10785
4815,Author_04815,6,188.0,11,10786
10749,Author_10749,6,188.0,13,10787
10989,Author_10989,6,188.0,13,10788
11149,Author_11149,6,188.0,9,10789
19396,Author_19396,6,188.0,8,10790
20869,Author_20869,6,188.0,13,10791
28135,Author_28135,6,188.0,12,10792
29118,Author_29118,6,188.0,10,10793
29549,Author_29549,6,188.0,9,10794
496,Author_00496,6,187.0,11,10795
1840,Author_01840,6,187.0,8,10796
5991,Author_05991,6,187.0,14,10797
6046,Author_06046,6,187.0,21,10798
6812,Author_06812,6,187.0,10,10799
7246,Author_07246,6,187.0,12,10800
8189,Author_08189,6,187.0,10,10801
16001,Author_16001,6,187.0,10,10802
16219,Author_16219,6,187.0,11,10803
20494,Author_20494,6,187.0,10,10804
22774,Author_22774,6,187.0,11,10805
24351,Author_24351,6,187.0,7,10806
25633,Author_25633,6,187.0,19,10807
2714,Author_02714,6,186.0,13,10808
2997,Author_02997,6,186.0,13,10809
9428,Author_09428,6,186.0,10,10810
11912,Author_11912,6,186.0,8,10811
15755,Author_15755,6,186.0,9,10812
16508,Author_16508,6,186.0,9,10813
22016,Author_22016,6,186.0,10,10814
23646,Author_23646,6,186.0,10,10815
29558,Author_29558,6,186.0,7,10816
79,Author_00079,6,185.0,9,10817
4987,Author_04987,6,185.0,12,10818
10033,Author_10033,6,185.0,7,10819
12830,Author_12830,6,185.0,8,10820
16972,Author_16972,6,185.0,9,10821
17287,Author_17287,6,185.0,12,10822
17453,Author_17453,6,185.0,11,10823
18047,Author_18047,6,185.0,14,10824
21474,Author_21474,6,185.0,10,10825
21831,Author_21831,6,185.0,15,10826
23176,Author_23176,6,185.0,10,10827
2981,Author_02981,6,184.0,6,10828
4646,Author_04646,6,184.0,17,10829
4814,Author_04814,6,184.0,8,10830
6726,Author_06726,6,184.0,8,10831
14922,Author_14922,6,184.0,13,10832
16250,Author_16250,6,184.0,9,10833
22274,Author_22274,6,184.0,9,10834
23186,Author_23186,6,184.0,7,10835
26947,Author_26947,6,184.0,15,10836
29173,Author_29173,6,184.0,10,10837
767,Author_00767,6,183.0,11,10838
2639,Author_02639,6,183.0,12,10839
2722,Author_02722,6,183.0,6,10840
5431,Author_05431,6,183.0,15,10841
5545,Author_05545,6,183.0,14,10842
7376,Author_07376,6,183.0,18,10843
8386,Author_08386,6,183.0,13,10844
10379,Author_10379,6,183.0,8,10845
12302,Author_12302,6,183.0,11,10846
19458,Author_19458,6,183.0,11,10847
25053,Author_25053,6,183.0,12,10848
359,Author_00359,6,182.0,17,10849
5587,Author_05587,6,182.0,8,10850
7684,Author_07684,6,182.0,8,10851
8911,Author_08911,6,182.0,15,10852
11116,Author_11116,6,182.0,9,10853
12397,Author_12397,6,182.0,10,10854
15565,Author_15565,6,182.0,10,10855
17658,Author_17658,6,182.0,18,10856
18699,Author_18699,6,182.0,11,10857
23049,Author_23049,6,182.0,12,10858
24040,Author_24040,6,182.0,10,10859
24619,Author_24619,6,182.0,16,10860
24681,Author_24681,6,182.0,15,10861
28127,Author_28127,6,182.0,7,10862
28477,Author_28477,6,182.0,10,10863
290,Author_00290,6,181.0,8,10864
582,Author_00582,6,181.0,10,10865
3548,Author_03548,6,181.0,12,10866
3776,Author_03776,6,181.0,15,10867
19279,Author_19279,6,181.0,13,10868
22811,Author_22811,6,181.0,12,10869
23066,Author_23066,6,181.0,13,10870
28693,Author_28693,6,181.0,15,10871
29294,Author_29294,6,181.0,9,10872
29802,Author_29802,6,181.0,16,10873
1092,Author_01092,6,180.0,9,10874
1889,Author_01889,6,180.0,12,10875
1551,Author_01551,6,179.0,8,10876
7450,Author_07450,6,179.0,10,10877
12789,Author_12789,6,179.0,11,10878
24789,Author_24789,6,179.0,15,10879
27093,Author_27093,6,179.0,12,10880
4742,Author_04742,6,178.0,12,10881
5148,Author_05148,6,178.0,10,10882
6985,Author_06985,6,178.0,13,10883
9484,Author_09484,6,178.0,11,10884
14017,Author_14017,6,178.0,13,10885
26290,Author_26290,6,178.0,17,10886
2860,Author_02860,6,177.0,9,10887
7776,Author_07776,6,177.0,9,10888
9249,Author_09249,6,177.0,11,10889
9728,Author_09728,6,177.0,7,10890
14728,Author_14728,6,177.0,8,10891
16761,Author_16761,6,177.0,13,10892
19256,Author_19256,6,177.0,8,10893
21066,Author_21066,6,177.0,12,10894
27256,Author_27256,6,177.0,12,10895
774,Author_00774,6,176.0,11,10896
1419,Author_01419,6,176.0,16,10897
1493,Author_01493,6,176.0,13,10898
4372,Author_04372,6,176.0,13,10899
5447,Author_05447,6,176.0,11,10900
6037,Author_06037,6,176.0,11,10901
10549,Author_10549,6,176.0,12,10902
13579,Author_13579,6,176.0,9,10903
20857,Author_20857,6,176.0,9,10904
22185,Author_22185,6,176.0,10,10905
25089,Author_25089,6,176.0,6,10906
28167,Author_28167,6,176.0,15,10907
28336,Author_28336,6,176.0,7,10908
28401,Author_28401,6,176.0,9,10909
147,Author_00147,6,175.0,18,10910
1925,Author_01925,6,175.0,10,10911
2216,Author_02216,6,175.0,11,10912
6242,Author_06242,6,175.0,6,10913
6403,Author_06403,6,175.0,8,10914
12354,Author_12354,6,175.0,8,10915
13133,Author_13133,6,175.0,14,10916
14363,Author_14363,6,175.0,16,10917
17420,Author_17420,6,175.0,10,10918
21221,Author_21221,6,175.0,12,10919
28358,Author_28358,6,175.0,13,10920
630,Author_00630,6,174.0,10,10921
4949,Author_04949,6,174.0,13,10922
11400,Author_11400,6,174.0,9,10923
14579,Author_14579,6,174.0,8,10924
17106,Author_17106,6,174.0,17,10925
22149,Author_22149,6,174.0,9,10926
23114,Author_23114,6,174.0,10,10927
23313,Author_23313,6,174.0,17,10928
25727,Author_25727,6,174.0,13,10929
25782,Author_25782,6,174.0,7,10930
28188,Author_28188,6,174.0,9,10931
29036,Author_29036,6,174.0,9,10932
1902,Author_01902,6,173.0,10,10933
4003,Author_04003,6,173.0,14,10934
4420,Author_04420,6,173.0,10,10935
5770,Author_05770,6,173.0,9,10936
6329,Author_06329,6,173.0,12,10937
11023,Author_11023,6,173.0,10,10938
11646,Author_11646,6,173.0,12,10939
15991,Author_15991,6,173.0,10,10940
18232,Author_18232,6,173.0,11,10941
18679,Author_18679,6,173.0,10,10942
20162,Author_20162,6,173.0,9,10943
23279,Author_23279,6,173.0,9,10944
26060,Author_26060,6,173.0,12,10945
27395,Author_27395,6,173.0,8,10946
28269,Author_28269,6,173.0,10,10947
2045,Author_02045,6,172.0,18,10948
2462,Author_02462,6,172.0,12,10949
3106,Author_03106,6,172.0,10,10950
4200,Author_04200,6,172.0,9,10951
4884,Author_04884,6,172.0,9,10952
8497,Author_08497,6,172.0,11,10953
9525,Author_09525,6,172.0,14,10954
12651,Author_12651,6,172.0,12,10955
13372,Author_13372,6,172.0,14,10956
20194,Author_20194,6,172.0,13,10957
23303,Author_23303,6,172.0,9,10958
29049,Author_29049,6,172.0,8,10959
279,Author_00279,6,171.0,11,10960
323,Author_00323,6,171.0,9,10961
1952,Author_01952,6,171.0,10,10962
3866,Author_03866,6,171.0,12,10963
8704,Author_08704,6,171.0,9,10964
12793,Author_12793,6,171.0,18,10965
13895,Author_13895,6,171.0,9,10966
14360,Author_14360,6,171.0,13,10967
17352,Author_17352,6,171.0,13,10968
21735,Author_21735,6,171.0,8,10969
22706,Author_22706,6,171.0,8,10970
26776,Author_26776,6,171.0,11,10971
26959,Author_26959,6,171.0,11,10972
27593,Author_27593,6,171.0,8,10973
28129,Author_28129,6,171.0,13,10974
866,Author_00866,6,170.0,11,10975
1130,Author_01130,6,170.0,11,10976
3564,Author_03564,6,170.0,12,10977
5873,Author_05873,6,170.0,9,10978
6123,Author_06123,6,170.0,10,10979
8849,Author_08849,6,170.0,7,10980
14131,Author_14131,6,170.0,12,10981
21284,Author_21284,6,170.0,12,10982
24913,Author_24913,6,170.0,7,10983
25436,Author_25436,6,170.0,7,10984
29666,Author_29666,6,170.0,11,10985
1076,Author_01076,6,169.0,12,10986
4585,Author_04585,6,169.0,17,10987
5696,Author_05696,6,169.0,9,10988
9300,Author_09300,6,169.0,8,10989
9774,Author_09774,6,169.0,7,10990
9930,Author_09930,6,169.0,6,10991
14287,Author_14287,6,169.0,10,10992
14782,Author_14782,6,169.0,11,10993
15853,Author_15853,6,169.0,13,10994
16272,Author_16272,6,169.0,13,10995
16812,Author_16812,6,169.0,12,10996
19015,Author_19015,6,169.0,11,10997
22795,Author_22795,6,169.0,15,10998
26313,Author_26313,6,169.0,9,10999
26965,Author_26965,6,169.0,8,11000
28072,Author_28072,6,169.0,13,11001
28390,Author_28390,6,169.0,15,11002
3195,Author_03195,6,168.0,11,11003
3782,Author_03782,6,168.0,12,11004
4346,Author_04346,6,168.0,12,11005
5083,Author_05083,6,168.0,8,11006
17684,Author_17684,6,168.0,18,11007
18308,Author_18308,6,168.0,16,11008
20579,Author_20579,6,168.0,6,11009
22242,Author_22242,6,168.0,11,11010
23583,Author_23583,6,168.0,12,11011
27000,Author_27000,6,168.0,10,11012
27550,Author_27550,6,168.0,9,11013
27584,Author_27584,6,168.0,13,11014
7683,Author_07683,6,167.0,14,11015
10469,Author_10469,6,167.0,10,11016
11390,Author_11390,6,167.0,8,11017
14313,Author_14313,6,167.0,14,11018
15226,Author_15226,6,167.0,11,11019
16355,Author_16355,6,167.0,17,11020
17910,Author_17910,6,167.0,17,11021
19914,Author_19914,6,167.0,11,11022
21589,Author_21589,6,167.0,17,11023
21789,Author_21789,6,167.0,9,11024
22862,Author_22862,6,167.0,14,11025
23948,Author_23948,6,167.0,13,11026
24361,Author_24361,6,167.0,11,11027
25084,Author_25084,6,167.0,11,11028
447,Author_00447,6,166.0,12,11029
5015,Author_05015,6,166.0,15,11030
9315,Author_09315,6,166.0,15,11031
10939,Author_10939,6,166.0,9,11032
11751,Author_11751,6,166.0,8,11033
13737,Author_13737,6,166.0,16,11034
14589,Author_14589,6,166.0,9,11035
15270,Author_15270,6,166.0,12,11036
18255,Author_18255,6,166.0,9,11037
24564,Author_24564,6,166.0,13,11038
28845,Author_28845,6,166.0,10,11039
8666,Author_08666,6,165.0,11,11040
10333,Author_10333,6,165.0,12,11041
11417,Author_11417,6,165.0,17,11042
11741,Author_11741,6,165.0,10,11043
12577,Author_12577,6,165.0,15,11044
13303,Author_13303,6,165.0,13,11045
14322,Author_14322,6,165.0,12,11046
15072,Author_15072,6,165.0,12,11047
15535,Author_15535,6,165.0,16,11048
16373,Author_16373,6,165.0,9,11049
17019,Author_17019,6,165.0,10,11050
17961,Author_17961,6,165.0,8,11051
19363,Author_19363,6,165.0,12,11052
19521,Author_19521,6,165.0,8,11053
23451,Author_23451,6,165.0,17,11054
25582,Author_25582,6,165.0,11,11055
26517,Author_26517,6,165.0,22,11056
27223,Author_27223,6,165.0,11,11057
28720,Author_28720,6,165.0,12,11058
16450,Author_16450,6,164.0,9,11059
18394,Author_18394,6,164.0,19,11060
18651,Author_18651,6,164.0,10,11061
21161,Author_21161,6,164.0,11,11062
21533,Author_21533,6,164.0,17,11063
24932,Author_24932,6,164.0,9,11064
25327,Author_25327,6,164.0,12,11065
1420,Author_01420,6,163.0,13,11066
3418,Author_03418,6,163.0,17,11067
3599,Author_03599,6,163.0,10,11068
6612,Author_06612,6,163.0,13,11069
10192,Author_10192,6,163.0,11,11070
14174,Author_14174,6,163.0,10,11071
14554,Author_14554,6,163.0,11,11072
16536,Author_16536,6,163.0,9,11073
20490,Author_20490,6,163.0,10,11074
21814,Author_21814,6,163.0,13,11075
24027,Author_24027,6,163.0,12,11076
24628,Author_24628,6,163.0,12,11077
25213,Author_25213,6,163.0,9,11078
26850,Author_26850,6,163.0,13,11079
27600,Author_27600,6,163.0,10,11080
28018,Author_28018,6,163.0,9,11081
28502,Author_28502,6,163.0,12,11082
1261,Author_01261,6,162.0,12,11083
1392,Author_01392,6,162.0,12,11084
5302,Author_05302,6,162.0,14,11085
13759,Author_13759,6,162.0,12,11086
13919,Author_13919,6,162.0,11,11087
17824,Author_17824,6,162.0,10,11088
19412,Author_19412,6,162.0,13,11089
20071,Author_20071,6,162.0,16,11090
20413,Author_20413,6,162.0,6,11091
21085,Author_21085,6,162.0,8,11092
21322,Author_21322,6,162.0,12,11093
22493,Author_22493,6,162.0,10,11094
23803,Author_23803,6,162.0,14,11095
26444,Author_26444,6,162.0,9,11096
1439,Author_01439,6,161.0,19,11097
3436,Author_03436,6,161.0,7,11098
3452,Author_03452,6,161.0,19,11099
4020,Author_04020,6,161.0,9,11100
10693,Author_10693,6,161.0,10,11101
11702,Author_11702,6,161.0,14,11102
14120,Author_14120,6,161.0,12,11103
16882,Author_16882,6,161.0,12,11104
18310,Author_18310,6,161.0,15,11105
22405,Author_22405,6,161.0,11,11106
23748,Author_23748,6,161.0,16,11107
24511,Author_24511,6,161.0,18,11108
25033,Author_25033,6,161.0,11,11109
26302,Author_26302,6,161.0,8,11110
27702,Author_27702,6,161.0,10,11111
1672,Author_01672,6,160.0,13,11112
2508,Author_02508,6,160.0,16,11113
3567,Author_03567,6,160.0,8,11114
4897,Author_04897,6,160.0,10,11115
5691,Author_05691,6,160.0,11,11116
8329,Author_08329,6,160.0,12,11117
8832,Author_08832,6,160.0,9,11118
9011,Author_09011,6,160.0,8,11119
10163,Author_10163,6,160.0,7,11120
11257,Author_11257,6,160.0,14,11121
19247,Author_19247,6,160.0,13,11122
22268,Author_22268,6,160.0,11,11123
22420,Author_22420,6,160.0,8,11124
26127,Author_26127,6,160.0,15,11125
28332,Author_28332,6,160.0,14,11126
28349,Author_28349,6,160.0,9,11127
4339,Author_04339,6,159.0,11,11128
8058,Author_08058,6,159.0,9,11129
8281,Author_08281,6,159.0,14,11130
10704,Author_10704,6,159.0,9,11131
11096,Author_11096,6,159.0,9,11132
14687,Author_14687,6,159.0,11,11133
16834,Author_16834,6,159.0,22,11134
18287,Author_18287,6,159.0,12,11135
18345,Author_18345,6,159.0,11,11136
21336,Author_21336,6,159.0,12,11137
27782,Author_27782,6,159.0,12,11138
28857,Author_28857,6,159.0,10,11139
29066,Author_29066,6,159.0,11,11140
5992,Author_05992,6,158.0,9,11141
9499,Author_09499,6,158.0,11,11142
12709,Author_12709,6,158.0,11,11143
13796,Author_13796,6,158.0,10,11144
19824,Author_19824,6,158.0,18,11145
24139,Author_24139,6,158.0,12,11146
26808,Author_26808,6,158.0,14,11147
27312,Author_27312,6,158.0,12,11148
29396,Author_29396,6,158.0,9,11149
730,Author_00730,6,157.0,12,11150
11796,Author_11796,6,157.0,11,11151
12707,Author_12707,6,157.0,10,11152
13760,Author_13760,6,157.0,10,11153
15863,Author_15863,6,157.0,10,11154
16841,Author_16841,6,157.0,20,11155
17268,Author_17268,6,157.0,8,11156
19418,Author_19418,6,157.0,10,11157
24889,Author_24889,6,157.0,9,11158
27141,Author_27141,6,157.0,13,11159
29230,Author_29230,6,157.0,7,11160
29891,Author_29891,6,157.0,10,11161
206,Author_00206,6,156.0,13,11162
6983,Author_06983,6,156.0,9,11163
14423,Author_14423,6,156.0,7,11164
15318,Author_15318,6,156.0,9,11165
16468,Author_16468,6,156.0,8,11166
18581,Author_18581,6,156.0,13,11167
19734,Author_19734,6,156.0,12,11168
21095,Author_21095,6,156.0,13,11169
21994,Author_21994,6,156.0,9,11170
23280,Author_23280,6,156.0,9,11171
24817,Author_24817,6,156.0,11,11172
27617,Author_27617,6,156.0,9,11173
6699,Author_06699,6,155.0,13,11174
7072,Author_07072,6,155.0,7,11175
11930,Author_11930,6,155.0,14,11176
12352,Author_12352,6,155.0,15,11177
12395,Author_12395,6,155.0,9,11178
12444,Author_12444,6,155.0,12,11179
12735,Author_12735,6,155.0,11,11180
13819,Author_13819,6,155.0,19,11181
17003,Author_17003,6,155.0,13,11182
18545,Author_18545,6,155.0,10,11183
20154,Author_20154,6,155.0,12,11184
22465,Author_22465,6,155.0,7,11185
23127,Author_23127,6,155.0,8,11186
25126,Author_25126,6,155.0,13,11187
28202,Author_28202,6,155.0,11,11188
453,Author_00453,6,154.0,11,11189
11922,Author_11922,6,154.0,12,11190
12158,Author_12158,6,154.0,14,11191
12610,Author_12610,6,154.0,9,11192
15398,Author_15398,6,154.0,15,11193
15675,Author_15675,6,154.0,9,11194
22909,Author_22909,6,154.0,10,11195
24810,Author_24810,6,154.0,20,11196
29047,Author_29047,6,154.0,8,11197
357,Author_00357,6,153.0,13,11198
2084,Author_02084,6,153.0,9,11199
11085,Author_11085,6,153.0,13,11200
11891,Author_11891,6,153.0,14,11201
11964,Author_11964,6,153.0,10,11202
13271,Author_13271,6,153.0,7,11203
14624,Author_14624,6,153.0,8,11204
17146,Author_17146,6,153.0,8,11205
26183,Author_26183,6,153.0,13,11206
27684,Author_27684,6,153.0,8,11207
27764,Author_27764,6,153.0,15,11208
28128,Author_28128,6,153.0,18,11209
2820,Author_02820,6,152.0,9,11210
5776,Author_05776,6,152.0,8,11211
5923,Author_05923,6,152.0,14,11212
7267,Author_07267,6,152.0,10,11213
10187,Author_10187,6,152.0,8,11214
15870,Author_15870,6,152.0,12,11215
17165,Author_17165,6,152.0,10,11216
20759,Author_20759,6,152.0,8,11217
21267,Author_21267,6,152.0,20,11218
21546,Author_21546,6,152.0,9,11219
22500,Author_22500,6,152.0,14,11220
22924,Author_22924,6,152.0,14,11221
23119,Author_23119,6,152.0,14,11222
25619,Author_25619,6,152.0,7,11223
2460,Author_02460,6,151.0,12,11224
3424,Author_03424,6,151.0,9,11225
3734,Author_03734,6,151.0,12,11226
5229,Author_05229,6,151.0,15,11227
6059,Author_06059,6,151.0,12,11228
6210,Author_06210,6,151.0,17,11229
7838,Author_07838,6,151.0,10,11230
11120,Author_11120,6,151.0,10,11231
11561,Author_11561,6,151.0,12,11232
12342,Author_12342,6,151.0,12,11233
12790,Author_12790,6,151.0,10,11234
15759,Author_15759,6,151.0,15,11235
17349,Author_17349,6,151.0,7,11236
19430,Author_19430,6,151.0,14,11237
19603,Author_19603,6,151.0,9,11238
19827,Author_19827,6,151.0,15,11239
21025,Author_21025,6,151.0,12,11240
23525,Author_23525,6,151.0,8,11241
25540,Author_25540,6,151.0,14,11242
25645,Author_25645,6,151.0,7,11243
29126,Author_29126,6,151.0,9,11244
29530,Author_29530,6,151.0,11,11245
3596,Author_03596,6,150.0,9,11246
8554,Author_08554,6,150.0,10,11247
10120,Author_10120,6,150.0,11,11248
10748,Author_10748,6,150.0,12,11249
11053,Author_11053,6,150.0,11,11250
13336,Author_13336,6,150.0,12,11251
16783,Author_16783,6,150.0,9,11252
22553,Author_22553,6,150.0,11,11253
22960,Author_22960,6,150.0,11,11254
23299,Author_23299,6,150.0,12,11255
24793,Author_24793,6,150.0,15,11256
26326,Author_26326,6,150.0,11,11257
26579,Author_26579,6,150.0,11,11258
5040,Author_05040,6,149.0,11,11259
5592,Author_05592,6,149.0,12,11260
6035,Author_06035,6,149.0,16,11261
8802,Author_08802,6,149.0,13,11262
12879,Author_12879,6,149.0,10,11263
13194,Author_13194,6,149.0,9,11264
21720,Author_21720,6,149.0,13,11265
22643,Author_22643,6,149.0,11,11266
25943,Author_25943,6,149.0,17,11267
26244,Author_26244,6,149.0,15,11268
28136,Author_28136,6,149.0,13,11269
29988,Author_29988,6,149.0,12,11270
1180,Author_01180,6,148.0,15,11271
3022,Author_03022,6,148.0,14,11272
6637,Author_06637,6,148.0,13,11273
10253,Author_10253,6,148.0,12,11274
10318,Author_10318,6,148.0,9,11275
11165,Author_11165,6,148.0,10,11276
12545,Author_12545,6,148.0,13,11277
12572,Author_12572,6,148.0,10,11278
13710,Author_13710,6,148.0,11,11279
13726,Author_13726,6,148.0,9,11280
14191,Author_14191,6,148.0,10,11281
15320,Author_15320,6,148.0,11,11282
16145,Author_16145,6,148.0,10,11283
17464,Author_17464,6,148.0,11,11284
17609,Author_17609,6,148.0,11,11285
17659,Author_17659,6,148.0,10,11286
20761,Author_20761,6,148.0,13,11287
21827,Author_21827,6,148.0,14,11288
25249,Author_25249,6,148.0,12,11289
26629,Author_26629,6,148.0,6,11290
4506,Author_04506,6,147.0,12,11291
6349,Author_06349,6,147.0,11,11292
7076,Author_07076,6,147.0,7,11293
8768,Author_08768,6,147.0,15,11294
9359,Author_09359,6,147.0,10,11295
12150,Author_12150,6,147.0,10,11296
13491,Author_13491,6,147.0,13,11297
19746,Author_19746,6,147.0,10,11298
20658,Author_20658,6,147.0,10,11299
26432,Author_26432,6,147.0,11,11300
27213,Author_27213,6,147.0,8,11301
29308,Author_29308,6,147.0,9,11302
29383,Author_29383,6,147.0,19,11303
1108,Author_01108,6,146.0,14,11304
2048,Author_02048,6,146.0,11,11305
3960,Author_03960,6,146.0,9,11306
4462,Author_04462,6,146.0,9,11307
8747,Author_08747,6,146.0,9,11308
13506,Author_13506,6,146.0,10,11309
14273,Author_14273,6,146.0,9,11310
17861,Author_17861,6,146.0,14,11311
19570,Author_19570,6,146.0,12,11312
25161,Author_25161,6,146.0,9,11313
5597,Author_05597,6,145.0,12,11314
11785,Author_11785,6,145.0,13,11315
13875,Author_13875,6,145.0,11,11316
14496,Author_14496,6,145.0,10,11317
17583,Author_17583,6,145.0,11,11318
20383,Author_20383,6,145.0,11,11319
29842,Author_29842,6,145.0,8,11320
430,Author_00430,6,144.0,7,11321
7620,Author_07620,6,144.0,13,11322
7999,Author_07999,6,144.0,10,11323
8884,Author_08884,6,144.0,11,11324
12482,Author_12482,6,144.0,14,11325
13455,Author_13455,6,144.0,7,11326
16741,Author_16741,6,144.0,15,11327
16975,Author_16975,6,144.0,11,11328
19730,Author_19730,6,144.0,14,11329
20566,Author_20566,6,144.0,8,11330
21225,Author_21225,6,144.0,10,11331
21698,Author_21698,6,144.0,7,11332
21822,Author_21822,6,144.0,7,11333
25109,Author_25109,6,144.0,7,11334
25438,Author_25438,6,144.0,8,11335
26479,Author_26479,6,144.0,13,11336
28917,Author_28917,6,144.0,11,11337
7517,Author_07517,6,143.0,13,11338
7885,Author_07885,6,143.0,11,11339
9005,Author_09005,6,143.0,7,11340
10226,Author_10226,6,143.0,8,11341
10774,Author_10774,6,143.0,10,11342
10929,Author_10929,6,143.0,14,11343
13707,Author_13707,6,143.0,8,11344
14325,Author_14325,6,143.0,10,11345
15516,Author_15516,6,143.0,9,11346
16627,Author_16627,6,143.0,11,11347
17483,Author_17483,6,143.0,11,11348
19775,Author_19775,6,143.0,7,11349
22177,Author_22177,6,143.0,8,11350
23087,Author_23087,6,143.0,11,11351
24650,Author_24650,6,143.0,13,11352
26261,Author_26261,6,143.0,14,11353
26298,Author_26298,6,143.0,9,11354
28771,Author_28771,6,143.0,13,11355
659,Author_00659,6,142.0,12,11356
4963,Author_04963,6,142.0,11,11357
5150,Author_05150,6,142.0,10,11358
5279,Author_05279,6,142.0,14,11359
10688,Author_10688,6,142.0,13,11360
10998,Author_10998,6,142.0,17,11361
11245,Author_11245,6,142.0,7,11362
12267,Author_12267,6,142.0,13,11363
14354,Author_14354,6,142.0,11,11364
14393,Author_14393,6,142.0,7,11365
14917,Author_14917,6,142.0,15,11366
15082,Author_15082,6,142.0,13,11367
16409,Author_16409,6,142.0,14,11368
18967,Author_18967,6,142.0,12,11369
19060,Author_19060,6,142.0,12,11370
21447,Author_21447,6,142.0,9,11371
24496,Author_24496,6,142.0,10,11372
25475,Author_25475,6,142.0,8,11373
25732,Author_25732,6,142.0,9,11374
26315,Author_26315,6,142.0,10,11375
27220,Author_27220,6,142.0,11,11376
27464,Author_27464,6,142.0,10,11377
27880,Author_27880,6,142.0,13,11378
29948,Author_29948,6,142.0,9,11379
2198,Author_02198,6,141.0,12,11380
2833,Author_02833,6,141.0,12,11381
4313,Author_04313,6,141.0,12,11382
11215,Author_11215,6,141.0,9,11383
11600,Author_11600,6,141.0,8,11384
11661,Author_11661,6,141.0,8,11385
16679,Author_16679,6,141.0,14,11386
18729,Author_18729,6,141.0,8,11387
24660,Author_24660,6,141.0,20,11388
25722,Author_25722,6,141.0,13,11389
1807,Author_01807,6,140.0,11,11390
1924,Author_01924,6,140.0,11,11391
2250,Author_02250,6,140.0,18,11392
2712,Author_02712,6,140.0,11,11393
4571,Author_04571,6,140.0,12,11394
6550,Author_06550,6,140.0,8,11395
8345,Author_08345,6,140.0,9,11396
9532,Author_09532,6,140.0,6,11397
9717,Author_09717,6,140.0,12,11398
11624,Author_11624,6,140.0,9,11399
12981,Author_12981,6,140.0,12,11400
16301,Author_16301,6,140.0,12,11401
16780,Author_16780,6,140.0,8,11402
18334,Author_18334,6,140.0,8,11403
22118,Author_22118,6,140.0,11,11404
23824,Author_23824,6,140.0,12,11405
27590,Author_27590,6,140.0,8,11406
28512,Author_28512,6,140.0,10,11407
157,Author_00157,6,139.0,13,11408
816,Author_00816,6,139.0,14,11409
997,Author_00997,6,139.0,17,11410
4472,Author_04472,6,139.0,8,11411
4823,Author_04823,6,139.0,14,11412
6900,Author_06900,6,139.0,8,11413
8506,Author_08506,6,139.0,10,11414
13932,Author_13932,6,139.0,14,11415
18547,Author_18547,6,139.0,14,11416
19200,Author_19200,6,139.0,7,11417
19500,Author_19500,6,139.0,12,11418
20530,Author_20530,6,139.0,9,11419
20638,Author_20638,6,139.0,6,11420
27225,Author_27225,6,139.0,11,11421
27520,Author_27520,6,139.0,13,11422
27840,Author_27840,6,139.0,16,11423
28825,Author_28825,6,139.0,9,11424
1297,Author_01297,6,138.0,18,11425
1773,Author_01773,6,138.0,8,11426
2758,Author_02758,6,138.0,11,11427
3725,Author_03725,6,138.0,18,11428
4595,Author_04595,6,138.0,13,11429
5237,Author_05237,6,138.0,8,11430
6372,Author_06372,6,138.0,12,11431
6582,Author_06582,6,138.0,9,11432
11575,Author_11575,6,138.0,11,11433
13743,Author_13743,6,138.0,7,11434
18251,Author_18251,6,138.0,13,11435
22730,Author_22730,6,138.0,6,11436
23633,Author_23633,6,138.0,12,11437
23711,Author_23711,6,138.0,7,11438
23744,Author_23744,6,138.0,14,11439
23934,Author_23934,6,138.0,14,11440
24042,Author_24042,6,138.0,12,11441
24553,Author_24553,6,138.0,8,11442
25480,Author_25480,6,138.0,12,11443
26276,Author_26276,6,138.0,8,11444
1785,Author_01785,6,137.0,9,11445
3309,Author_03309,6,137.0,8,11446
5862,Author_05862,6,137.0,16,11447
8511,Author_08511,6,137.0,10,11448
8915,Author_08915,6,137.0,14,11449
13003,Author_13003,6,137.0,12,11450
13488,Author_13488,6,137.0,9,11451
13766,Author_13766,6,137.0,11,11452
19494,Author_19494,6,137.0,11,11453
20341,Author_20341,6,137.0,15,11454
20442,Author_20442,6,137.0,13,11455
20992,Author_20992,6,137.0,13,11456
21376,Author_21376,6,137.0,8,11457
24717,Author_24717,6,137.0,8,11458
25137,Author_25137,6,137.0,9,11459
25366,Author_25366,6,137.0,8,11460
26613,Author_26613,6,137.0,9,11461
1356,Author_01356,6,136.0,14,11462
4066,Author_04066,6,136.0,11,11463
4163,Author_04163,6,136.0,12,11464
5749,Author_05749,6,136.0,11,11465
5907,Author_05907,6,136.0,7,11466
6618,Author_06618,6,136.0,10,11467
7884,Author_07884,6,136.0,11,11468
9467,Author_09467,6,136.0,9,11469
9960,Author_09960,6,136.0,10,11470
11926,Author_11926,6,136.0,9,11471
12541,Author_12541,6,136.0,12,11472
16727,Author_16727,6,136.0,15,11473
21622,Author_21622,6,136.0,13,11474
22838,Author_22838,6,136.0,10,11475
23615,Author_23615,6,136.0,10,11476
23938,Author_23938,6,136.0,7,11477
25299,Author_25299,6,136.0,10,11478
26909,Author_26909,6,136.0,8,11479
27733,Author_27733,6,136.0,9,11480
29440,Author_29440,6,136.0,9,11481
29826,Author_29826,6,136.0,12,11482
1222,Author_01222,6,135.0,8,11483
4450,Author_04450,6,135.0,11,11484
4984,Author_04984,6,135.0,13,11485
5445,Author_05445,6,135.0,8,11486
8509,Author_08509,6,135.0,10,11487
10436,Author_10436,6,135.0,12,11488
13235,Author_13235,6,135.0,11,11489
14449,Author_14449,6,135.0,11,11490
15053,Author_15053,6,135.0,9,11491
17103,Author_17103,6,135.0,14,11492
18249,Author_18249,6,135.0,13,11493
19979,Author_19979,6,135.0,12,11494
21277,Author_21277,6,135.0,12,11495
23025,Author_23025,6,135.0,10,11496
29365,Author_29365,6,135.0,8,11497
3228,Author_03228,6,134.0,7,11498
7194,Author_07194,6,134.0,16,11499
8102,Author_08102,6,134.0,9,11500
9945,Author_09945,6,134.0,13,11501
10798,Author_10798,6,134.0,11,11502
12102,Author_12102,6,134.0,12,11503
12413,Author_12413,6,134.0,14,11504
14285,Author_14285,6,134.0,16,11505
16303,Author_16303,6,134.0,12,11506
16310,Author_16310,6,134.0,10,11507
20438,Author_20438,6,134.0,12,11508
20806,Author_20806,6,134.0,10,11509
21999,Author_21999,6,134.0,9,11510
22944,Author_22944,6,134.0,14,11511
24607,Author_24607,6,134.0,11,11512
15,Author_00015,6,133.0,14,11513
1620,Author_01620,6,133.0,12,11514
2367,Author_02367,6,133.0,10,11515
2846,Author_02846,6,133.0,10,11516
7320,Author_07320,6,133.0,8,11517
7417,Author_07417,6,133.0,17,11518
8501,Author_08501,6,133.0,10,11519
10924,Author_10924,6,133.0,8,11520
14637,Author_14637,6,133.0,14,11521
14983,Author_14983,6,133.0,9,11522
16653,Author_16653,6,133.0,10,11523
18970,Author_18970,6,133.0,15,11524
24482,Author_24482,6,133.0,11,11525
26847,Author_26847,6,133.0,15,11526
28508,Author_28508,6,133.0,8,11527
974,Author_00974,6,132.0,7,11528
2872,Author_02872,6,132.0,8,11529
3120,Author_03120,6,132.0,9,11530
3330,Author_03330,6,132.0,12,11531
4633,Author_04633,6,132.0,17,11532
15766,Author_15766,6,132.0,12,11533
16334,Author_16334,6,132.0,10,11534
16510,Author_16510,6,132.0,14,11535
18085,Author_18085,6,132.0,11,11536
20451,Author_20451,6,132.0,9,11537
22850,Author_22850,6,132.0,8,11538
23206,Author_23206,6,132.0,11,11539
23709,Author_23709,6,132.0,15,11540
28042,Author_28042,6,132.0,11,11541
28698,Author_28698,6,132.0,12,11542
1094,Author_01094,6,131.0,7,11543
1900,Author_01900,6,131.0,9,11544
2717,Author_02717,6,131.0,13,11545
2993,Author_02993,6,131.0,12,11546
4627,Author_04627,6,131.0,16,11547
7323,Author_07323,6,131.0,9,11548
10483,Author_10483,6,131.0,10,11549
10671,Author_10671,6,131.0,7,11550
11117,Author_11117,6,131.0,14,11551
11423,Author_11423,6,131.0,18,11552
11765,Author_11765,6,131.0,9,11553
13077,Author_13077,6,131.0,11,11554
15218,Author_15218,6,131.0,12,11555
15736,Author_15736,6,131.0,6,11556
15903,Author_15903,6,131.0,9,11557
16847,Author_16847,6,131.0,12,11558
17262,Author_17262,6,131.0,9,11559
19132,Author_19132,6,131.0,10,11560
19654,Author_19654,6,131.0,14,11561
21958,Author_21958,6,131.0,15,11562
107,Author_00107,6,130.0,10,11563
682,Author_00682,6,130.0,10,11564
1276,Author_01276,6,130.0,18,11565
2613,Author_02613,6,130.0,14,11566
2645,Author_02645,6,130.0,16,11567
2973,Author_02973,6,130.0,15,11568
4208,Author_04208,6,130.0,18,11569
4349,Author_04349,6,130.0,12,11570
6467,Author_06467,6,130.0,14,11571
6793,Author_06793,6,130.0,12,11572
7822,Author_07822,6,130.0,12,11573
8124,Author_08124,6,130.0,13,11574
11973,Author_11973,6,130.0,10,11575
12484,Author_12484,6,130.0,15,11576
14321,Author_14321,6,130.0,17,11577
16997,Author_16997,6,130.0,8,11578
17225,Author_17225,6,130.0,8,11579
17370,Author_17370,6,130.0,14,11580
19535,Author_19535,6,130.0,8,11581
22043,Author_22043,6,130.0,10,11582
25312,Author_25312,6,130.0,9,11583
26413,Author_26413,6,130.0,10,11584
26778,Author_26778,6,130.0,6,11585
27981,Author_27981,6,130.0,12,11586
28372,Author_28372,6,130.0,9,11587
29919,Author_29919,6,130.0,12,11588
4857,Author_04857,6,129.0,10,11589
4950,Author_04950,6,129.0,6,11590
6787,Author_06787,6,129.0,12,11591
8287,Author_08287,6,129.0,13,11592
9001,Author_09001,6,129.0,15,11593
11131,Author_11131,6,129.0,17,11594
18985,Author_18985,6,129.0,9,11595
21845,Author_21845,6,129.0,11,11596
22424,Author_22424,6,129.0,16,11597
23490,Author_23490,6,129.0,14,11598
25008,Author_25008,6,129.0,7,11599
26855,Author_26855,6,129.0,10,11600
27418,Author_27418,6,129.0,11,11601
27828,Author_27828,6,129.0,18,11602
28354,Author_28354,6,129.0,8,11603
897,Author_00897,6,128.0,15,11604
4167,Author_04167,6,128.0,12,11605
5900,Author_05900,6,128.0,11,11606
6112,Author_06112,6,128.0,17,11607
7765,Author_07765,6,128.0,10,11608
8297,Author_08297,6,128.0,14,11609
8725,Author_08725,6,128.0,15,11610
9603,Author_09603,6,128.0,10,11611
13307,Author_13307,6,128.0,16,11612
13880,Author_13880,6,128.0,13,11613
17590,Author_17590,6,128.0,16,11614
21312,Author_21312,6,128.0,12,11615
24208,Author_24208,6,128.0,13,11616
25064,Author_25064,6,128.0,15,11617
26007,Author_26007,6,128.0,12,11618
26151,Author_26151,6,128.0,14,11619
28236,Author_28236,6,128.0,12,11620
29674,Author_29674,6,128.0,7,11621
344,Author_00344,6,127.0,14,11622
1266,Author_01266,6,127.0,16,11623
2296,Author_02296,6,127.0,11,11624
7004,Author_07004,6,127.0,16,11625
8869,Author_08869,6,127.0,9,11626
13149,Author_13149,6,127.0,18,11627
13322,Author_13322,6,127.0,11,11628
14024,Author_14024,6,127.0,11,11629
17175,Author_17175,6,127.0,17,11630
20755,Author_20755,6,127.0,13,11631
22279,Author_22279,6,127.0,9,11632
23953,Author_23953,6,127.0,14,11633
24237,Author_24237,6,127.0,11,11634
24861,Author_24861,6,127.0,8,11635
25858,Author_25858,6,127.0,9,11636
29159,Author_29159,6,127.0,12,11637
4337,Author_04337,6,126.0,10,11638
4573,Author_04573,6,126.0,13,11639
6468,Author_06468,6,126.0,9,11640
11592,Author_11592,6,126.0,7,11641
13560,Author_13560,6,126.0,7,11642
14159,Author_14159,6,126.0,8,11643
19379,Author_19379,6,126.0,11,11644
20985,Author_20985,6,126.0,8,11645
21516,Author_21516,6,126.0,11,11646
21712,Author_21712,6,126.0,13,11647
22469,Author_22469,6,126.0,10,11648
25859,Author_25859,6,126.0,14,11649
27387,Author_27387,6,126.0,15,11650
2490,Author_02490,6,125.0,17,11651
2795,Author_02795,6,125.0,8,11652
3895,Author_03895,6,125.0,15,11653
5038,Author_05038,6,125.0,11,11654
6418,Author_06418,6,125.0,13,11655
9106,Author_09106,6,125.0,8,11656
10142,Author_10142,6,125.0,12,11657
10612,Author_10612,6,125.0,9,11658
12156,Author_12156,6,125.0,13,11659
13300,Author_13300,6,125.0,10,11660
13561,Author_13561,6,125.0,10,11661
15275,Author_15275,6,125.0,12,11662
16699,Author_16699,6,125.0,17,11663
22045,Author_22045,6,125.0,16,11664
22543,Author_22543,6,125.0,9,11665
22791,Author_22791,6,125.0,9,11666
22840,Author_22840,6,125.0,10,11667
25969,Author_25969,6,125.0,14,11668
27039,Author_27039,6,125.0,17,11669
28248,Author_28248,6,125.0,10,11670
111,Author_00111,6,124.0,13,11671
2172,Author_02172,6,124.0,7,11672
5003,Author_05003,6,124.0,9,11673
6673,Author_06673,6,124.0,11,11674
6771,Author_06771,6,124.0,10,11675
7255,Author_07255,6,124.0,11,11676
7433,Author_07433,6,124.0,10,11677
8921,Author_08921,6,124.0,17,11678
9129,Author_09129,6,124.0,9,11679
10009,Author_10009,6,124.0,14,11680
11547,Author_11547,6,124.0,9,11681
11576,Author_11576,6,124.0,12,11682
14656,Author_14656,6,124.0,15,11683
14705,Author_14705,6,124.0,10,11684
16185,Author_16185,6,124.0,9,11685
19793,Author_19793,6,124.0,8,11686
24593,Author_24593,6,124.0,8,11687
27293,Author_27293,6,124.0,10,11688
27857,Author_27857,6,124.0,11,11689
1539,Author_01539,6,123.0,16,11690
2013,Author_02013,6,123.0,18,11691
4503,Author_04503,6,123.0,16,11692
8339,Author_08339,6,123.0,10,11693
9565,Author_09565,6,123.0,13,11694
9638,Author_09638,6,123.0,7,11695
10569,Author_10569,6,123.0,13,11696
12306,Author_12306,6,123.0,7,11697
15878,Author_15878,6,123.0,10,11698
18871,Author_18871,6,123.0,10,11699
20432,Author_20432,6,123.0,12,11700
23755,Author_23755,6,123.0,9,11701
24783,Author_24783,6,123.0,11,11702
25501,Author_25501,6,123.0,11,11703
25741,Author_25741,6,123.0,11,11704
26910,Author_26910,6,123.0,13,11705
27211,Author_27211,6,123.0,9,11706
28013,Author_28013,6,123.0,10,11707
3173,Author_03173,6,122.0,11,11708
3630,Author_03630,6,122.0,10,11709
6287,Author_06287,6,122.0,12,11710
8285,Author_08285,6,122.0,14,11711
10172,Author_10172,6,122.0,9,11712
10658,Author_10658,6,122.0,10,11713
15538,Author_15538,6,122.0,11,11714
19232,Author_19232,6,122.0,11,11715
20635,Author_20635,6,122.0,8,11716
23214,Author_23214,6,122.0,11,11717
26283,Author_26283,6,122.0,10,11718
26365,Author_26365,6,122.0,11,11719
2838,Author_02838,6,121.0,6,11720
2987,Author_02987,6,121.0,11,11721
3375,Author_03375,6,121.0,15,11722
8044,Author_08044,6,121.0,12,11723
11371,Author_11371,6,121.0,9,11724
11519,Author_11519,6,121.0,11,11725
14215,Author_14215,6,121.0,9,11726
14956,Author_14956,6,121.0,8,11727
17664,Author_17664,6,121.0,13,11728
18690,Author_18690,6,121.0,8,11729
20276,Author_20276,6,121.0,11,11730
21440,Author_21440,6,121.0,13,11731
23052,Author_23052,6,121.0,12,11732
23401,Author_23401,6,121.0,15,11733
23547,Author_23547,6,121.0,9,11734
28962,Author_28962,6,121.0,12,11735
2322,Author_02322,6,120.0,11,11736
2620,Author_02620,6,120.0,14,11737
6095,Author_06095,6,120.0,8,11738
6833,Author_06833,6,120.0,8,11739
7176,Author_07176,6,120.0,11,11740
7828,Author_07828,6,120.0,11,11741
8043,Author_08043,6,120.0,12,11742
9196,Author_09196,6,120.0,14,11743
10729,Author_10729,6,120.0,10,11744
12957,Author_12957,6,120.0,10,11745
14756,Author_14756,6,120.0,13,11746
19402,Author_19402,6,120.0,9,11747
19581,Author_19581,6,120.0,11,11748
20073,Author_20073,6,120.0,10,11749
21200,Author_21200,6,120.0,11,11750
21644,Author_21644,6,120.0,9,11751
22323,Author_22323,6,120.0,14,11752
22394,Author_22394,6,120.0,13,11753
23506,Author_23506,6,120.0,7,11754
28531,Author_28531,6,120.0,9,11755
29922,Author_29922,6,120.0,9,11756
4147,Author_04147,6,119.0,10,11757
4220,Author_04220,6,119.0,9,11758
7238,Author_07238,6,119.0,8,11759
9873,Author_09873,6,119.0,14,11760
14967,Author_14967,6,119.0,10,11761
19466,Author_19466,6,119.0,9,11762
21047,Author_21047,6,119.0,9,11763
21975,Author_21975,6,119.0,7,11764
21991,Author_21991,6,119.0,8,11765
23203,Author_23203,6,119.0,11,11766
24963,Author_24963,6,119.0,7,11767
26018,Author_26018,6,119.0,6,11768
27145,Author_27145,6,119.0,13,11769
27543,Author_27543,6,119.0,11,11770
28991,Author_28991,6,119.0,14,11771
1640,Author_01640,6,118.0,10,11772
2155,Author_02155,6,118.0,12,11773
2419,Author_02419,6,118.0,13,11774
3043,Author_03043,6,118.0,12,11775
4085,Author_04085,6,118.0,12,11776
10338,Author_10338,6,118.0,12,11777
12187,Author_12187,6,118.0,7,11778
13308,Author_13308,6,118.0,11,11779
15880,Author_15880,6,118.0,12,11780
17592,Author_17592,6,118.0,11,11781
17857,Author_17857,6,118.0,8,11782
19566,Author_19566,6,118.0,10,11783
20720,Author_20720,6,118.0,12,11784
21639,Author_21639,6,118.0,13,11785
23005,Author_23005,6,118.0,14,11786
23397,Author_23397,6,118.0,10,11787
25121,Author_25121,6,118.0,11,11788
25797,Author_25797,6,118.0,8,11789
26013,Author_26013,6,118.0,11,11790
29615,Author_29615,6,118.0,9,11791
2384,Author_02384,6,117.0,12,11792
4351,Author_04351,6,117.0,13,11793
5916,Author_05916,6,117.0,9,11794
7079,Author_07079,6,117.0,11,11795
7230,Author_07230,6,117.0,11,11796
12307,Author_12307,6,117.0,9,11797
13601,Author_13601,6,117.0,18,11798
14735,Author_14735,6,117.0,14,11799
17151,Author_17151,6,117.0,13,11800
17311,Author_17311,6,117.0,6,11801
19994,Author_19994,6,117.0,11,11802
21588,Author_21588,6,117.0,8,11803
23352,Author_23352,6,117.0,14,11804
23809,Author_23809,6,117.0,11,11805
26392,Author_26392,6,117.0,8,11806
28655,Author_28655,6,117.0,7,11807
29025,Author_29025,6,117.0,9,11808
873,Author_00873,6,116.0,7,11809
1440,Author_01440,6,116.0,10,11810
3099,Author_03099,6,116.0,17,11811
3813,Author_03813,6,116.0,11,11812
9088,Author_09088,6,116.0,7,11813
10464,Author_10464,6,116.0,11,11814
12632,Author_12632,6,116.0,11,11815
12733,Author_12733,6,116.0,15,11816
14962,Author_14962,6,116.0,8,11817
16849,Author_16849,6,116.0,8,11818
20180,Author_20180,6,116.0,8,11819
22292,Author_22292,6,116.0,10,11820
22296,Author_22296,6,116.0,9,11821
25624,Author_25624,6,116.0,12,11822
27394,Author_27394,6,116.0,14,11823
27982,Author_27982,6,116.0,7,11824
29667,Author_29667,6,116.0,12,11825
879,Author_00879,6,115.0,9,11826
3374,Author_03374,6,115.0,11,11827
5703,Author_05703,6,115.0,13,11828
7727,Author_07727,6,115.0,10,11829
8754,Author_08754,6,115.0,19,11830
12077,Author_12077,6,115.0,10,11831
12233,Author_12233,6,115.0,17,11832
13893,Author_13893,6,115.0,8,11833
17312,Author_17312,6,115.0,11,11834
21825,Author_21825,6,115.0,12,11835
22263,Author_22263,6,115.0,11,11836
26474,Author_26474,6,115.0,12,11837
28861,Author_28861,6,115.0,12,11838
617,Author_00617,6,114.0,10,11839
2674,Author_02674,6,114.0,9,11840
3247,Author_03247,6,114.0,9,11841
4224,Author_04224,6,114.0,13,11842
11848,Author_11848,6,114.0,10,11843
14761,Author_14761,6,114.0,13,11844
15741,Author_15741,6,114.0,11,11845
22807,Author_22807,6,114.0,13,11846
24633,Author_24633,6,114.0,8,11847
25790,Author_25790,6,114.0,15,11848
25903,Author_25903,6,114.0,12,11849
26109,Author_26109,6,114.0,9,11850
29042,Author_29042,6,114.0,14,11851
707,Author_00707,6,113.0,10,11852
1436,Author_01436,6,113.0,10,11853
1536,Author_01536,6,113.0,9,11854
1898,Author_01898,6,113.0,13,11855
3349,Author_03349,6,113.0,9,11856
3588,Author_03588,6,113.0,12,11857
4283,Author_04283,6,113.0,10,11858
8237,Author_08237,6,113.0,9,11859
9510,Author_09510,6,113.0,9,11860
12469,Author_12469,6,113.0,14,11861
15358,Author_15358,6,113.0,8,11862
15568,Author_15568,6,113.0,11,11863
16498,Author_16498,6,113.0,10,11864
17478,Author_17478,6,113.0,10,11865
18293,Author_18293,6,113.0,6,11866
25646,Author_25646,6,113.0,9,11867
29863,Author_29863,6,113.0,12,11868
29969,Author_29969,6,113.0,11,11869
294,Author_00294,6,112.0,7,11870
1537,Author_01537,6,112.0,12,11871
2162,Author_02162,6,112.0,10,11872
4947,Author_04947,6,112.0,14,11873
6365,Author_06365,6,112.0,13,11874
6540,Author_06540,6,112.0,18,11875
8765,Author_08765,6,112.0,7,11876
10651,Author_10651,6,112.0,14,11877
10799,Author_10799,6,112.0,16,11878
12254,Author_12254,6,112.0,14,11879
12635,Author_12635,6,112.0,15,11880
13583,Author_13583,6,112.0,8,11881
20156,Author_20156,6,112.0,9,11882
22731,Author_22731,6,112.0,11,11883
25867,Author_25867,6,112.0,12,11884
27005,Author_27005,6,112.0,10,11885
27357,Author_27357,6,112.0,7,11886
29196,Author_29196,6,112.0,8,11887
1739,Author_01739,6,111.0,8,11888
5522,Author_05522,6,111.0,11,11889
6212,Author_06212,6,111.0,13,11890
7322,Author_07322,6,111.0,8,11891
8355,Author_08355,6,111.0,8,11892
11145,Author_11145,6,111.0,8,11893
11441,Author_11441,6,111.0,10,11894
12011,Author_12011,6,111.0,12,11895
13331,Author_13331,6,111.0,11,11896
14061,Author_14061,6,111.0,14,11897
15753,Author_15753,6,111.0,9,11898
15931,Author_15931,6,111.0,9,11899
15945,Author_15945,6,111.0,6,11900
16132,Author_16132,6,111.0,12,11901
18876,Author_18876,6,111.0,12,11902
19674,Author_19674,6,111.0,7,11903
19788,Author_19788,6,111.0,11,11904
20214,Author_20214,6,111.0,11,11905
22089,Author_22089,6,111.0,9,11906
22843,Author_22843,6,111.0,11,11907
24730,Author_24730,6,111.0,27,11908
26574,Author_26574,6,111.0,9,11909
29006,Author_29006,6,111.0,9,11910
299,Author_00299,6,110.0,12,11911
492,Author_00492,6,110.0,11,11912
2578,Author_02578,6,110.0,11,11913
4050,Author_04050,6,110.0,13,11914
6362,Author_06362,6,110.0,12,11915
8068,Author_08068,6,110.0,10,11916
10582,Author_10582,6,110.0,9,11917
12202,Author_12202,6,110.0,11,11918
13363,Author_13363,6,110.0,11,11919
14082,Author_14082,6,110.0,10,11920
15909,Author_15909,6,110.0,7,11921
18835,Author_18835,6,110.0,10,11922
20626,Author_20626,6,110.0,12,11923
21287,Author_21287,6,110.0,9,11924
21419,Author_21419,6,110.0,10,11925
22526,Author_22526,6,110.0,9,11926
25328,Author_25328,6,110.0,9,11927
25839,Author_25839,6,110.0,13,11928
853,Author_00853,6,109.0,10,11929
4484,Author_04484,6,109.0,11,11930
5941,Author_05941,6,109.0,11,11931
11742,Author_11742,6,109.0,11,11932
12995,Author_12995,6,109.0,10,11933
14014,Author_14014,6,109.0,9,11934
17091,Author_17091,6,109.0,12,11935
17930,Author_17930,6,109.0,7,11936
18497,Author_18497,6,109.0,10,11937
18644,Author_18644,6,109.0,9,11938
20292,Author_20292,6,109.0,9,11939
21771,Author_21771,6,109.0,6,11940
27003,Author_27003,6,109.0,8,11941
27123,Author_27123,6,109.0,10,11942
250,Author_00250,6,108.0,13,11943
420,Author_00420,6,108.0,13,11944
443,Author_00443,6,108.0,12,11945
697,Author_00697,6,108.0,16,11946
2550,Author_02550,6,108.0,14,11947
4914,Author_04914,6,108.0,14,11948
5598,Author_05598,6,108.0,12,11949
5682,Author_05682,6,108.0,13,11950
6195,Author_06195,6,108.0,10,11951
7839,Author_07839,6,108.0,12,11952
8535,Author_08535,6,108.0,9,11953
9128,Author_09128,6,108.0,10,11954
10232,Author_10232,6,108.0,9,11955
13478,Author_13478,6,108.0,8,11956
14904,Author_14904,6,108.0,12,11957
16858,Author_16858,6,108.0,11,11958
16967,Author_16967,6,108.0,7,11959
18717,Author_18717,6,108.0,10,11960
19808,Author_19808,6,108.0,14,11961
21471,Author_21471,6,108.0,10,11962
22848,Author_22848,6,108.0,10,11963
23720,Author_23720,6,108.0,10,11964
25054,Author_25054,6,108.0,8,11965
28826,Author_28826,6,108.0,10,11966
29337,Author_29337,6,108.0,12,11967
29677,Author_29677,6,108.0,17,11968
29719,Author_29719,6,108.0,19,11969
1579,Author_01579,6,107.0,11,11970
4271,Author_04271,6,107.0,10,11971
4867,Author_04867,6,107.0,13,11972
5110,Author_05110,6,107.0,7,11973
6248,Author_06248,6,107.0,12,11974
7889,Author_07889,6,107.0,14,11975
9186,Author_09186,6,107.0,7,11976
9690,Author_09690,6,107.0,8,11977
10481,Author_10481,6,107.0,8,11978
15299,Author_15299,6,107.0,11,11979
15480,Author_15480,6,107.0,8,11980
17110,Author_17110,6,107.0,13,11981
18488,Author_18488,6,107.0,7,11982
18940,Author_18940,6,107.0,8,11983
21160,Author_21160,6,107.0,6,11984
21905,Author_21905,6,107.0,8,11985
23082,Author_23082,6,107.0,9,11986
23387,Author_23387,6,107.0,10,11987
25024,Author_25024,6,107.0,13,11988
28813,Author_28813,6,107.0,11,11989
575,Author_00575,6,106.0,9,11990
900,Author_00900,6,106.0,10,11991
2027,Author_02027,6,106.0,11,11992
6572,Author_06572,6,106.0,7,11993
8196,Author_08196,6,106.0,9,11994
9451,Author_09451,6,106.0,8,11995
11639,Author_11639,6,106.0,11,11996
12432,Author_12432,6,106.0,10,11997
14936,Author_14936,6,106.0,10,11998
15071,Author_15071,6,106.0,13,11999
17375,Author_17375,6,106.0,7,12000
18174,Author_18174,6,106.0,11,12001
18297,Author_18297,6,106.0,14,12002
20683,Author_20683,6,106.0,9,12003
22206,Author_22206,6,106.0,10,12004
23073,Author_23073,6,106.0,10,12005
23244,Author_23244,6,106.0,9,12006
23575,Author_23575,6,106.0,10,12007
24586,Author_24586,6,106.0,12,12008
25879,Author_25879,6,106.0,20,12009
2897,Author_02897,6,105.0,15,12010
10331,Author_10331,6,105.0,10,12011
10825,Author_10825,6,105.0,12,12012
13091,Author_13091,6,105.0,13,12013
19652,Author_19652,6,105.0,11,12014
22462,Author_22462,6,105.0,15,12015
24939,Author_24939,6,105.0,8,12016
26794,Author_26794,6,105.0,10,12017
28641,Author_28641,6,105.0,9,12018
2284,Author_02284,6,104.0,11,12019
7961,Author_07961,6,104.0,17,12020
10127,Author_10127,6,104.0,8,12021
14618,Author_14618,6,104.0,8,12022
16835,Author_16835,6,104.0,10,12023
18737,Author_18737,6,104.0,11,12024
21876,Author_21876,6,104.0,8,12025
25339,Author_25339,6,104.0,9,12026
29992,Author_29992,6,104.0,7,12027
1521,Author_01521,6,103.0,8,12028
1541,Author_01541,6,103.0,11,12029
1936,Author_01936,6,103.0,12,12030
2813,Author_02813,6,103.0,9,12031
3312,Author_03312,6,103.0,10,12032
3635,Author_03635,6,103.0,10,12033
5605,Author_05605,6,103.0,7,12034
7222,Author_07222,6,103.0,10,12035
8203,Author_08203,6,103.0,7,12036
8289,Author_08289,6,103.0,10,12037
10035,Author_10035,6,103.0,9,12038
11200,Author_11200,6,103.0,7,12039
11846,Author_11846,6,103.0,9,12040
12746,Author_12746,6,103.0,11,12041
19110,Author_19110,6,103.0,12,12042
25621,Author_25621,6,103.0,16,12043
26814,Author_26814,6,103.0,13,12044
487,Author_00487,6,102.0,10,12045
3451,Author_03451,6,102.0,14,12046
6510,Author_06510,6,102.0,8,12047
6541,Author_06541,6,102.0,11,12048
6601,Author_06601,6,102.0,11,12049
13468,Author_13468,6,102.0,14,12050
14224,Author_14224,6,102.0,9,12051
15877,Author_15877,6,102.0,8,12052
16897,Author_16897,6,102.0,12,12053
18194,Author_18194,6,102.0,12,12054
18974,Author_18974,6,102.0,10,12055
20278,Author_20278,6,102.0,9,12056
26571,Author_26571,6,102.0,13,12057
1612,Author_01612,6,101.0,12,12058
5416,Author_05416,6,101.0,15,12059
5831,Author_05831,6,101.0,15,12060
7572,Author_07572,6,101.0,10,12061
8597,Author_08597,6,101.0,11,12062
9555,Author_09555,6,101.0,11,12063
10956,Author_10956,6,101.0,17,12064
11089,Author_11089,6,101.0,7,12065
15206,Author_15206,6,101.0,9,12066
19632,Author_19632,6,101.0,13,12067
20664,Author_20664,6,101.0,11,12068
24285,Author_24285,6,101.0,12,12069
25195,Author_25195,6,101.0,11,12070
26565,Author_26565,6,101.0,16,12071
27050,Author_27050,6,101.0,8,12072
29762,Author_29762,6,101.0,8,12073
1454,Author_01454,6,100.0,10,12074
3016,Author_03016,6,100.0,10,12075
5872,Author_05872,6,100.0,11,12076
7808,Author_07808,6,100.0,12,12077
12215,Author_12215,6,100.0,7,12078
15246,Author_15246,6,100.0,16,12079
16703,Author_16703,6,100.0,12,12080
18493,Author_18493,6,100.0,17,12081
23381,Author_23381,6,100.0,8,12082
28521,Author_28521,6,100.0,14,12083
12160,Author_12160,6,99.0,15,12084
12891,Author_12891,6,99.0,8,12085
13137,Author_13137,6,99.0,11,12086
15309,Author_15309,6,99.0,12,12087
17289,Author_17289,6,99.0,12,12088
18267,Author_18267,6,99.0,8,12089
22576,Author_22576,6,99.0,13,12090
25415,Author_25415,6,99.0,12,12091
27599,Author_27599,6,99.0,10,12092
1146,Author_01146,6,98.0,14,12093
4128,Author_04128,6,98.0,7,12094
10323,Author_10323,6,98.0,10,12095
10780,Author_10780,6,98.0,13,12096
14198,Author_14198,6,98.0,9,12097
19397,Author_19397,6,98.0,7,12098
22976,Author_22976,6,98.0,7,12099
24988,Author_24988,6,98.0,12,12100
29742,Author_29742,6,98.0,7,12101
605,Author_00605,6,97.0,11,12102
6566,Author_06566,6,97.0,9,12103
9280,Author_09280,6,97.0,8,12104
14881,Author_14881,6,97.0,18,12105
21786,Author_21786,6,97.0,12,12106
22591,Author_22591,6,97.0,15,12107
26068,Author_26068,6,97.0,8,12108
27401,Author_27401,6,97.0,9,12109
28918,Author_28918,6,97.0,9,12110
29315,Author_29315,6,97.0,9,12111
956,Author_00956,6,96.0,8,12112
11571,Author_11571,6,96.0,7,12113
13398,Author_13398,6,96.0,9,12114
14821,Author_14821,6,96.0,7,12115
16493,Author_16493,6,96.0,13,12116
19842,Author_19842,6,96.0,13,12117
20739,Author_20739,6,96.0,9,12118
23941,Author_23941,6,96.0,10,12119
26388,Author_26388,6,96.0,7,12120
26865,Author_26865,6,96.0,7,12121
28079,Author_28079,6,96.0,12,12122
1413,Author_01413,6,95.0,9,12123
2091,Author_02091,6,95.0,8,12124
2203,Author_02203,6,95.0,9,12125
2373,Author_02373,6,95.0,9,12126
2390,Author_02390,6,95.0,18,12127
11496,Author_11496,6,95.0,9,12128
11643,Author_11643,6,95.0,13,12129
14126,Author_14126,6,95.0,17,12130
14745,Author_14745,6,95.0,8,12131
21295,Author_21295,6,95.0,8,12132
23310,Author_23310,6,95.0,8,12133
1259,Author_01259,6,94.0,13,12134
4432,Author_04432,6,94.0,6,12135
6072,Author_06072,6,94.0,16,12136
6646,Author_06646,6,94.0,12,12137
7424,Author_07424,6,94.0,13,12138
11125,Author_11125,6,94.0,10,12139
16717,Author_16717,6,94.0,8,12140
17216,Author_17216,6,94.0,10,12141
19565,Author_19565,6,94.0,7,12142
19685,Author_19685,6,94.0,14,12143
19900,Author_19900,6,94.0,9,12144
20220,Author_20220,6,94.0,9,12145
20950,Author_20950,6,94.0,16,12146
21248,Author_21248,6,94.0,7,12147
27218,Author_27218,6,94.0,9,12148
29093,Author_29093,6,94.0,7,12149
29128,Author_29128,6,94.0,8,12150
29240,Author_29240,6,94.0,7,12151
29459,Author_29459,6,94.0,7,12152
468,Author_00468,6,93.0,15,12153
1168,Author_01168,6,93.0,14,12154
1481,Author_01481,6,93.0,10,12155
7564,Author_07564,6,93.0,7,12156
7844,Author_07844,6,93.0,8,12157
11361,Author_11361,6,93.0,15,12158
13374,Author_13374,6,93.0,8,12159
17055,Author_17055,6,93.0,11,12160
24144,Author_24144,6,93.0,9,12161
1491,Author_01491,6,92.0,10,12162
1896,Author_01896,6,92.0,12,12163
2171,Author_02171,6,92.0,9,12164
8100,Author_08100,6,92.0,15,12165
9999,Author_09999,6,92.0,9,12166
13834,Author_13834,6,92.0,9,12167
13876,Author_13876,6,92.0,12,12168
14300,Author_14300,6,92.0,6,12169
16398,Author_16398,6,92.0,9,12170
17903,Author_17903,6,92.0,8,12171
22189,Author_22189,6,92.0,9,12172
22937,Author_22937,6,92.0,14,12173
23225,Author_23225,6,92.0,11,12174
25360,Author_25360,6,92.0,10,12175
26857,Author_26857,6,92.0,9,12176
137,Author_00137,6,91.0,10,12177
3583,Author_03583,6,91.0,12,12178
3999,Author_03999,6,91.0,11,12179
4160,Author_04160,6,91.0,13,12180
5334,Author_05334,6,91.0,12,12181
10894,Author_10894,6,91.0,7,12182
11728,Author_11728,6,91.0,10,12183
12629,Author_12629,6,91.0,9,12184
13258,Author_13258,6,91.0,12,12185
21116,Author_21116,6,91.0,9,12186
21710,Author_21710,6,91.0,12,12187
22443,Author_22443,6,91.0,9,12188
23300,Author_23300,6,91.0,16,12189
23918,Author_23918,6,91.0,7,12190
25651,Author_25651,6,91.0,9,12191
26805,Author_26805,6,91.0,11,12192
27555,Author_27555,6,91.0,11,12193
27839,Author_27839,6,91.0,11,12194
41,Author_00041,6,90.0,13,12195
2012,Author_02012,6,90.0,13,12196
3730,Author_03730,6,90.0,10,12197
6021,Author_06021,6,90.0,8,12198
7640,Author_07640,6,90.0,12,12199
8932,Author_08932,6,90.0,13,12200
10684,Author_10684,6,90.0,12,12201
11354,Author_11354,6,90.0,18,12202
12088,Author_12088,6,90.0,10,12203
12574,Author_12574,6,90.0,9,12204
13328,Author_13328,6,90.0,17,12205
14352,Author_14352,6,90.0,17,12206
22371,Author_22371,6,90.0,16,12207
22596,Author_22596,6,90.0,11,12208
23109,Author_23109,6,90.0,14,12209
24336,Author_24336,6,90.0,18,12210
5366,Author_05366,6,89.0,12,12211
7505,Author_07505,6,89.0,9,12212
7703,Author_07703,6,89.0,13,12213
9779,Author_09779,6,89.0,9,12214
9842,Author_09842,6,89.0,10,12215
16432,Author_16432,6,89.0,8,12216
20712,Author_20712,6,89.0,8,12217
20798,Author_20798,6,89.0,9,12218
23694,Author_23694,6,89.0,12,12219
29612,Author_29612,6,89.0,10,12220
4119,Author_04119,6,88.0,10,12221
5962,Author_05962,6,88.0,10,12222
9354,Author_09354,6,88.0,9,12223
12137,Author_12137,6,88.0,12,12224
12738,Author_12738,6,88.0,11,12225
13196,Author_13196,6,88.0,12,12226
14244,Author_14244,6,88.0,6,12227
17878,Author_17878,6,88.0,9,12228
24713,Author_24713,6,88.0,9,12229
24838,Author_24838,6,88.0,9,12230
24923,Author_24923,6,88.0,8,12231
27914,Author_27914,6,88.0,9,12232
27966,Author_27966,6,88.0,8,12233
29065,Author_29065,6,88.0,9,12234
1364,Author_01364,6,87.0,12,12235
1707,Author_01707,6,87.0,7,12236
9333,Author_09333,6,87.0,14,12237
15615,Author_15615,6,87.0,9,12238
16913,Author_16913,6,87.0,12,12239
17773,Author_17773,6,87.0,6,12240
18407,Author_18407,6,87.0,7,12241
19226,Author_19226,6,87.0,12,12242
19567,Author_19567,6,87.0,14,12243
22166,Author_22166,6,87.0,12,12244
27940,Author_27940,6,87.0,9,12245
28466,Author_28466,6,87.0,9,12246
2139,Author_02139,6,86.0,7,12247
3764,Author_03764,6,86.0,10,12248
4062,Author_04062,6,86.0,7,12249
6909,Author_06909,6,86.0,8,12250
6950,Author_06950,6,86.0,17,12251
9818,Author_09818,6,86.0,12,12252
12274,Author_12274,6,86.0,11,12253
14019,Author_14019,6,86.0,11,12254
16794,Author_16794,6,86.0,10,12255
21541,Author_21541,6,86.0,7,12256
25474,Author_25474,6,86.0,12,12257
29354,Author_29354,6,86.0,13,12258
29433,Author_29433,6,86.0,12,12259
2214,Author_02214,6,85.0,8,12260
2801,Author_02801,6,85.0,10,12261
4113,Author_04113,6,85.0,13,12262
8974,Author_08974,6,85.0,11,12263
14690,Author_14690,6,85.0,10,12264
19909,Author_19909,6,85.0,14,12265
560,Author_00560,6,84.0,10,12266
1768,Author_01768,6,84.0,8,12267
2581,Author_02581,6,84.0,13,12268
2800,Author_02800,6,84.0,7,12269
3697,Author_03697,6,84.0,11,12270
5629,Author_05629,6,84.0,8,12271
6221,Author_06221,6,84.0,12,12272
7607,Author_07607,6,84.0,8,12273
8409,Author_08409,6,84.0,7,12274
13621,Author_13621,6,84.0,13,12275
22725,Author_22725,6,84.0,6,12276
24843,Author_24843,6,84.0,9,12277
29567,Author_29567,6,84.0,14,12278
596,Author_00596,6,83.0,7,12279
1652,Author_01652,6,83.0,10,12280
1969,Author_01969,6,83.0,8,12281
2822,Author_02822,6,83.0,8,12282
5028,Author_05028,6,83.0,12,12283
5193,Author_05193,6,83.0,6,12284
5884,Author_05884,6,83.0,13,12285
6090,Author_06090,6,83.0,10,12286
8563,Author_08563,6,83.0,12,12287
9708,Author_09708,6,83.0,10,12288
10906,Author_10906,6,83.0,12,12289
12951,Author_12951,6,83.0,9,12290
28786,Author_28786,6,83.0,19,12291
8134,Author_08134,6,82.0,17,12292
12595,Author_12595,6,82.0,8,12293
16205,Author_16205,6,82.0,9,12294
16722,Author_16722,6,82.0,11,12295
22659,Author_22659,6,82.0,7,12296
29422,Author_29422,6,82.0,9,12297
658,Author_00658,6,81.0,13,12298
5641,Author_05641,6,81.0,8,12299
8619,Author_08619,6,81.0,10,12300
10661,Author_10661,6,81.0,11,12301
20018,Author_20018,6,81.0,9,12302
20829,Author_20829,6,81.0,10,12303
25286,Author_25286,6,81.0,9,12304
26944,Author_26944,6,81.0,9,12305
27856,Author_27856,6,81.0,11,12306
714,Author_00714,6,80.0,11,12307
2063,Author_02063,6,80.0,9,12308
3606,Author_03606,6,80.0,9,12309
3618,Author_03618,6,80.0,9,12310
4456,Author_04456,6,80.0,9,12311
5025,Author_05025,6,80.0,9,12312
8890,Author_08890,6,80.0,8,12313
11070,Author_11070,6,80.0,10,12314
20013,Author_20013,6,80.0,10,12315
24250,Author_24250,6,80.0,7,12316
26312,Author_26312,6,80.0,11,12317
28632,Author_28632,6,80.0,7,12318
1323,Author_01323,6,79.0,11,12319
5658,Author_05658,6,79.0,10,12320
7578,Author_07578,6,79.0,7,12321
8113,Author_08113,6,79.0,12,12322
11609,Author_11609,6,79.0,8,12323
12613,Author_12613,6,79.0,9,12324
22865,Author_22865,6,79.0,11,12325
27084,Author_27084,6,79.0,11,12326
28440,Author_28440,6,79.0,15,12327
6244,Author_06244,6,78.0,15,12328
6960,Author_06960,6,78.0,8,12329
8836,Author_08836,6,78.0,8,12330
10399,Author_10399,6,78.0,11,12331
15787,Author_15787,6,78.0,11,12332
17882,Author_17882,6,78.0,10,12333
19024,Author_19024,6,78.0,11,12334
19780,Author_19780,6,78.0,9,12335
22243,Author_22243,6,78.0,11,12336
26901,Author_26901,6,78.0,7,12337
29376,Author_29376,6,78.0,11,12338
29631,Author_29631,6,78.0,8,12339
3074,Author_03074,6,77.0,10,12340
7798,Author_07798,6,77.0,8,12341
8834,Author_08834,6,77.0,12,12342
9053,Author_09053,6,77.0,7,12343
11346,Author_11346,6,77.0,13,12344
16359,Author_16359,6,77.0,10,12345
18382,Author_18382,6,77.0,7,12346
18987,Author_18987,6,77.0,9,12347
22169,Author_22169,6,77.0,6,12348
26555,Author_26555,6,77.0,13,12349
27903,Author_27903,6,77.0,15,12350
3098,Author_03098,6,76.0,11,12351
19434,Author_19434,6,76.0,10,12352
20334,Author_20334,6,76.0,8,12353
24897,Author_24897,6,76.0,9,12354
26064,Author_26064,6,76.0,8,12355
6208,Author_06208,6,75.0,9,12356
10230,Author_10230,6,75.0,12,12357
10418,Author_10418,6,75.0,7,12358
16422,Author_16422,6,75.0,8,12359
22919,Author_22919,6,75.0,9,12360
23054,Author_23054,6,75.0,10,12361
24606,Author_24606,6,75.0,8,12362
26464,Author_26464,6,75.0,9,12363
26602,Author_26602,6,75.0,11,12364
6811,Author_06811,6,74.0,12,12365
6898,Author_06898,6,74.0,7,12366
6965,Author_06965,6,74.0,8,12367
19605,Author_19605,6,74.0,7,12368
5502,Author_05502,6,73.0,10,12369
7257,Author_07257,6,73.0,8,12370
7345,Author_07345,6,73.0,8,12371
9802,Author_09802,6,73.0,10,12372
12005,Author_12005,6,73.0,6,12373
13854,Author_13854,6,73.0,10,12374
8223,Author_08223,6,72.0,8,12375
10066,Author_10066,6,72.0,7,12376
15700,Author_15700,6,72.0,7,12377
27174,Author_27174,6,72.0,8,12378
29779,Author_29779,6,72.0,8,12379
1036,Author_01036,6,71.0,14,12380
3546,Author_03546,6,71.0,8,12381
5593,Author_05593,6,71.0,8,12382
5813,Author_05813,6,71.0,8,12383
21215,Author_21215,6,71.0,8,12384
22448,Author_22448,6,71.0,9,12385
24877,Author_24877,6,71.0,9,12386
7802,Author_07802,6,70.0,6,12387
12637,Author_12637,6,70.0,9,12388
28102,Author_28102,6,70.0,11,12389
6800,Author_06800,6,69.0,6,12390
7996,Author_07996,6,69.0,8,12391
16033,Author_16033,6,69.0,15,12392
18086,Author_18086,6,69.0,16,12393
22373,Author_22373,6,69.0,10,12394
29394,Author_29394,6,68.0,14,12395
6700,Author_06700,6,67.0,9,12396
1250,Author_01250,6,66.0,8,12397
4589,Author_04589,6,66.0,9,12398
15437,Author_15437,6,66.0,6,12399
15688,Author_15688,6,66.0,8,12400
15803,Author_15803,6,66.0,7,12401
9966,Author_09966,6,65.0,9,12402
21920,Author_21920,6,65.0,10,12403
5663,Author_05663,6,64.0,10,12404
7509,Author_07509,6,64.0,8,12405
24246,Author_24246,6,64.0,11,12406
4010,Author_04010,6,63.0,9,12407
28747,Author_28747,6,63.0,10,12408
1752,Author_01752,6,62.0,7,12409
7290,Author_07290,6,62.0,7,12410
17391,Author_17391,6,62.0,8,12411
2236,Author_02236,6,59.0,11,12412
5352,Author_05352,6,59.0,8,12413
22106,Author_22106,6,59.0,7,12414
25665,Author_25665,6,59.0,8,12415
8418,Author_08418,6,57.0,6,12416
28190,Author_28190,6,57.0,7,12417
23033,Author_23033,6,55.0,9,12418
27514,Author_27514,6,55.0,9,12419
25187,Author_25187,6,51.0,6,12420
29532,Author_29532,6,51.0,6,12421
3169,Author_03169,5,10653.0,5,12422
6709,Author_06709,5,5250.0,8,12423
21987,Author_21987,5,5092.0,6,12424
18225,Author_18225,5,3867.0,6,12425
19805,Author_19805,5,3772.0,10,12426
23201,Author_23201,5,3434.0,8,12427
18038,Author_18038,5,2845.0,7,12428
16072,Author_16072,5,2388.0,10,12429
24752,Author_24752,5,2208.0,8,12430
808,Author_00808,5,2158.0,13,12431
4662,Author_04662,5,1689.0,9,12432
4306,Author_04306,5,1472.0,7,12433
29734,Author_29734,5,1406.0,12,12434
11829,Author_11829,5,1403.0,7,12435
14509,Author_14509,5,1311.0,8,12436
26497,Author_26497,5,1182.0,8,12437
23829,Author_23829,5,1047.0,8,12438
17657,Author_17657,5,999.0,11,12439
8566,Author_08566,5,966.0,8,12440
19598,Author_19598,5,907.0,10,12441
23939,Author_23939,5,903.0,7,12442
27304,Author_27304,5,840.0,10,12443
20144,Author_20144,5,829.0,7,12444
15230,Author_15230,5,811.0,11,12445
2563,Author_02563,5,795.0,6,12446
13985,Author_13985,5,791.0,7,12447
12963,Author_12963,5,722.0,12,12448
4333,Author_04333,5,721.0,7,12449
18209,Author_18209,5,680.0,7,12450
22286,Author_22286,5,670.0,7,12451
11828,Author_11828,5,657.0,7,12452
10760,Author_10760,5,654.0,7,12453
12740,Author_12740,5,653.0,6,12454
2018,Author_02018,5,648.0,6,12455
29830,Author_29830,5,645.0,11,12456
25789,Author_25789,5,642.0,9,12457
18895,Author_18895,5,635.0,12,12458
25070,Author_25070,5,616.0,6,12459
1764,Author_01764,5,611.0,7,12460
29875,Author_29875,5,606.0,14,12461
24287,Author_24287,5,604.0,7,12462
27,Author_00027,5,601.0,11,12463
15216,Author_15216,5,590.0,7,12464
22382,Author_22382,5,566.0,9,12465
10675,Author_10675,5,554.0,7,12466
16304,Author_16304,5,549.0,11,12467
17107,Author_17107,5,549.0,12,12468
11075,Author_11075,5,546.0,9,12469
6880,Author_06880,5,545.0,9,12470
24161,Author_24161,5,536.0,6,12471
3498,Author_03498,5,532.0,16,12472
5125,Author_05125,5,531.0,11,12473
25833,Author_25833,5,520.0,8,12474
8877,Author_08877,5,518.0,7,12475
24433,Author_24433,5,507.0,6,12476
29605,Author_29605,5,507.0,10,12477
21830,Author_21830,5,503.0,7,12478
14033,Author_14033,5,498.0,8,12479
25354,Author_25354,5,493.0,8,12480
29812,Author_29812,5,488.0,11,12481
17451,Author_17451,5,480.0,12,12482
15103,Author_15103,5,477.0,11,12483
22831,Author_22831,5,476.0,19,12484
21112,Author_21112,5,472.0,11,12485
10909,Author_10909,5,462.0,9,12486
29405,Author_29405,5,460.0,6,12487
29678,Author_29678,5,457.0,9,12488
21302,Author_21302,5,446.0,8,12489
29271,Author_29271,5,445.0,14,12490
15865,Author_15865,5,442.0,10,12491
13253,Author_13253,5,440.0,11,12492
16100,Author_16100,5,429.0,8,12493
8395,Author_08395,5,425.0,11,12494
232,Author_00232,5,422.0,9,12495
16754,Author_16754,5,422.0,9,12496
12674,Author_12674,5,421.0,10,12497
14096,Author_14096,5,421.0,9,12498
583,Author_00583,5,415.0,11,12499
19681,Author_19681,5,414.0,12,12500
29426,Author_29426,5,414.0,7,12501
6798,Author_06798,5,412.0,9,12502
29827,Author_29827,5,409.0,7,12503
8529,Author_08529,5,408.0,6,12504
23010,Author_23010,5,406.0,15,12505
1116,Author_01116,5,405.0,8,12506
26040,Author_26040,5,402.0,11,12507
27496,Author_27496,5,400.0,7,12508
24892,Author_24892,5,398.0,12,12509
15830,Author_15830,5,397.0,11,12510
1855,Author_01855,5,396.0,19,12511
25196,Author_25196,5,396.0,6,12512
6561,Author_06561,5,392.0,7,12513
106,Author_00106,5,391.0,8,12514
26098,Author_26098,5,390.0,12,12515
499,Author_00499,5,384.0,13,12516
7958,Author_07958,5,384.0,9,12517
25930,Author_25930,5,382.0,11,12518
20699,Author_20699,5,380.0,11,12519
87,Author_00087,5,379.0,8,12520
18406,Author_18406,5,377.0,10,12521
27671,Author_27671,5,377.0,6,12522
20285,Author_20285,5,375.0,13,12523
2918,Author_02918,5,373.0,8,12524
5697,Author_05697,5,373.0,10,12525
18764,Author_18764,5,369.0,6,12526
5189,Author_05189,5,368.0,10,12527
8792,Author_08792,5,368.0,8,12528
25099,Author_25099,5,368.0,8,12529
6986,Author_06986,5,367.0,14,12530
26970,Author_26970,5,363.0,8,12531
13207,Author_13207,5,362.0,6,12532
8850,Author_08850,5,361.0,10,12533
28513,Author_28513,5,360.0,11,12534
9843,Author_09843,5,358.0,9,12535
15547,Author_15547,5,356.0,11,12536
26346,Author_26346,5,353.0,10,12537
12982,Author_12982,5,348.0,5,12538
23106,Author_23106,5,348.0,8,12539
10836,Author_10836,5,347.0,8,12540
3297,Author_03297,5,346.0,11,12541
14279,Author_14279,5,344.0,12,12542
857,Author_00857,5,343.0,7,12543
2345,Author_02345,5,343.0,9,12544
3168,Author_03168,5,343.0,6,12545
406,Author_00406,5,341.0,9,12546
25653,Author_25653,5,341.0,11,12547
25266,Author_25266,5,340.0,8,12548
7880,Author_07880,5,338.0,5,12549
8576,Author_08576,5,337.0,8,12550
1721,Author_01721,5,336.0,5,12551
12383,Author_12383,5,336.0,15,12552
13255,Author_13255,5,335.0,7,12553
21475,Author_21475,5,335.0,6,12554
5415,Author_05415,5,332.0,10,12555
15468,Author_15468,5,332.0,9,12556
26451,Author_26451,5,331.0,12,12557
5344,Author_05344,5,330.0,11,12558
22649,Author_22649,5,330.0,8,12559
18292,Author_18292,5,329.0,10,12560
5731,Author_05731,5,328.0,7,12561
23240,Author_23240,5,328.0,18,12562
15713,Author_15713,5,326.0,8,12563
11815,Author_11815,5,324.0,7,12564
29202,Author_29202,5,324.0,10,12565
25891,Author_25891,5,322.0,9,12566
27337,Author_27337,5,322.0,9,12567
5777,Author_05777,5,321.0,9,12568
11507,Author_11507,5,321.0,9,12569
27071,Author_27071,5,320.0,5,12570
9368,Author_09368,5,319.0,7,12571
21189,Author_21189,5,319.0,12,12572
22701,Author_22701,5,318.0,8,12573
29593,Author_29593,5,318.0,7,12574
29818,Author_29818,5,318.0,5,12575
17854,Author_17854,5,317.0,9,12576
13611,Author_13611,5,316.0,13,12577
7867,Author_07867,5,315.0,7,12578
28028,Author_28028,5,314.0,11,12579
15147,Author_15147,5,313.0,10,12580
8740,Author_08740,5,311.0,10,12581
2729,Author_02729,5,310.0,16,12582
10454,Author_10454,5,309.0,5,12583
507,Author_00507,5,307.0,10,12584
19557,Author_19557,5,307.0,8,12585
14985,Author_14985,5,306.0,10,12586
16124,Author_16124,5,303.0,11,12587
18828,Author_18828,5,303.0,8,12588
17364,Author_17364,5,302.0,6,12589
24573,Author_24573,5,302.0,8,12590
29619,Author_29619,5,302.0,11,12591
28903,Author_28903,5,301.0,8,12592
8323,Author_08323,5,300.0,8,12593
9299,Author_09299,5,299.0,10,12594
19991,Author_19991,5,299.0,7,12595
23141,Author_23141,5,298.0,8,12596
3514,Author_03514,5,297.0,9,12597
4234,Author_04234,5,297.0,8,12598
5254,Author_05254,5,296.0,6,12599
8458,Author_08458,5,296.0,9,12600
27233,Author_27233,5,296.0,9,12601
1801,Author_01801,5,295.0,12,12602
8456,Author_08456,5,295.0,13,12603
19829,Author_19829,5,295.0,17,12604
25841,Author_25841,5,295.0,9,12605
121,Author_00121,5,294.0,11,12606
22120,Author_22120,5,292.0,10,12607
25922,Author_25922,5,292.0,15,12608
456,Author_00456,5,291.0,6,12609
6337,Author_06337,5,291.0,11,12610
25682,Author_25682,5,290.0,6,12611
27984,Author_27984,5,290.0,8,12612
19081,Author_19081,5,289.0,10,12613
20778,Author_20778,5,287.0,11,12614
23045,Author_23045,5,287.0,10,12615
24926,Author_24926,5,287.0,12,12616
28106,Author_28106,5,287.0,11,12617
2051,Author_02051,5,286.0,6,12618
22523,Author_22523,5,286.0,11,12619
3535,Author_03535,5,285.0,8,12620
12452,Author_12452,5,285.0,8,12621
23358,Author_23358,5,285.0,9,12622
6081,Author_06081,5,284.0,9,12623
8798,Author_08798,5,284.0,10,12624
16246,Author_16246,5,283.0,8,12625
27614,Author_27614,5,281.0,6,12626
13590,Author_13590,5,280.0,9,12627
15381,Author_15381,5,280.0,17,12628
28039,Author_28039,5,280.0,10,12629
13358,Author_13358,5,279.0,8,12630
17241,Author_17241,5,279.0,11,12631
27983,Author_27983,5,279.0,11,12632
1699,Author_01699,5,278.0,8,12633
15586,Author_15586,5,278.0,7,12634
17067,Author_17067,5,278.0,10,12635
7001,Author_07001,5,277.0,13,12636
9569,Author_09569,5,277.0,9,12637
15946,Author_15946,5,277.0,6,12638
21860,Author_21860,5,277.0,8,12639
21290,Author_21290,5,275.0,10,12640
28222,Author_28222,5,275.0,7,12641
5638,Author_05638,5,274.0,7,12642
16390,Author_16390,5,274.0,10,12643
4769,Author_04769,5,273.0,15,12644
13060,Author_13060,5,273.0,9,12645
28068,Author_28068,5,273.0,13,12646
11352,Author_11352,5,272.0,6,12647
14307,Author_14307,5,271.0,12,12648
21041,Author_21041,5,271.0,9,12649
28645,Author_28645,5,271.0,8,12650
14250,Author_14250,5,270.0,5,12651
21623,Author_21623,5,270.0,13,12652
8153,Author_08153,5,269.0,18,12653
12017,Author_12017,5,269.0,7,12654
12098,Author_12098,5,269.0,8,12655
6050,Author_06050,5,268.0,9,12656
9037,Author_09037,5,268.0,7,12657
4448,Author_04448,5,267.0,10,12658
27362,Author_27362,5,267.0,9,12659
29372,Author_29372,5,267.0,12,12660
29782,Author_29782,5,266.0,9,12661
7956,Author_07956,5,265.0,12,12662
23874,Author_23874,5,265.0,9,12663
6509,Author_06509,5,264.0,10,12664
10959,Author_10959,5,263.0,6,12665
11113,Author_11113,5,263.0,12,12666
9298,Author_09298,5,262.0,13,12667
14059,Author_14059,5,262.0,12,12668
20742,Author_20742,5,262.0,8,12669
26576,Author_26576,5,262.0,9,12670
11677,Author_11677,5,261.0,9,12671
24103,Author_24103,5,261.0,5,12672
13038,Author_13038,5,260.0,7,12673
16617,Author_16617,5,260.0,11,12674
17508,Author_17508,5,260.0,13,12675
12186,Author_12186,5,259.0,8,12676
7049,Author_07049,5,258.0,10,12677
19890,Author_19890,5,258.0,7,12678
28939,Author_28939,5,258.0,9,12679
523,Author_00523,5,257.0,8,12680
18755,Author_18755,5,257.0,10,12681
21092,Author_21092,5,257.0,18,12682
1150,Author_01150,5,256.0,12,12683
11249,Author_11249,5,256.0,7,12684
25435,Author_25435,5,256.0,6,12685
1133,Author_01133,5,254.0,6,12686
14037,Author_14037,5,254.0,7,12687
19884,Author_19884,5,254.0,12,12688
7136,Author_07136,5,253.0,6,12689
13073,Author_13073,5,253.0,11,12690
15506,Author_15506,5,253.0,7,12691
2862,Author_02862,5,252.0,9,12692
11906,Author_11906,5,251.0,9,12693
15558,Author_15558,5,251.0,9,12694
796,Author_00796,5,250.0,8,12695
842,Author_00842,5,250.0,7,12696
22051,Author_22051,5,250.0,9,12697
22979,Author_22979,5,250.0,10,12698
3117,Author_03117,5,249.0,6,12699
4324,Author_04324,5,248.0,11,12700
27586,Author_27586,5,248.0,7,12701
1854,Author_01854,5,247.0,8,12702
11251,Author_11251,5,247.0,7,12703
23199,Author_23199,5,247.0,10,12704
8737,Author_08737,5,246.0,9,12705
22110,Author_22110,5,246.0,8,12706
2252,Author_02252,5,244.0,8,12707
6130,Author_06130,5,243.0,7,12708
19306,Author_19306,5,243.0,12,12709
21054,Author_21054,5,243.0,7,12710
27488,Author_27488,5,243.0,11,12711
5172,Author_05172,5,242.0,9,12712
8326,Author_08326,5,242.0,12,12713
25092,Author_25092,5,242.0,11,12714
13499,Author_13499,5,241.0,6,12715
21262,Author_21262,5,241.0,7,12716
6310,Author_06310,5,240.0,10,12717
19839,Author_19839,5,240.0,6,12718
24150,Author_24150,5,240.0,9,12719
14265,Author_14265,5,239.0,12,12720
6946,Author_06946,5,238.0,8,12721
14776,Author_14776,5,238.0,7,12722
15624,Author_15624,5,238.0,12,12723
1453,Author_01453,5,237.0,10,12724
11309,Author_11309,5,237.0,10,12725
12861,Author_12861,5,237.0,10,12726
22652,Author_22652,5,237.0,12,12727
27835,Author_27835,5,237.0,7,12728
8206,Author_08206,5,236.0,6,12729
15482,Author_15482,5,236.0,12,12730
16452,Author_16452,5,236.0,5,12731
17194,Author_17194,5,236.0,11,12732
10705,Author_10705,5,235.0,12,12733
17875,Author_17875,5,235.0,11,12734
3819,Author_03819,5,234.0,12,12735
28418,Author_28418,5,234.0,16,12736
9550,Author_09550,5,233.0,9,12737
26641,Author_26641,5,233.0,7,12738
27419,Author_27419,5,233.0,16,12739
9455,Author_09455,5,232.0,9,12740
13002,Author_13002,5,232.0,8,12741
16636,Author_16636,5,232.0,10,12742
18299,Author_18299,5,232.0,10,12743
864,Author_00864,5,231.0,8,12744
23819,Author_23819,5,231.0,9,12745
3962,Author_03962,5,230.0,5,12746
19646,Author_19646,5,230.0,7,12747
21679,Author_21679,5,230.0,10,12748
5192,Author_05192,5,229.0,11,12749
28087,Author_28087,5,229.0,8,12750
12276,Author_12276,5,228.0,8,12751
15670,Author_15670,5,228.0,7,12752
27570,Author_27570,5,228.0,10,12753
2100,Author_02100,5,227.0,5,12754
4708,Author_04708,5,227.0,9,12755
9991,Author_09991,5,227.0,8,12756
14846,Author_14846,5,227.0,8,12757
19187,Author_19187,5,227.0,5,12758
29555,Author_29555,5,227.0,8,12759
2533,Author_02533,5,226.0,8,12760
3629,Author_03629,5,226.0,8,12761
7386,Author_07386,5,226.0,11,12762
9025,Author_09025,5,226.0,7,12763
10236,Author_10236,5,226.0,10,12764
16224,Author_16224,5,226.0,6,12765
20160,Author_20160,5,226.0,7,12766
28234,Author_28234,5,226.0,14,12767
2014,Author_02014,5,225.0,9,12768
3863,Author_03863,5,225.0,6,12769
10466,Author_10466,5,225.0,6,12770
12281,Author_12281,5,225.0,12,12771
17707,Author_17707,5,225.0,13,12772
18491,Author_18491,5,225.0,8,12773
19071,Author_19071,5,225.0,13,12774
27566,Author_27566,5,225.0,6,12775
29347,Author_29347,5,225.0,13,12776
29538,Author_29538,5,225.0,8,12777
29579,Author_29579,5,225.0,8,12778
1797,Author_01797,5,224.0,7,12779
11498,Author_11498,5,224.0,6,12780
17996,Author_17996,5,224.0,11,12781
20429,Author_20429,5,224.0,11,12782
28359,Author_28359,5,224.0,7,12783
28400,Author_28400,5,224.0,8,12784
1762,Author_01762,5,222.0,10,12785
6564,Author_06564,5,222.0,6,12786
13924,Author_13924,5,222.0,8,12787
3659,Author_03659,5,221.0,6,12788
3047,Author_03047,5,220.0,8,12789
29211,Author_29211,5,220.0,8,12790
987,Author_00987,5,219.0,10,12791
3982,Author_03982,5,219.0,7,12792
5401,Author_05401,5,219.0,6,12793
8637,Author_08637,5,219.0,7,12794
11299,Author_11299,5,219.0,12,12795
11948,Author_11948,5,219.0,13,12796
12880,Author_12880,5,219.0,8,12797
20068,Author_20068,5,219.0,8,12798
23546,Author_23546,5,219.0,7,12799
16739,Author_16739,5,218.0,10,12800
19762,Author_19762,5,218.0,10,12801
26695,Author_26695,5,218.0,6,12802
27650,Author_27650,5,218.0,12,12803
2445,Author_02445,5,217.0,10,12804
3272,Author_03272,5,217.0,7,12805
12123,Author_12123,5,217.0,6,12806
18751,Author_18751,5,217.0,9,12807
1931,Author_01931,5,216.0,9,12808
13855,Author_13855,5,215.0,8,12809
14558,Author_14558,5,215.0,6,12810
17059,Author_17059,5,215.0,13,12811
25322,Author_25322,5,215.0,8,12812
4994,Author_04994,5,214.0,9,12813
13170,Author_13170,5,214.0,7,12814
18421,Author_18421,5,214.0,12,12815
3094,Author_03094,5,213.0,10,12816
5137,Author_05137,5,213.0,12,12817
8750,Author_08750,5,213.0,7,12818
12523,Author_12523,5,213.0,10,12819
13660,Author_13660,5,213.0,12,12820
1899,Author_01899,5,212.0,12,12821
3423,Author_03423,5,212.0,7,12822
4681,Author_04681,5,212.0,6,12823
6899,Author_06899,5,212.0,12,12824
7408,Author_07408,5,212.0,6,12825
9899,Author_09899,5,212.0,8,12826
15600,Author_15600,5,212.0,8,12827
21759,Author_21759,5,212.0,11,12828
25061,Author_25061,5,212.0,9,12829
26079,Author_26079,5,212.0,14,12830
12831,Author_12831,5,211.0,6,12831
13655,Author_13655,5,211.0,9,12832
21534,Author_21534,5,211.0,9,12833
23221,Author_23221,5,211.0,14,12834
4347,Author_04347,5,210.0,8,12835
10332,Author_10332,5,210.0,9,12836
10455,Author_10455,5,210.0,11,12837
10776,Author_10776,5,210.0,20,12838
13822,Author_13822,5,210.0,9,12839
18296,Author_18296,5,210.0,9,12840
18742,Author_18742,5,210.0,5,12841
1870,Author_01870,5,209.0,11,12842
2471,Author_02471,5,209.0,8,12843
12357,Author_12357,5,209.0,7,12844
13015,Author_13015,5,209.0,11,12845
13640,Author_13640,5,209.0,5,12846
16444,Author_16444,5,209.0,10,12847
17863,Author_17863,5,209.0,8,12848
23011,Author_23011,5,209.0,6,12849
23105,Author_23105,5,209.0,7,12850
25404,Author_25404,5,209.0,8,12851
25810,Author_25810,5,209.0,6,12852
3158,Author_03158,5,208.0,10,12853
6928,Author_06928,5,208.0,7,12854
9321,Author_09321,5,208.0,5,12855
10041,Author_10041,5,208.0,6,12856
12751,Author_12751,5,208.0,5,12857
20533,Author_20533,5,208.0,9,12858
5476,Author_05476,5,207.0,8,12859
5635,Author_05635,5,207.0,7,12860
9483,Author_09483,5,207.0,8,12861
11079,Author_11079,5,207.0,14,12862
12110,Author_12110,5,207.0,9,12863
18401,Author_18401,5,207.0,6,12864
22322,Author_22322,5,207.0,9,12865
22891,Author_22891,5,207.0,10,12866
23932,Author_23932,5,207.0,10,12867
3159,Author_03159,5,206.0,6,12868
5056,Author_05056,5,206.0,11,12869
7157,Author_07157,5,206.0,8,12870
8373,Author_08373,5,206.0,7,12871
18079,Author_18079,5,206.0,8,12872
18791,Author_18791,5,206.0,5,12873
24597,Author_24597,5,206.0,12,12874
24857,Author_24857,5,206.0,12,12875
25615,Author_25615,5,206.0,6,12876
8148,Author_08148,5,205.0,10,12877
12625,Author_12625,5,205.0,7,12878
23602,Author_23602,5,205.0,6,12879
5985,Author_05985,5,204.0,8,12880
6861,Author_06861,5,204.0,5,12881
21763,Author_21763,5,204.0,7,12882
10499,Author_10499,5,203.0,8,12883
17636,Author_17636,5,203.0,11,12884
23194,Author_23194,5,203.0,5,12885
23542,Author_23542,5,203.0,5,12886
27287,Author_27287,5,203.0,5,12887
27882,Author_27882,5,203.0,18,12888
319,Author_00319,5,202.0,9,12889
1464,Author_01464,5,202.0,9,12890
1868,Author_01868,5,202.0,10,12891
11560,Author_11560,5,202.0,8,12892
822,Author_00822,5,201.0,7,12893
90,Author_00090,5,200.0,10,12894
10125,Author_10125,5,200.0,7,12895
15536,Author_15536,5,200.0,6,12896
18837,Author_18837,5,200.0,13,12897
22971,Author_22971,5,200.0,11,12898
340,Author_00340,5,199.0,12,12899
6428,Author_06428,5,199.0,11,12900
11579,Author_11579,5,199.0,5,12901
13602,Author_13602,5,199.0,12,12902
13906,Author_13906,5,199.0,9,12903
18607,Author_18607,5,199.0,6,12904
21343,Author_21343,5,199.0,6,12905
25288,Author_25288,5,199.0,7,12906
1270,Author_01270,5,198.0,8,12907
3653,Author_03653,5,198.0,11,12908
11790,Author_11790,5,198.0,13,12909
24879,Author_24879,5,198.0,14,12910
29045,Author_29045,5,198.0,9,12911
4673,Author_04673,5,197.0,14,12912
7133,Author_07133,5,197.0,8,12913
19744,Author_19744,5,197.0,13,12914
20323,Author_20323,5,197.0,7,12915
23428,Author_23428,5,197.0,9,12916
25117,Author_25117,5,197.0,6,12917
1897,Author_01897,5,196.0,11,12918
5709,Author_05709,5,196.0,7,12919
7129,Author_07129,5,196.0,9,12920
3481,Author_03481,5,195.0,6,12921
6697,Author_06697,5,195.0,9,12922
14825,Author_14825,5,195.0,10,12923
15894,Author_15894,5,195.0,18,12924
26205,Author_26205,5,195.0,8,12925
1554,Author_01554,5,194.0,15,12926
1700,Author_01700,5,194.0,13,12927
7028,Author_07028,5,194.0,18,12928
10922,Author_10922,5,194.0,6,12929
24759,Author_24759,5,194.0,15,12930
28067,Author_28067,5,194.0,9,12931
12524,Author_12524,5,193.0,6,12932
15251,Author_15251,5,193.0,11,12933
15955,Author_15955,5,193.0,6,12934
17013,Author_17013,5,193.0,12,12935
20793,Author_20793,5,193.0,11,12936
20872,Author_20872,5,193.0,10,12937
26734,Author_26734,5,193.0,11,12938
26763,Author_26763,5,193.0,14,12939
27561,Author_27561,5,193.0,10,12940
6759,Author_06759,5,192.0,9,12941
9178,Author_09178,5,192.0,13,12942
11348,Author_11348,5,192.0,9,12943
11526,Author_11526,5,192.0,6,12944
14039,Author_14039,5,192.0,11,12945
14323,Author_14323,5,192.0,7,12946
16053,Author_16053,5,192.0,8,12947
22886,Author_22886,5,192.0,5,12948
125,Author_00125,5,191.0,8,12949
2370,Author_02370,5,191.0,8,12950
24709,Author_24709,5,191.0,9,12951
27189,Author_27189,5,191.0,8,12952
434,Author_00434,5,190.0,7,12953
7518,Author_07518,5,190.0,10,12954
9317,Author_09317,5,190.0,7,12955
11166,Author_11166,5,190.0,9,12956
11343,Author_11343,5,190.0,11,12957
12053,Author_12053,5,190.0,10,12958
20693,Author_20693,5,190.0,8,12959
3983,Author_03983,5,189.0,8,12960
24494,Author_24494,5,189.0,6,12961
28607,Author_28607,5,189.0,7,12962
9809,Author_09809,5,188.0,13,12963
16930,Author_16930,5,188.0,13,12964
21228,Author_21228,5,188.0,7,12965
26382,Author_26382,5,188.0,6,12966
17384,Author_17384,5,187.0,14,12967
21956,Author_21956,5,187.0,6,12968
22516,Author_22516,5,187.0,12,12969
28551,Author_28551,5,187.0,6,12970
29799,Author_29799,5,187.0,11,12971
8055,Author_08055,5,186.0,8,12972
14611,Author_14611,5,186.0,8,12973
15181,Author_15181,5,186.0,5,12974
17812,Author_17812,5,186.0,12,12975
5211,Author_05211,5,185.0,9,12976
20329,Author_20329,5,185.0,6,12977
23372,Author_23372,5,185.0,11,12978
119,Author_00119,5,184.0,8,12979
529,Author_00529,5,184.0,7,12980
986,Author_00986,5,184.0,14,12981
2811,Author_02811,5,184.0,8,12982
3719,Author_03719,5,184.0,12,12983
5355,Author_05355,5,184.0,7,12984
6334,Author_06334,5,184.0,9,12985
7031,Author_07031,5,184.0,9,12986
7771,Author_07771,5,184.0,13,12987
8061,Author_08061,5,184.0,7,12988
8852,Author_08852,5,184.0,11,12989
9415,Author_09415,5,184.0,14,12990
15265,Author_15265,5,184.0,6,12991
22804,Author_22804,5,184.0,9,12992
222,Author_00222,5,183.0,9,12993
1102,Author_01102,5,183.0,15,12994
10225,Author_10225,5,183.0,7,12995
19416,Author_19416,5,183.0,7,12996
20583,Author_20583,5,183.0,9,12997
21022,Author_21022,5,183.0,9,12998
23234,Author_23234,5,183.0,9,12999
25520,Author_25520,5,183.0,9,13000
25696,Author_25696,5,183.0,8,13001
261,Author_00261,5,182.0,6,13002
10552,Author_10552,5,182.0,10,13003
2049,Author_02049,5,181.0,6,13004
7638,Author_07638,5,181.0,14,13005
10095,Author_10095,5,181.0,10,13006
13327,Author_13327,5,181.0,8,13007
15191,Author_15191,5,181.0,9,13008
18925,Author_18925,5,181.0,7,13009
21301,Author_21301,5,181.0,10,13010
25442,Author_25442,5,181.0,9,13011
25587,Author_25587,5,181.0,9,13012
29803,Author_29803,5,181.0,9,13013
439,Author_00439,5,180.0,6,13014
11340,Author_11340,5,180.0,6,13015
15605,Author_15605,5,180.0,7,13016
16382,Author_16382,5,180.0,7,13017
20623,Author_20623,5,180.0,10,13018
25599,Author_25599,5,180.0,8,13019
29145,Author_29145,5,180.0,7,13020
1422,Author_01422,5,179.0,12,13021
2450,Author_02450,5,179.0,7,13022
5997,Author_05997,5,179.0,11,13023
10525,Author_10525,5,179.0,9,13024
11078,Author_11078,5,179.0,8,13025
11801,Author_11801,5,179.0,8,13026
12030,Author_12030,5,179.0,8,13027
14469,Author_14469,5,179.0,10,13028
15716,Author_15716,5,179.0,13,13029
19126,Author_19126,5,179.0,8,13030
22678,Author_22678,5,179.0,7,13031
22849,Author_22849,5,179.0,10,13032
25340,Author_25340,5,179.0,6,13033
10476,Author_10476,5,178.0,11,13034
10739,Author_10739,5,178.0,9,13035
13673,Author_13673,5,178.0,9,13036
16273,Author_16273,5,178.0,7,13037
16308,Author_16308,5,178.0,7,13038
20235,Author_20235,5,178.0,14,13039
24325,Author_24325,5,178.0,8,13040
24824,Author_24824,5,178.0,10,13041
9117,Author_09117,5,177.0,8,13042
15211,Author_15211,5,177.0,10,13043
17550,Author_17550,5,177.0,14,13044
19426,Author_19426,5,177.0,6,13045
27249,Author_27249,5,177.0,9,13046
2403,Author_02403,5,176.0,8,13047
4483,Author_04483,5,176.0,6,13048
8718,Author_08718,5,176.0,11,13049
13629,Author_13629,5,176.0,11,13050
13727,Author_13727,5,176.0,7,13051
20598,Author_20598,5,176.0,9,13052
28660,Author_28660,5,176.0,10,13053
3668,Author_03668,5,175.0,8,13054
7792,Author_07792,5,175.0,7,13055
12384,Author_12384,5,175.0,10,13056
13521,Author_13521,5,175.0,5,13057
15359,Author_15359,5,175.0,10,13058
22054,Author_22054,5,175.0,7,13059
22983,Author_22983,5,175.0,5,13060
23608,Author_23608,5,175.0,8,13061
25282,Author_25282,5,175.0,9,13062
26868,Author_26868,5,175.0,7,13063
6042,Author_06042,5,174.0,10,13064
15407,Author_15407,5,174.0,9,13065
18749,Author_18749,5,174.0,10,13066
20733,Author_20733,5,174.0,6,13067
26804,Author_26804,5,174.0,15,13068
29597,Author_29597,5,174.0,14,13069
4411,Author_04411,5,173.0,5,13070
11804,Author_11804,5,173.0,6,13071
12517,Author_12517,5,173.0,16,13072
18083,Author_18083,5,173.0,7,13073
26249,Author_26249,5,173.0,7,13074
5225,Author_05225,5,172.0,12,13075
5236,Author_05236,5,172.0,13,13076
17014,Author_17014,5,172.0,8,13077
18042,Author_18042,5,172.0,10,13078
19395,Author_19395,5,172.0,9,13079
20225,Author_20225,5,172.0,8,13080
22630,Author_22630,5,172.0,9,13081
29590,Author_29590,5,172.0,9,13082
1942,Author_01942,5,171.0,11,13083
2080,Author_02080,5,171.0,8,13084
2147,Author_02147,5,171.0,15,13085
2950,Author_02950,5,171.0,7,13086
8070,Author_08070,5,171.0,11,13087
12322,Author_12322,5,171.0,5,13088
15845,Author_15845,5,171.0,8,13089
20669,Author_20669,5,171.0,9,13090
28416,Author_28416,5,171.0,9,13091
29898,Author_29898,5,171.0,10,13092
2546,Author_02546,5,170.0,6,13093
4402,Author_04402,5,170.0,8,13094
9056,Author_09056,5,170.0,10,13095
11188,Author_11188,5,170.0,5,13096
12817,Author_12817,5,170.0,6,13097
17698,Author_17698,5,170.0,11,13098
18332,Author_18332,5,170.0,8,13099
20173,Author_20173,5,170.0,10,13100
24760,Author_24760,5,170.0,11,13101
1063,Author_01063,5,169.0,9,13102
11420,Author_11420,5,169.0,16,13103
12460,Author_12460,5,169.0,8,13104
13763,Author_13763,5,169.0,7,13105
14503,Author_14503,5,169.0,9,13106
17202,Author_17202,5,169.0,9,13107
26642,Author_26642,5,169.0,6,13108
785,Author_00785,5,168.0,13,13109
801,Author_00801,5,168.0,6,13110
6937,Author_06937,5,168.0,7,13111
7108,Author_07108,5,168.0,7,13112
7708,Author_07708,5,168.0,10,13113
8000,Author_08000,5,168.0,10,13114
8628,Author_08628,5,168.0,8,13115
9580,Author_09580,5,168.0,9,13116
15805,Author_15805,5,168.0,6,13117
17345,Author_17345,5,168.0,5,13118
21643,Author_21643,5,168.0,6,13119
23057,Author_23057,5,168.0,9,13120
24821,Author_24821,5,168.0,8,13121
248,Author_00248,5,167.0,9,13122
6238,Author_06238,5,167.0,10,13123
8644,Author_08644,5,167.0,12,13124
10461,Author_10461,5,167.0,9,13125
13297,Author_13297,5,167.0,16,13126
14407,Author_14407,5,167.0,10,13127
20636,Author_20636,5,167.0,7,13128
23660,Author_23660,5,167.0,10,13129
28352,Author_28352,5,167.0,10,13130
5371,Author_05371,5,166.0,6,13131
5540,Author_05540,5,166.0,8,13132
9185,Author_09185,5,166.0,6,13133
14170,Author_14170,5,166.0,7,13134
16077,Author_16077,5,166.0,7,13135
21637,Author_21637,5,166.0,8,13136
23955,Author_23955,5,166.0,10,13137
24497,Author_24497,5,166.0,7,13138
24880,Author_24880,5,166.0,8,13139
1137,Author_01137,5,165.0,6,13140
10877,Author_10877,5,165.0,7,13141
12386,Author_12386,5,165.0,7,13142
12835,Author_12835,5,165.0,10,13143
16014,Author_16014,5,165.0,10,13144
17119,Author_17119,5,165.0,7,13145
18020,Author_18020,5,165.0,8,13146
26914,Author_26914,5,165.0,8,13147
628,Author_00628,5,164.0,6,13148
1380,Author_01380,5,164.0,9,13149
3749,Author_03749,5,164.0,11,13150
5656,Author_05656,5,164.0,6,13151
6013,Author_06013,5,164.0,9,13152
13619,Author_13619,5,164.0,10,13153
13942,Author_13942,5,164.0,9,13154
14184,Author_14184,5,164.0,12,13155
16404,Author_16404,5,164.0,12,13156
18072,Author_18072,5,164.0,8,13157
23678,Author_23678,5,164.0,9,13158
28009,Author_28009,5,164.0,10,13159
28156,Author_28156,5,164.0,8,13160
6548,Author_06548,5,163.0,8,13161
9508,Author_09508,5,163.0,8,13162
10806,Author_10806,5,163.0,10,13163
11128,Author_11128,5,163.0,6,13164
11222,Author_11222,5,163.0,13,13165
14143,Author_14143,5,163.0,11,13166
14764,Author_14764,5,163.0,7,13167
15814,Author_15814,5,163.0,8,13168
19118,Author_19118,5,163.0,12,13169
22397,Author_22397,5,163.0,7,13170
24130,Author_24130,5,163.0,9,13171
24944,Author_24944,5,163.0,11,13172
2130,Author_02130,5,162.0,8,13173
4168,Author_04168,5,162.0,10,13174
11220,Author_11220,5,162.0,8,13175
14608,Author_14608,5,162.0,10,13176
14862,Author_14862,5,162.0,8,13177
18236,Author_18236,5,162.0,7,13178
18591,Author_18591,5,162.0,8,13179
22485,Author_22485,5,162.0,7,13180
23505,Author_23505,5,162.0,10,13181
29650,Author_29650,5,162.0,10,13182
4680,Author_04680,5,161.0,7,13183
6261,Author_06261,5,161.0,9,13184
6447,Author_06447,5,161.0,10,13185
18810,Author_18810,5,161.0,9,13186
20716,Author_20716,5,161.0,8,13187
23013,Author_23013,5,161.0,6,13188
9246,Author_09246,5,160.0,12,13189
9260,Author_09260,5,160.0,10,13190
22226,Author_22226,5,160.0,8,13191
22464,Author_22464,5,160.0,13,13192
28646,Author_28646,5,160.0,7,13193
4982,Author_04982,5,159.0,8,13194
7819,Author_07819,5,159.0,8,13195
12596,Author_12596,5,159.0,10,13196
16218,Author_16218,5,159.0,7,13197
19087,Author_19087,5,159.0,5,13198
19920,Author_19920,5,159.0,9,13199
20046,Author_20046,5,159.0,6,13200
20555,Author_20555,5,159.0,11,13201
26689,Author_26689,5,159.0,10,13202
4051,Author_04051,5,158.0,15,13203
6760,Author_06760,5,158.0,12,13204
8318,Author_08318,5,158.0,8,13205
10919,Author_10919,5,158.0,5,13206
17098,Author_17098,5,158.0,7,13207
18595,Author_18595,5,158.0,11,13208
21014,Author_21014,5,158.0,9,13209
21430,Author_21430,5,158.0,9,13210
21669,Author_21669,5,158.0,10,13211
22512,Author_22512,5,158.0,7,13212
23890,Author_23890,5,158.0,10,13213
23916,Author_23916,5,158.0,6,13214
25108,Author_25108,5,158.0,5,13215
28493,Author_28493,5,158.0,5,13216
794,Author_00794,5,157.0,12,13217
4652,Author_04652,5,157.0,7,13218
8906,Author_08906,5,157.0,7,13219
9324,Author_09324,5,157.0,8,13220
13802,Author_13802,5,157.0,6,13221
19127,Author_19127,5,157.0,9,13222
22019,Author_22019,5,157.0,10,13223
25512,Author_25512,5,157.0,5,13224
29694,Author_29694,5,157.0,9,13225
5163,Author_05163,5,156.0,8,13226
11768,Author_11768,5,156.0,10,13227
13312,Author_13312,5,156.0,6,13228
15019,Author_15019,5,156.0,7,13229
16379,Author_16379,5,156.0,10,13230
16851,Author_16851,5,156.0,9,13231
24755,Author_24755,5,156.0,10,13232
27924,Author_27924,5,156.0,10,13233
4763,Author_04763,5,155.0,11,13234
8579,Author_08579,5,155.0,6,13235
12171,Author_12171,5,155.0,8,13236
14813,Author_14813,5,155.0,17,13237
19406,Author_19406,5,155.0,10,13238
25426,Author_25426,5,155.0,5,13239
2602,Author_02602,5,154.0,7,13240
3871,Author_03871,5,154.0,11,13241
5386,Author_05386,5,154.0,7,13242
5788,Author_05788,5,154.0,9,13243
10668,Author_10668,5,154.0,11,13244
12464,Author_12464,5,154.0,7,13245
14179,Author_14179,5,154.0,5,13246
18078,Author_18078,5,154.0,10,13247
18648,Author_18648,5,154.0,11,13248
18786,Author_18786,5,154.0,10,13249
24811,Author_24811,5,154.0,8,13250
29197,Author_29197,5,154.0,8,13251
3,Author_00003,5,153.0,9,13252
1343,Author_01343,5,153.0,8,13253
1729,Author_01729,5,153.0,5,13254
4314,Author_04314,5,153.0,10,13255
10329,Author_10329,5,153.0,9,13256
16804,Author_16804,5,153.0,8,13257
20311,Author_20311,5,153.0,6,13258
21426,Author_21426,5,153.0,10,13259
27393,Author_27393,5,153.0,13,13260
27421,Author_27421,5,153.0,6,13261
1290,Author_01290,5,152.0,11,13262
9405,Author_09405,5,152.0,10,13263
15643,Author_15643,5,152.0,9,13264
17411,Author_17411,5,152.0,14,13265
20883,Author_20883,5,152.0,10,13266
21683,Author_21683,5,152.0,11,13267
22540,Author_22540,5,152.0,10,13268
22813,Author_22813,5,152.0,11,13269
26492,Author_26492,5,152.0,8,13270
26975,Author_26975,5,152.0,12,13271
29209,Author_29209,5,152.0,8,13272
3755,Author_03755,5,151.0,9,13273
10034,Author_10034,5,151.0,11,13274
13677,Author_13677,5,151.0,8,13275
15887,Author_15887,5,151.0,6,13276
16227,Author_16227,5,151.0,6,13277
16894,Author_16894,5,151.0,6,13278
21768,Author_21768,5,151.0,12,13279
22083,Author_22083,5,151.0,12,13280
25173,Author_25173,5,151.0,10,13281
25326,Author_25326,5,151.0,9,13282
26062,Author_26062,5,151.0,8,13283
28563,Author_28563,5,151.0,8,13284
691,Author_00691,5,150.0,9,13285
8680,Author_08680,5,150.0,6,13286
8856,Author_08856,5,150.0,10,13287
9480,Author_09480,5,150.0,7,13288
12727,Author_12727,5,150.0,10,13289
13814,Author_13814,5,150.0,11,13290
15302,Author_15302,5,150.0,13,13291
21059,Author_21059,5,150.0,7,13292
22267,Author_22267,5,150.0,9,13293
22544,Author_22544,5,150.0,10,13294
23995,Author_23995,5,150.0,15,13295
25523,Author_25523,5,150.0,10,13296
25565,Author_25565,5,150.0,10,13297
28885,Author_28885,5,150.0,9,13298
4730,Author_04730,5,149.0,7,13299
6377,Author_06377,5,149.0,8,13300
17270,Author_17270,5,149.0,10,13301
22608,Author_22608,5,149.0,10,13302
23743,Author_23743,5,149.0,9,13303
25971,Author_25971,5,149.0,7,13304
26793,Author_26793,5,149.0,5,13305
29950,Author_29950,5,149.0,10,13306
2702,Author_02702,5,148.0,10,13307
6378,Author_06378,5,148.0,15,13308
7151,Author_07151,5,148.0,11,13309
7283,Author_07283,5,148.0,8,13310
8436,Author_08436,5,148.0,12,13311
13770,Author_13770,5,148.0,17,13312
13974,Author_13974,5,148.0,6,13313
15627,Author_15627,5,148.0,7,13314
21201,Author_21201,5,148.0,9,13315
27069,Author_27069,5,148.0,9,13316
29281,Author_29281,5,148.0,7,13317
3661,Author_03661,5,147.0,7,13318
4046,Author_04046,5,147.0,7,13319
4559,Author_04559,5,147.0,5,13320
5844,Author_05844,5,147.0,12,13321
19175,Author_19175,5,147.0,10,13322
22669,Author_22669,5,147.0,7,13323
27021,Author_27021,5,147.0,9,13324
27437,Author_27437,5,147.0,5,13325
28197,Author_28197,5,147.0,7,13326
1410,Author_01410,5,146.0,9,13327
2579,Author_02579,5,146.0,8,13328
4036,Author_04036,5,146.0,7,13329
4316,Author_04316,5,146.0,7,13330
5832,Author_05832,5,146.0,6,13331
5888,Author_05888,5,146.0,6,13332
5998,Author_05998,5,146.0,7,13333
6723,Author_06723,5,146.0,7,13334
7793,Author_07793,5,146.0,8,13335
9964,Author_09964,5,146.0,12,13336
10881,Author_10881,5,146.0,6,13337
14655,Author_14655,5,146.0,7,13338
16686,Author_16686,5,146.0,8,13339
17167,Author_17167,5,146.0,8,13340
24722,Author_24722,5,146.0,10,13341
25529,Author_25529,5,146.0,10,13342
29360,Author_29360,5,146.0,17,13343
385,Author_00385,5,145.0,7,13344
899,Author_00899,5,145.0,5,13345
2095,Author_02095,5,145.0,7,13346
5181,Author_05181,5,145.0,7,13347
5974,Author_05974,5,145.0,10,13348
6339,Author_06339,5,145.0,7,13349
12317,Author_12317,5,145.0,8,13350
14185,Author_14185,5,145.0,5,13351
15779,Author_15779,5,145.0,7,13352
17820,Author_17820,5,145.0,6,13353
18637,Author_18637,5,145.0,9,13354
23061,Author_23061,5,145.0,11,13355
25059,Author_25059,5,145.0,7,13356
27181,Author_27181,5,145.0,9,13357
27971,Author_27971,5,145.0,5,13358
3221,Author_03221,5,144.0,11,13359
3470,Author_03470,5,144.0,9,13360
3471,Author_03471,5,144.0,10,13361
5215,Author_05215,5,144.0,10,13362
5752,Author_05752,5,144.0,10,13363
8175,Author_08175,5,144.0,9,13364
9488,Author_09488,5,144.0,8,13365
12109,Author_12109,5,144.0,8,13366
14420,Author_14420,5,144.0,13,13367
19973,Author_19973,5,144.0,9,13368
22225,Author_22225,5,144.0,7,13369
25987,Author_25987,5,144.0,9,13370
28410,Author_28410,5,144.0,7,13371
3731,Author_03731,5,143.0,11,13372
4951,Author_04951,5,143.0,10,13373
11112,Author_11112,5,143.0,7,13374
11190,Author_11190,5,143.0,11,13375
11443,Author_11443,5,143.0,8,13376
15921,Author_15921,5,143.0,8,13377
20346,Author_20346,5,143.0,9,13378
23375,Author_23375,5,143.0,8,13379
24358,Author_24358,5,143.0,9,13380
26086,Author_26086,5,143.0,7,13381
28485,Author_28485,5,143.0,8,13382
1542,Author_01542,5,142.0,12,13383
4910,Author_04910,5,142.0,8,13384
9218,Author_09218,5,142.0,9,13385
14301,Author_14301,5,142.0,9,13386
19259,Author_19259,5,142.0,7,13387
20261,Author_20261,5,142.0,9,13388
24475,Author_24475,5,142.0,9,13389
24690,Author_24690,5,142.0,9,13390
24839,Author_24839,5,142.0,9,13391
28010,Author_28010,5,142.0,13,13392
29050,Author_29050,5,142.0,10,13393
726,Author_00726,5,141.0,9,13394
755,Author_00755,5,141.0,8,13395
4719,Author_04719,5,141.0,9,13396
6309,Author_06309,5,141.0,9,13397
8689,Author_08689,5,141.0,14,13398
20150,Author_20150,5,141.0,12,13399
20808,Author_20808,5,141.0,14,13400
21239,Author_21239,5,141.0,6,13401
22753,Author_22753,5,141.0,11,13402
25825,Author_25825,5,141.0,8,13403
1199,Author_01199,5,140.0,7,13404
2305,Author_02305,5,140.0,10,13405
4543,Author_04543,5,140.0,10,13406
4955,Author_04955,5,140.0,13,13407
6825,Author_06825,5,140.0,7,13408
13736,Author_13736,5,140.0,11,13409
14450,Author_14450,5,140.0,7,13410
14528,Author_14528,5,140.0,10,13411
15093,Author_15093,5,140.0,7,13412
19158,Author_19158,5,140.0,8,13413
23718,Author_23718,5,140.0,7,13414
26419,Author_26419,5,140.0,10,13415
542,Author_00542,5,139.0,6,13416
1004,Author_01004,5,139.0,6,13417
1198,Author_01198,5,139.0,10,13418
3387,Author_03387,5,139.0,12,13419
3591,Author_03591,5,139.0,6,13420
13511,Author_13511,5,139.0,12,13421
15613,Author_15613,5,139.0,8,13422
19896,Author_19896,5,139.0,9,13423
23461,Author_23461,5,139.0,8,13424
25588,Author_25588,5,139.0,11,13425
28483,Author_28483,5,139.0,10,13426
28511,Author_28511,5,139.0,7,13427
2096,Author_02096,5,138.0,12,13428
2518,Author_02518,5,138.0,8,13429
3269,Author_03269,5,138.0,13,13430
7023,Author_07023,5,138.0,11,13431
12420,Author_12420,5,138.0,9,13432
15256,Author_15256,5,138.0,5,13433
16575,Author_16575,5,138.0,8,13434
17400,Author_17400,5,138.0,17,13435
17428,Author_17428,5,138.0,10,13436
27621,Author_27621,5,138.0,11,13437
29160,Author_29160,5,138.0,9,13438
29887,Author_29887,5,138.0,10,13439
976,Author_00976,5,137.0,8,13440
1727,Author_01727,5,137.0,9,13441
3032,Author_03032,5,137.0,14,13442
4929,Author_04929,5,137.0,14,13443
5316,Author_05316,5,137.0,6,13444
6091,Author_06091,5,137.0,6,13445
6333,Author_06333,5,137.0,11,13446
6628,Author_06628,5,137.0,8,13447
8818,Author_08818,5,137.0,9,13448
9139,Author_09139,5,137.0,6,13449
10815,Author_10815,5,137.0,8,13450
10904,Author_10904,5,137.0,11,13451
14242,Author_14242,5,137.0,14,13452
28387,Author_28387,5,137.0,6,13453
29114,Author_29114,5,137.0,8,13454
579,Author_00579,5,136.0,9,13455
7668,Author_07668,5,136.0,7,13456
9495,Author_09495,5,136.0,7,13457
11210,Author_11210,5,136.0,13,13458
13757,Author_13757,5,136.0,7,13459
17646,Author_17646,5,136.0,9,13460
18224,Author_18224,5,136.0,11,13461
18856,Author_18856,5,136.0,7,13462
20119,Author_20119,5,136.0,7,13463
21511,Author_21511,5,136.0,10,13464
21960,Author_21960,5,136.0,8,13465
23691,Author_23691,5,136.0,10,13466
24024,Author_24024,5,136.0,10,13467
27815,Author_27815,5,136.0,13,13468
28105,Author_28105,5,136.0,5,13469
29872,Author_29872,5,136.0,13,13470
2068,Author_02068,5,135.0,9,13471
2685,Author_02685,5,135.0,6,13472
6629,Author_06629,5,135.0,8,13473
7391,Author_07391,5,135.0,6,13474
8360,Author_08360,5,135.0,10,13475
10039,Author_10039,5,135.0,10,13476
19589,Author_19589,5,135.0,8,13477
19731,Author_19731,5,135.0,5,13478
21676,Author_21676,5,135.0,10,13479
22156,Author_22156,5,135.0,11,13480
28066,Author_28066,5,135.0,13,13481
28464,Author_28464,5,135.0,10,13482
28890,Author_28890,5,135.0,7,13483
32,Author_00032,5,134.0,5,13484
1586,Author_01586,5,134.0,7,13485
1996,Author_01996,5,134.0,6,13486
4005,Author_04005,5,134.0,11,13487
6638,Author_06638,5,134.0,10,13488
10968,Author_10968,5,134.0,7,13489
11011,Author_11011,5,134.0,9,13490
12162,Author_12162,5,134.0,10,13491
13409,Author_13409,5,134.0,6,13492
13668,Author_13668,5,134.0,11,13493
16405,Author_16405,5,134.0,8,13494
25669,Author_25669,5,134.0,8,13495
27704,Author_27704,5,134.0,8,13496
28755,Author_28755,5,134.0,6,13497
29914,Author_29914,5,134.0,10,13498
369,Author_00369,5,133.0,17,13499
2054,Author_02054,5,133.0,8,13500
2071,Author_02071,5,133.0,7,13501
6257,Author_06257,5,133.0,6,13502
11189,Author_11189,5,133.0,9,13503
11274,Author_11274,5,133.0,7,13504
13403,Author_13403,5,133.0,9,13505
17022,Author_17022,5,133.0,8,13506
17413,Author_17413,5,133.0,13,13507
17951,Author_17951,5,133.0,7,13508
19680,Author_19680,5,133.0,10,13509
23708,Author_23708,5,133.0,7,13510
24298,Author_24298,5,133.0,7,13511
25617,Author_25617,5,133.0,7,13512
25753,Author_25753,5,133.0,15,13513
1713,Author_01713,5,132.0,7,13514
7404,Author_07404,5,132.0,7,13515
8806,Author_08806,5,132.0,7,13516
9677,Author_09677,5,132.0,5,13517
11162,Author_11162,5,132.0,11,13518
11876,Author_11876,5,132.0,6,13519
16708,Author_16708,5,132.0,8,13520
17641,Author_17641,5,132.0,10,13521
19815,Author_19815,5,132.0,8,13522
22055,Author_22055,5,132.0,6,13523
24544,Author_24544,5,132.0,6,13524
26130,Author_26130,5,132.0,8,13525
27730,Author_27730,5,132.0,9,13526
141,Author_00141,5,131.0,7,13527
2289,Author_02289,5,131.0,9,13528
4118,Author_04118,5,131.0,8,13529
4872,Author_04872,5,131.0,14,13530
6573,Author_06573,5,131.0,8,13531
8359,Author_08359,5,131.0,9,13532
8591,Author_08591,5,131.0,9,13533
16242,Author_16242,5,131.0,10,13534
19641,Author_19641,5,131.0,7,13535
19934,Author_19934,5,131.0,11,13536
21084,Author_21084,5,131.0,15,13537
25398,Author_25398,5,131.0,5,13538
26362,Author_26362,5,131.0,8,13539
26428,Author_26428,5,131.0,8,13540
27871,Author_27871,5,131.0,7,13541
28204,Author_28204,5,131.0,5,13542
28229,Author_28229,5,131.0,6,13543
1806,Author_01806,5,130.0,8,13544
3438,Author_03438,5,130.0,7,13545
4354,Author_04354,5,130.0,9,13546
9824,Author_09824,5,130.0,10,13547
10623,Author_10623,5,130.0,8,13548
10808,Author_10808,5,130.0,16,13549
14836,Author_14836,5,130.0,7,13550
16009,Author_16009,5,130.0,10,13551
20076,Author_20076,5,130.0,6,13552
26043,Author_26043,5,130.0,6,13553
27557,Author_27557,5,130.0,15,13554
2624,Author_02624,5,129.0,10,13555
2926,Author_02926,5,129.0,9,13556
3231,Author_03231,5,129.0,8,13557
7196,Author_07196,5,129.0,5,13558
9395,Author_09395,5,129.0,7,13559
10157,Author_10157,5,129.0,10,13560
11758,Author_11758,5,129.0,9,13561
16467,Author_16467,5,129.0,10,13562
17147,Author_17147,5,129.0,9,13563
19599,Author_19599,5,129.0,9,13564
20279,Author_20279,5,129.0,10,13565
21505,Author_21505,5,129.0,15,13566
22250,Author_22250,5,129.0,16,13567
24774,Author_24774,5,129.0,9,13568
28955,Author_28955,5,129.0,11,13569
98,Author_00098,5,128.0,12,13570
540,Author_00540,5,128.0,10,13571
3539,Author_03539,5,128.0,6,13572
5738,Author_05738,5,128.0,7,13573
5786,Author_05786,5,128.0,11,13574
6103,Author_06103,5,128.0,8,13575
7869,Author_07869,5,128.0,11,13576
8893,Author_08893,5,128.0,7,13577
9017,Author_09017,5,128.0,7,13578
9693,Author_09693,5,128.0,13,13579
14793,Author_14793,5,128.0,10,13580
17380,Author_17380,5,128.0,8,13581
18398,Author_18398,5,128.0,12,13582
22039,Author_22039,5,128.0,8,13583
22132,Author_22132,5,128.0,11,13584
22158,Author_22158,5,128.0,11,13585
27107,Author_27107,5,128.0,5,13586
29888,Author_29888,5,128.0,6,13587
739,Author_00739,5,127.0,7,13588
1765,Author_01765,5,127.0,9,13589
2873,Author_02873,5,127.0,11,13590
7413,Author_07413,5,127.0,8,13591
9902,Author_09902,5,127.0,8,13592
10171,Author_10171,5,127.0,12,13593
14865,Author_14865,5,127.0,6,13594
15980,Author_15980,5,127.0,9,13595
17082,Author_17082,5,127.0,8,13596
18197,Author_18197,5,127.0,17,13597
22140,Author_22140,5,127.0,8,13598
22528,Author_22528,5,127.0,6,13599
22682,Author_22682,5,127.0,8,13600
22854,Author_22854,5,127.0,8,13601
24065,Author_24065,5,127.0,12,13602
24420,Author_24420,5,127.0,9,13603
25556,Author_25556,5,127.0,7,13604
28178,Author_28178,5,127.0,9,13605
629,Author_00629,5,126.0,18,13606
5238,Author_05238,5,126.0,8,13607
5240,Author_05240,5,126.0,8,13608
5993,Author_05993,5,126.0,7,13609
7090,Author_07090,5,126.0,8,13610
8140,Author_08140,5,126.0,8,13611
9541,Author_09541,5,126.0,5,13612
13009,Author_13009,5,126.0,10,13613
17074,Author_17074,5,126.0,10,13614
19687,Author_19687,5,126.0,10,13615
23088,Author_23088,5,126.0,11,13616
24702,Author_24702,5,126.0,12,13617
25465,Author_25465,5,126.0,9,13618
28138,Author_28138,5,126.0,12,13619
2061,Author_02061,5,125.0,7,13620
3091,Author_03091,5,125.0,9,13621
4403,Author_04403,5,125.0,9,13622
8082,Author_08082,5,125.0,5,13623
10209,Author_10209,5,125.0,12,13624
13155,Author_13155,5,125.0,10,13625
13220,Author_13220,5,125.0,9,13626
13319,Author_13319,5,125.0,8,13627
16659,Author_16659,5,125.0,13,13628
16864,Author_16864,5,125.0,6,13629
24081,Author_24081,5,125.0,10,13630
24306,Author_24306,5,125.0,5,13631
28966,Author_28966,5,125.0,7,13632
29568,Author_29568,5,125.0,16,13633
1000,Author_01000,5,124.0,9,13634
3347,Author_03347,5,124.0,6,13635
5282,Author_05282,5,124.0,10,13636
5996,Author_05996,5,124.0,6,13637
6456,Author_06456,5,124.0,9,13638
11656,Author_11656,5,124.0,8,13639
12682,Author_12682,5,124.0,6,13640
17655,Author_17655,5,124.0,9,13641
20219,Author_20219,5,124.0,7,13642
22203,Author_22203,5,124.0,8,13643
24481,Author_24481,5,124.0,10,13644
28649,Author_28649,5,124.0,9,13645
543,Author_00543,5,123.0,10,13646
872,Author_00872,5,123.0,9,13647
902,Author_00902,5,123.0,11,13648
2366,Author_02366,5,123.0,6,13649
2519,Author_02519,5,123.0,7,13650
3692,Author_03692,5,123.0,6,13651
12809,Author_12809,5,123.0,9,13652
14530,Author_14530,5,123.0,7,13653
15042,Author_15042,5,123.0,10,13654
15098,Author_15098,5,123.0,8,13655
15644,Author_15644,5,123.0,7,13656
16644,Author_16644,5,123.0,8,13657
16771,Author_16771,5,123.0,8,13658
25206,Author_25206,5,123.0,9,13659
26306,Author_26306,5,123.0,9,13660
27735,Author_27735,5,123.0,9,13661
3934,Author_03934,5,122.0,9,13662
5515,Author_05515,5,122.0,7,13663
6686,Author_06686,5,122.0,8,13664
6853,Author_06853,5,122.0,7,13665
7371,Author_07371,5,122.0,7,13666
8303,Author_08303,5,122.0,8,13667
9816,Author_09816,5,122.0,5,13668
10662,Author_10662,5,122.0,12,13669
16148,Author_16148,5,122.0,10,13670
18192,Author_18192,5,122.0,6,13671
18829,Author_18829,5,122.0,9,13672
20705,Author_20705,5,122.0,10,13673
20707,Author_20707,5,122.0,10,13674
21105,Author_21105,5,122.0,10,13675
23493,Author_23493,5,122.0,9,13676
23771,Author_23771,5,122.0,8,13677
25296,Author_25296,5,122.0,6,13678
27810,Author_27810,5,122.0,9,13679
148,Author_00148,5,121.0,16,13680
780,Author_00780,5,121.0,11,13681
1933,Author_01933,5,121.0,11,13682
2793,Author_02793,5,121.0,12,13683
3202,Author_03202,5,121.0,10,13684
3421,Author_03421,5,121.0,8,13685
6150,Author_06150,5,121.0,9,13686
8039,Author_08039,5,121.0,9,13687
9705,Author_09705,5,121.0,7,13688
15831,Author_15831,5,121.0,8,13689
15995,Author_15995,5,121.0,8,13690
16119,Author_16119,5,121.0,9,13691
16191,Author_16191,5,121.0,13,13692
16241,Author_16241,5,121.0,6,13693
18167,Author_18167,5,121.0,10,13694
18994,Author_18994,5,121.0,8,13695
19192,Author_19192,5,121.0,10,13696
20192,Author_20192,5,121.0,10,13697
25346,Author_25346,5,121.0,13,13698
25711,Author_25711,5,121.0,18,13699
27195,Author_27195,5,121.0,8,13700
27400,Author_27400,5,121.0,7,13701
89,Author_00089,5,120.0,8,13702
881,Author_00881,5,120.0,9,13703
3560,Author_03560,5,120.0,7,13704
5114,Author_05114,5,120.0,11,13705
5143,Author_05143,5,120.0,6,13706
7622,Author_07622,5,120.0,11,13707
8328,Author_08328,5,120.0,6,13708
9163,Author_09163,5,120.0,7,13709
11539,Author_11539,5,120.0,8,13710
12893,Author_12893,5,120.0,12,13711
14090,Author_14090,5,120.0,14,13712
14972,Author_14972,5,120.0,6,13713
15128,Author_15128,5,120.0,14,13714
15283,Author_15283,5,120.0,12,13715
15632,Author_15632,5,120.0,15,13716
15770,Author_15770,5,120.0,9,13717
17826,Author_17826,5,120.0,7,13718
18639,Author_18639,5,120.0,6,13719
20497,Author_20497,5,120.0,9,13720
20542,Author_20542,5,120.0,9,13721
21674,Author_21674,5,120.0,6,13722
23016,Author_23016,5,120.0,14,13723
23295,Author_23295,5,120.0,8,13724
24620,Author_24620,5,120.0,8,13725
26480,Author_26480,5,120.0,9,13726
1841,Author_01841,5,119.0,8,13727
4281,Author_04281,5,119.0,10,13728
4593,Author_04593,5,119.0,7,13729
4840,Author_04840,5,119.0,12,13730
7959,Author_07959,5,119.0,7,13731
8363,Author_08363,5,119.0,8,13732
12241,Author_12241,5,119.0,5,13733
13417,Author_13417,5,119.0,7,13734
17077,Author_17077,5,119.0,10,13735
18012,Author_18012,5,119.0,7,13736
19188,Author_19188,5,119.0,9,13737
21034,Author_21034,5,119.0,8,13738
21567,Author_21567,5,119.0,9,13739
21966,Author_21966,5,119.0,9,13740
24635,Author_24635,5,119.0,9,13741
26111,Author_26111,5,119.0,8,13742
26448,Author_26448,5,119.0,7,13743
27978,Author_27978,5,119.0,10,13744
29413,Author_29413,5,119.0,11,13745
29636,Author_29636,5,119.0,8,13746
47,Author_00047,5,118.0,10,13747
3371,Author_03371,5,118.0,10,13748
3501,Author_03501,5,118.0,12,13749
4830,Author_04830,5,118.0,12,13750
5657,Author_05657,5,118.0,12,13751
7140,Author_07140,5,118.0,9,13752
8874,Author_08874,5,118.0,9,13753
10063,Author_10063,5,118.0,6,13754
10205,Author_10205,5,118.0,9,13755
10670,Author_10670,5,118.0,5,13756
11185,Author_11185,5,118.0,7,13757
12122,Author_12122,5,118.0,7,13758
14886,Author_14886,5,118.0,8,13759
16061,Author_16061,5,118.0,13,13760
16730,Author_16730,5,118.0,7,13761
17897,Author_17897,5,118.0,7,13762
19611,Author_19611,5,118.0,10,13763
26980,Author_26980,5,118.0,5,13764
28369,Author_28369,5,118.0,7,13765
29771,Author_29771,5,118.0,5,13766
4520,Author_04520,5,117.0,10,13767
4558,Author_04558,5,117.0,12,13768
5399,Author_05399,5,117.0,15,13769
5406,Author_05406,5,117.0,12,13770
5474,Author_05474,5,117.0,10,13771
7845,Author_07845,5,117.0,9,13772
7997,Author_07997,5,117.0,18,13773
9200,Author_09200,5,117.0,8,13774
11067,Author_11067,5,117.0,7,13775
16020,Author_16020,5,117.0,7,13776
17637,Author_17637,5,117.0,10,13777
19146,Author_19146,5,117.0,12,13778
19479,Author_19479,5,117.0,8,13779
20335,Author_20335,5,117.0,5,13780
20792,Author_20792,5,117.0,10,13781
22711,Author_22711,5,117.0,7,13782
25095,Author_25095,5,117.0,9,13783
26246,Author_26246,5,117.0,12,13784
27820,Author_27820,5,117.0,10,13785
28778,Author_28778,5,117.0,15,13786
29199,Author_29199,5,117.0,9,13787
29216,Author_29216,5,117.0,8,13788
6101,Author_06101,5,116.0,9,13789
6767,Author_06767,5,116.0,5,13790
7118,Author_07118,5,116.0,12,13791
7715,Author_07715,5,116.0,8,13792
8313,Author_08313,5,116.0,10,13793
9322,Author_09322,5,116.0,8,13794
14493,Author_14493,5,116.0,5,13795
14532,Author_14532,5,116.0,7,13796
14599,Author_14599,5,116.0,8,13797
17916,Author_17916,5,116.0,8,13798
25390,Author_25390,5,116.0,5,13799
25708,Author_25708,5,116.0,10,13800
28022,Author_28022,5,116.0,12,13801
28241,Author_28241,5,116.0,10,13802
28479,Author_28479,5,116.0,8,13803
29657,Author_29657,5,116.0,8,13804
786,Author_00786,5,115.0,17,13805
2945,Author_02945,5,115.0,11,13806
2962,Author_02962,5,115.0,10,13807
5739,Author_05739,5,115.0,14,13808
11315,Author_11315,5,115.0,8,13809
11462,Author_11462,5,115.0,6,13810
12270,Author_12270,5,115.0,8,13811
12797,Author_12797,5,115.0,6,13812
15792,Author_15792,5,115.0,9,13813
17512,Author_17512,5,115.0,8,13814
17922,Author_17922,5,115.0,10,13815
18863,Author_18863,5,115.0,11,13816
22698,Author_22698,5,115.0,15,13817
25460,Author_25460,5,115.0,7,13818
25844,Author_25844,5,115.0,11,13819
27309,Author_27309,5,115.0,9,13820
27529,Author_27529,5,115.0,10,13821
35,Author_00035,5,114.0,9,13822
1417,Author_01417,5,114.0,16,13823
2765,Author_02765,5,114.0,5,13824
4192,Author_04192,5,114.0,7,13825
4974,Author_04974,5,114.0,7,13826
5293,Author_05293,5,114.0,7,13827
6131,Author_06131,5,114.0,12,13828
8270,Author_08270,5,114.0,7,13829
8455,Author_08455,5,114.0,8,13830
10322,Author_10322,5,114.0,12,13831
11504,Author_11504,5,114.0,5,13832
12385,Author_12385,5,114.0,7,13833
13897,Author_13897,5,114.0,9,13834
16541,Author_16541,5,114.0,10,13835
18017,Author_18017,5,114.0,14,13836
19277,Author_19277,5,114.0,14,13837
20170,Author_20170,5,114.0,7,13838
20825,Author_20825,5,114.0,10,13839
21963,Author_21963,5,114.0,7,13840
22391,Author_22391,5,114.0,8,13841
24171,Author_24171,5,114.0,5,13842
24612,Author_24612,5,114.0,7,13843
25180,Author_25180,5,114.0,10,13844
25806,Author_25806,5,114.0,9,13845
28545,Author_28545,5,114.0,8,13846
28865,Author_28865,5,114.0,7,13847
268,Author_00268,5,113.0,6,13848
6127,Author_06127,5,113.0,9,13849
6274,Author_06274,5,113.0,7,13850
6410,Author_06410,5,113.0,8,13851
7914,Author_07914,5,113.0,8,13852
8131,Author_08131,5,113.0,8,13853
10328,Author_10328,5,113.0,6,13854
11219,Author_11219,5,113.0,5,13855
17215,Author_17215,5,113.0,9,13856
18522,Author_18522,5,113.0,8,13857
20786,Author_20786,5,113.0,8,13858
22049,Author_22049,5,113.0,9,13859
22827,Author_22827,5,113.0,10,13860
22836,Author_22836,5,113.0,8,13861
24583,Author_24583,5,113.0,8,13862
24682,Author_24682,5,113.0,7,13863
24882,Author_24882,5,113.0,9,13864
28052,Author_28052,5,113.0,10,13865
28721,Author_28721,5,113.0,7,13866
29349,Author_29349,5,113.0,8,13867
438,Author_00438,5,112.0,17,13868
2142,Author_02142,5,112.0,7,13869
2565,Author_02565,5,112.0,8,13870
3176,Author_03176,5,112.0,8,13871
4400,Author_04400,5,112.0,8,13872
4560,Author_04560,5,112.0,5,13873
8782,Author_08782,5,112.0,12,13874
12884,Author_12884,5,112.0,7,13875
13591,Author_13591,5,112.0,9,13876
16735,Author_16735,5,112.0,10,13877
20840,Author_20840,5,112.0,6,13878
21550,Author_21550,5,112.0,10,13879
22312,Author_22312,5,112.0,7,13880
24581,Author_24581,5,112.0,7,13881
24761,Author_24761,5,112.0,10,13882
25401,Author_25401,5,112.0,7,13883
25776,Author_25776,5,112.0,9,13884
26172,Author_26172,5,112.0,7,13885
27479,Author_27479,5,112.0,9,13886
29627,Author_29627,5,112.0,11,13887
29927,Author_29927,5,112.0,11,13888
1126,Author_01126,5,111.0,9,13889
2330,Author_02330,5,111.0,8,13890
5319,Author_05319,5,111.0,11,13891
6565,Author_06565,5,111.0,8,13892
7095,Author_07095,5,111.0,12,13893
9445,Author_09445,5,111.0,6,13894
10430,Author_10430,5,111.0,8,13895
13435,Author_13435,5,111.0,8,13896
15329,Author_15329,5,111.0,6,13897
15357,Author_15357,5,111.0,13,13898
17801,Author_17801,5,111.0,7,13899
17848,Author_17848,5,111.0,9,13900
18949,Author_18949,5,111.0,10,13901
19317,Author_19317,5,111.0,8,13902
21495,Author_21495,5,111.0,6,13903
24283,Author_24283,5,111.0,12,13904
24781,Author_24781,5,111.0,6,13905
25759,Author_25759,5,111.0,7,13906
26307,Author_26307,5,111.0,7,13907
28585,Author_28585,5,111.0,11,13908
29816,Author_29816,5,111.0,9,13909
20,Author_00020,5,110.0,6,13910
1394,Author_01394,5,110.0,6,13911
1960,Author_01960,5,110.0,7,13912
2110,Author_02110,5,110.0,17,13913
2124,Author_02124,5,110.0,10,13914
2392,Author_02392,5,110.0,10,13915
4195,Author_04195,5,110.0,13,13916
4233,Author_04233,5,110.0,8,13917
5483,Author_05483,5,110.0,10,13918
6785,Author_06785,5,110.0,11,13919
7259,Author_07259,5,110.0,6,13920
8516,Author_08516,5,110.0,7,13921
10255,Author_10255,5,110.0,7,13922
14903,Author_14903,5,110.0,12,13923
15498,Author_15498,5,110.0,8,13924
17531,Author_17531,5,110.0,10,13925
21833,Author_21833,5,110.0,8,13926
23844,Author_23844,5,110.0,7,13927
25982,Author_25982,5,110.0,10,13928
26055,Author_26055,5,110.0,7,13929
28454,Author_28454,5,110.0,6,13930
28588,Author_28588,5,110.0,10,13931
2526,Author_02526,5,109.0,5,13932
2530,Author_02530,5,109.0,9,13933
5964,Author_05964,5,109.0,8,13934
6093,Author_06093,5,109.0,9,13935
6431,Author_06431,5,109.0,7,13936
7383,Author_07383,5,109.0,7,13937
10740,Author_10740,5,109.0,18,13938
11874,Author_11874,5,109.0,12,13939
13344,Author_13344,5,109.0,7,13940
14119,Author_14119,5,109.0,9,13941
14132,Author_14132,5,109.0,8,13942
16019,Author_16019,5,109.0,10,13943
16588,Author_16588,5,109.0,11,13944
17564,Author_17564,5,109.0,6,13945
18238,Author_18238,5,109.0,12,13946
20963,Author_20963,5,109.0,9,13947
24126,Author_24126,5,109.0,5,13948
24753,Author_24753,5,109.0,11,13949
27578,Author_27578,5,109.0,9,13950
29671,Author_29671,5,109.0,7,13951
151,Author_00151,5,108.0,7,13952
328,Author_00328,5,108.0,6,13953
760,Author_00760,5,108.0,7,13954
1694,Author_01694,5,108.0,8,13955
3165,Author_03165,5,108.0,9,13956
4145,Author_04145,5,108.0,15,13957
4561,Author_04561,5,108.0,14,13958
4735,Author_04735,5,108.0,8,13959
6285,Author_06285,5,108.0,7,13960
6538,Author_06538,5,108.0,7,13961
7681,Author_07681,5,108.0,8,13962
8708,Author_08708,5,108.0,10,13963
13464,Author_13464,5,108.0,12,13964
18152,Author_18152,5,108.0,8,13965
18557,Author_18557,5,108.0,11,13966
20145,Author_20145,5,108.0,7,13967
20244,Author_20244,5,108.0,8,13968
21213,Author_21213,5,108.0,6,13969
23895,Author_23895,5,108.0,11,13970
28618,Author_28618,5,108.0,6,13971
432,Author_00432,5,107.0,7,13972
2314,Author_02314,5,107.0,13,13973
7280,Author_07280,5,107.0,9,13974
8247,Author_08247,5,107.0,8,13975
11789,Author_11789,5,107.0,11,13976
14424,Author_14424,5,107.0,8,13977
14598,Author_14598,5,107.0,10,13978
15081,Author_15081,5,107.0,9,13979
17238,Author_17238,5,107.0,8,13980
17775,Author_17775,5,107.0,7,13981
19108,Author_19108,5,107.0,5,13982
21727,Author_21727,5,107.0,7,13983
25178,Author_25178,5,107.0,8,13984
26412,Author_26412,5,107.0,9,13985
29064,Author_29064,5,107.0,7,13986
29470,Author_29470,5,107.0,8,13987
29500,Author_29500,5,107.0,8,13988
1055,Author_01055,5,106.0,9,13989
1813,Author_01813,5,106.0,9,13990
5686,Author_05686,5,106.0,6,13991
6897,Author_06897,5,106.0,11,13992
8728,Author_08728,5,106.0,9,13993
10129,Author_10129,5,106.0,13,13994
10622,Author_10622,5,106.0,7,13995
15807,Author_15807,5,106.0,8,13996
16514,Author_16514,5,106.0,8,13997
20103,Author_20103,5,106.0,6,13998
20332,Author_20332,5,106.0,7,13999
20886,Author_20886,5,106.0,7,14000
22483,Author_22483,5,106.0,7,14001
24141,Author_24141,5,106.0,8,14002
26285,Author_26285,5,106.0,9,14003
27935,Author_27935,5,106.0,12,14004
28505,Author_28505,5,106.0,8,14005
28709,Author_28709,5,106.0,9,14006
158,Author_00158,5,105.0,12,14007
1820,Author_01820,5,105.0,7,14008
4927,Author_04927,5,105.0,8,14009
5288,Author_05288,5,105.0,7,14010
6521,Author_06521,5,105.0,5,14011
7066,Author_07066,5,105.0,6,14012
7939,Author_07939,5,105.0,9,14013
10498,Author_10498,5,105.0,6,14014
12213,Author_12213,5,105.0,14,14015
13029,Author_13029,5,105.0,11,14016
14953,Author_14953,5,105.0,6,14017
16122,Author_16122,5,105.0,10,14018
17051,Author_17051,5,105.0,9,14019
18358,Author_18358,5,105.0,11,14020
18794,Author_18794,5,105.0,8,14021
20033,Author_20033,5,105.0,12,14022
20660,Author_20660,5,105.0,7,14023
22368,Author_22368,5,105.0,10,14024
22881,Author_22881,5,105.0,6,14025
23191,Author_23191,5,105.0,10,14026
27185,Author_27185,5,105.0,7,14027
29378,Author_29378,5,105.0,6,14028
29455,Author_29455,5,105.0,8,14029
1402,Author_01402,5,104.0,7,14030
5802,Author_05802,5,104.0,12,14031
5953,Author_05953,5,104.0,7,14032
7487,Author_07487,5,104.0,14,14033
7816,Author_07816,5,104.0,11,14034
10531,Author_10531,5,104.0,8,14035
11155,Author_11155,5,104.0,7,14036
13218,Author_13218,5,104.0,11,14037
15304,Author_15304,5,104.0,7,14038
21488,Author_21488,5,104.0,8,14039
22821,Author_22821,5,104.0,12,14040
23471,Author_23471,5,104.0,6,14041
23979,Author_23979,5,104.0,5,14042
27182,Author_27182,5,104.0,16,14043
1,Author_00001,5,103.0,10,14044
1448,Author_01448,5,103.0,13,14045
2635,Author_02635,5,103.0,7,14046
7059,Author_07059,5,103.0,7,14047
8180,Author_08180,5,103.0,13,14048
9351,Author_09351,5,103.0,7,14049
9787,Author_09787,5,103.0,9,14050
12489,Author_12489,5,103.0,8,14051
12584,Author_12584,5,103.0,9,14052
14626,Author_14626,5,103.0,13,14053
14799,Author_14799,5,103.0,5,14054
15388,Author_15388,5,103.0,11,14055
15740,Author_15740,5,103.0,11,14056
16925,Author_16925,5,103.0,8,14057
17872,Author_17872,5,103.0,8,14058
18369,Author_18369,5,103.0,7,14059
18891,Author_18891,5,103.0,10,14060
20191,Author_20191,5,103.0,10,14061
20703,Author_20703,5,103.0,8,14062
24030,Author_24030,5,103.0,12,14063
25409,Author_25409,5,103.0,8,14064
26053,Author_26053,5,103.0,10,14065
28111,Author_28111,5,103.0,8,14066
28170,Author_28170,5,103.0,5,14067
28321,Author_28321,5,103.0,9,14068
612,Author_00612,5,102.0,9,14069
2434,Author_02434,5,102.0,13,14070
3799,Author_03799,5,102.0,7,14071
4542,Author_04542,5,102.0,12,14072
4672,Author_04672,5,102.0,7,14073
5382,Author_05382,5,102.0,6,14074
11821,Author_11821,5,102.0,9,14075
12873,Author_12873,5,102.0,13,14076
12965,Author_12965,5,102.0,10,14077
13283,Author_13283,5,102.0,7,14078
14386,Author_14386,5,102.0,8,14079
15808,Author_15808,5,102.0,6,14080
16351,Author_16351,5,102.0,7,14081
16499,Author_16499,5,102.0,8,14082
16569,Author_16569,5,102.0,10,14083
16619,Author_16619,5,102.0,11,14084
17209,Author_17209,5,102.0,8,14085
17986,Author_17986,5,102.0,11,14086
18711,Author_18711,5,102.0,8,14087
21726,Author_21726,5,102.0,11,14088
22431,Author_22431,5,102.0,15,14089
23443,Author_23443,5,102.0,7,14090
24089,Author_24089,5,102.0,6,14091
24576,Author_24576,5,102.0,9,14092
29457,Author_29457,5,102.0,11,14093
678,Author_00678,5,101.0,8,14094
1888,Author_01888,5,101.0,12,14095
5335,Author_05335,5,101.0,10,14096
5342,Author_05342,5,101.0,8,14097
7206,Author_07206,5,101.0,12,14098
7543,Author_07543,5,101.0,9,14099
7875,Author_07875,5,101.0,12,14100
8064,Author_08064,5,101.0,11,14101
8320,Author_08320,5,101.0,9,14102
10208,Author_10208,5,101.0,7,14103
12228,Author_12228,5,101.0,8,14104
13885,Author_13885,5,101.0,10,14105
14378,Author_14378,5,101.0,9,14106
16226,Author_16226,5,101.0,7,14107
19309,Author_19309,5,101.0,9,14108
19847,Author_19847,5,101.0,10,14109
22144,Author_22144,5,101.0,13,14110
23587,Author_23587,5,101.0,11,14111
24599,Author_24599,5,101.0,9,14112
25765,Author_25765,5,101.0,8,14113
25908,Author_25908,5,101.0,10,14114
25948,Author_25948,5,101.0,9,14115
28073,Author_28073,5,101.0,11,14116
28809,Author_28809,5,101.0,14,14117
5368,Author_05368,5,100.0,5,14118
7232,Author_07232,5,100.0,8,14119
7742,Author_07742,5,100.0,7,14120
7968,Author_07968,5,100.0,9,14121
9583,Author_09583,5,100.0,8,14122
9733,Author_09733,5,100.0,9,14123
11320,Author_11320,5,100.0,9,14124
11414,Author_11414,5,100.0,10,14125
12784,Author_12784,5,100.0,5,14126
13049,Author_13049,5,100.0,8,14127
15288,Author_15288,5,100.0,5,14128
15526,Author_15526,5,100.0,11,14129
16070,Author_16070,5,100.0,5,14130
16190,Author_16190,5,100.0,13,14131
18284,Author_18284,5,100.0,10,14132
20592,Author_20592,5,100.0,6,14133
20942,Author_20942,5,100.0,8,14134
21307,Author_21307,5,100.0,9,14135
22449,Author_22449,5,100.0,8,14136
23701,Author_23701,5,100.0,10,14137
26193,Author_26193,5,100.0,9,14138
26383,Author_26383,5,100.0,9,14139
28562,Author_28562,5,100.0,9,14140
2103,Author_02103,5,99.0,7,14141
2622,Author_02622,5,99.0,9,14142
2817,Author_02817,5,99.0,11,14143
2836,Author_02836,5,99.0,7,14144
3860,Author_03860,5,99.0,11,14145
4862,Author_04862,5,99.0,10,14146
5475,Author_05475,5,99.0,8,14147
11143,Author_11143,5,99.0,10,14148
12411,Author_12411,5,99.0,6,14149
13510,Author_13510,5,99.0,7,14150
14097,Author_14097,5,99.0,6,14151
21529,Author_21529,5,99.0,8,14152
23868,Author_23868,5,99.0,8,14153
28228,Author_28228,5,99.0,15,14154
28732,Author_28732,5,99.0,12,14155
1132,Author_01132,5,98.0,14,14156
1449,Author_01449,5,98.0,14,14157
1717,Author_01717,5,98.0,9,14158
3037,Author_03037,5,98.0,8,14159
3048,Author_03048,5,98.0,11,14160
5728,Author_05728,5,98.0,7,14161
6854,Author_06854,5,98.0,7,14162
8465,Author_08465,5,98.0,5,14163
10290,Author_10290,5,98.0,8,14164
12303,Author_12303,5,98.0,5,14165
12822,Author_12822,5,98.0,8,14166
15153,Author_15153,5,98.0,6,14167
16489,Author_16489,5,98.0,11,14168
17949,Author_17949,5,98.0,13,14169
18165,Author_18165,5,98.0,6,14170
27033,Author_27033,5,98.0,10,14171
27938,Author_27938,5,98.0,12,14172
28139,Author_28139,5,98.0,15,14173
28299,Author_28299,5,98.0,8,14174
28952,Author_28952,5,98.0,8,14175
1444,Author_01444,5,97.0,12,14176
1833,Author_01833,5,97.0,6,14177
3378,Author_03378,5,97.0,7,14178
4074,Author_04074,5,97.0,10,14179
7719,Author_07719,5,97.0,9,14180
9632,Author_09632,5,97.0,11,14181
10490,Author_10490,5,97.0,8,14182
12603,Author_12603,5,97.0,7,14183
13414,Author_13414,5,97.0,7,14184
16137,Author_16137,5,97.0,11,14185
19697,Author_19697,5,97.0,6,14186
26289,Author_26289,5,97.0,10,14187
26654,Author_26654,5,97.0,6,14188
29766,Author_29766,5,97.0,9,14189
494,Author_00494,5,96.0,12,14190
1348,Author_01348,5,96.0,11,14191
2686,Author_02686,5,96.0,8,14192
3994,Author_03994,5,96.0,9,14193
5854,Author_05854,5,96.0,6,14194
8077,Author_08077,5,96.0,14,14195
8413,Author_08413,5,96.0,9,14196
9474,Author_09474,5,96.0,10,14197
10427,Author_10427,5,96.0,8,14198
10810,Author_10810,5,96.0,9,14199
12344,Author_12344,5,96.0,9,14200
12583,Author_12583,5,96.0,5,14201
13067,Author_13067,5,96.0,12,14202
14241,Author_14241,5,96.0,7,14203
15178,Author_15178,5,96.0,10,14204
16431,Author_16431,5,96.0,11,14205
16694,Author_16694,5,96.0,12,14206
18503,Author_18503,5,96.0,8,14207
20365,Author_20365,5,96.0,11,14208
21229,Author_21229,5,96.0,13,14209
21496,Author_21496,5,96.0,10,14210
22072,Author_22072,5,96.0,7,14211
25295,Author_25295,5,96.0,6,14212
25851,Author_25851,5,96.0,9,14213
27197,Author_27197,5,96.0,7,14214
28017,Author_28017,5,96.0,12,14215
28528,Author_28528,5,96.0,7,14216
175,Author_00175,5,95.0,11,14217
1145,Author_01145,5,95.0,7,14218
2809,Author_02809,5,95.0,10,14219
3144,Author_03144,5,95.0,6,14220
3640,Author_03640,5,95.0,8,14221
4363,Author_04363,5,95.0,5,14222
6077,Author_06077,5,95.0,11,14223
6507,Author_06507,5,95.0,7,14224
6630,Author_06630,5,95.0,8,14225
10709,Author_10709,5,95.0,10,14226
11487,Author_11487,5,95.0,10,14227
16178,Author_16178,5,95.0,11,14228
16574,Author_16574,5,95.0,8,14229
16792,Author_16792,5,95.0,13,14230
17580,Author_17580,5,95.0,7,14231
23526,Author_23526,5,95.0,10,14232
25378,Author_25378,5,95.0,8,14233
25681,Author_25681,5,95.0,8,14234
26207,Author_26207,5,95.0,8,14235
28987,Author_28987,5,95.0,9,14236
29073,Author_29073,5,95.0,5,14237
29322,Author_29322,5,95.0,9,14238
29556,Author_29556,5,95.0,5,14239
377,Author_00377,5,94.0,10,14240
4376,Author_04376,5,94.0,9,14241
4380,Author_04380,5,94.0,8,14242
5099,Author_05099,5,94.0,16,14243
5170,Author_05170,5,94.0,5,14244
5521,Author_05521,5,94.0,9,14245
5706,Author_05706,5,94.0,6,14246
7003,Author_07003,5,94.0,10,14247
7013,Author_07013,5,94.0,9,14248
7192,Author_07192,5,94.0,7,14249
12314,Author_12314,5,94.0,9,14250
12688,Author_12688,5,94.0,5,14251
16175,Author_16175,5,94.0,8,14252
17039,Author_17039,5,94.0,11,14253
17121,Author_17121,5,94.0,6,14254
19784,Author_19784,5,94.0,7,14255
19889,Author_19889,5,94.0,7,14256
20164,Author_20164,5,94.0,7,14257
20903,Author_20903,5,94.0,9,14258
22172,Author_22172,5,94.0,7,14259
22975,Author_22975,5,94.0,9,14260
23047,Author_23047,5,94.0,9,14261
24147,Author_24147,5,94.0,10,14262
24292,Author_24292,5,94.0,7,14263
25093,Author_25093,5,94.0,14,14264
26659,Author_26659,5,94.0,7,14265
27024,Author_27024,5,94.0,7,14266
27035,Author_27035,5,94.0,8,14267
28076,Author_28076,5,94.0,6,14268
821,Author_00821,5,93.0,7,14269
875,Author_00875,5,93.0,9,14270
1584,Author_01584,5,93.0,9,14271
1751,Author_01751,5,93.0,9,14272
3320,Author_03320,5,93.0,12,14273
3847,Author_03847,5,93.0,5,14274
6742,Author_06742,5,93.0,12,14275
8121,Author_08121,5,93.0,15,14276
8521,Author_08521,5,93.0,9,14277
8829,Author_08829,5,93.0,8,14278
8998,Author_08998,5,93.0,14,14279
12268,Author_12268,5,93.0,6,14280
16118,Author_16118,5,93.0,9,14281
16331,Author_16331,5,93.0,8,14282
17016,Author_17016,5,93.0,8,14283
18568,Author_18568,5,93.0,8,14284
19305,Author_19305,5,93.0,7,14285
19996,Author_19996,5,93.0,6,14286
21158,Author_21158,5,93.0,11,14287
24108,Author_24108,5,93.0,9,14288
27963,Author_27963,5,93.0,13,14289
2672,Author_02672,5,92.0,6,14290
3266,Author_03266,5,92.0,8,14291
4013,Author_04013,5,92.0,7,14292
4165,Author_04165,5,92.0,12,14293
4204,Author_04204,5,92.0,9,14294
5162,Author_05162,5,92.0,12,14295
5753,Author_05753,5,92.0,12,14296
6626,Author_06626,5,92.0,6,14297
7451,Author_07451,5,92.0,9,14298
9963,Author_09963,5,92.0,7,14299
11616,Author_11616,5,92.0,6,14300
12663,Author_12663,5,92.0,5,14301
14182,Author_14182,5,92.0,6,14302
14268,Author_14268,5,92.0,11,14303
14753,Author_14753,5,92.0,9,14304
15382,Author_15382,5,92.0,7,14305
17120,Author_17120,5,92.0,7,14306
17865,Author_17865,5,92.0,14,14307
19648,Author_19648,5,92.0,6,14308
19932,Author_19932,5,92.0,6,14309
21914,Author_21914,5,92.0,9,14310
21969,Author_21969,5,92.0,8,14311
23092,Author_23092,5,92.0,8,14312
23093,Author_23093,5,92.0,11,14313
23775,Author_23775,5,92.0,10,14314
24112,Author_24112,5,92.0,10,14315
24791,Author_24791,5,92.0,6,14316
26188,Author_26188,5,92.0,15,14317
27214,Author_27214,5,92.0,7,14318
28956,Author_28956,5,92.0,7,14319
417,Author_00417,5,91.0,9,14320
1192,Author_01192,5,91.0,9,14321
1650,Author_01650,5,91.0,12,14322
1679,Author_01679,5,91.0,8,14323
2535,Author_02535,5,91.0,9,14324
4080,Author_04080,5,91.0,8,14325
4530,Author_04530,5,91.0,11,14326
5687,Author_05687,5,91.0,8,14327
6749,Author_06749,5,91.0,7,14328
7030,Author_07030,5,91.0,13,14329
7063,Author_07063,5,91.0,9,14330
8541,Author_08541,5,91.0,8,14331
11831,Author_11831,5,91.0,8,14332
12236,Author_12236,5,91.0,6,14333
13931,Author_13931,5,91.0,8,14334
14160,Author_14160,5,91.0,5,14335
14788,Author_14788,5,91.0,7,14336
14898,Author_14898,5,91.0,8,14337
16411,Author_16411,5,91.0,6,14338
17885,Author_17885,5,91.0,8,14339
19577,Author_19577,5,91.0,12,14340
19810,Author_19810,5,91.0,12,14341
19936,Author_19936,5,91.0,5,14342
19972,Author_19972,5,91.0,9,14343
20997,Author_20997,5,91.0,12,14344
22175,Author_22175,5,91.0,11,14345
22200,Author_22200,5,91.0,13,14346
23984,Author_23984,5,91.0,8,14347
25347,Author_25347,5,91.0,6,14348
29681,Author_29681,5,91.0,7,14349
29749,Author_29749,5,91.0,10,14350
2201,Author_02201,5,90.0,9,14351
3455,Author_03455,5,90.0,10,14352
3826,Author_03826,5,90.0,10,14353
5361,Author_05361,5,90.0,8,14354
5457,Author_05457,5,90.0,10,14355
5580,Author_05580,5,90.0,8,14356
6822,Author_06822,5,90.0,9,14357
7483,Author_07483,5,90.0,8,14358
8786,Author_08786,5,90.0,8,14359
8800,Author_08800,5,90.0,10,14360
9024,Author_09024,5,90.0,10,14361
10494,Author_10494,5,90.0,11,14362
10897,Author_10897,5,90.0,7,14363
11323,Author_11323,5,90.0,7,14364
12418,Author_12418,5,90.0,12,14365
12519,Author_12519,5,90.0,11,14366
16910,Author_16910,5,90.0,14,14367
17448,Author_17448,5,90.0,7,14368
18793,Author_18793,5,90.0,7,14369
22902,Author_22902,5,90.0,9,14370
24238,Author_24238,5,90.0,5,14371
25740,Author_25740,5,90.0,9,14372
26021,Author_26021,5,90.0,10,14373
26138,Author_26138,5,90.0,10,14374
27547,Author_27547,5,90.0,10,14375
28143,Author_28143,5,90.0,8,14376
28575,Author_28575,5,90.0,9,14377
28695,Author_28695,5,90.0,9,14378
3426,Author_03426,5,89.0,12,14379
4479,Author_04479,5,89.0,14,14380
5248,Author_05248,5,89.0,11,14381
6252,Author_06252,5,89.0,8,14382
7135,Author_07135,5,89.0,8,14383
9010,Author_09010,5,89.0,10,14384
9601,Author_09601,5,89.0,8,14385
10846,Author_10846,5,89.0,7,14386
12731,Author_12731,5,89.0,9,14387
14610,Author_14610,5,89.0,9,14388
17024,Author_17024,5,89.0,7,14389
17474,Author_17474,5,89.0,6,14390
18436,Author_18436,5,89.0,10,14391
18515,Author_18515,5,89.0,8,14392
20896,Author_20896,5,89.0,12,14393
20957,Author_20957,5,89.0,5,14394
25569,Author_25569,5,89.0,7,14395
25933,Author_25933,5,89.0,8,14396
27582,Author_27582,5,89.0,7,14397
29132,Author_29132,5,89.0,8,14398
29726,Author_29726,5,89.0,11,14399
1703,Author_01703,5,88.0,11,14400
2483,Author_02483,5,88.0,7,14401
2909,Author_02909,5,88.0,7,14402
3461,Author_03461,5,88.0,8,14403
4017,Author_04017,5,88.0,9,14404
6232,Author_06232,5,88.0,8,14405
7674,Author_07674,5,88.0,11,14406
10453,Author_10453,5,88.0,5,14407
10763,Author_10763,5,88.0,12,14408
12016,Author_12016,5,88.0,7,14409
13445,Author_13445,5,88.0,10,14410
15260,Author_15260,5,88.0,6,14411
15879,Author_15879,5,88.0,7,14412
16494,Author_16494,5,88.0,5,14413
17138,Author_17138,5,88.0,11,14414
18241,Author_18241,5,88.0,10,14415
19644,Author_19644,5,88.0,9,14416
19917,Author_19917,5,88.0,10,14417
23085,Author_23085,5,88.0,8,14418
24841,Author_24841,5,88.0,11,14419
27881,Author_27881,5,88.0,8,14420
28040,Author_28040,5,88.0,7,14421
28158,Author_28158,5,88.0,10,14422
459,Author_00459,5,87.0,8,14423
874,Author_00874,5,87.0,9,14424
5702,Author_05702,5,87.0,8,14425
8382,Author_08382,5,87.0,7,14426
8980,Author_08980,5,87.0,8,14427
11217,Author_11217,5,87.0,8,14428
12563,Author_12563,5,87.0,8,14429
13233,Author_13233,5,87.0,15,14430
13512,Author_13512,5,87.0,8,14431
14057,Author_14057,5,87.0,14,14432
15669,Author_15669,5,87.0,6,14433
16560,Author_16560,5,87.0,13,14434
19076,Author_19076,5,87.0,5,14435
19299,Author_19299,5,87.0,7,14436
20437,Author_20437,5,87.0,5,14437
23417,Author_23417,5,87.0,7,14438
23728,Author_23728,5,87.0,11,14439
24754,Author_24754,5,87.0,5,14440
25086,Author_25086,5,87.0,8,14441
27538,Author_27538,5,87.0,11,14442
1398,Author_01398,5,86.0,12,14443
1998,Author_01998,5,86.0,7,14444
5266,Author_05266,5,86.0,7,14445
5772,Author_05772,5,86.0,11,14446
7471,Author_07471,5,86.0,9,14447
8841,Author_08841,5,86.0,7,14448
10341,Author_10341,5,86.0,10,14449
10392,Author_10392,5,86.0,7,14450
10620,Author_10620,5,86.0,6,14451
11780,Author_11780,5,86.0,9,14452
13082,Author_13082,5,86.0,12,14453
14769,Author_14769,5,86.0,11,14454
15806,Author_15806,5,86.0,7,14455
16260,Author_16260,5,86.0,7,14456
17484,Author_17484,5,86.0,9,14457
18285,Author_18285,5,86.0,9,14458
19113,Author_19113,5,86.0,8,14459
19208,Author_19208,5,86.0,12,14460
19956,Author_19956,5,86.0,7,14461
20577,Author_20577,5,86.0,6,14462
27064,Author_27064,5,86.0,12,14463
613,Author_00613,5,85.0,11,14464
2443,Author_02443,5,85.0,9,14465
3067,Author_03067,5,85.0,11,14466
7561,Author_07561,5,85.0,8,14467
8697,Author_08697,5,85.0,8,14468
10109,Author_10109,5,85.0,7,14469
10869,Author_10869,5,85.0,7,14470
10875,Author_10875,5,85.0,9,14471
14877,Author_14877,5,85.0,12,14472
17050,Author_17050,5,85.0,7,14473
19298,Author_19298,5,85.0,5,14474
21686,Author_21686,5,85.0,11,14475
22408,Author_22408,5,85.0,9,14476
23886,Author_23886,5,85.0,8,14477
23959,Author_23959,5,85.0,7,14478
24059,Author_24059,5,85.0,10,14479
26423,Author_26423,5,85.0,6,14480
26484,Author_26484,5,85.0,12,14481
28212,Author_28212,5,85.0,9,14482
28468,Author_28468,5,85.0,9,14483
29105,Author_29105,5,85.0,7,14484
29171,Author_29171,5,85.0,9,14485
29227,Author_29227,5,85.0,13,14486
1701,Author_01701,5,84.0,9,14487
2543,Author_02543,5,84.0,6,14488
3574,Author_03574,5,84.0,12,14489
7056,Author_07056,5,84.0,12,14490
10389,Author_10389,5,84.0,12,14491
11237,Author_11237,5,84.0,6,14492
12788,Author_12788,5,84.0,7,14493
14918,Author_14918,5,84.0,5,14494
15656,Author_15656,5,84.0,10,14495
18566,Author_18566,5,84.0,6,14496
18990,Author_18990,5,84.0,6,14497
21520,Author_21520,5,84.0,9,14498
22201,Author_22201,5,84.0,6,14499
23741,Author_23741,5,84.0,8,14500
25667,Author_25667,5,84.0,12,14501
27270,Author_27270,5,84.0,9,14502
27825,Author_27825,5,84.0,7,14503
28206,Author_28206,5,84.0,8,14504
202,Author_00202,5,83.0,15,14505
684,Author_00684,5,83.0,9,14506
3745,Author_03745,5,83.0,7,14507
5450,Author_05450,5,83.0,8,14508
8294,Author_08294,5,83.0,5,14509
10188,Author_10188,5,83.0,6,14510
10719,Author_10719,5,83.0,9,14511
12117,Author_12117,5,83.0,7,14512
12889,Author_12889,5,83.0,9,14513
15858,Author_15858,5,83.0,8,14514
17273,Author_17273,5,83.0,8,14515
18582,Author_18582,5,83.0,11,14516
19326,Author_19326,5,83.0,7,14517
20025,Author_20025,5,83.0,11,14518
20820,Author_20820,5,83.0,7,14519
22301,Author_22301,5,83.0,9,14520
23759,Author_23759,5,83.0,12,14521
24101,Author_24101,5,83.0,11,14522
24215,Author_24215,5,83.0,7,14523
24355,Author_24355,5,83.0,10,14524
25319,Author_25319,5,83.0,9,14525
27591,Author_27591,5,83.0,14,14526
28506,Author_28506,5,83.0,6,14527
29292,Author_29292,5,83.0,6,14528
68,Author_00068,5,82.0,11,14529
918,Author_00918,5,82.0,6,14530
2753,Author_02753,5,82.0,8,14531
3927,Author_03927,5,82.0,6,14532
4461,Author_04461,5,82.0,11,14533
4986,Author_04986,5,82.0,9,14534
6254,Author_06254,5,82.0,9,14535
8181,Author_08181,5,82.0,7,14536
8582,Author_08582,5,82.0,11,14537
9504,Author_09504,5,82.0,8,14538
10720,Author_10720,5,82.0,6,14539
11316,Author_11316,5,82.0,10,14540
12230,Author_12230,5,82.0,12,14541
12803,Author_12803,5,82.0,10,14542
14341,Author_14341,5,82.0,6,14543
14823,Author_14823,5,82.0,8,14544
18501,Author_18501,5,82.0,8,14545
18889,Author_18889,5,82.0,8,14546
19382,Author_19382,5,82.0,6,14547
19672,Author_19672,5,82.0,12,14548
21202,Author_21202,5,82.0,11,14549
24957,Author_24957,5,82.0,13,14550
25004,Author_25004,5,82.0,10,14551
25817,Author_25817,5,82.0,10,14552
26774,Author_26774,5,82.0,7,14553
26831,Author_26831,5,82.0,9,14554
28589,Author_28589,5,82.0,6,14555
29096,Author_29096,5,82.0,8,14556
29253,Author_29253,5,82.0,7,14557
465,Author_00465,5,81.0,11,14558
1714,Author_01714,5,81.0,12,14559
2227,Author_02227,5,81.0,6,14560
3026,Author_03026,5,81.0,12,14561
3343,Author_03343,5,81.0,14,14562
4315,Author_04315,5,81.0,6,14563
4470,Author_04470,5,81.0,15,14564
5124,Author_05124,5,81.0,11,14565
6061,Author_06061,5,81.0,16,14566
7070,Author_07070,5,81.0,8,14567
7896,Author_07896,5,81.0,13,14568
8965,Author_08965,5,81.0,7,14569
9062,Author_09062,5,81.0,6,14570
11124,Author_11124,5,81.0,7,14571
13072,Author_13072,5,81.0,6,14572
15061,Author_15061,5,81.0,7,14573
17015,Author_17015,5,81.0,6,14574
18832,Author_18832,5,81.0,8,14575
19691,Author_19691,5,81.0,11,14576
22168,Author_22168,5,81.0,8,14577
24891,Author_24891,5,81.0,14,14578
26962,Author_26962,5,81.0,7,14579
27495,Author_27495,5,81.0,10,14580
28868,Author_28868,5,81.0,8,14581
162,Author_00162,5,80.0,7,14582
797,Author_00797,5,80.0,10,14583
3809,Author_03809,5,80.0,8,14584
5119,Author_05119,5,80.0,7,14585
5173,Author_05173,5,80.0,8,14586
5639,Author_05639,5,80.0,6,14587
7805,Author_07805,5,80.0,5,14588
8078,Author_08078,5,80.0,7,14589
9581,Author_09581,5,80.0,6,14590
10745,Author_10745,5,80.0,6,14591
11347,Author_11347,5,80.0,7,14592
13806,Author_13806,5,80.0,10,14593
14180,Author_14180,5,80.0,7,14594
17087,Author_17087,5,80.0,15,14595
19185,Author_19185,5,80.0,8,14596
19751,Author_19751,5,80.0,10,14597
19878,Author_19878,5,80.0,10,14598
20111,Author_20111,5,80.0,6,14599
21150,Author_21150,5,80.0,5,14600
21619,Author_21619,5,80.0,7,14601
22157,Author_22157,5,80.0,10,14602
24151,Author_24151,5,80.0,6,14603
24193,Author_24193,5,80.0,9,14604
24618,Author_24618,5,80.0,8,14605
24860,Author_24860,5,80.0,9,14606
24863,Author_24863,5,80.0,7,14607
25197,Author_25197,5,80.0,6,14608
27173,Author_27173,5,80.0,11,14609
27651,Author_27651,5,80.0,10,14610
27807,Author_27807,5,80.0,7,14611
28572,Author_28572,5,80.0,10,14612
29865,Author_29865,5,80.0,11,14613
2359,Author_02359,5,79.0,9,14614
3381,Author_03381,5,79.0,10,14615
8522,Author_08522,5,79.0,8,14616
8840,Author_08840,5,79.0,10,14617
8984,Author_08984,5,79.0,9,14618
9383,Author_09383,5,79.0,13,14619
9880,Author_09880,5,79.0,10,14620
10240,Author_10240,5,79.0,8,14621
16479,Author_16479,5,79.0,9,14622
16657,Author_16657,5,79.0,7,14623
17204,Author_17204,5,79.0,8,14624
17302,Author_17302,5,79.0,10,14625
17785,Author_17785,5,79.0,7,14626
17874,Author_17874,5,79.0,18,14627
19362,Author_19362,5,79.0,7,14628
19708,Author_19708,5,79.0,7,14629
21800,Author_21800,5,79.0,7,14630
21974,Author_21974,5,79.0,8,14631
25221,Author_25221,5,79.0,11,14632
25478,Author_25478,5,79.0,8,14633
29968,Author_29968,5,79.0,7,14634
382,Author_00382,5,78.0,7,14635
711,Author_00711,5,78.0,5,14636
1631,Author_01631,5,78.0,11,14637
2363,Author_02363,5,78.0,8,14638
3288,Author_03288,5,78.0,9,14639
6576,Author_06576,5,78.0,8,14640
8507,Author_08507,5,78.0,9,14641
9097,Author_09097,5,78.0,11,14642
9891,Author_09891,5,78.0,7,14643
10382,Author_10382,5,78.0,6,14644
11364,Author_11364,5,78.0,11,14645
13627,Author_13627,5,78.0,7,14646
14425,Author_14425,5,78.0,5,14647
15040,Author_15040,5,78.0,8,14648
17264,Author_17264,5,78.0,6,14649
17729,Author_17729,5,78.0,10,14650
19116,Author_19116,5,78.0,10,14651
19867,Author_19867,5,78.0,7,14652
20814,Author_20814,5,78.0,8,14653
21867,Author_21867,5,78.0,5,14654
25896,Author_25896,5,78.0,7,14655
26011,Author_26011,5,78.0,12,14656
26736,Author_26736,5,78.0,10,14657
26801,Author_26801,5,78.0,7,14658
27156,Author_27156,5,78.0,10,14659
27589,Author_27589,5,78.0,8,14660
27995,Author_27995,5,78.0,9,14661
28640,Author_28640,5,78.0,8,14662
104,Author_00104,5,77.0,12,14663
1532,Author_01532,5,77.0,8,14664
3133,Author_03133,5,77.0,7,14665
3846,Author_03846,5,77.0,8,14666
4404,Author_04404,5,77.0,8,14667
5022,Author_05022,5,77.0,10,14668
5467,Author_05467,5,77.0,6,14669
7591,Author_07591,5,77.0,6,14670
8380,Author_08380,5,77.0,14,14671
10415,Author_10415,5,77.0,8,14672
12726,Author_12726,5,77.0,13,14673
12810,Author_12810,5,77.0,12,14674
12923,Author_12923,5,77.0,9,14675
14008,Author_14008,5,77.0,9,14676
15187,Author_15187,5,77.0,7,14677
15838,Author_15838,5,77.0,8,14678
17338,Author_17338,5,77.0,8,14679
18852,Author_18852,5,77.0,7,14680
19579,Author_19579,5,77.0,8,14681
21036,Author_21036,5,77.0,6,14682
21881,Author_21881,5,77.0,11,14683
24883,Author_24883,5,77.0,9,14684
223,Author_00223,5,76.0,9,14685
1011,Author_01011,5,76.0,8,14686
2131,Author_02131,5,76.0,7,14687
2832,Author_02832,5,76.0,5,14688
2982,Author_02982,5,76.0,8,14689
4304,Author_04304,5,76.0,9,14690
6220,Author_06220,5,76.0,9,14691
6727,Author_06727,5,76.0,8,14692
7860,Author_07860,5,76.0,10,14693
8005,Author_08005,5,76.0,12,14694
8876,Author_08876,5,76.0,10,14695
10215,Author_10215,5,76.0,9,14696
12034,Author_12034,5,76.0,14,14697
12323,Author_12323,5,76.0,11,14698
15499,Author_15499,5,76.0,14,14699
17615,Author_17615,5,76.0,6,14700
17981,Author_17981,5,76.0,10,14701
19144,Author_19144,5,76.0,6,14702
19493,Author_19493,5,76.0,12,14703
22218,Author_22218,5,76.0,10,14704
23606,Author_23606,5,76.0,6,14705
23951,Author_23951,5,76.0,8,14706
24184,Author_24184,5,76.0,12,14707
25900,Author_25900,5,76.0,13,14708
26421,Author_26421,5,76.0,7,14709
26611,Author_26611,5,76.0,7,14710
1065,Author_01065,5,75.0,5,14711
9217,Author_09217,5,75.0,13,14712
12807,Author_12807,5,75.0,11,14713
13193,Author_13193,5,75.0,9,14714
13781,Author_13781,5,75.0,12,14715
14565,Author_14565,5,75.0,7,14716
14785,Author_14785,5,75.0,9,14717
15595,Author_15595,5,75.0,10,14718
20069,Author_20069,5,75.0,11,14719
23063,Author_23063,5,75.0,7,14720
24976,Author_24976,5,75.0,7,14721
29205,Author_29205,5,75.0,7,14722
29629,Author_29629,5,75.0,11,14723
1187,Author_01187,5,74.0,9,14724
2992,Author_02992,5,74.0,11,14725
4207,Author_04207,5,74.0,6,14726
6397,Author_06397,5,74.0,11,14727
7492,Author_07492,5,74.0,10,14728
8681,Author_08681,5,74.0,8,14729
8790,Author_08790,5,74.0,7,14730
9004,Author_09004,5,74.0,10,14731
9108,Author_09108,5,74.0,7,14732
11737,Author_11737,5,74.0,11,14733
11835,Author_11835,5,74.0,9,14734
14210,Author_14210,5,74.0,12,14735
15297,Author_15297,5,74.0,6,14736
19129,Author_19129,5,74.0,5,14737
19295,Author_19295,5,74.0,6,14738
19327,Author_19327,5,74.0,11,14739
19414,Author_19414,5,74.0,11,14740
19806,Author_19806,5,74.0,7,14741
20454,Author_20454,5,74.0,6,14742
21407,Author_21407,5,74.0,6,14743
21913,Author_21913,5,74.0,13,14744
22142,Author_22142,5,74.0,10,14745
23137,Author_23137,5,74.0,10,14746
23930,Author_23930,5,74.0,5,14747
25446,Author_25446,5,74.0,7,14748
27604,Author_27604,5,74.0,9,14749
28518,Author_28518,5,74.0,7,14750
28532,Author_28532,5,74.0,9,14751
619,Author_00619,5,73.0,10,14752
2597,Author_02597,5,73.0,8,14753
2625,Author_02625,5,73.0,9,14754
6619,Author_06619,5,73.0,5,14755
11421,Author_11421,5,73.0,8,14756
14271,Author_14271,5,73.0,14,14757
14463,Author_14463,5,73.0,11,14758
14473,Author_14473,5,73.0,9,14759
16394,Author_16394,5,73.0,8,14760
17023,Author_17023,5,73.0,5,14761
17709,Author_17709,5,73.0,11,14762
18894,Author_18894,5,73.0,6,14763
20060,Author_20060,5,73.0,9,14764
22165,Author_22165,5,73.0,6,14765
23035,Author_23035,5,73.0,9,14766
25356,Author_25356,5,73.0,7,14767
28788,Author_28788,5,73.0,12,14768
29125,Author_29125,5,73.0,13,14769
29207,Author_29207,5,73.0,8,14770
347,Author_00347,5,72.0,8,14771
485,Author_00485,5,72.0,6,14772
830,Author_00830,5,72.0,6,14773
2841,Author_02841,5,72.0,5,14774
6536,Author_06536,5,72.0,9,14775
7737,Author_07737,5,72.0,6,14776
8158,Author_08158,5,72.0,6,14777
9439,Author_09439,5,72.0,11,14778
11412,Author_11412,5,72.0,6,14779
14580,Author_14580,5,72.0,10,14780
14913,Author_14913,5,72.0,11,14781
15027,Author_15027,5,72.0,10,14782
15177,Author_15177,5,72.0,11,14783
16711,Author_16711,5,72.0,9,14784
19345,Author_19345,5,72.0,7,14785
20515,Author_20515,5,72.0,14,14786
20911,Author_20911,5,72.0,8,14787
21273,Author_21273,5,72.0,7,14788
22985,Author_22985,5,72.0,10,14789
23189,Author_23189,5,72.0,12,14790
24683,Author_24683,5,72.0,16,14791
25361,Author_25361,5,72.0,5,14792
26656,Author_26656,5,72.0,7,14793
26849,Author_26849,5,72.0,7,14794
27967,Author_27967,5,72.0,7,14795
1070,Author_01070,5,71.0,11,14796
4312,Author_04312,5,71.0,8,14797
4438,Author_04438,5,71.0,5,14798
4442,Author_04442,5,71.0,10,14799
7027,Author_07027,5,71.0,12,14800
7755,Author_07755,5,71.0,7,14801
10666,Author_10666,5,71.0,8,14802
12665,Author_12665,5,71.0,16,14803
13460,Author_13460,5,71.0,7,14804
15751,Author_15751,5,71.0,7,14805
16403,Author_16403,5,71.0,5,14806
17744,Author_17744,5,71.0,9,14807
20512,Author_20512,5,71.0,11,14808
21214,Author_21214,5,71.0,7,14809
24933,Author_24933,5,71.0,5,14810
27942,Author_27942,5,71.0,8,14811
28471,Author_28471,5,71.0,7,14812
29840,Author_29840,5,71.0,10,14813
667,Author_00667,5,70.0,6,14814
965,Author_00965,5,70.0,7,14815
1264,Author_01264,5,70.0,10,14816
1359,Author_01359,5,70.0,7,14817
2493,Author_02493,5,70.0,8,14818
6201,Author_06201,5,70.0,7,14819
6325,Author_06325,5,70.0,8,14820
7617,Author_07617,5,70.0,6,14821
10451,Author_10451,5,70.0,6,14822
10544,Author_10544,5,70.0,12,14823
12929,Author_12929,5,70.0,13,14824
16027,Author_16027,5,70.0,10,14825
16345,Author_16345,5,70.0,8,14826
16874,Author_16874,5,70.0,11,14827
16896,Author_16896,5,70.0,7,14828
18379,Author_18379,5,70.0,7,14829
19638,Author_19638,5,70.0,9,14830
19726,Author_19726,5,70.0,5,14831
26640,Author_26640,5,70.0,8,14832
29583,Author_29583,5,70.0,5,14833
1338,Author_01338,5,69.0,6,14834
2215,Author_02215,5,69.0,12,14835
4539,Author_04539,5,69.0,8,14836
4632,Author_04632,5,69.0,9,14837
4779,Author_04779,5,69.0,9,14838
6323,Author_06323,5,69.0,7,14839
8475,Author_08475,5,69.0,11,14840
12245,Author_12245,5,69.0,6,14841
13977,Author_13977,5,69.0,7,14842
15788,Author_15788,5,69.0,7,14843
16549,Author_16549,5,69.0,9,14844
23467,Author_23467,5,69.0,8,14845
23674,Author_23674,5,69.0,9,14846
24028,Author_24028,5,69.0,6,14847
24219,Author_24219,5,69.0,8,14848
26213,Author_26213,5,69.0,7,14849
26664,Author_26664,5,69.0,8,14850
26693,Author_26693,5,69.0,6,14851
27564,Author_27564,5,69.0,11,14852
642,Author_00642,5,68.0,14,14853
1968,Author_01968,5,68.0,7,14854
5585,Author_05585,5,68.0,9,14855
7368,Author_07368,5,68.0,10,14856
7778,Author_07778,5,68.0,7,14857
8265,Author_08265,5,68.0,9,14858
11169,Author_11169,5,68.0,6,14859
12525,Author_12525,5,68.0,6,14860
12657,Author_12657,5,68.0,7,14861
15119,Author_15119,5,68.0,6,14862
15629,Author_15629,5,68.0,14,14863
16821,Author_16821,5,68.0,5,14864
17667,Author_17667,5,68.0,8,14865
20042,Author_20042,5,68.0,6,14866
24646,Author_24646,5,68.0,8,14867
24938,Author_24938,5,68.0,11,14868
25343,Author_25343,5,68.0,7,14869
25605,Author_25605,5,68.0,9,14870
27738,Author_27738,5,68.0,7,14871
27883,Author_27883,5,68.0,9,14872
29421,Author_29421,5,68.0,9,14873
391,Author_00391,5,67.0,7,14874
1382,Author_01382,5,67.0,7,14875
2076,Author_02076,5,67.0,13,14876
2086,Author_02086,5,67.0,6,14877
2703,Author_02703,5,67.0,8,14878
4647,Author_04647,5,67.0,10,14879
5097,Author_05097,5,67.0,9,14880
5652,Author_05652,5,67.0,9,14881
8505,Author_08505,5,67.0,7,14882
10864,Author_10864,5,67.0,10,14883
11226,Author_11226,5,67.0,10,14884
11720,Author_11720,5,67.0,9,14885
11812,Author_11812,5,67.0,10,14886
12575,Author_12575,5,67.0,8,14887
17132,Author_17132,5,67.0,6,14888
17158,Author_17158,5,67.0,7,14889
18237,Author_18237,5,67.0,12,14890
18325,Author_18325,5,67.0,11,14891
23414,Author_23414,5,67.0,7,14892
23537,Author_23537,5,67.0,10,14893
23622,Author_23622,5,67.0,6,14894
23837,Author_23837,5,67.0,5,14895
24096,Author_24096,5,67.0,10,14896
24277,Author_24277,5,67.0,8,14897
25725,Author_25725,5,67.0,7,14898
27319,Author_27319,5,67.0,9,14899
28179,Author_28179,5,67.0,8,14900
28265,Author_28265,5,67.0,6,14901
477,Author_00477,5,66.0,11,14902
669,Author_00669,5,66.0,12,14903
1224,Author_01224,5,66.0,9,14904
1529,Author_01529,5,66.0,5,14905
2043,Author_02043,5,66.0,6,14906
6481,Author_06481,5,66.0,9,14907
7406,Author_07406,5,66.0,7,14908
10400,Author_10400,5,66.0,5,14909
11273,Author_11273,5,66.0,7,14910
11570,Author_11570,5,66.0,6,14911
12298,Author_12298,5,66.0,11,14912
12351,Author_12351,5,66.0,5,14913
13285,Author_13285,5,66.0,7,14914
18410,Author_18410,5,66.0,8,14915
19999,Author_19999,5,66.0,12,14916
21368,Author_21368,5,66.0,5,14917
21519,Author_21519,5,66.0,6,14918
21671,Author_21671,5,66.0,6,14919
21875,Author_21875,5,66.0,8,14920
25534,Author_25534,5,66.0,8,14921
27708,Author_27708,5,66.0,15,14922
29713,Author_29713,5,66.0,8,14923
29909,Author_29909,5,66.0,9,14924
1572,Author_01572,5,65.0,11,14925
4894,Author_04894,5,65.0,8,14926
5244,Author_05244,5,65.0,7,14927
7772,Author_07772,5,65.0,7,14928
8677,Author_08677,5,65.0,11,14929
8839,Author_08839,5,65.0,9,14930
9675,Author_09675,5,65.0,9,14931
9827,Author_09827,5,65.0,6,14932
10823,Author_10823,5,65.0,12,14933
11359,Author_11359,5,65.0,8,14934
11771,Author_11771,5,65.0,7,14935
12259,Author_12259,5,65.0,11,14936
13542,Author_13542,5,65.0,7,14937
17900,Author_17900,5,65.0,15,14938
18021,Author_18021,5,65.0,11,14939
18722,Author_18722,5,65.0,8,14940
20236,Author_20236,5,65.0,10,14941
20855,Author_20855,5,65.0,7,14942
27221,Author_27221,5,65.0,7,14943
27805,Author_27805,5,65.0,7,14944
820,Author_00820,5,64.0,6,14945
1872,Author_01872,5,64.0,6,14946
3429,Author_03429,5,64.0,10,14947
5880,Author_05880,5,64.0,8,14948
12014,Author_12014,5,64.0,6,14949
13007,Author_13007,5,64.0,8,14950
15205,Author_15205,5,64.0,5,14951
20734,Author_20734,5,64.0,7,14952
21725,Author_21725,5,64.0,8,14953
22127,Author_22127,5,64.0,7,14954
22767,Author_22767,5,64.0,9,14955
22792,Author_22792,5,64.0,8,14956
25277,Author_25277,5,64.0,8,14957
7377,Author_07377,5,63.0,10,14958
8508,Author_08508,5,63.0,10,14959
9921,Author_09921,5,63.0,6,14960
11844,Author_11844,5,63.0,11,14961
11865,Author_11865,5,63.0,8,14962
14277,Author_14277,5,63.0,6,14963
16322,Author_16322,5,63.0,6,14964
17431,Author_17431,5,63.0,7,14965
20475,Author_20475,5,63.0,6,14966
21854,Author_21854,5,63.0,10,14967
25733,Author_25733,5,63.0,11,14968
26163,Author_26163,5,63.0,9,14969
26186,Author_26186,5,63.0,5,14970
27321,Author_27321,5,63.0,8,14971
29384,Author_29384,5,63.0,11,14972
194,Author_00194,5,62.0,6,14973
859,Author_00859,5,62.0,10,14974
2698,Author_02698,5,62.0,6,14975
3817,Author_03817,5,62.0,8,14976
7130,Author_07130,5,62.0,12,14977
7646,Author_07646,5,62.0,6,14978
11596,Author_11596,5,62.0,9,14979
11989,Author_11989,5,62.0,7,14980
15915,Author_15915,5,62.0,5,14981
17808,Author_17808,5,62.0,9,14982
20797,Author_20797,5,62.0,10,14983
24854,Author_24854,5,62.0,12,14984
25443,Author_25443,5,62.0,9,14985
25940,Author_25940,5,62.0,13,14986
26917,Author_26917,5,62.0,5,14987
3177,Author_03177,5,61.0,8,14988
4572,Author_04572,5,61.0,7,14989
5861,Author_05861,5,61.0,6,14990
7581,Author_07581,5,61.0,7,14991
12488,Author_12488,5,61.0,8,14992
12557,Author_12557,5,61.0,12,14993
13888,Author_13888,5,61.0,7,14994
14306,Author_14306,5,61.0,9,14995
16650,Author_16650,5,61.0,6,14996
18590,Author_18590,5,61.0,8,14997
19725,Author_19725,5,61.0,10,14998
21620,Author_21620,5,61.0,7,14999
23077,Author_23077,5,61.0,6,15000
24736,Author_24736,5,61.0,5,15001
25164,Author_25164,5,61.0,12,15002
25200,Author_25200,5,61.0,9,15003
26152,Author_26152,5,61.0,7,15004
26286,Author_26286,5,61.0,10,15005
26992,Author_26992,5,61.0,6,15006
28262,Author_28262,5,61.0,7,15007
29472,Author_29472,5,61.0,7,15008
690,Author_00690,5,60.0,8,15009
1302,Author_01302,5,60.0,9,15010
2394,Author_02394,5,60.0,7,15011
4237,Author_04237,5,60.0,6,15012
5417,Author_05417,5,60.0,6,15013
6929,Author_06929,5,60.0,13,15014
9399,Author_09399,5,60.0,7,15015
9681,Author_09681,5,60.0,8,15016
15434,Author_15434,5,60.0,11,15017
16109,Author_16109,5,60.0,11,15018
16427,Author_16427,5,60.0,8,15019
17116,Author_17116,5,60.0,5,15020
19297,Author_19297,5,60.0,10,15021
21917,Author_21917,5,60.0,10,15022
24005,Author_24005,5,60.0,10,15023
24548,Author_24548,5,60.0,9,15024
26095,Author_26095,5,60.0,7,15025
29728,Author_29728,5,60.0,8,15026
1462,Author_01462,5,59.0,8,15027
6290,Author_06290,5,59.0,9,15028
6865,Author_06865,5,59.0,7,15029
8807,Author_08807,5,59.0,10,15030
12235,Author_12235,5,59.0,9,15031
12704,Author_12704,5,59.0,8,15032
16437,Author_16437,5,59.0,6,15033
20148,Author_20148,5,59.0,10,15034
20628,Author_20628,5,59.0,8,15035
20757,Author_20757,5,59.0,5,15036
23148,Author_23148,5,59.0,9,15037
25026,Author_25026,5,59.0,7,15038
25554,Author_25554,5,59.0,7,15039
25600,Author_25600,5,59.0,8,15040
28224,Author_28224,5,59.0,6,15041
29255,Author_29255,5,59.0,6,15042
29510,Author_29510,5,59.0,12,15043
29684,Author_29684,5,59.0,8,15044
29791,Author_29791,5,59.0,11,15045
1110,Author_01110,5,58.0,9,15046
2321,Author_02321,5,58.0,5,15047
3344,Author_03344,5,58.0,6,15048
7773,Author_07773,5,58.0,10,15049
8182,Author_08182,5,58.0,6,15050
8487,Author_08487,5,58.0,7,15051
8600,Author_08600,5,58.0,10,15052
13005,Author_13005,5,58.0,6,15053
21367,Author_21367,5,58.0,7,15054
25459,Author_25459,5,58.0,10,15055
25608,Author_25608,5,58.0,7,15056
26015,Author_26015,5,58.0,6,15057
28185,Author_28185,5,58.0,9,15058
28684,Author_28684,5,58.0,9,15059
554,Author_00554,5,57.0,8,15060
1866,Author_01866,5,57.0,10,15061
4298,Author_04298,5,57.0,6,15062
16117,Author_16117,5,57.0,10,15063
17624,Author_17624,5,57.0,7,15064
17944,Author_17944,5,57.0,10,15065
18183,Author_18183,5,57.0,8,15066
20243,Author_20243,5,57.0,7,15067
20920,Author_20920,5,57.0,5,15068
22070,Author_22070,5,57.0,5,15069
22890,Author_22890,5,57.0,11,15070
26713,Author_26713,5,57.0,6,15071
869,Author_00869,5,56.0,8,15072
6596,Author_06596,5,56.0,5,15073
7621,Author_07621,5,56.0,7,15074
14106,Author_14106,5,56.0,6,15075
14721,Author_14721,5,56.0,6,15076
17034,Author_17034,5,56.0,7,15077
22876,Author_22876,5,56.0,9,15078
25576,Author_25576,5,56.0,10,15079
27105,Author_27105,5,56.0,7,15080
29190,Author_29190,5,56.0,6,15081
29415,Author_29415,5,56.0,5,15082
29675,Author_29675,5,56.0,7,15083
29953,Author_29953,5,56.0,6,15084
1325,Author_01325,5,55.0,8,15085
2148,Author_02148,5,55.0,9,15086
2469,Author_02469,5,55.0,9,15087
2939,Author_02939,5,55.0,6,15088
3163,Author_03163,5,55.0,8,15089
7442,Author_07442,5,55.0,6,15090
10650,Author_10650,5,55.0,11,15091
12918,Author_12918,5,55.0,10,15092
13516,Author_13516,5,55.0,7,15093
15724,Author_15724,5,55.0,8,15094
18105,Author_18105,5,55.0,12,15095
23779,Author_23779,5,55.0,8,15096
27335,Author_27335,5,55.0,7,15097
28000,Author_28000,5,55.0,6,15098
29314,Author_29314,5,55.0,12,15099
1358,Author_01358,5,54.0,6,15100
1654,Author_01654,5,54.0,6,15101
4784,Author_04784,5,54.0,7,15102
12103,Author_12103,5,54.0,8,15103
16438,Author_16438,5,54.0,11,15104
16988,Author_16988,5,54.0,8,15105
17429,Author_17429,5,54.0,5,15106
22454,Author_22454,5,54.0,7,15107
22766,Author_22766,5,54.0,6,15108
23978,Author_23978,5,54.0,5,15109
25958,Author_25958,5,54.0,7,15110
26624,Author_26624,5,54.0,11,15111
26893,Author_26893,5,54.0,9,15112
2705,Author_02705,5,53.0,9,15113
5662,Author_05662,5,53.0,10,15114
11613,Author_11613,5,53.0,10,15115
13894,Author_13894,5,53.0,8,15116
19548,Author_19548,5,53.0,5,15117
22972,Author_22972,5,53.0,6,15118
23807,Author_23807,5,53.0,8,15119
24864,Author_24864,5,53.0,7,15120
29602,Author_29602,5,53.0,7,15121
29736,Author_29736,5,53.0,5,15122
2088,Author_02088,5,52.0,7,15123
2101,Author_02101,5,52.0,10,15124
12854,Author_12854,5,52.0,8,15125
15531,Author_15531,5,52.0,7,15126
19310,Author_19310,5,52.0,7,15127
26292,Author_26292,5,52.0,9,15128
27382,Author_27382,5,52.0,10,15129
29608,Author_29608,5,52.0,7,15130
671,Author_00671,5,51.0,14,15131
3304,Author_03304,5,51.0,11,15132
4797,Author_04797,5,51.0,6,15133
16501,Author_16501,5,51.0,8,15134
21174,Author_21174,5,51.0,7,15135
23324,Author_23324,5,51.0,8,15136
23455,Author_23455,5,51.0,7,15137
24686,Author_24686,5,51.0,7,15138
2357,Author_02357,5,50.0,5,15139
7912,Author_07912,5,50.0,8,15140
8716,Author_08716,5,50.0,10,15141
18223,Author_18223,5,50.0,11,15142
18623,Author_18623,5,50.0,6,15143
18946,Author_18946,5,50.0,9,15144
19400,Author_19400,5,50.0,7,15145
24949,Author_24949,5,50.0,10,15146
25294,Author_25294,5,50.0,7,15147
27434,Author_27434,5,50.0,7,15148
3194,Author_03194,5,49.0,8,15149
3279,Author_03279,5,49.0,7,15150
3964,Author_03964,5,49.0,7,15151
4034,Author_04034,5,49.0,10,15152
4828,Author_04828,5,49.0,10,15153
5037,Author_05037,5,49.0,6,15154
7077,Author_07077,5,49.0,7,15155
12829,Author_12829,5,49.0,6,15156
14827,Author_14827,5,49.0,7,15157
16592,Author_16592,5,49.0,5,15158
20447,Author_20447,5,49.0,7,15159
22729,Author_22729,5,49.0,7,15160
24630,Author_24630,5,49.0,7,15161
27390,Author_27390,5,49.0,10,15162
27451,Author_27451,5,49.0,5,15163
28630,Author_28630,5,49.0,10,15164
8464,Author_08464,5,48.0,6,15165
9971,Author_09971,5,48.0,7,15166
15154,Author_15154,5,48.0,10,15167
18245,Author_18245,5,48.0,8,15168
23050,Author_23050,5,48.0,11,15169
26124,Author_26124,5,48.0,9,15170
3534,Author_03534,5,47.0,9,15171
7388,Author_07388,5,47.0,9,15172
12258,Author_12258,5,47.0,10,15173
14130,Author_14130,5,47.0,5,15174
14150,Author_14150,5,47.0,8,15175
14435,Author_14435,5,47.0,7,15176
15413,Author_15413,5,47.0,5,15177
17076,Author_17076,5,47.0,8,15178
20770,Author_20770,5,47.0,9,15179
25003,Author_25003,5,47.0,7,15180
25885,Author_25885,5,47.0,7,15181
725,Author_00725,5,46.0,6,15182
4211,Author_04211,5,46.0,6,15183
8622,Author_08622,5,46.0,7,15184
10488,Author_10488,5,46.0,5,15185
13090,Author_13090,5,46.0,11,15186
5840,Author_05840,5,45.0,6,15187
12047,Author_12047,5,45.0,5,15188
13179,Author_13179,5,45.0,9,15189
13960,Author_13960,5,45.0,7,15190
20751,Author_20751,5,45.0,8,15191
789,Author_00789,5,44.0,5,15192
5024,Author_05024,5,44.0,5,15193
11425,Author_11425,5,44.0,8,15194
17462,Author_17462,5,44.0,7,15195
6411,Author_06411,5,42.0,9,15196
7086,Author_07086,5,42.0,6,15197
10137,Author_10137,5,42.0,7,15198
29445,Author_29445,5,42.0,8,15199
5734,Author_05734,5,40.0,7,15200
9335,Author_09335,5,40.0,6,15201
11256,Author_11256,5,40.0,8,15202
16589,Author_16589,5,38.0,7,15203
2824,Author_02824,5,36.0,5,15204
7762,Author_07762,5,36.0,7,15205
7930,Author_07930,5,34.0,6,15206
25088,Author_25088,5,31.0,6,15207
2381,Author_02381,5,30.0,6,15208
5858,Author_05858,4,5195.0,5,15209
9670,Author_09670,4,5072.0,5,15210
19216,Author_19216,4,3349.0,4,15211
16869,Author_16869,4,2927.0,8,15212
4004,Author_04004,4,2413.0,7,15213
18022,Author_18022,4,2393.0,4,15214
19750,Author_19750,4,2251.0,5,15215
8401,Author_08401,4,1733.0,5,15216
11919,Author_11919,4,1416.0,5,15217
3248,Author_03248,4,1359.0,6,15218
9075,Author_09075,4,1353.0,7,15219
2328,Author_02328,4,1334.0,6,15220
1791,Author_01791,4,1058.0,6,15221
24218,Author_24218,4,1043.0,7,15222
24464,Author_24464,4,936.0,5,15223
8923,Author_08923,4,881.0,7,15224
27861,Author_27861,4,875.0,8,15225
11898,Author_11898,4,850.0,9,15226
8376,Author_08376,4,832.0,7,15227
26811,Author_26811,4,825.0,7,15228
23556,Author_23556,4,809.0,5,15229
13089,Author_13089,4,790.0,9,15230
26288,Author_26288,4,782.0,6,15231
16613,Author_16613,4,764.0,9,15232
11319,Author_11319,4,761.0,8,15233
21950,Author_21950,4,755.0,9,15234
17354,Author_17354,4,741.0,5,15235
10600,Author_10600,4,721.0,9,15236
23704,Author_23704,4,715.0,6,15237
8066,Author_08066,4,696.0,7,15238
8416,Author_08416,4,678.0,12,15239
17795,Author_17795,4,596.0,14,15240
7563,Author_07563,4,577.0,7,15241
22036,Author_22036,4,576.0,7,15242
13429,Author_13429,4,560.0,8,15243
6747,Author_06747,4,552.0,5,15244
3930,Author_03930,4,540.0,6,15245
556,Author_00556,4,537.0,7,15246
24459,Author_24459,4,536.0,5,15247
17735,Author_17735,4,532.0,5,15248
4136,Author_04136,4,526.0,6,15249
17282,Author_17282,4,521.0,5,15250
29001,Author_29001,4,518.0,4,15251
6975,Author_06975,4,515.0,4,15252
15474,Author_15474,4,491.0,6,15253
14591,Author_14591,4,487.0,4,15254
18128,Author_18128,4,477.0,6,15255
28310,Author_28310,4,457.0,6,15256
16229,Author_16229,4,456.0,6,15257
8650,Author_08650,4,454.0,4,15258
59,Author_00059,4,453.0,4,15259
11832,Author_11832,4,452.0,7,15260
8019,Author_08019,4,448.0,5,15261
22940,Author_22940,4,448.0,6,15262
25437,Author_25437,4,448.0,8,15263
2721,Author_02721,4,433.0,5,15264
10013,Author_10013,4,433.0,8,15265
2908,Author_02908,4,432.0,7,15266
26827,Author_26827,4,431.0,6,15267
3390,Author_03390,4,425.0,5,15268
4053,Author_04053,4,424.0,6,15269
1715,Author_01715,4,422.0,10,15270
10217,Author_10217,4,413.0,4,15271
3954,Author_03954,4,412.0,7,15272
5723,Author_05723,4,410.0,5,15273
17156,Author_17156,4,409.0,6,15274
8481,Author_08481,4,405.0,7,15275
28012,Author_28012,4,394.0,6,15276
27553,Author_27553,4,393.0,5,15277
5227,Author_05227,4,390.0,5,15278
15144,Author_15144,4,390.0,4,15279
668,Author_00668,4,387.0,6,15280
25096,Author_25096,4,386.0,6,15281
26376,Author_26376,4,373.0,7,15282
16886,Author_16886,4,372.0,13,15283
9153,Author_09153,4,371.0,4,15284
212,Author_00212,4,367.0,6,15285
3513,Author_03513,4,366.0,7,15286
11787,Author_11787,4,363.0,7,15287
5665,Author_05665,4,360.0,8,15288
27166,Author_27166,4,357.0,9,15289
1574,Author_01574,4,352.0,7,15290
17096,Author_17096,4,351.0,7,15291
20132,Author_20132,4,349.0,8,15292
28086,Author_28086,4,349.0,11,15293
18088,Author_18088,4,348.0,6,15294
8086,Author_08086,4,347.0,10,15295
6956,Author_06956,4,343.0,6,15296
25381,Author_25381,4,342.0,7,15297
8495,Author_08495,4,340.0,6,15298
28457,Author_28457,4,335.0,5,15299
5487,Author_05487,4,334.0,6,15300
12219,Author_12219,4,334.0,9,15301
8558,Author_08558,4,333.0,8,15302
19814,Author_19814,4,333.0,5,15303
23272,Author_23272,4,333.0,6,15304
8547,Author_08547,4,330.0,4,15305
22472,Author_22472,4,329.0,7,15306
12781,Author_12781,4,328.0,8,15307
9387,Author_09387,4,326.0,8,15308
16165,Author_16165,4,323.0,7,15309
28944,Author_28944,4,321.0,6,15310
21132,Author_21132,4,315.0,6,15311
27939,Author_27939,4,315.0,5,15312
3137,Author_03137,4,312.0,5,15313
17449,Author_17449,4,310.0,9,15314
9634,Author_09634,4,307.0,5,15315
26250,Author_26250,4,305.0,5,15316
27545,Author_27545,4,303.0,8,15317
23903,Author_23903,4,301.0,6,15318
26646,Author_26646,4,300.0,7,15319
11052,Author_11052,4,299.0,6,15320
5322,Author_05322,4,298.0,7,15321
24270,Author_24270,4,297.0,7,15322
27901,Author_27901,4,296.0,4,15323
17061,Author_17061,4,295.0,7,15324
25676,Author_25676,4,291.0,5,15325
20892,Author_20892,4,289.0,5,15326
24992,Author_24992,4,289.0,5,15327
13779,Author_13779,4,288.0,6,15328
25826,Author_25826,4,287.0,6,15329
4379,Author_04379,4,285.0,4,15330
5599,Author_05599,4,284.0,11,15331
16154,Author_16154,4,284.0,5,15332
295,Author_00295,4,283.0,6,15333
8882,Author_08882,4,283.0,6,15334
20404,Author_20404,4,281.0,9,15335
4279,Author_04279,4,280.0,6,15336
10397,Author_10397,4,280.0,5,15337
24978,Author_24978,4,278.0,8,15338
8808,Author_08808,4,277.0,7,15339
15543,Author_15543,4,277.0,6,15340
11511,Author_11511,4,275.0,6,15341
15091,Author_15091,4,274.0,4,15342
10692,Author_10692,4,273.0,4,15343
12064,Author_12064,4,273.0,5,15344
13020,Author_13020,4,273.0,6,15345
637,Author_00637,4,271.0,10,15346
8940,Author_08940,4,271.0,10,15347
20680,Author_20680,4,270.0,6,15348
27986,Author_27986,4,269.0,10,15349
17834,Author_17834,4,268.0,5,15350
29208,Author_29208,4,268.0,8,15351
18352,Author_18352,4,267.0,9,15352
16023,Author_16023,4,263.0,7,15353
26029,Author_26029,4,263.0,6,15354
9635,Author_09635,4,262.0,6,15355
247,Author_00247,4,260.0,5,15356
10356,Author_10356,4,260.0,7,15357
25081,Author_25081,4,260.0,9,15358
14212,Author_14212,4,258.0,5,15359
1056,Author_01056,4,255.0,5,15360
3769,Author_03769,4,255.0,7,15361
2631,Author_02631,4,254.0,5,15362
8410,Author_08410,4,254.0,7,15363
5845,Author_05845,4,253.0,5,15364
27013,Author_27013,4,253.0,8,15365
9985,Author_09985,4,252.0,9,15366
15245,Author_15245,4,252.0,10,15367
22945,Author_22945,4,252.0,6,15368
5109,Author_05109,4,251.0,5,15369
11877,Author_11877,4,251.0,5,15370
20629,Author_20629,4,251.0,8,15371
7947,Author_07947,4,250.0,4,15372
9175,Author_09175,4,250.0,5,15373
24507,Author_24507,4,250.0,6,15374
6058,Author_06058,4,249.0,4,15375
22936,Author_22936,4,249.0,7,15376
17089,Author_17089,4,248.0,5,15377
11506,Author_11506,4,247.0,7,15378
1909,Author_01909,4,244.0,6,15379
6954,Author_06954,4,244.0,5,15380
16570,Author_16570,4,244.0,5,15381
25211,Author_25211,4,244.0,8,15382
28452,Author_28452,4,244.0,7,15383
1800,Author_01800,4,243.0,7,15384
3036,Author_03036,4,243.0,8,15385
7183,Author_07183,4,242.0,6,15386
15705,Author_15705,4,242.0,7,15387
24472,Author_24472,4,242.0,8,15388
12917,Author_12917,4,241.0,12,15389
18418,Author_18418,4,241.0,7,15390
4186,Author_04186,4,240.0,6,15391
7729,Author_07729,4,240.0,5,15392
24908,Author_24908,4,240.0,7,15393
9867,Author_09867,4,239.0,6,15394
23116,Author_23116,4,239.0,8,15395
16480,Author_16480,4,238.0,5,15396
19727,Author_19727,4,238.0,4,15397
22318,Author_22318,4,238.0,9,15398
3260,Author_03260,4,236.0,4,15399
7041,Author_07041,4,236.0,7,15400
10444,Author_10444,4,236.0,4,15401
24131,Author_24131,4,235.0,5,15402
4014,Author_04014,4,234.0,9,15403
17840,Author_17840,4,234.0,4,15404
9968,Author_09968,4,233.0,6,15405
17554,Author_17554,4,233.0,4,15406
21901,Author_21901,4,233.0,5,15407
1940,Author_01940,4,232.0,10,15408
25956,Author_25956,4,232.0,8,15409
29599,Author_29599,4,232.0,6,15410
23673,Author_23673,4,231.0,7,15411
25519,Author_25519,4,229.0,7,15412
26863,Author_26863,4,229.0,6,15413
7552,Author_07552,4,227.0,4,15414
21548,Author_21548,4,227.0,7,15415
21944,Author_21944,4,227.0,5,15416
24411,Author_24411,4,226.0,7,15417
2760,Author_02760,4,224.0,7,15418
15602,Author_15602,4,224.0,6,15419
8616,Author_08616,4,223.0,5,15420
21949,Author_21949,4,223.0,7,15421
23207,Author_23207,4,223.0,7,15422
3998,Author_03998,4,222.0,4,15423
7540,Author_07540,4,222.0,4,15424
25105,Author_25105,4,221.0,4,15425
9511,Author_09511,4,220.0,7,15426
9941,Author_09941,4,220.0,5,15427
14169,Author_14169,4,220.0,11,15428
15137,Author_15137,4,220.0,6,15429
3250,Author_03250,4,219.0,4,15430
8371,Author_08371,4,219.0,10,15431
12451,Author_12451,4,219.0,9,15432
3187,Author_03187,4,218.0,5,15433
4421,Author_04421,4,218.0,10,15434
1665,Author_01665,4,217.0,4,15435
5456,Author_05456,4,217.0,4,15436
9420,Author_09420,4,217.0,6,15437
20408,Author_20408,4,217.0,9,15438
5449,Author_05449,4,216.0,6,15439
20614,Author_20614,4,216.0,6,15440
22929,Author_22929,4,216.0,4,15441
2755,Author_02755,4,215.0,6,15442
15186,Author_15186,4,215.0,11,15443
29944,Author_29944,4,215.0,4,15444
6036,Author_06036,4,214.0,4,15445
7641,Author_07641,4,214.0,6,15446
19951,Author_19951,4,214.0,6,15447
25704,Author_25704,4,214.0,4,15448
29540,Author_29540,4,214.0,10,15449
13999,Author_13999,4,213.0,5,15450
22613,Author_22613,4,213.0,9,15451
1543,Author_01543,4,212.0,7,15452
2600,Author_02600,4,212.0,8,15453
13256,Author_13256,4,212.0,7,15454
13275,Author_13275,4,212.0,6,15455
28981,Author_28981,4,212.0,10,15456
4856,Author_04856,4,211.0,5,15457
7475,Author_07475,4,211.0,4,15458
17995,Author_17995,4,210.0,8,15459
23566,Author_23566,4,209.0,5,15460
2513,Author_02513,4,207.0,5,15461
10351,Author_10351,4,206.0,5,15462
20622,Author_20622,4,206.0,6,15463
24212,Author_24212,4,205.0,8,15464
29410,Author_29410,4,205.0,9,15465
972,Author_00972,4,204.0,6,15466
3213,Author_03213,4,204.0,10,15467
10844,Author_10844,4,204.0,10,15468
14654,Author_14654,4,204.0,8,15469
17403,Author_17403,4,204.0,8,15470
8421,Author_08421,4,203.0,7,15471
9700,Author_09700,4,202.0,6,15472
15710,Author_15710,4,202.0,8,15473
22674,Author_22674,4,202.0,9,15474
9291,Author_09291,4,201.0,8,15475
23585,Author_23585,4,201.0,8,15476
28941,Author_28941,4,201.0,7,15477
29057,Author_29057,4,201.0,9,15478
3989,Author_03989,4,200.0,7,15479
12909,Author_12909,4,200.0,7,15480
28008,Author_28008,4,200.0,7,15481
1286,Author_01286,4,199.0,5,15482
4188,Author_04188,4,199.0,6,15483
8581,Author_08581,4,198.0,15,15484
13891,Author_13891,4,198.0,6,15485
10853,Author_10853,4,197.0,8,15486
4988,Author_04988,4,196.0,7,15487
5152,Author_05152,4,196.0,7,15488
11434,Author_11434,4,196.0,6,15489
18963,Author_18963,4,196.0,7,15490
19980,Author_19980,4,196.0,7,15491
26329,Author_26329,4,196.0,10,15492
6147,Author_06147,4,195.0,5,15493
9104,Author_09104,4,195.0,4,15494
15504,Author_15504,4,195.0,6,15495
28318,Author_28318,4,195.0,8,15496
2771,Author_02771,4,194.0,5,15497
7179,Author_07179,4,194.0,5,15498
11271,Author_11271,4,194.0,5,15499
20790,Author_20790,4,194.0,4,15500
23618,Author_23618,4,194.0,9,15501
8176,Author_08176,4,192.0,7,15502
8634,Author_08634,4,192.0,9,15503
10337,Author_10337,4,192.0,4,15504
12552,Author_12552,4,192.0,10,15505
13911,Author_13911,4,192.0,4,15506
21443,Author_21443,4,192.0,9,15507
5171,Author_05171,4,191.0,4,15508
17180,Author_17180,4,191.0,13,15509
24253,Author_24253,4,191.0,7,15510
8667,Author_08667,4,190.0,5,15511
296,Author_00296,4,189.0,7,15512
28895,Author_28895,4,189.0,6,15513
2591,Author_02591,4,188.0,7,15514
4526,Author_04526,4,188.0,6,15515
19485,Author_19485,4,188.0,9,15516
28760,Author_28760,4,188.0,7,15517
24057,Author_24057,4,187.0,8,15518
24984,Author_24984,4,187.0,4,15519
26531,Author_26531,4,187.0,4,15520
6797,Author_06797,4,186.0,6,15521
19223,Author_19223,4,186.0,4,15522
23028,Author_23028,4,186.0,9,15523
7730,Author_07730,4,185.0,6,15524
2727,Author_02727,4,184.0,8,15525
3058,Author_03058,4,184.0,7,15526
14015,Author_14015,4,184.0,8,15527
14562,Author_14562,4,184.0,6,15528
20570,Author_20570,4,184.0,11,15529
27423,Author_27423,4,184.0,6,15530
8346,Author_08346,4,183.0,8,15531
1303,Author_01303,4,182.0,5,15532
5847,Author_05847,4,182.0,11,15533
6814,Author_06814,4,182.0,5,15534
6998,Author_06998,4,182.0,5,15535
9559,Author_09559,4,182.0,6,15536
27944,Author_27944,4,182.0,10,15537
160,Author_00160,4,181.0,6,15538
19683,Author_19683,4,181.0,6,15539
23380,Author_23380,4,181.0,11,15540
24003,Author_24003,4,181.0,7,15541
23540,Author_23540,4,180.0,12,15542
7613,Author_07613,4,179.0,12,15543
7760,Author_07760,4,179.0,6,15544
24259,Author_24259,4,179.0,7,15545
29860,Author_29860,4,179.0,6,15546
2934,Author_02934,4,178.0,6,15547
5233,Author_05233,4,178.0,5,15548
22440,Author_22440,4,178.0,5,15549
25929,Author_25929,4,178.0,4,15550
29406,Author_29406,4,178.0,14,15551
9244,Author_09244,4,177.0,4,15552
9521,Author_09521,4,177.0,5,15553
9865,Author_09865,4,177.0,8,15554
28983,Author_28983,4,177.0,5,15555
1856,Author_01856,4,176.0,5,15556
7039,Author_07039,4,176.0,6,15557
25395,Author_25395,4,176.0,5,15558
25926,Author_25926,4,176.0,5,15559
27070,Author_27070,4,174.0,4,15560
21404,Author_21404,4,173.0,7,15561
23960,Author_23960,4,173.0,5,15562
24772,Author_24772,4,173.0,5,15563
5092,Author_05092,4,172.0,4,15564
8990,Author_08990,4,172.0,6,15565
15063,Author_15063,4,172.0,6,15566
20491,Author_20491,4,172.0,5,15567
28023,Author_28023,4,172.0,5,15568
3706,Author_03706,4,171.0,8,15569
9187,Author_09187,4,171.0,5,15570
10058,Author_10058,4,171.0,6,15571
10967,Author_10967,4,171.0,6,15572
22117,Author_22117,4,171.0,4,15573
24373,Author_24373,4,171.0,7,15574
29079,Author_29079,4,171.0,6,15575
4696,Author_04696,4,170.0,10,15576
16433,Author_16433,4,170.0,9,15577
27015,Author_27015,4,170.0,7,15578
7795,Author_07795,4,169.0,5,15579
13979,Author_13979,4,169.0,5,15580
21575,Author_21575,4,169.0,6,15581
9208,Author_09208,4,168.0,11,15582
14816,Author_14816,4,168.0,6,15583
21778,Author_21778,4,168.0,6,15584
27692,Author_27692,4,168.0,11,15585
14518,Author_14518,4,167.0,4,15586
17762,Author_17762,4,167.0,8,15587
25566,Author_25566,4,167.0,7,15588
25731,Author_25731,4,167.0,10,15589
27415,Author_27415,4,167.0,7,15590
1769,Author_01769,4,166.0,4,15591
7817,Author_07817,4,166.0,5,15592
10032,Author_10032,4,166.0,6,15593
10299,Author_10299,4,166.0,4,15594
19754,Author_19754,4,166.0,5,15595
20766,Author_20766,4,166.0,10,15596
21263,Author_21263,4,166.0,4,15597
29547,Author_29547,4,166.0,8,15598
2435,Author_02435,4,165.0,10,15599
5859,Author_05859,4,165.0,8,15600
7723,Author_07723,4,165.0,7,15601
8759,Author_08759,4,165.0,7,15602
15926,Author_15926,4,165.0,10,15603
18725,Author_18725,4,165.0,8,15604
22660,Author_22660,4,165.0,5,15605
27058,Author_27058,4,165.0,10,15606
2415,Author_02415,4,164.0,7,15607
3594,Author_03594,4,164.0,6,15608
4919,Author_04919,4,164.0,6,15609
9934,Author_09934,4,164.0,4,15610
3130,Author_03130,4,163.0,6,15611
3634,Author_03634,4,163.0,5,15612
9376,Author_09376,4,163.0,5,15613
10072,Author_10072,4,163.0,9,15614
13915,Author_13915,4,163.0,8,15615
14612,Author_14612,4,163.0,10,15616
15485,Author_15485,4,163.0,5,15617
23900,Author_23900,4,163.0,9,15618
24442,Author_24442,4,163.0,10,15619
7178,Author_07178,4,162.0,10,15620
8735,Author_08735,4,162.0,5,15621
10388,Author_10388,4,162.0,8,15622
15258,Author_15258,4,162.0,9,15623
27289,Author_27289,4,162.0,7,15624
5775,Author_05775,4,161.0,9,15625
7672,Author_07672,4,161.0,5,15626
13972,Author_13972,4,161.0,11,15627
15647,Author_15647,4,161.0,7,15628
18193,Author_18193,4,161.0,7,15629
20291,Author_20291,4,161.0,9,15630
24558,Author_24558,4,161.0,9,15631
7190,Author_07190,4,160.0,6,15632
7978,Author_07978,4,160.0,8,15633
7984,Author_07984,4,160.0,6,15634
15134,Author_15134,4,160.0,6,15635
20066,Author_20066,4,160.0,8,15636
21087,Author_21087,4,160.0,5,15637
25783,Author_25783,4,160.0,7,15638
27872,Author_27872,4,160.0,9,15639
9047,Author_09047,4,159.0,7,15640
20340,Author_20340,4,159.0,5,15641
21986,Author_21986,4,159.0,7,15642
27087,Author_27087,4,159.0,8,15643
27228,Author_27228,4,159.0,5,15644
29801,Author_29801,4,159.0,5,15645
29838,Author_29838,4,159.0,8,15646
2907,Author_02907,4,158.0,7,15647
6831,Author_06831,4,158.0,9,15648
14975,Author_14975,4,158.0,11,15649
16362,Author_16362,4,158.0,9,15650
3263,Author_03263,4,157.0,7,15651
3318,Author_03318,4,157.0,4,15652
20691,Author_20691,4,157.0,8,15653
21164,Author_21164,4,157.0,6,15654
25174,Author_25174,4,157.0,5,15655
4097,Author_04097,4,156.0,5,15656
5405,Author_05405,4,156.0,6,15657
18250,Author_18250,4,156.0,5,15658
24778,Author_24778,4,156.0,8,15659
6089,Author_06089,4,155.0,5,15660
18816,Author_18816,4,155.0,7,15661
25350,Author_25350,4,155.0,6,15662
25541,Author_25541,4,155.0,5,15663
28683,Author_28683,4,155.0,10,15664
16217,Author_16217,4,154.0,5,15665
18709,Author_18709,4,154.0,7,15666
19230,Author_19230,4,154.0,5,15667
21955,Author_21955,4,154.0,5,15668
24455,Author_24455,4,154.0,11,15669
29682,Author_29682,4,154.0,8,15670
505,Author_00505,4,153.0,6,15671
2176,Author_02176,4,153.0,7,15672
3921,Author_03921,4,153.0,5,15673
11689,Author_11689,4,153.0,8,15674
11894,Author_11894,4,153.0,4,15675
19919,Author_19919,4,153.0,5,15676
3265,Author_03265,4,152.0,6,15677
4743,Author_04743,4,152.0,5,15678
20402,Author_20402,4,152.0,9,15679
24446,Author_24446,4,152.0,6,15680
676,Author_00676,4,151.0,12,15681
4617,Author_04617,4,151.0,5,15682
4811,Author_04811,4,151.0,4,15683
9356,Author_09356,4,151.0,6,15684
10604,Author_10604,4,151.0,4,15685
19767,Author_19767,4,151.0,6,15686
22910,Author_22910,4,151.0,7,15687
24777,Author_24777,4,151.0,6,15688
5446,Author_05446,4,150.0,6,15689
8557,Author_08557,4,150.0,6,15690
8894,Author_08894,4,150.0,6,15691
12168,Author_12168,4,150.0,11,15692
13001,Author_13001,4,150.0,6,15693
13266,Author_13266,4,150.0,6,15694
18206,Author_18206,4,150.0,5,15695
29303,Author_29303,4,150.0,5,15696
4193,Author_04193,4,149.0,7,15697
5358,Author_05358,4,149.0,10,15698
5630,Author_05630,4,149.0,7,15699
8931,Author_08931,4,149.0,6,15700
13984,Author_13984,4,149.0,7,15701
14081,Author_14081,4,149.0,8,15702
24032,Author_24032,4,149.0,4,15703
26431,Author_26431,4,149.0,7,15704
8953,Author_08953,4,148.0,5,15705
9371,Author_09371,4,148.0,6,15706
13221,Author_13221,4,148.0,6,15707
19255,Author_19255,4,148.0,6,15708
21121,Author_21121,4,148.0,7,15709
22430,Author_22430,4,148.0,7,15710
3001,Author_03001,4,147.0,7,15711
6110,Author_06110,4,147.0,6,15712
7362,Author_07362,4,147.0,9,15713
9096,Author_09096,4,147.0,9,15714
12116,Author_12116,4,147.0,4,15715
12825,Author_12825,4,147.0,5,15716
16671,Author_16671,4,147.0,4,15717
19608,Author_19608,4,147.0,6,15718
24733,Author_24733,4,147.0,6,15719
10336,Author_10336,4,146.0,7,15720
10424,Author_10424,4,146.0,4,15721
13407,Author_13407,4,146.0,5,15722
14125,Author_14125,4,146.0,4,15723
14412,Author_14412,4,146.0,8,15724
14795,Author_14795,4,146.0,4,15725
21638,Author_21638,4,146.0,6,15726
22111,Author_22111,4,146.0,6,15727
23812,Author_23812,4,146.0,9,15728
28761,Author_28761,4,146.0,9,15729
28842,Author_28842,4,146.0,7,15730
4323,Author_04323,4,145.0,5,15731
4990,Author_04990,4,145.0,7,15732
8026,Author_08026,4,145.0,4,15733
11709,Author_11709,4,145.0,12,15734
15207,Author_15207,4,145.0,5,15735
15582,Author_15582,4,145.0,10,15736
20688,Author_20688,4,145.0,9,15737
21888,Author_21888,4,145.0,6,15738
25115,Author_25115,4,145.0,7,15739
25809,Author_25809,4,145.0,6,15740
27254,Author_27254,4,145.0,13,15741
5271,Author_05271,4,144.0,5,15742
5473,Author_05473,4,144.0,11,15743
10296,Author_10296,4,144.0,4,15744
15511,Author_15511,4,144.0,5,15745
15626,Author_15626,4,144.0,10,15746
15890,Author_15890,4,144.0,4,15747
17331,Author_17331,4,144.0,5,15748
22805,Author_22805,4,144.0,13,15749
23530,Author_23530,4,144.0,5,15750
1304,Author_01304,4,143.0,15,15751
8207,Author_08207,4,143.0,6,15752
19161,Author_19161,4,143.0,9,15753
20848,Author_20848,4,143.0,7,15754
23481,Author_23481,4,143.0,6,15755
2233,Author_02233,4,142.0,6,15756
2618,Author_02618,4,142.0,5,15757
9277,Author_09277,4,142.0,6,15758
9863,Author_09863,4,142.0,8,15759
13728,Author_13728,4,142.0,5,15760
2226,Author_02226,4,141.0,8,15761
2952,Author_02952,4,141.0,7,15762
5161,Author_05161,4,141.0,9,15763
5825,Author_05825,4,141.0,6,15764
10131,Author_10131,4,141.0,5,15765
10213,Author_10213,4,141.0,7,15766
11911,Author_11911,4,141.0,9,15767
14510,Author_14510,4,141.0,4,15768
17263,Author_17263,4,141.0,8,15769
17582,Author_17582,4,141.0,4,15770
21283,Author_21283,4,141.0,9,15771
28302,Author_28302,4,141.0,13,15772
8130,Author_08130,4,140.0,6,15773
10841,Author_10841,4,140.0,7,15774
17049,Author_17049,4,140.0,5,15775
17142,Author_17142,4,140.0,5,15776
27489,Author_27489,4,140.0,7,15777
3806,Author_03806,4,139.0,5,15778
4042,Author_04042,4,139.0,9,15779
13165,Author_13165,4,139.0,5,15780
16911,Author_16911,4,139.0,6,15781
24393,Author_24393,4,139.0,7,15782
27951,Author_27951,4,139.0,6,15783
28728,Author_28728,4,139.0,6,15784
29110,Author_29110,4,139.0,4,15785
4092,Author_04092,4,138.0,5,15786
4803,Author_04803,4,138.0,7,15787
6128,Author_06128,4,138.0,5,15788
10107,Author_10107,4,138.0,5,15789
10747,Author_10747,4,138.0,6,15790
12081,Author_12081,4,138.0,6,15791
14195,Author_14195,4,138.0,9,15792
14765,Author_14765,4,138.0,5,15793
16530,Author_16530,4,138.0,5,15794
20571,Author_20571,4,138.0,8,15795
23146,Author_23146,4,138.0,6,15796
23871,Author_23871,4,138.0,9,15797
27200,Author_27200,4,138.0,7,15798
27331,Author_27331,4,138.0,6,15799
3055,Author_03055,4,137.0,6,15800
7012,Author_07012,4,137.0,12,15801
8310,Author_08310,4,137.0,10,15802
10828,Author_10828,4,137.0,8,15803
11448,Author_11448,4,137.0,5,15804
13663,Author_13663,4,137.0,5,15805
14770,Author_14770,4,137.0,9,15806
15523,Author_15523,4,137.0,7,15807
16993,Author_16993,4,137.0,7,15808
17305,Author_17305,4,137.0,6,15809
19475,Author_19475,4,137.0,6,15810
19490,Author_19490,4,137.0,5,15811
20289,Author_20289,4,137.0,5,15812
22453,Author_22453,4,137.0,6,15813
24657,Author_24657,4,137.0,6,15814
25203,Author_25203,4,137.0,8,15815
1546,Author_01546,4,136.0,5,15816
7434,Author_07434,4,136.0,5,15817
8490,Author_08490,4,136.0,7,15818
12546,Author_12546,4,136.0,4,15819
15054,Author_15054,4,136.0,6,15820
16520,Author_16520,4,136.0,5,15821
18603,Author_18603,4,136.0,10,15822
20743,Author_20743,4,136.0,4,15823
22743,Author_22743,4,136.0,6,15824
22921,Author_22921,4,136.0,7,15825
23766,Author_23766,4,136.0,7,15826
24885,Author_24885,4,136.0,5,15827
27196,Author_27196,4,136.0,5,15828
28450,Author_28450,4,136.0,7,15829
1034,Author_01034,4,135.0,5,15830
3814,Author_03814,4,135.0,8,15831
17825,Author_17825,4,135.0,4,15832
25828,Author_25828,4,135.0,6,15833
27741,Author_27741,4,135.0,6,15834
29908,Author_29908,4,135.0,4,15835
5829,Author_05829,4,134.0,7,15836
10340,Author_10340,4,134.0,10,15837
19078,Author_19078,4,134.0,6,15838
22388,Author_22388,4,134.0,7,15839
26767,Author_26767,4,134.0,6,15840
2802,Author_02802,4,133.0,5,15841
7332,Author_07332,4,133.0,8,15842
8015,Author_08015,4,133.0,7,15843
8741,Author_08741,4,133.0,6,15844
10547,Author_10547,4,133.0,6,15845
11047,Author_11047,4,133.0,7,15846
11445,Author_11445,4,133.0,8,15847
18123,Author_18123,4,133.0,8,15848
20837,Author_20837,4,133.0,7,15849
26551,Author_26551,4,133.0,5,15850
28880,Author_28880,4,133.0,6,15851
3273,Author_03273,4,132.0,5,15852
3285,Author_03285,4,132.0,6,15853
3369,Author_03369,4,132.0,4,15854
8656,Author_08656,4,132.0,4,15855
9390,Author_09390,4,132.0,10,15856
11202,Author_11202,4,132.0,7,15857
13481,Author_13481,4,132.0,7,15858
16453,Author_16453,4,132.0,10,15859
18134,Author_18134,4,132.0,7,15860
20056,Author_20056,4,132.0,7,15861
765,Author_00765,4,131.0,8,15862
8985,Author_08985,4,131.0,7,15863
12833,Author_12833,4,131.0,6,15864
14011,Author_14011,4,131.0,6,15865
19001,Author_19001,4,131.0,7,15866
19023,Author_19023,4,131.0,9,15867
19398,Author_19398,4,131.0,6,15868
19459,Author_19459,4,131.0,5,15869
20506,Author_20506,4,131.0,5,15870
20821,Author_20821,4,131.0,5,15871
21169,Author_21169,4,131.0,7,15872
22657,Author_22657,4,131.0,6,15873
26085,Author_26085,4,131.0,7,15874
312,Author_00312,4,130.0,6,15875
2037,Author_02037,4,130.0,6,15876
6324,Author_06324,4,130.0,7,15877
11105,Author_11105,4,130.0,5,15878
13882,Author_13882,4,130.0,8,15879
14370,Author_14370,4,130.0,7,15880
16160,Author_16160,4,130.0,8,15881
19771,Author_19771,4,130.0,4,15882
402,Author_00402,4,129.0,6,15883
1220,Author_01220,4,129.0,5,15884
5527,Author_05527,4,129.0,5,15885
6179,Author_06179,4,129.0,6,15886
9006,Author_09006,4,129.0,5,15887
11386,Author_11386,4,129.0,6,15888
14506,Author_14506,4,129.0,5,15889
17220,Author_17220,4,129.0,5,15890
17382,Author_17382,4,129.0,7,15891
24662,Author_24662,4,129.0,4,15892
28346,Author_28346,4,129.0,7,15893
895,Author_00895,4,128.0,8,15894
1262,Author_01262,4,128.0,6,15895
5755,Author_05755,4,128.0,5,15896
6376,Author_06376,4,128.0,5,15897
18061,Author_18061,4,128.0,8,15898
22626,Author_22626,4,128.0,7,15899
25256,Author_25256,4,128.0,5,15900
26185,Author_26185,4,128.0,6,15901
26401,Author_26401,4,128.0,5,15902
535,Author_00535,4,127.0,4,15903
3211,Author_03211,4,127.0,5,15904
13289,Author_13289,4,127.0,4,15905
17491,Author_17491,4,127.0,6,15906
21403,Author_21403,4,127.0,9,15907
23740,Author_23740,4,127.0,4,15908
25761,Author_25761,4,127.0,7,15909
28564,Author_28564,4,127.0,8,15910
28738,Author_28738,4,127.0,6,15911
29932,Author_29932,4,127.0,4,15912
3380,Author_03380,4,126.0,9,15913
5492,Author_05492,4,126.0,5,15914
5600,Author_05600,4,126.0,7,15915
14564,Author_14564,4,126.0,4,15916
19797,Author_19797,4,126.0,6,15917
21731,Author_21731,4,126.0,6,15918
24107,Author_24107,4,126.0,4,15919
24815,Author_24815,4,126.0,5,15920
25606,Author_25606,4,126.0,9,15921
26216,Author_26216,4,126.0,8,15922
27481,Author_27481,4,126.0,10,15923
28370,Author_28370,4,126.0,4,15924
5106,Author_05106,4,125.0,9,15925
11733,Author_11733,4,125.0,5,15926
19106,Author_19106,4,125.0,4,15927
21420,Author_21420,4,125.0,6,15928
22028,Author_22028,4,125.0,8,15929
24474,Author_24474,4,125.0,12,15930
28831,Author_28831,4,125.0,6,15931
29021,Author_29021,4,125.0,6,15932
29704,Author_29704,4,125.0,6,15933
1385,Author_01385,4,124.0,8,15934
9427,Author_09427,4,124.0,5,15935
9850,Author_09850,4,124.0,7,15936
10378,Author_10378,4,124.0,6,15937
12339,Author_12339,4,124.0,7,15938
13048,Author_13048,4,124.0,7,15939
14375,Author_14375,4,124.0,6,15940
15997,Author_15997,4,124.0,6,15941
22027,Author_22027,4,124.0,4,15942
22148,Author_22148,4,124.0,8,15943
23183,Author_23183,4,124.0,11,15944
23784,Author_23784,4,124.0,7,15945
28717,Author_28717,4,124.0,7,15946
29248,Author_29248,4,124.0,4,15947
29491,Author_29491,4,124.0,6,15948
6524,Author_06524,4,123.0,12,15949
9553,Author_09553,4,123.0,13,15950
14850,Author_14850,4,123.0,7,15951
19800,Author_19800,4,123.0,7,15952
20730,Author_20730,4,123.0,6,15953
20835,Author_20835,4,123.0,7,15954
21602,Author_21602,4,123.0,7,15955
22692,Author_22692,4,123.0,5,15956
24751,Author_24751,4,123.0,5,15957
26009,Author_26009,4,123.0,7,15958
10618,Author_10618,4,122.0,9,15959
16759,Author_16759,4,122.0,7,15960
17288,Author_17288,4,122.0,9,15961
19254,Author_19254,4,122.0,9,15962
21898,Author_21898,4,122.0,5,15963
22300,Author_22300,4,122.0,8,15964
26888,Author_26888,4,122.0,5,15965
2661,Author_02661,4,121.0,7,15966
6669,Author_06669,4,121.0,4,15967
8899,Author_08899,4,121.0,8,15968
10365,Author_10365,4,121.0,7,15969
12035,Author_12035,4,121.0,6,15970
17816,Author_17816,4,121.0,6,15971
22497,Author_22497,4,121.0,5,15972
23026,Author_23026,4,121.0,6,15973
23227,Author_23227,4,121.0,8,15974
24251,Author_24251,4,121.0,10,15975
25068,Author_25068,4,121.0,4,15976
27778,Author_27778,4,121.0,5,15977
28517,Author_28517,4,121.0,6,15978
4755,Author_04755,4,120.0,9,15979
8837,Author_08837,4,120.0,5,15980
19913,Author_19913,4,120.0,8,15981
20138,Author_20138,4,120.0,5,15982
21373,Author_21373,4,120.0,8,15983
22426,Author_22426,4,120.0,6,15984
25786,Author_25786,4,120.0,8,15985
935,Author_00935,4,119.0,6,15986
1903,Author_01903,4,119.0,7,15987
1905,Author_01905,4,119.0,6,15988
3353,Author_03353,4,119.0,5,15989
11111,Author_11111,4,119.0,10,15990
11731,Author_11731,4,119.0,7,15991
12902,Author_12902,4,119.0,4,15992
13938,Author_13938,4,119.0,10,15993
14768,Author_14768,4,119.0,9,15994
15401,Author_15401,4,119.0,5,15995
16655,Author_16655,4,119.0,7,15996
24898,Author_24898,4,119.0,8,15997
25991,Author_25991,4,119.0,5,15998
29980,Author_29980,4,119.0,4,15999
2741,Author_02741,4,118.0,6,16000
3396,Author_03396,4,118.0,9,16001
4293,Author_04293,4,118.0,5,16002
4716,Author_04716,4,118.0,10,16003
5773,Author_05773,4,118.0,12,16004
8374,Author_08374,4,118.0,6,16005
9015,Author_09015,4,118.0,6,16006
9183,Author_09183,4,118.0,4,16007
11459,Author_11459,4,118.0,7,16008
12023,Author_12023,4,118.0,7,16009
13343,Author_13343,4,118.0,11,16010
17629,Author_17629,4,118.0,9,16011
19364,Author_19364,4,118.0,7,16012
20687,Author_20687,4,118.0,6,16013
29721,Author_29721,4,118.0,9,16014
7326,Author_07326,4,117.0,9,16015
8822,Author_08822,4,117.0,6,16016
8871,Author_08871,4,117.0,4,16017
10174,Author_10174,4,117.0,6,16018
17864,Author_17864,4,117.0,6,16019
22353,Author_22353,4,117.0,5,16020
22955,Author_22955,4,117.0,7,16021
25831,Author_25831,4,117.0,8,16022
26488,Author_26488,4,117.0,5,16023
29645,Author_29645,4,117.0,9,16024
2075,Author_02075,4,116.0,6,16025
8309,Author_08309,4,116.0,7,16026
11114,Author_11114,4,116.0,12,16027
11586,Author_11586,4,116.0,7,16028
12686,Author_12686,4,116.0,4,16029
14211,Author_14211,4,116.0,5,16030
22006,Author_22006,4,116.0,4,16031
24085,Author_24085,4,116.0,6,16032
26955,Author_26955,4,116.0,5,16033
29338,Author_29338,4,116.0,4,16034
832,Author_00832,4,115.0,8,16035
5482,Author_05482,4,115.0,6,16036
5632,Author_05632,4,115.0,6,16037
7788,Author_07788,4,115.0,5,16038
8122,Author_08122,4,115.0,7,16039
8466,Author_08466,4,115.0,10,16040
9927,Author_09927,4,115.0,7,16041
13274,Author_13274,4,115.0,7,16042
13529,Author_13529,4,115.0,9,16043
19155,Author_19155,4,115.0,4,16044
22737,Author_22737,4,115.0,6,16045
23619,Author_23619,4,115.0,8,16046
24927,Author_24927,4,115.0,7,16047
26870,Author_26870,4,115.0,4,16048
306,Author_00306,4,114.0,5,16049
1771,Author_01771,4,114.0,7,16050
2988,Author_02988,4,114.0,5,16051
4833,Author_04833,4,114.0,7,16052
9889,Author_09889,4,114.0,7,16053
10279,Author_10279,4,114.0,6,16054
11099,Author_11099,4,114.0,6,16055
13555,Author_13555,4,114.0,8,16056
15315,Author_15315,4,114.0,7,16057
17100,Author_17100,4,114.0,4,16058
18256,Author_18256,4,114.0,6,16059
21375,Author_21375,4,114.0,4,16060
22129,Author_22129,4,114.0,4,16061
22885,Author_22885,4,114.0,4,16062
23927,Author_23927,4,114.0,6,16063
26231,Author_26231,4,114.0,5,16064
28982,Author_28982,4,114.0,8,16065
29490,Author_29490,4,114.0,9,16066
5139,Author_05139,4,113.0,5,16067
5560,Author_05560,4,113.0,6,16068
9952,Author_09952,4,113.0,6,16069
11541,Author_11541,4,113.0,5,16070
11847,Author_11847,4,113.0,9,16071
12926,Author_12926,4,113.0,5,16072
16744,Author_16744,4,113.0,9,16073
18847,Author_18847,4,113.0,5,16074
19218,Author_19218,4,113.0,7,16075
21436,Author_21436,4,113.0,4,16076
23200,Author_23200,4,113.0,6,16077
24870,Author_24870,4,113.0,6,16078
25822,Author_25822,4,113.0,7,16079
1967,Author_01967,4,112.0,6,16080
2178,Author_02178,4,112.0,7,16081
2544,Author_02544,4,112.0,7,16082
3219,Author_03219,4,112.0,6,16083
5536,Author_05536,4,112.0,4,16084
5906,Author_05906,4,112.0,6,16085
11667,Author_11667,4,112.0,6,16086
13525,Author_13525,4,112.0,4,16087
20221,Author_20221,4,112.0,7,16088
21479,Author_21479,4,112.0,11,16089
22121,Author_22121,4,112.0,8,16090
24383,Author_24383,4,112.0,8,16091
25352,Author_25352,4,112.0,5,16092
3765,Author_03765,4,111.0,5,16093
3958,Author_03958,4,111.0,8,16094
5242,Author_05242,4,111.0,7,16095
9798,Author_09798,4,111.0,6,16096
11794,Author_11794,4,111.0,7,16097
12113,Author_12113,4,111.0,9,16098
15175,Author_15175,4,111.0,5,16099
16106,Author_16106,4,111.0,5,16100
17572,Author_17572,4,111.0,10,16101
19602,Author_19602,4,111.0,5,16102
19857,Author_19857,4,111.0,4,16103
25547,Author_25547,4,111.0,11,16104
28218,Author_28218,4,111.0,7,16105
1673,Author_01673,4,110.0,7,16106
1980,Author_01980,4,110.0,5,16107
12290,Author_12290,4,110.0,4,16108
13955,Author_13955,4,110.0,9,16109
18262,Author_18262,4,110.0,5,16110
19267,Author_19267,4,110.0,7,16111
19960,Author_19960,4,110.0,10,16112
25934,Author_25934,4,110.0,5,16113
26373,Author_26373,4,110.0,8,16114
4157,Author_04157,4,109.0,6,16115
4861,Author_04861,4,109.0,6,16116
9857,Author_09857,4,109.0,6,16117
10913,Author_10913,4,109.0,4,16118
16548,Author_16548,4,109.0,4,16119
25047,Author_25047,4,109.0,9,16120
26248,Author_26248,4,109.0,9,16121
26462,Author_26462,4,109.0,5,16122
2715,Author_02715,4,108.0,8,16123
3903,Author_03903,4,108.0,6,16124
6823,Author_06823,4,108.0,8,16125
7527,Author_07527,4,108.0,9,16126
9876,Author_09876,4,108.0,7,16127
10502,Author_10502,4,108.0,6,16128
15290,Author_15290,4,108.0,7,16129
16213,Author_16213,4,108.0,6,16130
17005,Author_17005,4,108.0,9,16131
17716,Author_17716,4,108.0,7,16132
19623,Author_19623,4,108.0,5,16133
20008,Author_20008,4,108.0,12,16134
20436,Author_20436,4,108.0,4,16135
22746,Author_22746,4,108.0,6,16136
25654,Author_25654,4,108.0,12,16137
26275,Author_26275,4,108.0,12,16138
28425,Author_28425,4,108.0,5,16139
28851,Author_28851,4,108.0,9,16140
29213,Author_29213,4,108.0,6,16141
29733,Author_29733,4,108.0,6,16142
3433,Author_03433,4,107.0,4,16143
5008,Author_05008,4,107.0,6,16144
9883,Author_09883,4,107.0,12,16145
10567,Author_10567,4,107.0,9,16146
17850,Author_17850,4,107.0,6,16147
19413,Author_19413,4,107.0,7,16148
23729,Author_23729,4,107.0,5,16149
25245,Author_25245,4,107.0,10,16150
27307,Author_27307,4,107.0,5,16151
27987,Author_27987,4,107.0,4,16152
29390,Author_29390,4,107.0,8,16153
74,Author_00074,4,106.0,7,16154
867,Author_00867,4,106.0,4,16155
3600,Author_03600,4,106.0,5,16156
4962,Author_04962,4,106.0,7,16157
5430,Author_05430,4,106.0,7,16158
5943,Author_05943,4,106.0,5,16159
7139,Author_07139,4,106.0,6,16160
8922,Author_08922,4,106.0,6,16161
9339,Author_09339,4,106.0,5,16162
10173,Author_10173,4,106.0,7,16163
12839,Author_12839,4,106.0,8,16164
15415,Author_15415,4,106.0,10,16165
16497,Author_16497,4,106.0,6,16166
17618,Author_17618,4,106.0,6,16167
18425,Author_18425,4,106.0,7,16168
20233,Author_20233,4,106.0,7,16169
21391,Author_21391,4,106.0,6,16170
26545,Author_26545,4,106.0,5,16171
26668,Author_26668,4,106.0,4,16172
29232,Author_29232,4,106.0,7,16173
29364,Author_29364,4,106.0,7,16174
1555,Author_01555,4,105.0,7,16175
1633,Author_01633,4,105.0,4,16176
1724,Author_01724,4,105.0,12,16177
2425,Author_02425,4,105.0,11,16178
5050,Author_05050,4,105.0,7,16179
14331,Author_14331,4,105.0,5,16180
17084,Author_17084,4,105.0,6,16181
20894,Author_20894,4,105.0,6,16182
22510,Author_22510,4,105.0,4,16183
22897,Author_22897,4,105.0,9,16184
27383,Author_27383,4,105.0,7,16185
28685,Author_28685,4,105.0,7,16186
1842,Author_01842,4,104.0,8,16187
2117,Author_02117,4,104.0,5,16188
3323,Author_03323,4,104.0,4,16189
8267,Author_08267,4,104.0,6,16190
8407,Author_08407,4,104.0,6,16191
9492,Author_09492,4,104.0,5,16192
10311,Author_10311,4,104.0,6,16193
11471,Author_11471,4,104.0,12,16194
12149,Author_12149,4,104.0,4,16195
13339,Author_13339,4,104.0,4,16196
20554,Author_20554,4,104.0,7,16197
21304,Author_21304,4,104.0,11,16198
24387,Author_24387,4,104.0,4,16199
24853,Author_24853,4,104.0,11,16200
26155,Author_26155,4,104.0,4,16201
26920,Author_26920,4,104.0,7,16202
27014,Author_27014,4,104.0,5,16203
28919,Author_28919,4,104.0,8,16204
29852,Author_29852,4,104.0,7,16205
1209,Author_01209,4,103.0,6,16206
1945,Author_01945,4,103.0,6,16207
3149,Author_03149,4,103.0,8,16208
3460,Author_03460,4,103.0,6,16209
4935,Author_04935,4,103.0,8,16210
5529,Author_05529,4,103.0,5,16211
7977,Author_07977,4,103.0,7,16212
9078,Author_09078,4,103.0,4,16213
10513,Author_10513,4,103.0,7,16214
12643,Author_12643,4,103.0,4,16215
13675,Author_13675,4,103.0,5,16216
15331,Author_15331,4,103.0,7,16217
15497,Author_15497,4,103.0,5,16218
17954,Author_17954,4,103.0,4,16219
18215,Author_18215,4,103.0,4,16220
26823,Author_26823,4,103.0,8,16221
27266,Author_27266,4,103.0,5,16222
5940,Author_05940,4,102.0,6,16223
8796,Author_08796,4,102.0,6,16224
12696,Author_12696,4,102.0,5,16225
16447,Author_16447,4,102.0,7,16226
21306,Author_21306,4,102.0,8,16227
21355,Author_21355,4,102.0,7,16228
22568,Author_22568,4,102.0,6,16229
24341,Author_24341,4,102.0,6,16230
25775,Author_25775,4,102.0,5,16231
28784,Author_28784,4,102.0,9,16232
793,Author_00793,4,101.0,5,16233
2588,Author_02588,4,101.0,4,16234
2775,Author_02775,4,101.0,7,16235
3414,Author_03414,4,101.0,8,16236
5976,Author_05976,4,101.0,6,16237
7033,Author_07033,4,101.0,5,16238
8858,Author_08858,4,101.0,5,16239
9595,Author_09595,4,101.0,7,16240
10175,Author_10175,4,101.0,4,16241
10321,Author_10321,4,101.0,10,16242
15300,Author_15300,4,101.0,6,16243
15719,Author_15719,4,101.0,4,16244
15848,Author_15848,4,101.0,8,16245
16126,Author_16126,4,101.0,8,16246
17069,Author_17069,4,101.0,5,16247
18919,Author_18919,4,101.0,7,16248
19448,Author_19448,4,101.0,8,16249
20308,Author_20308,4,101.0,7,16250
23813,Author_23813,4,101.0,7,16251
23950,Author_23950,4,101.0,12,16252
24648,Author_24648,4,101.0,5,16253
27838,Author_27838,4,101.0,6,16254
393,Author_00393,4,100.0,8,16255
474,Author_00474,4,100.0,6,16256
1086,Author_01086,4,100.0,6,16257
2468,Author_02468,4,100.0,5,16258
4214,Author_04214,4,100.0,6,16259
5363,Author_05363,4,100.0,6,16260
5730,Author_05730,4,100.0,8,16261
6671,Author_06671,4,100.0,6,16262
6959,Author_06959,4,100.0,7,16263
9875,Author_09875,4,100.0,8,16264
9929,Author_09929,4,100.0,4,16265
11797,Author_11797,4,100.0,5,16266
13494,Author_13494,4,100.0,6,16267
14281,Author_14281,4,100.0,7,16268
14537,Author_14537,4,100.0,4,16269
14839,Author_14839,4,100.0,5,16270
15292,Author_15292,4,100.0,7,16271
17127,Author_17127,4,100.0,7,16272
19701,Author_19701,4,100.0,6,16273
20374,Author_20374,4,100.0,6,16274
21892,Author_21892,4,100.0,4,16275
22337,Author_22337,4,100.0,8,16276
22560,Author_22560,4,100.0,6,16277
24276,Author_24276,4,100.0,12,16278
25150,Author_25150,4,100.0,7,16279
27060,Author_27060,4,100.0,7,16280
27948,Author_27948,4,100.0,5,16281
29104,Author_29104,4,100.0,9,16282
374,Author_00374,4,99.0,5,16283
2105,Author_02105,4,99.0,8,16284
5513,Author_05513,4,99.0,4,16285
8615,Author_08615,4,99.0,8,16286
9704,Author_09704,4,99.0,4,16287
14559,Author_14559,4,99.0,8,16288
18351,Author_18351,4,99.0,5,16289
19621,Author_19621,4,99.0,6,16290
20321,Author_20321,4,99.0,12,16291
26168,Author_26168,4,99.0,7,16292
29423,Author_29423,4,99.0,9,16293
365,Author_00365,4,98.0,6,16294
724,Author_00724,4,98.0,6,16295
1369,Author_01369,4,98.0,9,16296
2368,Author_02368,4,98.0,5,16297
2687,Author_02687,4,98.0,4,16298
5052,Author_05052,4,98.0,6,16299
6354,Author_06354,4,98.0,4,16300
6715,Author_06715,4,98.0,5,16301
10001,Author_10001,4,98.0,5,16302
11066,Author_11066,4,98.0,6,16303
13216,Author_13216,4,98.0,5,16304
13883,Author_13883,4,98.0,9,16305
14520,Author_14520,4,98.0,7,16306
14538,Author_14538,4,98.0,8,16307
19044,Author_19044,4,98.0,4,16308
23276,Author_23276,4,98.0,6,16309
23290,Author_23290,4,98.0,8,16310
25239,Author_25239,4,98.0,5,16311
25843,Author_25843,4,98.0,4,16312
26712,Author_26712,4,98.0,5,16313
29409,Author_29409,4,98.0,5,16314
29868,Author_29868,4,98.0,7,16315
142,Author_00142,4,97.0,4,16316
4210,Author_04210,4,97.0,7,16317
5826,Author_05826,4,97.0,9,16318
6546,Author_06546,4,97.0,4,16319
6813,Author_06813,4,97.0,8,16320
8191,Author_08191,4,97.0,8,16321
12967,Author_12967,4,97.0,6,16322
14066,Author_14066,4,97.0,7,16323
14357,Author_14357,4,97.0,7,16324
14849,Author_14849,4,97.0,5,16325
15965,Author_15965,4,97.0,7,16326
16424,Author_16424,4,97.0,8,16327
17832,Author_17832,4,97.0,5,16328
18795,Author_18795,4,97.0,5,16329
20467,Author_20467,4,97.0,6,16330
20495,Author_20495,4,97.0,5,16331
21139,Author_21139,4,97.0,5,16332
21785,Author_21785,4,97.0,6,16333
24281,Author_24281,4,97.0,13,16334
26790,Author_26790,4,97.0,7,16335
694,Author_00694,4,96.0,8,16336
1783,Author_01783,4,96.0,4,16337
7224,Author_07224,4,96.0,5,16338
12066,Author_12066,4,96.0,7,16339
12422,Author_12422,4,96.0,4,16340
14804,Author_14804,4,96.0,8,16341
15204,Author_15204,4,96.0,4,16342
15737,Author_15737,4,96.0,6,16343
15969,Author_15969,4,96.0,6,16344
17335,Author_17335,4,96.0,8,16345
18273,Author_18273,4,96.0,8,16346
19280,Author_19280,4,96.0,6,16347
19328,Author_19328,4,96.0,8,16348
20753,Author_20753,4,96.0,6,16349
21098,Author_21098,4,96.0,8,16350
23853,Author_23853,4,96.0,10,16351
27330,Author_27330,4,96.0,5,16352
29366,Author_29366,4,96.0,6,16353
29387,Author_29387,4,96.0,7,16354
29467,Author_29467,4,96.0,8,16355
2792,Author_02792,4,95.0,9,16356
4551,Author_04551,4,95.0,7,16357
5558,Author_05558,4,95.0,5,16358
6792,Author_06792,4,95.0,9,16359
8054,Author_08054,4,95.0,8,16360
8823,Author_08823,4,95.0,12,16361
11045,Author_11045,4,95.0,8,16362
12163,Author_12163,4,95.0,7,16363
14826,Author_14826,4,95.0,6,16364
16905,Author_16905,4,95.0,8,16365
17031,Author_17031,4,95.0,8,16366
18499,Author_18499,4,95.0,7,16367
19324,Author_19324,4,95.0,9,16368
21118,Author_21118,4,95.0,4,16369
21506,Author_21506,4,95.0,4,16370
21828,Author_21828,4,95.0,4,16371
24449,Author_24449,4,95.0,4,16372
24694,Author_24694,4,95.0,6,16373
28421,Author_28421,4,95.0,5,16374
28441,Author_28441,4,95.0,5,16375
262,Author_00262,4,94.0,7,16376
3872,Author_03872,4,94.0,7,16377
4389,Author_04389,4,94.0,6,16378
5979,Author_05979,4,94.0,8,16379
8048,Author_08048,4,94.0,5,16380
8135,Author_08135,4,94.0,7,16381
8744,Author_08744,4,94.0,9,16382
9589,Author_09589,4,94.0,4,16383
10257,Author_10257,4,94.0,5,16384
12332,Author_12332,4,94.0,6,16385
12553,Author_12553,4,94.0,6,16386
13528,Author_13528,4,94.0,7,16387
15333,Author_15333,4,94.0,6,16388
16788,Author_16788,4,94.0,8,16389
17898,Author_17898,4,94.0,7,16390
19281,Author_19281,4,94.0,9,16391
23111,Author_23111,4,94.0,8,16392
24159,Author_24159,4,94.0,5,16393
24234,Author_24234,4,94.0,7,16394
26072,Author_26072,4,94.0,6,16395
26134,Author_26134,4,94.0,12,16396
29030,Author_29030,4,94.0,7,16397
29379,Author_29379,4,94.0,7,16398
29517,Author_29517,4,94.0,6,16399
1096,Author_01096,4,93.0,5,16400
2776,Author_02776,4,93.0,9,16401
3114,Author_03114,4,93.0,6,16402
3536,Author_03536,4,93.0,6,16403
4019,Author_04019,4,93.0,7,16404
4870,Author_04870,4,93.0,4,16405
6311,Author_06311,4,93.0,6,16406
7624,Author_07624,4,93.0,7,16407
10564,Author_10564,4,93.0,11,16408
11161,Author_11161,4,93.0,9,16409
15038,Author_15038,4,93.0,6,16410
17162,Author_17162,4,93.0,8,16411
20922,Author_20922,4,93.0,7,16412
21492,Author_21492,4,93.0,10,16413
23565,Author_23565,4,93.0,7,16414
24454,Author_24454,4,93.0,4,16415
26882,Author_26882,4,93.0,8,16416
557,Author_00557,4,92.0,8,16417
573,Author_00573,4,92.0,6,16418
576,Author_00576,4,92.0,6,16419
1101,Author_01101,4,92.0,11,16420
1814,Author_01814,4,92.0,5,16421
2016,Author_02016,4,92.0,9,16422
3406,Author_03406,4,92.0,5,16423
5421,Author_05421,4,92.0,10,16424
6172,Author_06172,4,92.0,6,16425
8331,Author_08331,4,92.0,6,16426
9418,Author_09418,4,92.0,7,16427
11404,Author_11404,4,92.0,8,16428
14304,Author_14304,4,92.0,8,16429
16305,Author_16305,4,92.0,13,16430
16660,Author_16660,4,92.0,5,16431
17442,Author_17442,4,92.0,8,16432
17616,Author_17616,4,92.0,5,16433
17703,Author_17703,4,92.0,10,16434
17789,Author_17789,4,92.0,9,16435
19524,Author_19524,4,92.0,6,16436
20338,Author_20338,4,92.0,7,16437
24495,Author_24495,4,92.0,10,16438
24784,Author_24784,4,92.0,9,16439
24928,Author_24928,4,92.0,4,16440
27706,Author_27706,4,92.0,5,16441
29836,Author_29836,4,92.0,6,16442
2743,Author_02743,4,91.0,5,16443
6594,Author_06594,4,91.0,7,16444
10524,Author_10524,4,91.0,6,16445
10673,Author_10673,4,91.0,8,16446
11051,Author_11051,4,91.0,8,16447
13439,Author_13439,4,91.0,7,16448
14112,Author_14112,4,91.0,6,16449
14500,Author_14500,4,91.0,4,16450
15472,Author_15472,4,91.0,9,16451
15510,Author_15510,4,91.0,4,16452
20393,Author_20393,4,91.0,9,16453
21227,Author_21227,4,91.0,6,16454
23219,Author_23219,4,91.0,6,16455
23484,Author_23484,4,91.0,8,16456
23789,Author_23789,4,91.0,5,16457
24106,Author_24106,4,91.0,8,16458
24439,Author_24439,4,91.0,10,16459
26059,Author_26059,4,91.0,5,16460
27326,Author_27326,4,91.0,8,16461
1774,Author_01774,4,90.0,6,16462
4071,Author_04071,4,90.0,10,16463
4546,Author_04546,4,90.0,5,16464
5744,Author_05744,4,90.0,5,16465
6028,Author_06028,4,90.0,5,16466
7937,Author_07937,4,90.0,5,16467
9780,Author_09780,4,90.0,8,16468
10144,Author_10144,4,90.0,7,16469
11016,Author_11016,4,90.0,4,16470
11666,Author_11666,4,90.0,6,16471
12591,Author_12591,4,90.0,7,16472
12668,Author_12668,4,90.0,4,16473
17670,Author_17670,4,90.0,5,16474
18560,Author_18560,4,90.0,5,16475
18606,Author_18606,4,90.0,6,16476
19211,Author_19211,4,90.0,5,16477
19492,Author_19492,4,90.0,8,16478
19825,Author_19825,4,90.0,4,16479
19947,Author_19947,4,90.0,4,16480
22114,Author_22114,4,90.0,7,16481
22205,Author_22205,4,90.0,5,16482
23662,Author_23662,4,90.0,9,16483
24273,Author_24273,4,90.0,14,16484
27116,Author_27116,4,90.0,5,16485
27574,Author_27574,4,90.0,6,16486
28520,Author_28520,4,90.0,5,16487
28782,Author_28782,4,90.0,10,16488
28797,Author_28797,4,90.0,11,16489
819,Author_00819,4,89.0,4,16490
1796,Author_01796,4,89.0,5,16491
5442,Author_05442,4,89.0,5,16492
5519,Author_05519,4,89.0,7,16493
7752,Author_07752,4,89.0,11,16494
8517,Author_08517,4,89.0,6,16495
8870,Author_08870,4,89.0,9,16496
9625,Author_09625,4,89.0,5,16497
10012,Author_10012,4,89.0,6,16498
10562,Author_10562,4,89.0,5,16499
11530,Author_11530,4,89.0,5,16500
14927,Author_14927,4,89.0,4,16501
15229,Author_15229,4,89.0,10,16502
16076,Author_16076,4,89.0,6,16503
19421,Author_19421,4,89.0,5,16504
22575,Author_22575,4,89.0,4,16505
24797,Author_24797,4,89.0,9,16506
24999,Author_24999,4,89.0,8,16507
27954,Author_27954,4,89.0,6,16508
28283,Author_28283,4,89.0,6,16509
29309,Author_29309,4,89.0,11,16510
29424,Author_29424,4,89.0,4,16511
29546,Author_29546,4,89.0,12,16512
2903,Author_02903,4,88.0,7,16513
5046,Author_05046,4,88.0,4,16514
5111,Author_05111,4,88.0,13,16515
6186,Author_06186,4,88.0,5,16516
10893,Author_10893,4,88.0,10,16517
12653,Author_12653,4,88.0,4,16518
16038,Author_16038,4,88.0,4,16519
16168,Author_16168,4,88.0,7,16520
17056,Author_17056,4,88.0,6,16521
17677,Author_17677,4,88.0,4,16522
18598,Author_18598,4,88.0,5,16523
18774,Author_18774,4,88.0,4,16524
20830,Author_20830,4,88.0,6,16525
21300,Author_21300,4,88.0,8,16526
22125,Author_22125,4,88.0,11,16527
23825,Author_23825,4,88.0,8,16528
24431,Author_24431,4,88.0,10,16529
27178,Author_27178,4,88.0,7,16530
28317,Author_28317,4,88.0,4,16531
177,Author_00177,4,87.0,4,16532
1330,Author_01330,4,87.0,6,16533
1363,Author_01363,4,87.0,5,16534
4104,Author_04104,4,87.0,5,16535
5207,Author_05207,4,87.0,7,16536
5495,Author_05495,4,87.0,5,16537
7739,Author_07739,4,87.0,6,16538
7903,Author_07903,4,87.0,9,16539
12044,Author_12044,4,87.0,8,16540
13006,Author_13006,4,87.0,9,16541
13484,Author_13484,4,87.0,6,16542
14371,Author_14371,4,87.0,6,16543
15189,Author_15189,4,87.0,7,16544
16700,Author_16700,4,87.0,7,16545
18444,Author_18444,4,87.0,4,16546
18880,Author_18880,4,87.0,6,16547
19268,Author_19268,4,87.0,4,16548
20093,Author_20093,4,87.0,13,16549
24768,Author_24768,4,87.0,6,16550
28029,Author_28029,4,87.0,8,16551
28433,Author_28433,4,87.0,5,16552
28875,Author_28875,4,87.0,8,16553
163,Author_00163,4,86.0,7,16554
408,Author_00408,4,86.0,10,16555
1337,Author_01337,4,86.0,7,16556
2210,Author_02210,4,86.0,9,16557
2254,Author_02254,4,86.0,7,16558
2569,Author_02569,4,86.0,11,16559
3280,Author_03280,4,86.0,7,16560
3489,Author_03489,4,86.0,7,16561
4236,Author_04236,4,86.0,9,16562
6066,Author_06066,4,86.0,4,16563
7141,Author_07141,4,86.0,9,16564
8917,Author_08917,4,86.0,6,16565
10044,Author_10044,4,86.0,7,16566
10923,Author_10923,4,86.0,6,16567
17144,Author_17144,4,86.0,10,16568
17745,Author_17745,4,86.0,6,16569
19172,Author_19172,4,86.0,6,16570
19586,Author_19586,4,86.0,8,16571
20453,Author_20453,4,86.0,4,16572
21388,Author_21388,4,86.0,7,16573
23259,Author_23259,4,86.0,5,16574
23669,Author_23669,4,86.0,8,16575
24295,Author_24295,4,86.0,13,16576
25579,Author_25579,4,86.0,7,16577
26041,Author_26041,4,86.0,6,16578
26087,Author_26087,4,86.0,8,16579
26165,Author_26165,4,86.0,7,16580
26252,Author_26252,4,86.0,5,16581
26350,Author_26350,4,86.0,7,16582
26924,Author_26924,4,86.0,5,16583
27537,Author_27537,4,86.0,6,16584
29444,Author_29444,4,86.0,5,16585
1513,Author_01513,4,85.0,8,16586
3683,Author_03683,4,85.0,4,16587
5000,Author_05000,4,85.0,9,16588
5204,Author_05204,4,85.0,7,16589
5362,Author_05362,4,85.0,4,16590
5713,Author_05713,4,85.0,6,16591
8577,Author_08577,4,85.0,4,16592
8679,Author_08679,4,85.0,6,16593
10251,Author_10251,4,85.0,4,16594
13107,Author_13107,4,85.0,7,16595
14317,Author_14317,4,85.0,5,16596
14319,Author_14319,4,85.0,11,16597
14437,Author_14437,4,85.0,5,16598
15085,Author_15085,4,85.0,4,16599
15679,Author_15679,4,85.0,8,16600
15785,Author_15785,4,85.0,7,16601
16795,Author_16795,4,85.0,6,16602
17964,Author_17964,4,85.0,8,16603
18331,Author_18331,4,85.0,8,16604
19569,Author_19569,4,85.0,8,16605
19713,Author_19713,4,85.0,12,16606
22009,Author_22009,4,85.0,4,16607
27224,Author_27224,4,85.0,6,16608
27662,Author_27662,4,85.0,6,16609
1818,Author_01818,4,84.0,12,16610
2312,Author_02312,4,84.0,12,16611
3111,Author_03111,4,84.0,9,16612
4263,Author_04263,4,84.0,6,16613
4788,Author_04788,4,84.0,5,16614
4798,Author_04798,4,84.0,6,16615
4933,Author_04933,4,84.0,8,16616
5685,Author_05685,4,84.0,7,16617
6677,Author_06677,4,84.0,5,16618
6808,Author_06808,4,84.0,5,16619
12392,Author_12392,4,84.0,8,16620
12481,Author_12481,4,84.0,5,16621
12705,Author_12705,4,84.0,5,16622
14644,Author_14644,4,84.0,8,16623
17833,Author_17833,4,84.0,4,16624
18029,Author_18029,4,84.0,5,16625
18409,Author_18409,4,84.0,11,16626
18434,Author_18434,4,84.0,5,16627
18517,Author_18517,4,84.0,5,16628
19182,Author_19182,4,84.0,4,16629
21360,Author_21360,4,84.0,5,16630
21703,Author_21703,4,84.0,10,16631
22061,Author_22061,4,84.0,11,16632
23548,Author_23548,4,84.0,9,16633
26720,Author_26720,4,84.0,7,16634
28383,Author_28383,4,84.0,8,16635
29616,Author_29616,4,84.0,9,16636
586,Author_00586,4,83.0,6,16637
733,Author_00733,4,83.0,5,16638
2232,Author_02232,4,83.0,7,16639
6269,Author_06269,4,83.0,11,16640
9388,Author_09388,4,83.0,7,16641
9412,Author_09412,4,83.0,5,16642
10190,Author_10190,4,83.0,6,16643
11470,Author_11470,4,83.0,5,16644
11937,Author_11937,4,83.0,5,16645
12347,Author_12347,4,83.0,8,16646
13267,Author_13267,4,83.0,7,16647
13709,Author_13709,4,83.0,10,16648
14454,Author_14454,4,83.0,8,16649
15282,Author_15282,4,83.0,5,16650
15608,Author_15608,4,83.0,9,16651
16285,Author_16285,4,83.0,7,16652
17839,Author_17839,4,83.0,5,16653
18761,Author_18761,4,83.0,4,16654
19629,Author_19629,4,83.0,6,16655
21395,Author_21395,4,83.0,7,16656
22629,Author_22629,4,83.0,7,16657
24233,Author_24233,4,83.0,6,16658
25942,Author_25942,4,83.0,7,16659
28484,Author_28484,4,83.0,6,16660
3508,Author_03508,4,82.0,4,16661
5911,Author_05911,4,82.0,5,16662
7897,Author_07897,4,82.0,6,16663
8439,Author_08439,4,82.0,8,16664
9667,Author_09667,4,82.0,11,16665
11916,Author_11916,4,82.0,7,16666
12297,Author_12297,4,82.0,4,16667
13881,Author_13881,4,82.0,4,16668
14263,Author_14263,4,82.0,10,16669
14342,Author_14342,4,82.0,9,16670
15332,Author_15332,4,82.0,8,16671
16121,Author_16121,4,82.0,7,16672
17030,Author_17030,4,82.0,6,16673
18057,Author_18057,4,82.0,5,16674
20460,Author_20460,4,82.0,5,16675
21365,Author_21365,4,82.0,4,16676
23617,Author_23617,4,82.0,5,16677
24935,Author_24935,4,82.0,4,16678
25201,Author_25201,4,82.0,6,16679
27452,Author_27452,4,82.0,4,16680
1367,Author_01367,4,81.0,8,16681
3023,Author_03023,4,81.0,5,16682
4219,Author_04219,4,81.0,4,16683
4868,Author_04868,4,81.0,4,16684
6143,Author_06143,4,81.0,7,16685
6202,Author_06202,4,81.0,6,16686
6740,Author_06740,4,81.0,7,16687
7523,Author_07523,4,81.0,7,16688
9604,Author_09604,4,81.0,6,16689
10002,Author_10002,4,81.0,6,16690
10590,Author_10590,4,81.0,6,16691
11192,Author_11192,4,81.0,5,16692
12648,Author_12648,4,81.0,4,16693
13378,Author_13378,4,81.0,6,16694
13570,Author_13570,4,81.0,9,16695
13592,Author_13592,4,81.0,19,16696
14531,Author_14531,4,81.0,6,16697
16080,Author_16080,4,81.0,8,16698
17105,Author_17105,4,81.0,7,16699
18510,Author_18510,4,81.0,6,16700
19848,Author_19848,4,81.0,7,16701
21119,Author_21119,4,81.0,9,16702
27040,Author_27040,4,81.0,5,16703
28351,Author_28351,4,81.0,12,16704
29603,Author_29603,4,81.0,10,16705
2151,Author_02151,4,80.0,8,16706
2619,Author_02619,4,80.0,6,16707
7756,Author_07756,4,80.0,12,16708
7787,Author_07787,4,80.0,9,16709
8866,Author_08866,4,80.0,5,16710
8999,Author_08999,4,80.0,6,16711
9346,Author_09346,4,80.0,6,16712
10384,Author_10384,4,80.0,6,16713
11551,Author_11551,4,80.0,4,16714
11713,Author_11713,4,80.0,4,16715
14739,Author_14739,4,80.0,5,16716
15502,Author_15502,4,80.0,6,16717
16383,Author_16383,4,80.0,6,16718
18624,Author_18624,4,80.0,5,16719
19921,Author_19921,4,80.0,5,16720
20828,Author_20828,4,80.0,5,16721
21455,Author_21455,4,80.0,7,16722
25768,Author_25768,4,80.0,12,16723
25927,Author_25927,4,80.0,9,16724
26709,Author_26709,4,80.0,7,16725
26931,Author_26931,4,80.0,10,16726
27992,Author_27992,4,80.0,6,16727
61,Author_00061,4,79.0,4,16728
553,Author_00553,4,79.0,5,16729
771,Author_00771,4,79.0,5,16730
3200,Author_03200,4,79.0,6,16731
3966,Author_03966,4,79.0,5,16732
4645,Author_04645,4,79.0,8,16733
5571,Author_05571,4,79.0,5,16734
6478,Author_06478,4,79.0,5,16735
7649,Author_07649,4,79.0,7,16736
7745,Author_07745,4,79.0,5,16737
10078,Author_10078,4,79.0,6,16738
13452,Author_13452,4,79.0,5,16739
15109,Author_15109,4,79.0,5,16740
16848,Author_16848,4,79.0,7,16741
16917,Author_16917,4,79.0,11,16742
17012,Author_17012,4,79.0,5,16743
17017,Author_17017,4,79.0,4,16744
17601,Author_17601,4,79.0,7,16745
18671,Author_18671,4,79.0,7,16746
18693,Author_18693,4,79.0,7,16747
20124,Author_20124,4,79.0,6,16748
20616,Author_20616,4,79.0,7,16749
20625,Author_20625,4,79.0,6,16750
21904,Author_21904,4,79.0,7,16751
27338,Author_27338,4,79.0,10,16752
27728,Author_27728,4,79.0,6,16753
1664,Author_01664,4,78.0,7,16754
1816,Author_01816,4,78.0,8,16755
2607,Author_02607,4,78.0,4,16756
3473,Author_03473,4,78.0,7,16757
3811,Author_03811,4,78.0,6,16758
6752,Author_06752,4,78.0,6,16759
7503,Author_07503,4,78.0,8,16760
7818,Author_07818,4,78.0,6,16761
8804,Author_08804,4,78.0,6,16762
9808,Author_09808,4,78.0,9,16763
10263,Author_10263,4,78.0,6,16764
10589,Author_10589,4,78.0,6,16765
10654,Author_10654,4,78.0,9,16766
11843,Author_11843,4,78.0,11,16767
13176,Author_13176,4,78.0,6,16768
13427,Author_13427,4,78.0,7,16769
13846,Author_13846,4,78.0,10,16770
14623,Author_14623,4,78.0,6,16771
19671,Author_19671,4,78.0,6,16772
19741,Author_19741,4,78.0,5,16773
20342,Author_20342,4,78.0,8,16774
20594,Author_20594,4,78.0,6,16775
21752,Author_21752,4,78.0,7,16776
22561,Author_22561,4,78.0,5,16777
22764,Author_22764,4,78.0,5,16778
24391,Author_24391,4,78.0,8,16779
24621,Author_24621,4,78.0,7,16780
25394,Author_25394,4,78.0,8,16781
26145,Author_26145,4,78.0,5,16782
26220,Author_26220,4,78.0,6,16783
28603,Author_28603,4,78.0,7,16784
3002,Author_03002,4,77.0,5,16785
3025,Author_03025,4,77.0,6,16786
4816,Author_04816,4,77.0,6,16787
4909,Author_04909,4,77.0,10,16788
5693,Author_05693,4,77.0,7,16789
6258,Author_06258,4,77.0,7,16790
8057,Author_08057,4,77.0,4,16791
8670,Author_08670,4,77.0,8,16792
9367,Author_09367,4,77.0,9,16793
9419,Author_09419,4,77.0,8,16794
9988,Author_09988,4,77.0,5,16795
10375,Author_10375,4,77.0,7,16796
10462,Author_10462,4,77.0,5,16797
10997,Author_10997,4,77.0,6,16798
16037,Author_16037,4,77.0,5,16799
18988,Author_18988,4,77.0,4,16800
19753,Author_19753,4,77.0,7,16801
20054,Author_20054,4,77.0,5,16802
20376,Author_20376,4,77.0,10,16803
20721,Author_20721,4,77.0,4,16804
21220,Author_21220,4,77.0,6,16805
21353,Author_21353,4,77.0,8,16806
21397,Author_21397,4,77.0,7,16807
21532,Author_21532,4,77.0,4,16808
21972,Author_21972,4,77.0,5,16809
22768,Author_22768,4,77.0,5,16810
23616,Author_23616,4,77.0,7,16811
24414,Author_24414,4,77.0,5,16812
27870,Author_27870,4,77.0,6,16813
28882,Author_28882,4,77.0,10,16814
1028,Author_01028,4,76.0,4,16815
1044,Author_01044,4,76.0,6,16816
1922,Author_01922,4,76.0,7,16817
1954,Author_01954,4,76.0,5,16818
1958,Author_01958,4,76.0,10,16819
2195,Author_02195,4,76.0,9,16820
2288,Author_02288,4,76.0,12,16821
3086,Author_03086,4,76.0,4,16822
5961,Author_05961,4,76.0,6,16823
6264,Author_06264,4,76.0,6,16824
7188,Author_07188,4,76.0,4,16825
7764,Author_07764,4,76.0,5,16826
8706,Author_08706,4,76.0,8,16827
8830,Author_08830,4,76.0,4,16828
9788,Author_09788,4,76.0,6,16829
10480,Author_10480,4,76.0,4,16830
10902,Author_10902,4,76.0,7,16831
13477,Author_13477,4,76.0,5,16832
13908,Author_13908,4,76.0,7,16833
15025,Author_15025,4,76.0,5,16834
15583,Author_15583,4,76.0,4,16835
16612,Author_16612,4,76.0,5,16836
17473,Author_17473,4,76.0,5,16837
17909,Author_17909,4,76.0,5,16838
18926,Author_18926,4,76.0,7,16839
18981,Author_18981,4,76.0,5,16840
19011,Author_19011,4,76.0,6,16841
21260,Author_21260,4,76.0,6,16842
21264,Author_21264,4,76.0,5,16843
21678,Author_21678,4,76.0,10,16844
21737,Author_21737,4,76.0,7,16845
24367,Author_24367,4,76.0,5,16846
24415,Author_24415,4,76.0,11,16847
26983,Author_26983,4,76.0,7,16848
27384,Author_27384,4,76.0,8,16849
28428,Author_28428,4,76.0,8,16850
28472,Author_28472,4,76.0,6,16851
1365,Author_01365,4,75.0,5,16852
1522,Author_01522,4,75.0,4,16853
2593,Author_02593,4,75.0,6,16854
4190,Author_04190,4,75.0,6,16855
4309,Author_04309,4,75.0,13,16856
4948,Author_04948,4,75.0,5,16857
6844,Author_06844,4,75.0,4,16858
7547,Author_07547,4,75.0,9,16859
7807,Author_07807,4,75.0,5,16860
8568,Author_08568,4,75.0,6,16861
8801,Author_08801,4,75.0,4,16862
9172,Author_09172,4,75.0,6,16863
9644,Author_09644,4,75.0,7,16864
12729,Author_12729,4,75.0,8,16865
14065,Author_14065,4,75.0,6,16866
15039,Author_15039,4,75.0,7,16867
15898,Author_15898,4,75.0,7,16868
16802,Author_16802,4,75.0,5,16869
17755,Author_17755,4,75.0,4,16870
17847,Author_17847,4,75.0,8,16871
18489,Author_18489,4,75.0,5,16872
19136,Author_19136,4,75.0,6,16873
19209,Author_19209,4,75.0,6,16874
20149,Author_20149,4,75.0,9,16875
21584,Author_21584,4,75.0,5,16876
22159,Author_22159,4,75.0,11,16877
23236,Author_23236,4,75.0,5,16878
23991,Author_23991,4,75.0,7,16879
24595,Author_24595,4,75.0,7,16880
25578,Author_25578,4,75.0,6,16881
26177,Author_26177,4,75.0,6,16882
27756,Author_27756,4,75.0,6,16883
1756,Author_01756,4,74.0,5,16884
4658,Author_04658,4,74.0,6,16885
6301,Author_06301,4,74.0,6,16886
7212,Author_07212,4,74.0,7,16887
8348,Author_08348,4,74.0,7,16888
9703,Author_09703,4,74.0,5,16889
11276,Author_11276,4,74.0,11,16890
12401,Author_12401,4,74.0,7,16891
12626,Author_12626,4,74.0,5,16892
13186,Author_13186,4,74.0,10,16893
13988,Author_13988,4,74.0,7,16894
14633,Author_14633,4,74.0,10,16895
15341,Author_15341,4,74.0,5,16896
17727,Author_17727,4,74.0,5,16897
19072,Author_19072,4,74.0,6,16898
19235,Author_19235,4,74.0,8,16899
19881,Author_19881,4,74.0,10,16900
22457,Author_22457,4,74.0,7,16901
22700,Author_22700,4,74.0,8,16902
24960,Author_24960,4,74.0,4,16903
25274,Author_25274,4,74.0,7,16904
26623,Author_26623,4,74.0,9,16905
27636,Author_27636,4,74.0,4,16906
1660,Author_01660,4,73.0,7,16907
2194,Author_02194,4,73.0,5,16908
3000,Author_03000,4,73.0,7,16909
5234,Author_05234,4,73.0,4,16910
5434,Author_05434,4,73.0,9,16911
5586,Author_05586,4,73.0,9,16912
9647,Author_09647,4,73.0,4,16913
11590,Author_11590,4,73.0,11,16914
13019,Author_13019,4,73.0,6,16915
17072,Author_17072,4,73.0,4,16916
17321,Author_17321,4,73.0,8,16917
18076,Author_18076,4,73.0,6,16918
18498,Author_18498,4,73.0,10,16919
19380,Author_19380,4,73.0,8,16920
20641,Author_20641,4,73.0,7,16921
24953,Author_24953,4,73.0,9,16922
25688,Author_25688,4,73.0,6,16923
26058,Author_26058,4,73.0,4,16924
26375,Author_26375,4,73.0,7,16925
27373,Author_27373,4,73.0,9,16926
27846,Author_27846,4,73.0,4,16927
28777,Author_28777,4,73.0,8,16928
29752,Author_29752,4,73.0,6,16929
580,Author_00580,4,72.0,5,16930
776,Author_00776,4,72.0,6,16931
1480,Author_01480,4,72.0,5,16932
1582,Author_01582,4,72.0,6,16933
4592,Author_04592,4,72.0,4,16934
5883,Author_05883,4,72.0,7,16935
6758,Author_06758,4,72.0,10,16936
8003,Author_08003,4,72.0,6,16937
9819,Author_09819,4,72.0,11,16938
9831,Author_09831,4,72.0,4,16939
10482,Author_10482,4,72.0,4,16940
12046,Author_12046,4,72.0,11,16941
16102,Author_16102,4,72.0,9,16942
17956,Author_17956,4,72.0,7,16943
18583,Author_18583,4,72.0,8,16944
18617,Author_18617,4,72.0,9,16945
18735,Author_18735,4,72.0,5,16946
19888,Author_19888,4,72.0,7,16947
21109,Author_21109,4,72.0,4,16948
24444,Author_24444,4,72.0,6,16949
25451,Author_25451,4,72.0,5,16950
26415,Author_26415,4,72.0,5,16951
27246,Author_27246,4,72.0,10,16952
29584,Author_29584,4,72.0,9,16953
29881,Author_29881,4,72.0,8,16954
21,Author_00021,4,71.0,6,16955
455,Author_00455,4,71.0,12,16956
1321,Author_01321,4,71.0,6,16957
1616,Author_01616,4,71.0,6,16958
2000,Author_02000,4,71.0,4,16959
3089,Author_03089,4,71.0,5,16960
3684,Author_03684,4,71.0,7,16961
5551,Author_05551,4,71.0,10,16962
5721,Author_05721,4,71.0,7,16963
6364,Author_06364,4,71.0,6,16964
6614,Author_06614,4,71.0,6,16965
7605,Author_07605,4,71.0,6,16966
7706,Author_07706,4,71.0,5,16967
8046,Author_08046,4,71.0,5,16968
11181,Author_11181,4,71.0,6,16969
11295,Author_11295,4,71.0,6,16970
14200,Author_14200,4,71.0,7,16971
14995,Author_14995,4,71.0,4,16972
17250,Author_17250,4,71.0,10,16973
18184,Author_18184,4,71.0,11,16974
19085,Author_19085,4,71.0,6,16975
19498,Author_19498,4,71.0,6,16976
19536,Author_19536,4,71.0,5,16977
20264,Author_20264,4,71.0,6,16978
20732,Author_20732,4,71.0,8,16979
22047,Author_22047,4,71.0,9,16980
22188,Author_22188,4,71.0,8,16981
22504,Author_22504,4,71.0,6,16982
23842,Author_23842,4,71.0,5,16983
24408,Author_24408,4,71.0,4,16984
25573,Author_25573,4,71.0,6,16985
26184,Author_26184,4,71.0,8,16986
26269,Author_26269,4,71.0,6,16987
27505,Author_27505,4,71.0,9,16988
28014,Author_28014,4,71.0,4,16989
29822,Author_29822,4,71.0,5,16990
110,Author_00110,4,70.0,4,16991
378,Author_00378,4,70.0,5,16992
466,Author_00466,4,70.0,6,16993
504,Author_00504,4,70.0,7,16994
1683,Author_01683,4,70.0,5,16995
2207,Author_02207,4,70.0,9,16996
2617,Author_02617,4,70.0,7,16997
2700,Author_02700,4,70.0,6,16998
2922,Author_02922,4,70.0,5,16999
3222,Author_03222,4,70.0,4,17000
3413,Author_03413,4,70.0,5,17001
5196,Author_05196,4,70.0,6,17002
6226,Author_06226,4,70.0,6,17003
6779,Author_06779,4,70.0,6,17004
8607,Author_08607,4,70.0,5,17005
9576,Author_09576,4,70.0,8,17006
9665,Author_09665,4,70.0,5,17007
10071,Author_10071,4,70.0,4,17008
11229,Author_11229,4,70.0,4,17009
11664,Author_11664,4,70.0,5,17010
12229,Author_12229,4,70.0,5,17011
12864,Author_12864,4,70.0,6,17012
15348,Author_15348,4,70.0,4,17013
15570,Author_15570,4,70.0,7,17014
16267,Author_16267,4,70.0,12,17015
17835,Author_17835,4,70.0,9,17016
21445,Author_21445,4,70.0,6,17017
22184,Author_22184,4,70.0,8,17018
22650,Author_22650,4,70.0,6,17019
22860,Author_22860,4,70.0,4,17020
23185,Author_23185,4,70.0,9,17021
24508,Author_24508,4,70.0,9,17022
25118,Author_25118,4,70.0,5,17023
25697,Author_25697,4,70.0,4,17024
26626,Author_26626,4,70.0,8,17025
26819,Author_26819,4,70.0,5,17026
27314,Author_27314,4,70.0,6,17027
27929,Author_27929,4,70.0,9,17028
28276,Author_28276,4,70.0,12,17029
28663,Author_28663,4,70.0,7,17030
863,Author_00863,4,69.0,7,17031
1026,Author_01026,4,69.0,8,17032
2980,Author_02980,4,69.0,6,17033
6275,Author_06275,4,69.0,5,17034
6328,Author_06328,4,69.0,6,17035
6977,Author_06977,4,69.0,7,17036
9768,Author_09768,4,69.0,4,17037
10872,Author_10872,4,69.0,6,17038
11136,Author_11136,4,69.0,6,17039
12927,Author_12927,4,69.0,5,17040
12968,Author_12968,4,69.0,6,17041
13472,Author_13472,4,69.0,4,17042
14084,Author_14084,4,69.0,6,17043
16278,Author_16278,4,69.0,7,17044
17454,Author_17454,4,69.0,11,17045
17556,Author_17556,4,69.0,6,17046
22065,Author_22065,4,69.0,8,17047
24704,Author_24704,4,69.0,5,17048
27988,Author_27988,4,69.0,8,17049
29068,Author_29068,4,69.0,7,17050
607,Author_00607,4,68.0,5,17051
744,Author_00744,4,68.0,8,17052
1754,Author_01754,4,68.0,6,17053
3166,Author_03166,4,68.0,5,17054
3431,Author_03431,4,68.0,11,17055
3696,Author_03696,4,68.0,6,17056
4387,Author_04387,4,68.0,11,17057
5628,Author_05628,4,68.0,9,17058
6125,Author_06125,4,68.0,7,17059
6863,Author_06863,4,68.0,6,17060
7917,Author_07917,4,68.0,7,17061
9355,Author_09355,4,68.0,9,17062
9849,Author_09849,4,68.0,6,17063
10874,Author_10874,4,68.0,5,17064
11981,Author_11981,4,68.0,9,17065
12587,Author_12587,4,68.0,8,17066
12907,Author_12907,4,68.0,8,17067
13000,Author_13000,4,68.0,5,17068
14334,Author_14334,4,68.0,8,17069
14811,Author_14811,4,68.0,8,17070
15579,Author_15579,4,68.0,5,17071
16231,Author_16231,4,68.0,7,17072
16748,Author_16748,4,68.0,6,17073
19651,Author_19651,4,68.0,6,17074
23000,Author_23000,4,68.0,5,17075
24327,Author_24327,4,68.0,6,17076
25742,Author_25742,4,68.0,6,17077
26761,Author_26761,4,68.0,5,17078
28689,Author_28689,4,68.0,5,17079
29460,Author_29460,4,68.0,5,17080
29551,Author_29551,4,68.0,4,17081
29622,Author_29622,4,68.0,8,17082
1705,Author_01705,4,67.0,5,17083
1839,Author_01839,4,67.0,8,17084
2671,Author_02671,4,67.0,5,17085
3259,Author_03259,4,67.0,4,17086
3328,Author_03328,4,67.0,4,17087
4183,Author_04183,4,67.0,9,17088
5303,Author_05303,4,67.0,6,17089
6142,Author_06142,4,67.0,5,17090
7074,Author_07074,4,67.0,8,17091
8722,Author_08722,4,67.0,8,17092
9044,Author_09044,4,67.0,6,17093
9219,Author_09219,4,67.0,10,17094
10617,Author_10617,4,67.0,8,17095
14027,Author_14027,4,67.0,5,17096
15015,Author_15015,4,67.0,5,17097
17060,Author_17060,4,67.0,6,17098
18239,Author_18239,4,67.0,7,17099
20449,Author_20449,4,67.0,6,17100
21175,Author_21175,4,67.0,7,17101
21347,Author_21347,4,67.0,6,17102
21429,Author_21429,4,67.0,8,17103
22715,Author_22715,4,67.0,4,17104
22949,Author_22949,4,67.0,5,17105
23228,Author_23228,4,67.0,8,17106
23925,Author_23925,4,67.0,5,17107
24331,Author_24331,4,67.0,5,17108
26445,Author_26445,4,67.0,5,17109
26457,Author_26457,4,67.0,6,17110
28133,Author_28133,4,67.0,5,17111
29275,Author_29275,4,67.0,5,17112
29449,Author_29449,4,67.0,6,17113
29692,Author_29692,4,67.0,4,17114
29792,Author_29792,4,67.0,4,17115
1057,Author_01057,4,66.0,5,17116
1157,Author_01157,4,66.0,5,17117
1865,Author_01865,4,66.0,5,17118
2428,Author_02428,4,66.0,5,17119
3331,Author_03331,4,66.0,5,17120
5187,Author_05187,4,66.0,9,17121
9606,Author_09606,4,66.0,8,17122
11230,Author_11230,4,66.0,7,17123
11269,Author_11269,4,66.0,7,17124
12237,Author_12237,4,66.0,7,17125
14068,Author_14068,4,66.0,6,17126
15099,Author_15099,4,66.0,6,17127
16374,Author_16374,4,66.0,5,17128
16428,Author_16428,4,66.0,8,17129
16442,Author_16442,4,66.0,8,17130
19436,Author_19436,4,66.0,5,17131
21001,Author_21001,4,66.0,6,17132
22386,Author_22386,4,66.0,9,17133
23723,Author_23723,4,66.0,5,17134
27630,Author_27630,4,66.0,5,17135
28878,Author_28878,4,66.0,4,17136
28932,Author_28932,4,66.0,7,17137
29341,Author_29341,4,66.0,5,17138
29837,Author_29837,4,66.0,6,17139
570,Author_00570,4,65.0,7,17140
626,Author_00626,4,65.0,4,17141
958,Author_00958,4,65.0,6,17142
1263,Author_01263,4,65.0,5,17143
1507,Author_01507,4,65.0,6,17144
2192,Author_02192,4,65.0,4,17145
2812,Author_02812,4,65.0,8,17146
3610,Author_03610,4,65.0,6,17147
3881,Author_03881,4,65.0,6,17148
6889,Author_06889,4,65.0,8,17149
8111,Author_08111,4,65.0,8,17150
8136,Author_08136,4,65.0,5,17151
9080,Author_09080,4,65.0,6,17152
10772,Author_10772,4,65.0,8,17153
10947,Author_10947,4,65.0,7,17154
15459,Author_15459,4,65.0,8,17155
15763,Author_15763,4,65.0,5,17156
16051,Author_16051,4,65.0,8,17157
16676,Author_16676,4,65.0,8,17158
17793,Author_17793,4,65.0,6,17159
18111,Author_18111,4,65.0,9,17160
18218,Author_18218,4,65.0,5,17161
18538,Author_18538,4,65.0,5,17162
20017,Author_20017,4,65.0,7,17163
21235,Author_21235,4,65.0,8,17164
21303,Author_21303,4,65.0,4,17165
21895,Author_21895,4,65.0,6,17166
22705,Author_22705,4,65.0,7,17167
22733,Author_22733,4,65.0,9,17168
22789,Author_22789,4,65.0,7,17169
23140,Author_23140,4,65.0,12,17170
24399,Author_24399,4,65.0,7,17171
24954,Author_24954,4,65.0,7,17172
25658,Author_25658,4,65.0,5,17173
26726,Author_26726,4,65.0,5,17174
27629,Author_27629,4,65.0,4,17175
27751,Author_27751,4,65.0,7,17176
29229,Author_29229,4,65.0,6,17177
861,Author_00861,4,64.0,7,17178
3096,Author_03096,4,64.0,11,17179
3254,Author_03254,4,64.0,5,17180
4078,Author_04078,4,64.0,8,17181
4671,Author_04671,4,64.0,5,17182
5751,Author_05751,4,64.0,4,17183
5944,Author_05944,4,64.0,5,17184
6941,Author_06941,4,64.0,6,17185
8114,Author_08114,4,64.0,6,17186
9311,Author_09311,4,64.0,6,17187
10621,Author_10621,4,64.0,6,17188
11550,Author_11550,4,64.0,4,17189
12007,Author_12007,4,64.0,7,17190
12009,Author_12009,4,64.0,7,17191
12680,Author_12680,4,64.0,8,17192
12977,Author_12977,4,64.0,5,17193
14796,Author_14796,4,64.0,6,17194
17868,Author_17868,4,64.0,4,17195
20727,Author_20727,4,64.0,5,17196
21124,Author_21124,4,64.0,5,17197
23568,Author_23568,4,64.0,10,17198
23749,Author_23749,4,64.0,11,17199
24098,Author_24098,4,64.0,4,17200
24180,Author_24180,4,64.0,6,17201
25034,Author_25034,4,64.0,6,17202
26192,Author_26192,4,64.0,8,17203
27895,Author_27895,4,64.0,6,17204
28806,Author_28806,4,64.0,6,17205
29920,Author_29920,4,64.0,5,17206
909,Author_00909,4,63.0,5,17207
2098,Author_02098,4,63.0,5,17208
2350,Author_02350,4,63.0,7,17209
2424,Author_02424,4,63.0,5,17210
2461,Author_02461,4,63.0,7,17211
5410,Author_05410,4,63.0,6,17212
7282,Author_07282,4,63.0,8,17213
8095,Author_08095,4,63.0,5,17214
9202,Author_09202,4,63.0,9,17215
10366,Author_10366,4,63.0,6,17216
10595,Author_10595,4,63.0,7,17217
10737,Author_10737,4,63.0,6,17218
10935,Author_10935,4,63.0,5,17219
11238,Author_11238,4,63.0,7,17220
12180,Author_12180,4,63.0,6,17221
15933,Author_15933,4,63.0,6,17222
17211,Author_17211,4,63.0,5,17223
17971,Author_17971,4,63.0,6,17224
18496,Author_18496,4,63.0,10,17225
19265,Author_19265,4,63.0,9,17226
20722,Author_20722,4,63.0,9,17227
21061,Author_21061,4,63.0,9,17228
21123,Author_21123,4,63.0,4,17229
21265,Author_21265,4,63.0,7,17230
24172,Author_24172,4,63.0,8,17231
24547,Author_24547,4,63.0,10,17232
24799,Author_24799,4,63.0,11,17233
25043,Author_25043,4,63.0,9,17234
27507,Author_27507,4,63.0,7,17235
28286,Author_28286,4,63.0,7,17236
28733,Author_28733,4,63.0,5,17237
29063,Author_29063,4,63.0,7,17238
29177,Author_29177,4,63.0,8,17239
29206,Author_29206,4,63.0,4,17240
1470,Author_01470,4,62.0,4,17241
1645,Author_01645,4,62.0,5,17242
2644,Author_02644,4,62.0,5,17243
3305,Author_03305,4,62.0,5,17244
3570,Author_03570,4,62.0,5,17245
4791,Author_04791,4,62.0,5,17246
5579,Author_05579,4,62.0,5,17247
6357,Author_06357,4,62.0,9,17248
7694,Author_07694,4,62.0,8,17249
8312,Author_08312,4,62.0,8,17250
9023,Author_09023,4,62.0,6,17251
10937,Author_10937,4,62.0,4,17252
11484,Author_11484,4,62.0,6,17253
13113,Author_13113,4,62.0,9,17254
15467,Author_15467,4,62.0,9,17255
16324,Author_16324,4,62.0,8,17256
16325,Author_16325,4,62.0,7,17257
17267,Author_17267,4,62.0,6,17258
17671,Author_17671,4,62.0,7,17259
18160,Author_18160,4,62.0,4,17260
19003,Author_19003,4,62.0,4,17261
19225,Author_19225,4,62.0,10,17262
20213,Author_20213,4,62.0,5,17263
20445,Author_20445,4,62.0,4,17264
21076,Author_21076,4,62.0,4,17265
21943,Author_21943,4,62.0,9,17266
22520,Author_22520,4,62.0,5,17267
22640,Author_22640,4,62.0,5,17268
24739,Author_24739,4,62.0,6,17269
27515,Author_27515,4,62.0,5,17270
27719,Author_27719,4,62.0,4,17271
1120,Author_01120,4,61.0,5,17272
1883,Author_01883,4,61.0,6,17273
2668,Author_02668,4,61.0,10,17274
3069,Author_03069,4,61.0,7,17275
3327,Author_03327,4,61.0,6,17276
5146,Author_05146,4,61.0,5,17277
5420,Author_05420,4,61.0,7,17278
6448,Author_06448,4,61.0,6,17279
7821,Author_07821,4,61.0,6,17280
9408,Author_09408,4,61.0,5,17281
10049,Author_10049,4,61.0,6,17282
10663,Author_10663,4,61.0,9,17283
11302,Author_11302,4,61.0,8,17284
13152,Author_13152,4,61.0,5,17285
13314,Author_13314,4,61.0,5,17286
13462,Author_13462,4,61.0,10,17287
14205,Author_14205,4,61.0,8,17288
14428,Author_14428,4,61.0,7,17289
15551,Author_15551,4,61.0,9,17290
16550,Author_16550,4,61.0,5,17291
17997,Author_17997,4,61.0,5,17292
20425,Author_20425,4,61.0,6,17293
21362,Author_21362,4,61.0,7,17294
22033,Author_22033,4,61.0,7,17295
22732,Author_22732,4,61.0,11,17296
22761,Author_22761,4,61.0,6,17297
23996,Author_23996,4,61.0,9,17298
24417,Author_24417,4,61.0,10,17299
25535,Author_25535,4,61.0,7,17300
26648,Author_26648,4,61.0,6,17301
27772,Author_27772,4,61.0,4,17302
27812,Author_27812,4,61.0,6,17303
28259,Author_28259,4,61.0,6,17304
28377,Author_28377,4,61.0,9,17305
29186,Author_29186,4,61.0,5,17306
266,Author_00266,4,60.0,5,17307
4231,Author_04231,4,60.0,7,17308
5158,Author_05158,4,60.0,4,17309
5999,Author_05999,4,60.0,9,17310
7994,Author_07994,4,60.0,4,17311
8733,Author_08733,4,60.0,6,17312
9130,Author_09130,4,60.0,8,17313
10885,Author_10885,4,60.0,6,17314
11196,Author_11196,4,60.0,5,17315
11802,Author_11802,4,60.0,11,17316
11953,Author_11953,4,60.0,9,17317
12155,Author_12155,4,60.0,6,17318
12989,Author_12989,4,60.0,6,17319
13061,Author_13061,4,60.0,9,17320
13718,Author_13718,4,60.0,8,17321
13790,Author_13790,4,60.0,7,17322
14374,Author_14374,4,60.0,5,17323
15975,Author_15975,4,60.0,10,17324
17187,Author_17187,4,60.0,5,17325
17327,Author_17327,4,60.0,5,17326
17714,Author_17714,4,60.0,6,17327
18658,Author_18658,4,60.0,5,17328
19732,Author_19732,4,60.0,7,17329
20117,Author_20117,4,60.0,5,17330
20268,Author_20268,4,60.0,7,17331
20603,Author_20603,4,60.0,7,17332
20887,Author_20887,4,60.0,9,17333
21525,Author_21525,4,60.0,7,17334
21722,Author_21722,4,60.0,7,17335
23332,Author_23332,4,60.0,5,17336
23754,Author_23754,4,60.0,4,17337
24099,Author_24099,4,60.0,7,17338
27168,Author_27168,4,60.0,4,17339
27744,Author_27744,4,60.0,8,17340
27808,Author_27808,4,60.0,9,17341
28380,Author_28380,4,60.0,7,17342
29718,Author_29718,4,60.0,5,17343
29776,Author_29776,4,60.0,6,17344
272,Author_00272,4,59.0,7,17345
681,Author_00681,4,59.0,5,17346
4332,Author_04332,4,59.0,4,17347
4510,Author_04510,4,59.0,7,17348
5285,Author_05285,4,59.0,7,17349
5370,Author_05370,4,59.0,7,17350
10238,Author_10238,4,59.0,6,17351
10556,Author_10556,4,59.0,4,17352
11007,Author_11007,4,59.0,5,17353
11672,Author_11672,4,59.0,5,17354
11826,Author_11826,4,59.0,8,17355
11933,Author_11933,4,59.0,6,17356
12248,Author_12248,4,59.0,7,17357
12468,Author_12468,4,59.0,8,17358
13639,Author_13639,4,59.0,10,17359
14310,Author_14310,4,59.0,7,17360
15131,Author_15131,4,59.0,4,17361
15484,Author_15484,4,59.0,8,17362
16923,Author_16923,4,59.0,5,17363
17441,Author_17441,4,59.0,5,17364
19663,Author_19663,4,59.0,4,17365
19699,Author_19699,4,59.0,4,17366
20399,Author_20399,4,59.0,13,17367
21451,Author_21451,4,59.0,4,17368
22372,Author_22372,4,59.0,8,17369
22619,Author_22619,4,59.0,7,17370
23015,Author_23015,4,59.0,4,17371
24162,Author_24162,4,59.0,6,17372
24654,Author_24654,4,59.0,6,17373
24665,Author_24665,4,59.0,9,17374
26090,Author_26090,4,59.0,6,17375
746,Author_00746,4,58.0,6,17376
980,Author_00980,4,58.0,4,17377
1828,Author_01828,4,58.0,7,17378
3142,Author_03142,4,58.0,4,17379
3290,Author_03290,4,58.0,9,17380
3345,Author_03345,4,58.0,4,17381
4493,Author_04493,4,58.0,4,17382
4757,Author_04757,4,58.0,5,17383
4778,Author_04778,4,58.0,9,17384
5959,Author_05959,4,58.0,6,17385
7525,Author_07525,4,58.0,5,17386
8617,Author_08617,4,58.0,8,17387
9866,Author_09866,4,58.0,5,17388
10594,Author_10594,4,58.0,5,17389
11291,Author_11291,4,58.0,4,17390
12062,Author_12062,4,58.0,6,17391
12770,Author_12770,4,58.0,11,17392
13624,Author_13624,4,58.0,6,17393
14874,Author_14874,4,58.0,6,17394
15117,Author_15117,4,58.0,8,17395
15118,Author_15118,4,58.0,10,17396
15176,Author_15176,4,58.0,6,17397
15183,Author_15183,4,58.0,11,17398
15947,Author_15947,4,58.0,7,17399
16313,Author_16313,4,58.0,5,17400
17509,Author_17509,4,58.0,10,17401
18457,Author_18457,4,58.0,6,17402
19294,Author_19294,4,58.0,4,17403
20527,Author_20527,4,58.0,6,17404
21598,Author_21598,4,58.0,7,17405
22747,Author_22747,4,58.0,11,17406
22895,Author_22895,4,58.0,7,17407
23278,Author_23278,4,58.0,6,17408
24009,Author_24009,4,58.0,6,17409
24782,Author_24782,4,58.0,8,17410
25198,Author_25198,4,58.0,7,17411
25257,Author_25257,4,58.0,7,17412
25276,Author_25276,4,58.0,6,17413
25313,Author_25313,4,58.0,6,17414
25420,Author_25420,4,58.0,5,17415
25874,Author_25874,4,58.0,5,17416
26542,Author_26542,4,58.0,7,17417
26581,Author_26581,4,58.0,8,17418
26919,Author_26919,4,58.0,10,17419
27080,Author_27080,4,58.0,5,17420
29362,Author_29362,4,58.0,4,17421
40,Author_00040,4,57.0,4,17422
578,Author_00578,4,57.0,11,17423
618,Author_00618,4,57.0,5,17424
670,Author_00670,4,57.0,10,17425
1153,Author_01153,4,57.0,8,17426
1738,Author_01738,4,57.0,6,17427
2492,Author_02492,4,57.0,6,17428
3075,Author_03075,4,57.0,4,17429
3224,Author_03224,4,57.0,6,17430
5902,Author_05902,4,57.0,8,17431
10550,Author_10550,4,57.0,5,17432
10934,Author_10934,4,57.0,11,17433
11186,Author_11186,4,57.0,7,17434
11358,Author_11358,4,57.0,7,17435
12765,Author_12765,4,57.0,7,17436
13177,Author_13177,4,57.0,7,17437
13404,Author_13404,4,57.0,6,17438
13847,Author_13847,4,57.0,5,17439
14203,Author_14203,4,57.0,9,17440
15555,Author_15555,4,57.0,9,17441
16658,Author_16658,4,57.0,4,17442
19892,Author_19892,4,57.0,12,17443
20769,Author_20769,4,57.0,5,17444
23815,Author_23815,4,57.0,7,17445
24582,Author_24582,4,57.0,5,17446
26461,Author_26461,4,57.0,13,17447
27065,Author_27065,4,57.0,6,17448
27457,Author_27457,4,57.0,4,17449
27594,Author_27594,4,57.0,6,17450
27731,Author_27731,4,57.0,11,17451
28686,Author_28686,4,57.0,7,17452
29637,Author_29637,4,57.0,7,17453
1172,Author_01172,4,56.0,5,17454
3893,Author_03893,4,56.0,6,17455
4022,Author_04022,4,56.0,6,17456
4245,Author_04245,4,56.0,6,17457
4417,Author_04417,4,56.0,6,17458
6249,Author_06249,4,56.0,5,17459
6866,Author_06866,4,56.0,6,17460
7172,Author_07172,4,56.0,10,17461
7421,Author_07421,4,56.0,5,17462
8094,Author_08094,4,56.0,6,17463
8687,Author_08687,4,56.0,9,17464
9444,Author_09444,4,56.0,4,17465
10938,Author_10938,4,56.0,7,17466
13410,Author_13410,4,56.0,5,17467
13626,Author_13626,4,56.0,5,17468
15285,Author_15285,4,56.0,6,17469
16197,Author_16197,4,56.0,5,17470
17549,Author_17549,4,56.0,4,17471
17933,Author_17933,4,56.0,5,17472
19916,Author_19916,4,56.0,8,17473
20320,Author_20320,4,56.0,5,17474
21056,Author_21056,4,56.0,6,17475
21195,Author_21195,4,56.0,6,17476
21614,Author_21614,4,56.0,10,17477
24671,Author_24671,4,56.0,7,17478
25649,Author_25649,4,56.0,5,17479
25723,Author_25723,4,56.0,5,17480
25913,Author_25913,4,56.0,5,17481
26634,Author_26634,4,56.0,9,17482
27271,Author_27271,4,56.0,5,17483
28231,Author_28231,4,56.0,7,17484
29661,Author_29661,4,56.0,7,17485
29747,Author_29747,4,56.0,4,17486
811,Author_00811,4,55.0,4,17487
925,Author_00925,4,55.0,6,17488
1156,Author_01156,4,55.0,6,17489
3929,Author_03929,4,55.0,4,17490
4978,Author_04978,4,55.0,5,17491
5699,Author_05699,4,55.0,6,17492
7205,Author_07205,4,55.0,5,17493
8510,Author_08510,4,55.0,8,17494
9538,Author_09538,4,55.0,7,17495
9567,Author_09567,4,55.0,5,17496
9949,Author_09949,4,55.0,6,17497
10295,Author_10295,4,55.0,7,17498
10770,Author_10770,4,55.0,11,17499
11326,Author_11326,4,55.0,5,17500
12437,Author_12437,4,55.0,5,17501
13505,Author_13505,4,55.0,4,17502
14467,Author_14467,4,55.0,7,17503
16796,Author_16796,4,55.0,4,17504
18626,Author_18626,4,55.0,6,17505
19114,Author_19114,4,55.0,8,17506
19296,Author_19296,4,55.0,7,17507
21606,Author_21606,4,55.0,6,17508
21672,Author_21672,4,55.0,7,17509
23090,Author_23090,4,55.0,5,17510
27191,Author_27191,4,55.0,5,17511
27968,Author_27968,4,55.0,5,17512
66,Author_00066,4,54.0,4,17513
133,Author_00133,4,54.0,6,17514
169,Author_00169,4,54.0,6,17515
610,Author_00610,4,54.0,5,17516
1745,Author_01745,4,54.0,5,17517
2608,Author_02608,4,54.0,5,17518
3253,Author_03253,4,54.0,6,17519
6438,Author_06438,4,54.0,6,17520
6987,Author_06987,4,54.0,6,17521
7532,Author_07532,4,54.0,6,17522
10738,Author_10738,4,54.0,6,17523
11565,Author_11565,4,54.0,5,17524
12711,Author_12711,4,54.0,8,17525
13246,Author_13246,4,54.0,8,17526
13393,Author_13393,4,54.0,9,17527
13442,Author_13442,4,54.0,4,17528
14236,Author_14236,4,54.0,8,17529
16326,Author_16326,4,54.0,8,17530
16594,Author_16594,4,54.0,5,17531
19033,Author_19033,4,54.0,5,17532
20143,Author_20143,4,54.0,6,17533
21149,Author_21149,4,54.0,8,17534
23007,Author_23007,4,54.0,6,17535
23178,Author_23178,4,54.0,5,17536
23970,Author_23970,4,54.0,6,17537
26514,Author_26514,4,54.0,6,17538
27073,Author_27073,4,54.0,6,17539
27148,Author_27148,4,54.0,5,17540
27380,Author_27380,4,54.0,7,17541
28279,Author_28279,4,54.0,6,17542
29833,Author_29833,4,54.0,10,17543
892,Author_00892,4,53.0,4,17544
911,Author_00911,4,53.0,6,17545
1140,Author_01140,4,53.0,8,17546
2691,Author_02691,4,53.0,4,17547
3051,Author_03051,4,53.0,4,17548
3507,Author_03507,4,53.0,5,17549
3636,Author_03636,4,53.0,7,17550
3820,Author_03820,4,53.0,12,17551
4436,Author_04436,4,53.0,5,17552
5679,Author_05679,4,53.0,5,17553
7124,Author_07124,4,53.0,9,17554
8879,Author_08879,4,53.0,8,17555
9216,Author_09216,4,53.0,6,17556
9273,Author_09273,4,53.0,10,17557
9911,Author_09911,4,53.0,5,17558
10437,Author_10437,4,53.0,6,17559
10632,Author_10632,4,53.0,4,17560
10789,Author_10789,4,53.0,4,17561
10887,Author_10887,4,53.0,5,17562
12141,Author_12141,4,53.0,6,17563
12507,Author_12507,4,53.0,6,17564
12970,Author_12970,4,53.0,5,17565
14048,Author_14048,4,53.0,4,17566
15244,Author_15244,4,53.0,7,17567
16089,Author_16089,4,53.0,8,17568
16202,Author_16202,4,53.0,6,17569
18787,Author_18787,4,53.0,4,17570
18860,Author_18860,4,53.0,6,17571
18912,Author_18912,4,53.0,5,17572
19789,Author_19789,4,53.0,8,17573
20000,Author_20000,4,53.0,5,17574
20232,Author_20232,4,53.0,7,17575
20507,Author_20507,4,53.0,5,17576
21145,Author_21145,4,53.0,5,17577
24401,Author_24401,4,53.0,7,17578
28803,Author_28803,4,53.0,6,17579
29088,Author_29088,4,53.0,7,17580
29385,Author_29385,4,53.0,5,17581
1166,Author_01166,4,52.0,5,17582
2202,Author_02202,4,52.0,6,17583
2261,Author_02261,4,52.0,5,17584
2347,Author_02347,4,52.0,5,17585
3462,Author_03462,4,52.0,5,17586
4548,Author_04548,4,52.0,7,17587
4916,Author_04916,4,52.0,5,17588
5659,Author_05659,4,52.0,4,17589
6348,Author_06348,4,52.0,6,17590
8208,Author_08208,4,52.0,7,17591
10746,Author_10746,4,52.0,6,17592
11163,Author_11163,4,52.0,9,17593
11495,Author_11495,4,52.0,6,17594
12473,Author_12473,4,52.0,4,17595
12508,Author_12508,4,52.0,5,17596
12819,Author_12819,4,52.0,9,17597
12955,Author_12955,4,52.0,8,17598
15087,Author_15087,4,52.0,6,17599
15757,Author_15757,4,52.0,6,17600
15829,Author_15829,4,52.0,5,17601
16392,Author_16392,4,52.0,8,17602
16907,Author_16907,4,52.0,6,17603
18026,Author_18026,4,52.0,9,17604
20459,Author_20459,4,52.0,4,17605
20640,Author_20640,4,52.0,5,17606
21192,Author_21192,4,52.0,7,17607
23003,Author_23003,4,52.0,5,17608
23494,Author_23494,4,52.0,4,17609
24338,Author_24338,4,52.0,10,17610
25094,Author_25094,4,52.0,7,17611
25153,Author_25153,4,52.0,7,17612
25251,Author_25251,4,52.0,10,17613
25406,Author_25406,4,52.0,6,17614
26952,Author_26952,4,52.0,4,17615
28024,Author_28024,4,52.0,6,17616
29668,Author_29668,4,52.0,6,17617
29693,Author_29693,4,52.0,6,17618
981,Author_00981,4,51.0,4,17619
2137,Author_02137,4,51.0,6,17620
4269,Author_04269,4,51.0,5,17621
4866,Author_04866,4,51.0,5,17622
10479,Author_10479,4,51.0,6,17623
10652,Author_10652,4,51.0,6,17624
11059,Author_11059,4,51.0,6,17625
12196,Author_12196,4,51.0,7,17626
14433,Author_14433,4,51.0,6,17627
14497,Author_14497,4,51.0,8,17628
15330,Author_15330,4,51.0,8,17629
15998,Author_15998,4,51.0,7,17630
16751,Author_16751,4,51.0,6,17631
18879,Author_18879,4,51.0,7,17632
20700,Author_20700,4,51.0,8,17633
21147,Author_21147,4,51.0,12,17634
21861,Author_21861,4,51.0,4,17635
23356,Author_23356,4,51.0,6,17636
25329,Author_25329,4,51.0,4,17637
26427,Author_26427,4,51.0,7,17638
26745,Author_26745,4,51.0,6,17639
28191,Author_28191,4,51.0,5,17640
28350,Author_28350,4,51.0,8,17641
29026,Author_29026,4,51.0,7,17642
29027,Author_29027,4,51.0,7,17643
29386,Author_29386,4,51.0,5,17644
1663,Author_01663,4,50.0,9,17645
2718,Author_02718,4,50.0,4,17646
2790,Author_02790,4,50.0,8,17647
4070,Author_04070,4,50.0,6,17648
14295,Author_14295,4,50.0,6,17649
15426,Author_15426,4,50.0,8,17650
15524,Author_15524,4,50.0,7,17651
16320,Author_16320,4,50.0,6,17652
18050,Author_18050,4,50.0,6,17653
19320,Author_19320,4,50.0,7,17654
19483,Author_19483,4,50.0,6,17655
19564,Author_19564,4,50.0,5,17656
19875,Author_19875,4,50.0,7,17657
19983,Author_19983,4,50.0,8,17658
23452,Author_23452,4,50.0,7,17659
23480,Author_23480,4,50.0,7,17660
23811,Author_23811,4,50.0,5,17661
24460,Author_24460,4,50.0,8,17662
24689,Author_24689,4,50.0,6,17663
25002,Author_25002,4,50.0,7,17664
25717,Author_25717,4,50.0,11,17665
26370,Author_26370,4,50.0,7,17666
26610,Author_26610,4,50.0,7,17667
29815,Author_29815,4,50.0,9,17668
1061,Author_01061,4,49.0,11,17669
1195,Author_01195,4,49.0,6,17670
1675,Author_01675,4,49.0,7,17671
1867,Author_01867,4,49.0,5,17672
4000,Author_04000,4,49.0,6,17673
4718,Author_04718,4,49.0,6,17674
4786,Author_04786,4,49.0,8,17675
6925,Author_06925,4,49.0,6,17676
7484,Author_07484,4,49.0,5,17677
7659,Author_07659,4,49.0,6,17678
9433,Author_09433,4,49.0,7,17679
9535,Author_09535,4,49.0,6,17680
10376,Author_10376,4,49.0,6,17681
10642,Author_10642,4,49.0,6,17682
12252,Author_12252,4,49.0,9,17683
12743,Author_12743,4,49.0,5,17684
13594,Author_13594,4,49.0,5,17685
15006,Author_15006,4,49.0,9,17686
17075,Author_17075,4,49.0,4,17687
18254,Author_18254,4,49.0,7,17688
18958,Author_18958,4,49.0,10,17689
19064,Author_19064,4,49.0,5,17690
19115,Author_19115,4,49.0,6,17691
21874,Author_21874,4,49.0,9,17692
23785,Author_23785,4,49.0,7,17693
24521,Author_24521,4,49.0,5,17694
27466,Author_27466,4,49.0,6,17695
27711,Author_27711,4,49.0,4,17696
27817,Author_27817,4,49.0,8,17697
526,Author_00526,4,48.0,7,17698
635,Author_00635,4,48.0,7,17699
969,Author_00969,4,48.0,4,17700
1243,Author_01243,4,48.0,5,17701
2193,Author_02193,4,48.0,7,17702
2290,Author_02290,4,48.0,6,17703
3459,Author_03459,4,48.0,10,17704
7021,Author_07021,4,48.0,5,17705
7251,Author_07251,4,48.0,6,17706
7512,Author_07512,4,48.0,5,17707
7568,Author_07568,4,48.0,4,17708
9373,Author_09373,4,48.0,6,17709
11353,Author_11353,4,48.0,16,17710
11376,Author_11376,4,48.0,5,17711
12144,Author_12144,4,48.0,8,17712
14146,Author_14146,4,48.0,9,17713
14402,Author_14402,4,48.0,8,17714
14551,Author_14551,4,48.0,4,17715
15291,Author_15291,4,48.0,7,17716
15513,Author_15513,4,48.0,4,17717
16319,Author_16319,4,48.0,8,17718
18185,Author_18185,4,48.0,9,17719
18340,Author_18340,4,48.0,8,17720
18663,Author_18663,4,48.0,8,17721
19986,Author_19986,4,48.0,6,17722
22567,Author_22567,4,48.0,5,17723
23243,Author_23243,4,48.0,6,17724
23383,Author_23383,4,48.0,5,17725
23667,Author_23667,4,48.0,5,17726
27500,Author_27500,4,48.0,5,17727
27660,Author_27660,4,48.0,5,17728
28080,Author_28080,4,48.0,6,17729
29711,Author_29711,4,48.0,8,17730
29724,Author_29724,4,48.0,6,17731
712,Author_00712,4,47.0,8,17732
1478,Author_01478,4,47.0,11,17733
1559,Author_01559,4,47.0,6,17734
1803,Author_01803,4,47.0,8,17735
2336,Author_02336,4,47.0,7,17736
2398,Author_02398,4,47.0,4,17737
2843,Author_02843,4,47.0,9,17738
4261,Author_04261,4,47.0,5,17739
6192,Author_06192,4,47.0,7,17740
6265,Author_06265,4,47.0,9,17741
7258,Author_07258,4,47.0,6,17742
9879,Author_09879,4,47.0,5,17743
14791,Author_14791,4,47.0,5,17744
15241,Author_15241,4,47.0,7,17745
15424,Author_15424,4,47.0,10,17746
15587,Author_15587,4,47.0,6,17747
15895,Author_15895,4,47.0,7,17748
16399,Author_16399,4,47.0,8,17749
16668,Author_16668,4,47.0,6,17750
16838,Author_16838,4,47.0,7,17751
17240,Author_17240,4,47.0,5,17752
18018,Author_18018,4,47.0,5,17753
18058,Author_18058,4,47.0,7,17754
18505,Author_18505,4,47.0,7,17755
18696,Author_18696,4,47.0,5,17756
20101,Author_20101,4,47.0,5,17757
20657,Author_20657,4,47.0,6,17758
20681,Author_20681,4,47.0,8,17759
21038,Author_21038,4,47.0,5,17760
22925,Author_22925,4,47.0,5,17761
23405,Author_23405,4,47.0,9,17762
23733,Author_23733,4,47.0,9,17763
23763,Author_23763,4,47.0,5,17764
28016,Author_28016,4,47.0,6,17765
28193,Author_28193,4,47.0,6,17766
28820,Author_28820,4,47.0,8,17767
97,Author_00097,4,46.0,8,17768
559,Author_00559,4,46.0,5,17769
1794,Author_01794,4,46.0,7,17770
2277,Author_02277,4,46.0,7,17771
2749,Author_02749,4,46.0,5,17772
3102,Author_03102,4,46.0,5,17773
3839,Author_03839,4,46.0,5,17774
4781,Author_04781,4,46.0,5,17775
7208,Author_07208,4,46.0,9,17776
7236,Author_07236,4,46.0,6,17777
7394,Author_07394,4,46.0,5,17778
8249,Author_08249,4,46.0,6,17779
9683,Author_09683,4,46.0,4,17780
10005,Author_10005,4,46.0,4,17781
11670,Author_11670,4,46.0,6,17782
11882,Author_11882,4,46.0,5,17783
14824,Author_14824,4,46.0,7,17784
17294,Author_17294,4,46.0,9,17785
18903,Author_18903,4,46.0,4,17786
21315,Author_21315,4,46.0,7,17787
21817,Author_21817,4,46.0,10,17788
21997,Author_21997,4,46.0,4,17789
26305,Author_26305,4,46.0,6,17790
26434,Author_26434,4,46.0,4,17791
26828,Author_26828,4,46.0,6,17792
27468,Author_27468,4,46.0,6,17793
28256,Author_28256,4,46.0,7,17794
29448,Author_29448,4,46.0,4,17795
305,Author_00305,4,45.0,8,17796
493,Author_00493,4,45.0,6,17797
1189,Author_01189,4,45.0,7,17798
1718,Author_01718,4,45.0,7,17799
2971,Author_02971,4,45.0,6,17800
3956,Author_03956,4,45.0,7,17801
5541,Author_05541,4,45.0,10,17802
5921,Author_05921,4,45.0,7,17803
8350,Author_08350,4,45.0,6,17804
8620,Author_08620,4,45.0,6,17805
9621,Author_09621,4,45.0,10,17806
11839,Author_11839,4,45.0,10,17807
12143,Author_12143,4,45.0,4,17808
14105,Author_14105,4,45.0,5,17809
15733,Author_15733,4,45.0,5,17810
17150,Author_17150,4,45.0,6,17811
17934,Author_17934,4,45.0,8,17812
19270,Author_19270,4,45.0,5,17813
21176,Author_21176,4,45.0,7,17814
21240,Author_21240,4,45.0,6,17815
22905,Author_22905,4,45.0,8,17816
23753,Author_23753,4,45.0,5,17817
23859,Author_23859,4,45.0,5,17818
24310,Author_24310,4,45.0,5,17819
25292,Author_25292,4,45.0,6,17820
25945,Author_25945,4,45.0,7,17821
28413,Author_28413,4,45.0,4,17822
304,Author_00304,4,44.0,11,17823
2032,Author_02032,4,44.0,5,17824
4289,Author_04289,4,44.0,6,17825
7539,Author_07539,4,44.0,7,17826
7655,Author_07655,4,44.0,6,17827
8833,Author_08833,4,44.0,6,17828
9754,Author_09754,4,44.0,4,17829
10685,Author_10685,4,44.0,5,17830
12192,Author_12192,4,44.0,6,17831
12449,Author_12449,4,44.0,8,17832
14395,Author_14395,4,44.0,7,17833
14422,Author_14422,4,44.0,7,17834
14880,Author_14880,4,44.0,4,17835
15180,Author_15180,4,44.0,9,17836
18096,Author_18096,4,44.0,10,17837
18720,Author_18720,4,44.0,4,17838
21850,Author_21850,4,44.0,5,17839
22066,Author_22066,4,44.0,8,17840
23126,Author_23126,4,44.0,7,17841
25536,Author_25536,4,44.0,6,17842
28697,Author_28697,4,44.0,11,17843
29191,Author_29191,4,44.0,5,17844
283,Author_00283,4,43.0,7,17845
2073,Author_02073,4,43.0,9,17846
2587,Author_02587,4,43.0,8,17847
2596,Author_02596,4,43.0,9,17848
3754,Author_03754,4,43.0,7,17849
4899,Author_04899,4,43.0,4,17850
5670,Author_05670,4,43.0,6,17851
5823,Author_05823,4,43.0,8,17852
8227,Author_08227,4,43.0,6,17853
8255,Author_08255,4,43.0,7,17854
9345,Author_09345,4,43.0,7,17855
10334,Author_10334,4,43.0,9,17856
10387,Author_10387,4,43.0,4,17857
13033,Author_13033,4,43.0,5,17858
13755,Author_13755,4,43.0,5,17859
13951,Author_13951,4,43.0,7,17860
14020,Author_14020,4,43.0,5,17861
14109,Author_14109,4,43.0,6,17862
16608,Author_16608,4,43.0,6,17863
17787,Author_17787,4,43.0,7,17864
18736,Author_18736,4,43.0,9,17865
20167,Author_20167,4,43.0,4,17866
20263,Author_20263,4,43.0,6,17867
22756,Author_22756,4,43.0,11,17868
23516,Author_23516,4,43.0,9,17869
24616,Author_24616,4,43.0,9,17870
24693,Author_24693,4,43.0,6,17871
25865,Author_25865,4,43.0,7,17872
26806,Author_26806,4,43.0,7,17873
27329,Author_27329,4,43.0,5,17874
29649,Author_29649,4,43.0,6,17875
915,Author_00915,4,42.0,6,17876
951,Author_00951,4,42.0,6,17877
3771,Author_03771,4,42.0,5,17878
6350,Author_06350,4,42.0,6,17879
7701,Author_07701,4,42.0,4,17880
9167,Author_09167,4,42.0,6,17881
16832,Author_16832,4,42.0,8,17882
16902,Author_16902,4,42.0,6,17883
19354,Author_19354,4,42.0,13,17884
23404,Author_23404,4,42.0,7,17885
24072,Author_24072,4,42.0,5,17886
24802,Author_24802,4,42.0,5,17887
25522,Author_25522,4,42.0,6,17888
25821,Author_25821,4,42.0,12,17889
28160,Author_28160,4,42.0,6,17890
28448,Author_28448,4,42.0,5,17891
28699,Author_28699,4,42.0,4,17892
29399,Author_29399,4,42.0,5,17893
29765,Author_29765,4,42.0,6,17894
210,Author_00210,4,41.0,7,17895
1744,Author_01744,4,41.0,5,17896
2355,Author_02355,4,41.0,4,17897
2454,Author_02454,4,41.0,5,17898
2925,Author_02925,4,41.0,4,17899
4114,Author_04114,4,41.0,4,17900
4381,Author_04381,4,41.0,4,17901
4733,Author_04733,4,41.0,6,17902
4925,Author_04925,4,41.0,7,17903
7182,Author_07182,4,41.0,7,17904
9090,Author_09090,4,41.0,8,17905
9732,Author_09732,4,41.0,6,17906
10861,Author_10861,4,41.0,6,17907
11275,Author_11275,4,41.0,6,17908
12400,Author_12400,4,41.0,9,17909
12416,Author_12416,4,41.0,6,17910
13298,Author_13298,4,41.0,6,17911
13699,Author_13699,4,41.0,7,17912
13843,Author_13843,4,41.0,8,17913
14512,Author_14512,4,41.0,4,17914
14726,Author_14726,4,41.0,7,17915
17972,Author_17972,4,41.0,5,17916
18999,Author_18999,4,41.0,5,17917
20275,Author_20275,4,41.0,5,17918
21144,Author_21144,4,41.0,6,17919
24146,Author_24146,4,41.0,5,17920
24565,Author_24565,4,41.0,7,17921
26966,Author_26966,4,41.0,9,17922
27633,Author_27633,4,41.0,7,17923
29181,Author_29181,4,41.0,8,17924
29258,Author_29258,4,41.0,4,17925
702,Author_00702,4,40.0,6,17926
1858,Author_01858,4,40.0,8,17927
4440,Author_04440,4,40.0,5,17928
7239,Author_07239,4,40.0,5,17929
7511,Author_07511,4,40.0,6,17930
13288,Author_13288,4,40.0,5,17931
15052,Author_15052,4,40.0,9,17932
15904,Author_15904,4,40.0,5,17933
19203,Author_19203,4,40.0,4,17934
20230,Author_20230,4,40.0,5,17935
20553,Author_20553,4,40.0,5,17936
23030,Author_23030,4,40.0,4,17937
23509,Author_23509,4,40.0,4,17938
23851,Author_23851,4,40.0,4,17939
25769,Author_25769,4,40.0,7,17940
27044,Author_27044,4,40.0,9,17941
28198,Author_28198,4,40.0,4,17942
28217,Author_28217,4,40.0,8,17943
2245,Author_02245,4,39.0,5,17944
2467,Author_02467,4,39.0,6,17945
2626,Author_02626,4,39.0,9,17946
3296,Author_03296,4,39.0,8,17947
3827,Author_03827,4,39.0,5,17948
8831,Author_08831,4,39.0,4,17949
9976,Author_09976,4,39.0,6,17950
11055,Author_11055,4,39.0,7,17951
12447,Author_12447,4,39.0,6,17952
13244,Author_13244,4,39.0,10,17953
13838,Author_13838,4,39.0,7,17954
15167,Author_15167,4,39.0,5,17955
15585,Author_15585,4,39.0,7,17956
16665,Author_16665,4,39.0,4,17957
16690,Author_16690,4,39.0,7,17958
16776,Author_16776,4,39.0,5,17959
18536,Author_18536,4,39.0,6,17960
20089,Author_20089,4,39.0,5,17961
22253,Author_22253,4,39.0,4,17962
23281,Author_23281,4,39.0,5,17963
25205,Author_25205,4,39.0,6,17964
26982,Author_26982,4,39.0,8,17965
28846,Author_28846,4,39.0,7,17966
29845,Author_29845,4,39.0,7,17967
1155,Author_01155,4,38.0,7,17968
5049,Author_05049,4,38.0,6,17969
5281,Author_05281,4,38.0,8,17970
5505,Author_05505,4,38.0,8,17971
5834,Author_05834,4,38.0,5,17972
6599,Author_06599,4,38.0,6,17973
6974,Author_06974,4,38.0,4,17974
7439,Author_07439,4,38.0,4,17975
11942,Author_11942,4,38.0,4,17976
12840,Author_12840,4,38.0,10,17977
13807,Author_13807,4,38.0,8,17978
15213,Author_15213,4,38.0,4,17979
15860,Author_15860,4,38.0,6,17980
16323,Author_16323,4,38.0,4,17981
16607,Author_16607,4,38.0,5,17982
18301,Author_18301,4,38.0,6,17983
21327,Author_21327,4,38.0,5,17984
23453,Author_23453,4,38.0,7,17985
25803,Author_25803,4,38.0,5,17986
29473,Author_29473,4,38.0,5,17987
3978,Author_03978,4,37.0,4,17988
5346,Author_05346,4,37.0,8,17989
6769,Author_06769,4,37.0,6,17990
7699,Author_07699,4,37.0,4,17991
8584,Author_08584,4,37.0,5,17992
8903,Author_08903,4,37.0,4,17993
9513,Author_09513,4,37.0,4,17994
9687,Author_09687,4,37.0,6,17995
10473,Author_10473,4,37.0,4,17996
11665,Author_11665,4,37.0,4,17997
13012,Author_13012,4,37.0,5,17998
18523,Author_18523,4,37.0,5,17999
20112,Author_20112,4,37.0,6,18000
23735,Author_23735,4,37.0,5,18001
26826,Author_26826,4,37.0,5,18002
27643,Author_27643,4,37.0,5,18003
28804,Author_28804,4,37.0,5,18004
2421,Author_02421,4,36.0,4,18005
7110,Author_07110,4,36.0,7,18006
7759,Author_07759,4,36.0,8,18007
9417,Author_09417,4,36.0,5,18008
9969,Author_09969,4,36.0,7,18009
10007,Author_10007,4,36.0,7,18010
10346,Author_10346,4,36.0,6,18011
12964,Author_12964,4,36.0,9,18012
14632,Author_14632,4,36.0,5,18013
15464,Author_15464,4,36.0,5,18014
16423,Author_16423,4,36.0,8,18015
16586,Author_16586,4,36.0,5,18016
17621,Author_17621,4,36.0,6,18017
19178,Author_19178,4,36.0,5,18018
20610,Author_20610,4,36.0,4,18019
21751,Author_21751,4,36.0,5,18020
23074,Author_23074,4,36.0,5,18021
23869,Author_23869,4,36.0,10,18022
24801,Author_24801,4,36.0,7,18023
25199,Author_25199,4,36.0,6,18024
27094,Author_27094,4,36.0,4,18025
27461,Author_27461,4,36.0,8,18026
28047,Author_28047,4,36.0,7,18027
29578,Author_29578,4,36.0,4,18028
1535,Author_01535,4,35.0,5,18029
6549,Author_06549,4,35.0,4,18030
6624,Author_06624,4,35.0,5,18031
7065,Author_07065,4,35.0,4,18032
7502,Author_07502,4,35.0,7,18033
8757,Author_08757,4,35.0,5,18034
10918,Author_10918,4,35.0,8,18035
11962,Author_11962,4,35.0,4,18036
13447,Author_13447,4,35.0,4,18037
15611,Author_15611,4,35.0,5,18038
16255,Author_16255,4,35.0,4,18039
16464,Author_16464,4,35.0,6,18040
16810,Author_16810,4,35.0,5,18041
17387,Author_17387,4,35.0,11,18042
18386,Author_18386,4,35.0,6,18043
19528,Author_19528,4,35.0,5,18044
22709,Author_22709,4,35.0,6,18045
25370,Author_25370,4,35.0,6,18046
25433,Author_25433,4,35.0,7,18047
25899,Author_25899,4,35.0,6,18048
28694,Author_28694,4,35.0,8,18049
29429,Author_29429,4,35.0,6,18050
3889,Author_03889,4,34.0,5,18051
6780,Author_06780,4,34.0,8,18052
7109,Author_07109,4,34.0,5,18053
9190,Author_09190,4,34.0,7,18054
10028,Author_10028,4,34.0,8,18055
11493,Author_11493,4,34.0,6,18056
11814,Author_11814,4,34.0,5,18057
13870,Author_13870,4,34.0,7,18058
15062,Author_15062,4,34.0,5,18059
15664,Author_15664,4,34.0,6,18060
16078,Author_16078,4,34.0,4,18061
16426,Author_16426,4,34.0,5,18062
17065,Author_17065,4,34.0,5,18063
17466,Author_17466,4,34.0,4,18064
19433,Author_19433,4,34.0,7,18065
21784,Author_21784,4,34.0,7,18066
22846,Author_22846,4,34.0,5,18067
24493,Author_24493,4,34.0,6,18068
3333,Author_03333,4,33.0,6,18069
3541,Author_03541,4,33.0,5,18070
4181,Author_04181,4,33.0,6,18071
6498,Author_06498,4,33.0,4,18072
7019,Author_07019,4,33.0,4,18073
18067,Author_18067,4,33.0,7,18074
22069,Author_22069,4,33.0,4,18075
22499,Author_22499,4,33.0,6,18076
23931,Author_23931,4,33.0,6,18077
219,Author_00219,4,32.0,7,18078
3672,Author_03672,4,32.0,4,18079
4040,Author_04040,4,32.0,6,18080
4512,Author_04512,4,32.0,5,18081
7214,Author_07214,4,32.0,4,18082
9923,Author_09923,4,32.0,6,18083
11428,Author_11428,4,32.0,6,18084
16391,Author_16391,4,32.0,8,18085
20946,Author_20946,4,32.0,6,18086
1260,Author_01260,4,31.0,5,18087
2615,Author_02615,4,31.0,4,18088
6976,Author_06976,4,31.0,4,18089
8694,Author_08694,4,31.0,7,18090
9267,Author_09267,4,31.0,5,18091
14835,Author_14835,4,31.0,5,18092
15764,Author_15764,4,31.0,8,18093
17086,Author_17086,4,31.0,5,18094
18562,Author_18562,4,31.0,5,18095
22573,Author_22573,4,31.0,5,18096
24119,Author_24119,4,31.0,6,18097
27900,Author_27900,4,31.0,6,18098
1403,Author_01403,4,30.0,5,18099
1621,Author_01621,4,30.0,7,18100
2567,Author_02567,4,30.0,5,18101
8553,Author_08553,4,30.0,4,18102
13010,Author_13010,4,30.0,5,18103
15262,Author_15262,4,30.0,5,18104
18097,Author_18097,4,30.0,7,18105
18380,Author_18380,4,30.0,5,18106
20723,Author_20723,4,30.0,4,18107
23447,Author_23447,4,30.0,6,18108
25993,Author_25993,4,30.0,5,18109
927,Author_00927,4,29.0,8,18110
1613,Author_01613,4,29.0,8,18111
2417,Author_02417,4,29.0,4,18112
6057,Author_06057,4,29.0,4,18113
10212,Author_10212,4,29.0,9,18114
10281,Author_10281,4,29.0,5,18115
18458,Author_18458,4,29.0,6,18116
21803,Author_21803,4,29.0,6,18117
22735,Author_22735,4,29.0,5,18118
22875,Author_22875,4,29.0,5,18119
24994,Author_24994,4,29.0,6,18120
26845,Author_26845,4,29.0,8,18121
5809,Author_05809,4,28.0,5,18122
8719,Author_08719,4,28.0,9,18123
10373,Author_10373,4,28.0,5,18124
11627,Author_11627,4,28.0,8,18125
12421,Author_12421,4,28.0,5,18126
13370,Author_13370,4,28.0,6,18127
13825,Author_13825,4,28.0,5,18128
18902,Author_18902,4,28.0,7,18129
27716,Author_27716,4,28.0,4,18130
28443,Author_28443,4,28.0,8,18131
10809,Author_10809,4,27.0,6,18132
24899,Author_24899,4,27.0,7,18133
29469,Author_29469,4,27.0,4,18134
2510,Author_02510,4,26.0,4,18135
2895,Author_02895,4,26.0,4,18136
4491,Author_04491,4,26.0,7,18137
4859,Author_04859,4,26.0,6,18138
12412,Author_12412,4,26.0,5,18139
19153,Author_19153,4,26.0,5,18140
23328,Author_23328,4,26.0,6,18141
25643,Author_25643,4,26.0,4,18142
28344,Author_28344,4,26.0,9,18143
28629,Author_28629,4,26.0,7,18144
28671,Author_28671,4,26.0,6,18145
1386,Author_01386,4,25.0,6,18146
6443,Author_06443,4,25.0,5,18147
7933,Author_07933,4,25.0,5,18148
21630,Author_21630,4,25.0,4,18149
17717,Author_17717,4,24.0,5,18150
19028,Author_19028,4,24.0,6,18151
27344,Author_27344,4,24.0,4,18152
15961,Author_15961,4,23.0,5,18153
18186,Author_18186,4,23.0,4,18154
101,Author_00101,4,22.0,4,18155
1370,Author_01370,4,22.0,7,18156
4330,Author_04330,4,22.0,5,18157
21719,Author_21719,4,22.0,5,18158
13241,Author_13241,4,21.0,5,18159
21137,Author_21137,4,21.0,5,18160
12485,Author_12485,4,20.0,6,18161
25486,Author_25486,4,20.0,4,18162
23423,Author_23423,3,2970.0,6,18163
3909,Author_03909,3,2318.0,4,18164
13463,Author_13463,3,1911.0,3,18165
11952,Author_11952,3,1842.0,3,18166
18226,Author_18226,3,1814.0,5,18167
20165,Author_20165,3,1081.0,4,18168
3410,Author_03410,3,1077.0,4,18169
8284,Author_08284,3,930.0,3,18170
27485,Author_27485,3,893.0,5,18171
28402,Author_28402,3,823.0,6,18172
25123,Author_25123,3,675.0,4,18173
26478,Author_26478,3,656.0,4,18174
14715,Author_14715,3,655.0,9,18175
2983,Author_02983,3,639.0,9,18176
15334,Author_15334,3,630.0,4,18177
10092,Author_10092,3,617.0,6,18178
12578,Author_12578,3,597.0,5,18179
29116,Author_29116,3,572.0,4,18180
12722,Author_12722,3,552.0,5,18181
2523,Author_02523,3,548.0,3,18182
27002,Author_27002,3,495.0,5,18183
14854,Author_14854,3,457.0,6,18184
27386,Author_27386,3,457.0,5,18185
24803,Author_24803,3,455.0,7,18186
12605,Author_12605,3,446.0,5,18187
14102,Author_14102,3,440.0,3,18188
23875,Author_23875,3,435.0,3,18189
25103,Author_25103,3,430.0,4,18190
1431,Author_01431,3,424.0,6,18191
10572,Author_10572,3,407.0,3,18192
12140,Author_12140,3,397.0,9,18193
29778,Author_29778,3,396.0,7,18194
12008,Author_12008,3,392.0,5,18195
3887,Author_03887,3,391.0,4,18196
18504,Author_18504,3,388.0,7,18197
25192,Author_25192,3,372.0,4,18198
9110,Author_09110,3,361.0,8,18199
19264,Author_19264,3,358.0,11,18200
1499,Author_01499,3,355.0,4,18201
15920,Author_15920,3,350.0,3,18202
337,Author_00337,3,344.0,5,18203
16515,Author_16515,3,343.0,5,18204
7301,Author_07301,3,340.0,5,18205
8898,Author_08898,3,335.0,5,18206
9262,Author_09262,3,332.0,5,18207
21527,Author_21527,3,332.0,3,18208
22064,Author_22064,3,332.0,5,18209
8098,Author_08098,3,321.0,7,18210
18114,Author_18114,3,319.0,5,18211
17691,Author_17691,3,318.0,7,18212
13983,Author_13983,3,309.0,3,18213
14546,Author_14546,3,307.0,3,18214
13856,Author_13856,3,303.0,4,18215
2538,Author_02538,3,301.0,6,18216
13559,Author_13559,3,298.0,4,18217
29120,Author_29120,3,295.0,5,18218
24198,Author_24198,3,290.0,3,18219
8908,Author_08908,3,287.0,4,18220
17255,Author_17255,3,286.0,4,18221
9180,Author_09180,3,283.0,7,18222
11632,Author_11632,3,282.0,4,18223
2652,Author_02652,3,278.0,3,18224
9042,Author_09042,3,278.0,4,18225
6490,Author_06490,3,277.0,4,18226
29522,Author_29522,3,277.0,4,18227
23317,Author_23317,3,271.0,3,18228
13632,Author_13632,3,270.0,3,18229
3071,Author_03071,3,269.0,3,18230
24430,Author_24430,3,267.0,4,18231
57,Author_00057,3,265.0,3,18232
16583,Author_16583,3,264.0,3,18233
13537,Author_13537,3,261.0,4,18234
20001,Author_20001,3,261.0,3,18235
25869,Author_25869,3,261.0,5,18236
10395,Author_10395,3,260.0,4,18237
23145,Author_23145,3,260.0,4,18238
24125,Author_24125,3,260.0,3,18239
5219,Author_05219,3,258.0,5,18240
26225,Author_26225,3,255.0,4,18241
9554,Author_09554,3,254.0,4,18242
27057,Author_27057,3,254.0,3,18243
23888,Author_23888,3,253.0,3,18244
750,Author_00750,3,252.0,6,18245
4550,Author_04550,3,251.0,10,18246
22668,Author_22668,3,250.0,3,18247
1596,Author_01596,3,248.0,4,18248
1118,Author_01118,3,247.0,3,18249
17642,Author_17642,3,244.0,4,18250
12040,Author_12040,3,239.0,6,18251
3609,Author_03609,3,237.0,5,18252
23177,Author_23177,3,237.0,4,18253
22015,Author_22015,3,236.0,3,18254
10069,Author_10069,3,235.0,3,18255
28893,Author_28893,3,235.0,5,18256
14960,Author_14960,3,234.0,8,18257
25057,Author_25057,3,233.0,5,18258
29585,Author_29585,3,233.0,4,18259
9429,Author_09429,3,232.0,4,18260
29503,Author_29503,3,232.0,3,18261
21508,Author_21508,3,231.0,8,18262
9726,Author_09726,3,230.0,4,18263
18121,Author_18121,3,227.0,5,18264
27832,Author_27832,3,227.0,7,18265
22311,Author_22311,3,226.0,4,18266
27300,Author_27300,3,225.0,6,18267
957,Author_00957,3,223.0,8,18268
18771,Author_18771,3,221.0,3,18269
1432,Author_01432,3,219.0,4,18270
9954,Author_09954,3,219.0,3,18271
17733,Author_17733,3,218.0,3,18272
22749,Author_22749,3,218.0,9,18273
26044,Author_26044,3,217.0,7,18274
11430,Author_11430,3,216.0,4,18275
6926,Author_06926,3,215.0,4,18276
13123,Author_13123,3,215.0,8,18277
13574,Author_13574,3,215.0,3,18278
3415,Author_03415,3,214.0,4,18279
20844,Author_20844,3,214.0,4,18280
12142,Author_12142,3,213.0,7,18281
21755,Author_21755,3,212.0,3,18282
28902,Author_28902,3,212.0,5,18283
18300,Author_18300,3,211.0,5,18284
24990,Author_24990,3,211.0,6,18285
1750,Author_01750,3,208.0,5,18286
26840,Author_26840,3,207.0,7,18287
522,Author_00522,3,206.0,4,18288
4031,Author_04031,3,205.0,5,18289
17610,Author_17610,3,205.0,3,18290
6968,Author_06968,3,204.0,6,18291
27315,Author_27315,3,204.0,7,18292
20380,Author_20380,3,203.0,4,18293
19092,Author_19092,3,202.0,4,18294
20189,Author_20189,3,198.0,9,18295
14193,Author_14193,3,196.0,5,18296
16766,Author_16766,3,196.0,4,18297
7530,Author_07530,3,195.0,6,18298
3528,Author_03528,3,194.0,3,18299
9980,Author_09980,3,194.0,3,18300
13682,Author_13682,3,193.0,5,18301
20659,Author_20659,3,192.0,3,18302
23384,Author_23384,3,192.0,5,18303
19597,Author_19597,3,191.0,5,18304
13800,Author_13800,3,190.0,6,18305
22086,Author_22086,3,190.0,4,18306
8156,Author_08156,3,189.0,7,18307
19215,Author_19215,3,189.0,4,18308
3313,Author_03313,3,188.0,4,18309
8772,Author_08772,3,188.0,3,18310
9240,Author_09240,3,187.0,3,18311
15636,Author_15636,3,187.0,6,18312
28664,Author_28664,3,187.0,6,18313
28984,Author_28984,3,187.0,3,18314
12336,Author_12336,3,186.0,3,18315
12542,Author_12542,3,186.0,4,18316
3161,Author_03161,3,185.0,4,18317
4392,Author_04392,3,185.0,4,18318
5402,Author_05402,3,185.0,3,18319
22444,Author_22444,3,185.0,4,18320
26649,Author_26649,3,184.0,4,18321
29333,Author_29333,3,184.0,5,18322
3372,Author_03372,3,183.0,6,18323
16760,Author_16760,3,182.0,6,18324
27231,Author_27231,3,182.0,3,18325
29987,Author_29987,3,182.0,4,18326
7967,Author_07967,3,181.0,3,18327
29895,Author_29895,3,181.0,6,18328
9796,Author_09796,3,180.0,4,18329
14095,Author_14095,3,180.0,4,18330
23933,Author_23933,3,180.0,4,18331
3171,Author_03171,3,179.0,5,18332
8269,Author_08269,3,179.0,3,18333
12255,Author_12255,3,179.0,4,18334
17140,Author_17140,3,179.0,5,18335
19179,Author_19179,3,179.0,5,18336
22078,Author_22078,3,179.0,3,18337
2673,Author_02673,3,178.0,8,18338
8096,Author_08096,3,178.0,3,18339
15799,Author_15799,3,178.0,5,18340
18917,Author_18917,3,178.0,3,18341
22539,Author_22539,3,178.0,3,18342
27408,Author_27408,3,178.0,5,18343
9839,Author_09839,3,177.0,3,18344
7298,Author_07298,3,176.0,4,18345
19910,Author_19910,3,176.0,3,18346
29653,Author_29653,3,175.0,5,18347
6156,Author_06156,3,174.0,5,18348
12478,Author_12478,3,174.0,5,18349
13449,Author_13449,3,173.0,5,18350
10343,Author_10343,3,172.0,3,18351
9169,Author_09169,3,171.0,4,18352
19399,Author_19399,3,171.0,4,18353
25853,Author_25853,3,171.0,7,18354
26065,Author_26065,3,171.0,5,18355
5507,Author_05507,3,170.0,4,18356
10363,Author_10363,3,169.0,3,18357
22285,Author_22285,3,169.0,3,18358
24381,Author_24381,3,169.0,5,18359
26933,Author_26933,3,169.0,4,18360
8659,Author_08659,3,168.0,3,18361
11106,Author_11106,3,168.0,6,18362
17585,Author_17585,3,168.0,3,18363
25244,Author_25244,3,168.0,5,18364
27724,Author_27724,3,168.0,4,18365
2965,Author_02965,3,167.0,6,18366
4277,Author_04277,3,167.0,4,18367
25023,Author_25023,3,167.0,8,18368
12282,Author_12282,3,166.0,5,18369
14432,Author_14432,3,166.0,3,18370
18770,Author_18770,3,166.0,7,18371
20609,Author_20609,3,166.0,4,18372
21480,Author_21480,3,166.0,3,18373
24814,Author_24814,3,165.0,7,18374
470,Author_00470,3,164.0,5,18375
3499,Author_03499,3,164.0,5,18376
5384,Author_05384,3,164.0,8,18377
9649,Author_09649,3,164.0,4,18378
14444,Author_14444,3,164.0,6,18379
22551,Author_22551,3,164.0,5,18380
5792,Author_05792,3,163.0,3,18381
18298,Author_18298,3,163.0,5,18382
20407,Author_20407,3,163.0,5,18383
27531,Author_27531,3,163.0,3,18384
4745,Author_04745,3,162.0,5,18385
1401,Author_01401,3,161.0,4,18386
7598,Author_07598,3,160.0,3,18387
10369,Author_10369,3,160.0,6,18388
12999,Author_12999,3,160.0,3,18389
16133,Author_16133,3,160.0,3,18390
23561,Author_23561,3,160.0,5,18391
5794,Author_05794,3,159.0,3,18392
5989,Author_05989,3,159.0,3,18393
17931,Author_17931,3,159.0,3,18394
16172,Author_16172,3,158.0,7,18395
19168,Author_19168,3,157.0,4,18396
22290,Author_22290,3,157.0,7,18397
7347,Author_07347,3,156.0,6,18398
4851,Author_04851,3,155.0,10,18399
10849,Author_10849,3,155.0,7,18400
22345,Author_22345,3,155.0,6,18401
3012,Author_03012,3,154.0,4,18402
8562,Author_08562,3,152.0,3,18403
13818,Author_13818,3,152.0,4,18404
26114,Author_26114,3,152.0,4,18405
6847,Author_06847,3,150.0,5,18406
10787,Author_10787,3,150.0,5,18407
14513,Author_14513,3,150.0,6,18408
23107,Author_23107,3,150.0,5,18409
26208,Author_26208,3,150.0,5,18410
9086,Author_09086,3,149.0,6,18411
18449,Author_18449,3,149.0,4,18412
19601,Author_19601,3,149.0,5,18413
809,Author_00809,3,148.0,3,18414
18044,Author_18044,3,148.0,9,18415
1533,Author_01533,3,147.0,4,18416
21826,Author_21826,3,147.0,6,18417
22716,Author_22716,3,147.0,3,18418
26378,Author_26378,3,147.0,5,18419
28584,Author_28584,3,147.0,3,18420
3445,Author_03445,3,146.0,3,18421
8788,Author_08788,3,146.0,3,18422
10702,Author_10702,3,146.0,4,18423
18384,Author_18384,3,146.0,6,18424
26397,Author_26397,3,146.0,6,18425
4248,Author_04248,3,145.0,3,18426
19054,Author_19054,3,145.0,4,18427
26788,Author_26788,3,145.0,3,18428
28396,Author_28396,3,145.0,5,18429
9448,Author_09448,3,144.0,5,18430
27675,Author_27675,3,144.0,5,18431
190,Author_00190,3,143.0,4,18432
1595,Author_01595,3,143.0,7,18433
3363,Author_03363,3,143.0,5,18434
11892,Author_11892,3,143.0,7,18435
16200,Author_16200,3,143.0,4,18436
19542,Author_19542,3,143.0,3,18437
21361,Author_21361,3,143.0,8,18438
6575,Author_06575,3,142.0,5,18439
10873,Author_10873,3,142.0,5,18440
21384,Author_21384,3,142.0,3,18441
26595,Author_26595,3,142.0,4,18442
27142,Author_27142,3,142.0,3,18443
29989,Author_29989,3,142.0,3,18444
6041,Author_06041,3,141.0,4,18445
9942,Author_09942,3,141.0,3,18446
10607,Author_10607,3,141.0,6,18447
13490,Author_13490,3,141.0,5,18448
17571,Author_17571,3,141.0,3,18449
20746,Author_20746,3,141.0,4,18450
26061,Author_26061,3,141.0,6,18451
4860,Author_04860,3,140.0,4,18452
5190,Author_05190,3,140.0,7,18453
6472,Author_06472,3,140.0,3,18454
6493,Author_06493,3,140.0,4,18455
10177,Author_10177,3,140.0,4,18456
29831,Author_29831,3,140.0,4,18457
11168,Author_11168,3,139.0,3,18458
11357,Author_11357,3,139.0,6,18459
17985,Author_17985,3,139.0,5,18460
25005,Author_25005,3,139.0,6,18461
2960,Author_02960,3,138.0,4,18462
8463,Author_08463,3,138.0,6,18463
22131,Author_22131,3,138.0,3,18464
24808,Author_24808,3,138.0,3,18465
2160,Author_02160,3,137.0,3,18466
2377,Author_02377,3,137.0,5,18467
22347,Author_22347,3,137.0,3,18468
27439,Author_27439,3,137.0,3,18469
27722,Author_27722,3,137.0,6,18470
5963,Author_05963,3,136.0,3,18471
7768,Author_07768,3,136.0,3,18472
8715,Author_08715,3,136.0,6,18473
13756,Author_13756,3,136.0,6,18474
16376,Author_16376,3,136.0,3,18475
22584,Author_22584,3,136.0,6,18476
251,Author_00251,3,135.0,6,18477
419,Author_00419,3,135.0,5,18478
13584,Author_13584,3,135.0,3,18479
14315,Author_14315,3,135.0,4,18480
19,Author_00019,3,134.0,6,18481
978,Author_00978,3,134.0,3,18482
1441,Author_01441,3,134.0,3,18483
3319,Author_03319,3,134.0,4,18484
10280,Author_10280,3,134.0,3,18485
14421,Author_14421,3,134.0,4,18486
20588,Author_20588,3,134.0,10,18487
23147,Author_23147,3,134.0,7,18488
4926,Author_04926,3,133.0,7,18489
5459,Author_05459,3,133.0,4,18490
10390,Author_10390,3,133.0,4,18491
14000,Author_14000,3,133.0,4,18492
27054,Author_27054,3,133.0,4,18493
1122,Author_01122,3,132.0,3,18494
8767,Author_08767,3,132.0,6,18495
14840,Author_14840,3,132.0,3,18496
16135,Author_16135,3,132.0,5,18497
21241,Author_21241,3,132.0,3,18498
23371,Author_23371,3,132.0,3,18499
25321,Author_25321,3,132.0,4,18500
1629,Author_01629,3,131.0,5,18501
3476,Author_03476,3,131.0,7,18502
3676,Author_03676,3,131.0,5,18503
10649,Author_10649,3,131.0,6,18504
14137,Author_14137,3,131.0,4,18505
17673,Author_17673,3,131.0,4,18506
17987,Author_17987,3,131.0,3,18507
23284,Author_23284,3,131.0,3,18508
28907,Author_28907,3,131.0,4,18509
6340,Author_06340,3,130.0,3,18510
10752,Author_10752,3,130.0,4,18511
24679,Author_24679,3,130.0,7,18512
13,Author_00013,3,129.0,4,18513
12922,Author_12922,3,129.0,4,18514
13628,Author_13628,3,129.0,3,18515
13992,Author_13992,3,129.0,7,18516
19273,Author_19273,3,129.0,4,18517
24818,Author_24818,3,129.0,6,18518
29820,Author_29820,3,129.0,5,18519
7148,Author_07148,3,128.0,4,18520
19507,Author_19507,3,128.0,3,18521
14544,Author_14544,3,127.0,8,18522
19520,Author_19520,3,127.0,4,18523
25062,Author_25062,3,127.0,5,18524
28653,Author_28653,3,127.0,5,18525
29210,Author_29210,3,127.0,7,18526
6166,Author_06166,3,126.0,3,18527
9022,Author_09022,3,126.0,5,18528
9993,Author_09993,3,126.0,4,18529
14553,Author_14553,3,126.0,6,18530
15280,Author_15280,3,126.0,5,18531
22162,Author_22162,3,126.0,5,18532
12962,Author_12962,3,125.0,4,18533
13035,Author_13035,3,125.0,4,18534
16606,Author_16606,3,125.0,8,18535
27428,Author_27428,3,125.0,5,18536
27625,Author_27625,3,125.0,4,18537
2256,Author_02256,3,124.0,4,18538
2352,Author_02352,3,124.0,5,18539
11505,Author_11505,3,124.0,3,18540
14441,Author_14441,3,124.0,6,18541
17261,Author_17261,3,124.0,5,18542
17417,Author_17417,3,124.0,5,18543
19504,Author_19504,3,124.0,5,18544
20937,Author_20937,3,124.0,8,18545
24930,Author_24930,3,124.0,5,18546
8202,Author_08202,3,123.0,5,18547
11043,Author_11043,3,123.0,6,18548
13615,Author_13615,3,123.0,5,18549
17815,Author_17815,3,123.0,4,18550
18275,Author_18275,3,123.0,3,18551
9602,Author_09602,3,122.0,4,18552
20023,Author_20023,3,122.0,8,18553
27036,Author_27036,3,122.0,5,18554
27346,Author_27346,3,122.0,7,18555
7084,Author_07084,3,121.0,3,18556
10101,Author_10101,3,121.0,3,18557
11534,Author_11534,3,121.0,4,18558
11887,Author_11887,3,121.0,4,18559
12086,Author_12086,3,121.0,6,18560
13678,Author_13678,3,121.0,3,18561
18502,Author_18502,3,121.0,6,18562
22635,Author_22635,3,121.0,5,18563
29432,Author_29432,3,121.0,3,18564
29531,Author_29531,3,121.0,7,18565
541,Author_00541,3,120.0,5,18566
1059,Author_01059,3,120.0,6,18567
13691,Author_13691,3,120.0,3,18568
15494,Author_15494,3,120.0,5,18569
3521,Author_03521,3,119.0,3,18570
12697,Author_12697,3,119.0,5,18571
16895,Author_16895,3,119.0,3,18572
22834,Author_22834,3,119.0,4,18573
23076,Author_23076,3,119.0,5,18574
29463,Author_29463,3,119.0,5,18575
29581,Author_29581,3,119.0,5,18576
3368,Author_03368,3,118.0,6,18577
8381,Author_08381,3,118.0,3,18578
15005,Author_15005,3,118.0,6,18579
15445,Author_15445,3,118.0,3,18580
29361,Author_29361,3,118.0,4,18581
88,Author_00088,3,117.0,7,18582
16616,Author_16616,3,117.0,5,18583
6140,Author_06140,3,116.0,6,18584
8021,Author_08021,3,116.0,3,18585
11301,Author_11301,3,116.0,7,18586
17419,Author_17419,3,116.0,7,18587
18870,Author_18870,3,116.0,4,18588
24395,Author_24395,3,116.0,6,18589
10743,Author_10743,3,115.0,4,18590
11279,Author_11279,3,115.0,5,18591
21218,Author_21218,3,115.0,4,18592
21889,Author_21889,3,115.0,4,18593
26853,Author_26853,3,115.0,4,18594
27308,Author_27308,3,115.0,5,18595
1289,Author_01289,3,114.0,4,18596
2097,Author_02097,3,114.0,5,18597
15518,Author_15518,3,114.0,4,18598
21017,Author_21017,3,114.0,5,18599
22708,Author_22708,3,114.0,5,18600
5896,Author_05896,3,113.0,4,18601
7343,Author_07343,3,113.0,5,18602
13173,Author_13173,3,113.0,4,18603
15173,Author_15173,3,113.0,3,18604
17704,Author_17704,3,113.0,3,18605
17802,Author_17802,3,113.0,4,18606
18391,Author_18391,3,113.0,4,18607
21640,Author_21640,3,113.0,5,18608
22614,Author_22614,3,113.0,3,18609
23781,Author_23781,3,113.0,4,18610
24211,Author_24211,3,113.0,4,18611
29496,Author_29496,3,113.0,5,18612
6437,Author_06437,3,112.0,4,18613
7096,Author_07096,3,112.0,4,18614
16107,Author_16107,3,112.0,3,18615
17952,Author_17952,3,112.0,5,18616
20005,Author_20005,3,112.0,3,18617
10152,Author_10152,3,111.0,7,18618
17598,Author_17598,3,111.0,4,18619
21131,Author_21131,3,111.0,3,18620
21761,Author_21761,3,111.0,5,18621
24948,Author_24948,3,111.0,7,18622
28746,Author_28746,3,111.0,4,18623
1227,Author_01227,3,110.0,4,18624
5424,Author_05424,3,110.0,7,18625
8226,Author_08226,3,110.0,7,18626
9716,Author_09716,3,110.0,6,18627
11148,Author_11148,3,110.0,6,18628
18966,Author_18966,3,110.0,4,18629
25552,Author_25552,3,110.0,3,18630
29008,Author_29008,3,110.0,4,18631
1106,Author_01106,3,109.0,3,18632
2837,Author_02837,3,109.0,5,18633
12913,Author_12913,3,109.0,3,18634
14305,Author_14305,3,109.0,3,18635
17439,Author_17439,3,109.0,7,18636
17681,Author_17681,3,109.0,4,18637
19887,Author_19887,3,109.0,4,18638
23832,Author_23832,3,109.0,7,18639
27030,Author_27030,3,109.0,3,18640
28277,Author_28277,3,109.0,6,18641
28651,Author_28651,3,109.0,3,18642
4238,Author_04238,3,108.0,5,18643
10042,Author_10042,3,108.0,7,18644
10785,Author_10785,3,108.0,3,18645
12462,Author_12462,3,108.0,9,18646
17772,Author_17772,3,108.0,6,18647
19515,Author_19515,3,108.0,5,18648
21515,Author_21515,3,108.0,3,18649
25508,Author_25508,3,108.0,4,18650
27056,Author_27056,3,108.0,3,18651
27799,Author_27799,3,108.0,3,18652
29343,Author_29343,3,108.0,9,18653
5547,Author_05547,3,107.0,6,18654
10074,Author_10074,3,107.0,5,18655
17710,Author_17710,3,107.0,3,18656
25217,Author_25217,3,107.0,3,18657
25585,Author_25585,3,107.0,3,18658
28414,Author_28414,3,107.0,4,18659
1255,Author_01255,3,106.0,3,18660
1446,Author_01446,3,106.0,4,18661
7635,Author_07635,3,106.0,4,18662
7905,Author_07905,3,106.0,9,18663
11218,Author_11218,3,106.0,7,18664
14944,Author_14944,3,106.0,4,18665
16800,Author_16800,3,106.0,4,18666
17455,Author_17455,3,106.0,5,18667
21829,Author_21829,3,106.0,6,18668
22396,Author_22396,3,106.0,5,18669
24785,Author_24785,3,106.0,5,18670
29279,Author_29279,3,106.0,5,18671
709,Author_00709,3,105.0,3,18672
5621,Author_05621,3,105.0,5,18673
19862,Author_19862,3,105.0,6,18674
20948,Author_20948,3,105.0,6,18675
8218,Author_08218,3,104.0,4,18676
17736,Author_17736,3,104.0,4,18677
18818,Author_18818,3,104.0,5,18678
19392,Author_19392,3,104.0,4,18679
19647,Author_19647,3,104.0,4,18680
21596,Author_21596,3,104.0,3,18681
22931,Author_22931,3,104.0,4,18682
24716,Author_24716,3,104.0,6,18683
25779,Author_25779,3,104.0,3,18684
26422,Author_26422,3,104.0,6,18685
27465,Author_27465,3,104.0,5,18686
28392,Author_28392,3,104.0,4,18687
29427,Author_29427,3,104.0,4,18688
29725,Author_29725,3,104.0,4,18689
1301,Author_01301,3,103.0,3,18690
4272,Author_04272,3,103.0,6,18691
6746,Author_06746,3,103.0,6,18692
12396,Author_12396,3,103.0,6,18693
12658,Author_12658,3,103.0,4,18694
13395,Author_13395,3,103.0,6,18695
14443,Author_14443,3,103.0,5,18696
14465,Author_14465,3,103.0,3,18697
17269,Author_17269,3,103.0,5,18698
17855,Author_17855,3,103.0,4,18699
19409,Author_19409,3,103.0,6,18700
27603,Author_27603,3,103.0,7,18701
1029,Author_01029,3,102.0,5,18702
1405,Author_01405,3,102.0,4,18703
4931,Author_04931,3,102.0,5,18704
6315,Author_06315,3,102.0,4,18705
8301,Author_08301,3,102.0,4,18706
10850,Author_10850,3,102.0,4,18707
15417,Author_15417,3,102.0,5,18708
19710,Author_19710,3,102.0,3,18709
21130,Author_21130,3,102.0,3,18710
28573,Author_28573,3,102.0,5,18711
29519,Author_29519,3,102.0,4,18712
7989,Author_07989,3,101.0,4,18713
9327,Author_09327,3,101.0,3,18714
10470,Author_10470,3,101.0,6,18715
12501,Author_12501,3,101.0,4,18716
18304,Author_18304,3,101.0,4,18717
18428,Author_18428,3,101.0,7,18718
19367,Author_19367,3,101.0,4,18719
23510,Author_23510,3,101.0,4,18720
5891,Author_05891,3,100.0,4,18721
6419,Author_06419,3,100.0,5,18722
13371,Author_13371,3,100.0,4,18723
18141,Author_18141,3,100.0,6,18724
25726,Author_25726,3,100.0,4,18725
26544,Author_26544,3,100.0,6,18726
4009,Author_04009,3,99.0,4,18727
6837,Author_06837,3,99.0,4,18728
8732,Author_08732,3,99.0,5,18729
9250,Author_09250,3,99.0,5,18730
20684,Author_20684,3,99.0,4,18731
21348,Author_21348,3,99.0,5,18732
23528,Author_23528,3,99.0,3,18733
23591,Author_23591,3,99.0,3,18734
24501,Author_24501,3,99.0,3,18735
25412,Author_25412,3,99.0,4,18736
25666,Author_25666,3,99.0,3,18737
29479,Author_29479,3,99.0,6,18738
2107,Author_02107,3,98.0,5,18739
5180,Author_05180,3,98.0,4,18740
7941,Author_07941,3,98.0,3,18741
9494,Author_09494,3,98.0,4,18742
11683,Author_11683,3,98.0,3,18743
12778,Author_12778,3,98.0,4,18744
14364,Author_14364,3,98.0,5,18745
19660,Author_19660,3,98.0,4,18746
20178,Author_20178,3,98.0,3,18747
22109,Author_22109,3,98.0,8,18748
23485,Author_23485,3,98.0,3,18749
27898,Author_27898,3,98.0,3,18750
346,Author_00346,3,97.0,5,18751
1961,Author_01961,3,97.0,5,18752
22479,Author_22479,3,97.0,7,18753
26280,Author_26280,3,97.0,7,18754
27638,Author_27638,3,97.0,4,18755
28020,Author_28020,3,97.0,6,18756
3835,Author_03835,3,96.0,4,18757
4918,Author_04918,3,96.0,5,18758
5653,Author_05653,3,96.0,4,18759
12914,Author_12914,3,96.0,5,18760
14028,Author_14028,3,96.0,4,18761
17957,Author_17957,3,96.0,3,18762
18601,Author_18601,3,96.0,4,18763
20772,Author_20772,3,96.0,3,18764
27161,Author_27161,3,96.0,3,18765
800,Author_00800,3,95.0,6,18766
5247,Author_05247,3,95.0,4,18767
10682,Author_10682,3,95.0,6,18768
14635,Author_14635,3,95.0,8,18769
18480,Author_18480,3,95.0,4,18770
18556,Author_18556,3,95.0,5,18771
18635,Author_18635,3,95.0,4,18772
20701,Author_20701,3,95.0,4,18773
21166,Author_21166,3,95.0,4,18774
22215,Author_22215,3,95.0,3,18775
28985,Author_28985,3,95.0,4,18776
1373,Author_01373,3,94.0,7,18777
2649,Author_02649,3,94.0,4,18778
7240,Author_07240,3,94.0,5,18779
7865,Author_07865,3,94.0,5,18780
12031,Author_12031,3,94.0,8,18781
13116,Author_13116,3,94.0,3,18782
16052,Author_16052,3,94.0,3,18783
17809,Author_17809,3,94.0,3,18784
18512,Author_18512,3,94.0,6,18785
21374,Author_21374,3,94.0,3,18786
21846,Author_21846,3,94.0,4,18787
22294,Author_22294,3,94.0,3,18788
25097,Author_25097,3,94.0,5,18789
2726,Author_02726,3,93.0,5,18790
5369,Author_05369,3,93.0,5,18791
6167,Author_06167,3,93.0,4,18792
8632,Author_08632,3,93.0,5,18793
9046,Author_09046,3,93.0,4,18794
9093,Author_09093,3,93.0,4,18795
12671,Author_12671,3,93.0,4,18796
14758,Author_14758,3,93.0,4,18797
15236,Author_15236,3,93.0,5,18798
17053,Author_17053,3,93.0,6,18799
19075,Author_19075,3,93.0,4,18800
20964,Author_20964,3,93.0,3,18801
21243,Author_21243,3,93.0,4,18802
25344,Author_25344,3,93.0,5,18803
26476,Author_26476,3,93.0,5,18804
27276,Author_27276,3,93.0,5,18805
27707,Author_27707,3,93.0,8,18806
1892,Author_01892,3,92.0,7,18807
2351,Author_02351,3,92.0,5,18808
16831,Author_16831,3,92.0,4,18809
16866,Author_16866,3,92.0,4,18810
18855,Author_18855,3,92.0,3,18811
25594,Author_25594,3,92.0,4,18812
26741,Author_26741,3,92.0,4,18813
747,Author_00747,3,91.0,6,18814
4228,Author_04228,3,91.0,5,18815
15365,Author_15365,3,91.0,3,18816
18886,Author_18886,3,91.0,5,18817
19221,Author_19221,3,91.0,3,18818
20098,Author_20098,3,91.0,4,18819
21498,Author_21498,3,91.0,5,18820
22532,Author_22532,3,91.0,5,18821
23863,Author_23863,3,91.0,5,18822
25612,Author_25612,3,91.0,4,18823
1416,Author_01416,3,90.0,3,18824
3132,Author_03132,3,90.0,4,18825
10262,Author_10262,3,90.0,3,18826
13356,Author_13356,3,90.0,3,18827
14344,Author_14344,3,90.0,4,18828
14694,Author_14694,3,90.0,4,18829
15905,Author_15905,3,90.0,4,18830
18357,Author_18357,3,90.0,3,18831
19782,Author_19782,3,90.0,6,18832
20981,Author_20981,3,90.0,7,18833
27527,Author_27527,3,90.0,6,18834
195,Author_00195,3,89.0,9,18835
5649,Author_05649,3,89.0,6,18836
6268,Author_06268,3,89.0,3,18837
9283,Author_09283,3,89.0,3,18838
10214,Author_10214,3,89.0,6,18839
12106,Author_12106,3,89.0,4,18840
12841,Author_12841,3,89.0,4,18841
13957,Author_13957,3,89.0,7,18842
18476,Author_18476,3,89.0,5,18843
19086,Author_19086,3,89.0,6,18844
1134,Author_01134,3,88.0,4,18845
3563,Author_03563,3,88.0,3,18846
13725,Author_13725,3,88.0,5,18847
14786,Author_14786,3,88.0,4,18848
16669,Author_16669,3,88.0,3,18849
19331,Author_19331,3,88.0,8,18850
24658,Author_24658,3,88.0,4,18851
27313,Author_27313,3,88.0,6,18852
28474,Author_28474,3,88.0,8,18853
8351,Author_08351,3,87.0,8,18854
13018,Author_13018,3,87.0,4,18855
15222,Author_15222,3,87.0,7,18856
15255,Author_15255,3,87.0,4,18857
18469,Author_18469,3,87.0,4,18858
19474,Author_19474,3,87.0,5,18859
21309,Author_21309,3,87.0,7,18860
23304,Author_23304,3,87.0,8,18861
24365,Author_24365,3,87.0,6,18862
24409,Author_24409,3,87.0,6,18863
770,Author_00770,3,86.0,4,18864
1045,Author_01045,3,86.0,6,18865
1716,Author_01716,3,86.0,3,18866
4607,Author_04607,3,86.0,4,18867
4903,Author_04903,3,86.0,3,18868
7225,Author_07225,3,86.0,4,18869
8353,Author_08353,3,86.0,3,18870
8749,Author_08749,3,86.0,3,18871
8988,Author_08988,3,86.0,3,18872
9994,Author_09994,3,86.0,5,18873
12132,Author_12132,3,86.0,9,18874
13652,Author_13652,3,86.0,5,18875
15696,Author_15696,3,86.0,3,18876
19615,Author_19615,3,86.0,8,18877
20104,Author_20104,3,86.0,5,18878
20539,Author_20539,3,86.0,5,18879
20859,Author_20859,3,86.0,4,18880
23699,Author_23699,3,86.0,5,18881
23945,Author_23945,3,86.0,3,18882
24258,Author_24258,3,86.0,5,18883
26402,Author_26402,3,86.0,5,18884
26832,Author_26832,3,86.0,4,18885
27523,Author_27523,3,86.0,3,18886
27661,Author_27661,3,86.0,4,18887
27877,Author_27877,3,86.0,3,18888
1641,Author_01641,3,85.0,4,18889
3384,Author_03384,3,85.0,4,18890
4836,Author_04836,3,85.0,6,18891
5391,Author_05391,3,85.0,4,18892
13585,Author_13585,3,85.0,4,18893
16983,Author_16983,3,85.0,4,18894
18191,Author_18191,3,85.0,4,18895
18346,Author_18346,3,85.0,5,18896
20390,Author_20390,3,85.0,3,18897
21743,Author_21743,3,85.0,6,18898
22187,Author_22187,3,85.0,3,18899
26748,Author_26748,3,85.0,3,18900
27498,Author_27498,3,85.0,8,18901
1976,Author_01976,3,84.0,4,18902
5404,Author_05404,3,84.0,3,18903
10135,Author_10135,3,84.0,4,18904
12706,Author_12706,3,84.0,6,18905
15711,Author_15711,3,84.0,4,18906
17792,Author_17792,3,84.0,6,18907
20993,Author_20993,3,84.0,4,18908
21457,Author_21457,3,84.0,4,18909
22481,Author_22481,3,84.0,4,18910
24347,Author_24347,3,84.0,4,18911
24562,Author_24562,3,84.0,6,18912
24920,Author_24920,3,84.0,5,18913
26178,Author_26178,3,84.0,5,18914
26692,Author_26692,3,84.0,6,18915
27688,Author_27688,3,84.0,3,18916
29377,Author_29377,3,84.0,3,18917
3500,Author_03500,3,83.0,3,18918
3613,Author_03613,3,83.0,3,18919
10307,Author_10307,3,83.0,6,18920
12618,Author_12618,3,83.0,4,18921
14042,Author_14042,3,83.0,4,18922
17630,Author_17630,3,83.0,7,18923
23271,Author_23271,3,83.0,9,18924
27351,Author_27351,3,83.0,4,18925
29098,Author_29098,3,83.0,6,18926
2298,Author_02298,3,82.0,3,18927
4753,Author_04753,3,82.0,6,18928
5035,Author_05035,3,82.0,5,18929
8149,Author_08149,3,82.0,3,18930
8305,Author_08305,3,82.0,3,18931
9759,Author_09759,3,82.0,3,18932
10119,Author_10119,3,82.0,7,18933
10898,Author_10898,3,82.0,5,18934
17481,Author_17481,3,82.0,8,18935
20028,Author_20028,3,82.0,8,18936
23072,Author_23072,3,82.0,5,18937
23248,Author_23248,3,82.0,5,18938
25163,Author_25163,3,82.0,3,18939
26131,Author_26131,3,82.0,3,18940
28628,Author_28628,3,82.0,4,18941
29012,Author_29012,3,82.0,5,18942
29289,Author_29289,3,82.0,3,18943
29351,Author_29351,3,82.0,8,18944
29529,Author_29529,3,82.0,4,18945
29913,Author_29913,3,82.0,5,18946
3162,Author_03162,3,81.0,6,18947
3880,Author_03880,3,81.0,4,18948
5232,Author_05232,3,81.0,3,18949
9150,Author_09150,3,81.0,6,18950
10186,Author_10186,3,81.0,4,18951
15125,Author_15125,3,81.0,4,18952
15450,Author_15450,3,81.0,3,18953
19285,Author_19285,3,81.0,5,18954
20202,Author_20202,3,81.0,7,18955
23334,Author_23334,3,81.0,7,18956
24173,Author_24173,3,81.0,7,18957
24486,Author_24486,3,81.0,5,18958
27034,Author_27034,3,81.0,6,18959
28705,Author_28705,3,81.0,4,18960
959,Author_00959,3,80.0,4,18961
4138,Author_04138,3,80.0,3,18962
4879,Author_04879,3,80.0,4,18963
6503,Author_06503,3,80.0,4,18964
7116,Author_07116,3,80.0,4,18965
8519,Author_08519,3,80.0,4,18966
11461,Author_11461,3,80.0,4,18967
11515,Author_11515,3,80.0,5,18968
12794,Author_12794,3,80.0,4,18969
14031,Author_14031,3,80.0,4,18970
14905,Author_14905,3,80.0,3,18971
17603,Author_17603,3,80.0,5,18972
20007,Author_20007,3,80.0,4,18973
21521,Author_21521,3,80.0,5,18974
22837,Author_22837,3,80.0,4,18975
25025,Author_25025,3,80.0,3,18976
25989,Author_25989,3,80.0,8,18977
26097,Author_26097,3,80.0,4,18978
28514,Author_28514,3,80.0,3,18979
29165,Author_29165,3,80.0,8,18980
2653,Author_02653,3,79.0,4,18981
3478,Author_03478,3,79.0,4,18982
3518,Author_03518,3,79.0,4,18983
4465,Author_04465,3,79.0,6,18984
5757,Author_05757,3,79.0,5,18985
5760,Author_05760,3,79.0,4,18986
6353,Author_06353,3,79.0,5,18987
6384,Author_06384,3,79.0,5,18988
8567,Author_08567,3,79.0,3,18989
10046,Author_10046,3,79.0,3,18990
10883,Author_10883,3,79.0,8,18991
11722,Author_11722,3,79.0,4,18992
12033,Author_12033,3,79.0,3,18993
12694,Author_12694,3,79.0,5,18994
12991,Author_12991,3,79.0,4,18995
13424,Author_13424,3,79.0,5,18996
13633,Author_13633,3,79.0,3,18997
15431,Author_15431,3,79.0,4,18998
17276,Author_17276,3,79.0,3,18999
17888,Author_17888,3,79.0,9,19000
19906,Author_19906,3,79.0,4,19001
20350,Author_20350,3,79.0,6,19002
22851,Author_22851,3,79.0,4,19003
22866,Author_22866,3,79.0,4,19004
25656,Author_25656,3,79.0,4,19005
28610,Author_28610,3,79.0,6,19006
3665,Author_03665,3,78.0,3,19007
4701,Author_04701,3,78.0,4,19008
4883,Author_04883,3,78.0,5,19009
5312,Author_05312,3,78.0,4,19010
6366,Author_06366,3,78.0,4,19011
9360,Author_09360,3,78.0,5,19012
11356,Author_11356,3,78.0,3,19013
12624,Author_12624,3,78.0,6,19014
13785,Author_13785,3,78.0,3,19015
14730,Author_14730,3,78.0,6,19016
18466,Author_18466,3,78.0,6,19017
21432,Author_21432,3,78.0,4,19018
24164,Author_24164,3,78.0,5,19019
25157,Author_25157,3,78.0,5,19020
26518,Author_26518,3,78.0,4,19021
26963,Author_26963,3,78.0,4,19022
28940,Author_28940,3,78.0,4,19023
2422,Author_02422,3,77.0,7,19024
2446,Author_02446,3,77.0,6,19025
3894,Author_03894,3,77.0,4,19026
5589,Author_05589,3,77.0,5,19027
7500,Author_07500,3,77.0,4,19028
8243,Author_08243,3,77.0,5,19029
9102,Author_09102,3,77.0,4,19030
12423,Author_12423,3,77.0,6,19031
14965,Author_14965,3,77.0,7,19032
16230,Author_16230,3,77.0,3,19033
17112,Author_17112,3,77.0,4,19034
18661,Author_18661,3,77.0,4,19035
19527,Author_19527,3,77.0,4,19036
22130,Author_22130,3,77.0,4,19037
23162,Author_23162,3,77.0,4,19038
25537,Author_25537,3,77.0,3,19039
26042,Author_26042,3,77.0,4,19040
27392,Author_27392,3,77.0,9,19041
28486,Author_28486,3,77.0,7,19042
28909,Author_28909,3,77.0,5,19043
29052,Author_29052,3,77.0,3,19044
115,Author_00115,3,76.0,6,19045
4913,Author_04913,3,76.0,5,19046
5819,Author_05819,3,76.0,4,19047
9466,Author_09466,3,76.0,6,19048
10252,Author_10252,3,76.0,6,19049
10839,Author_10839,3,76.0,6,19050
13097,Author_13097,3,76.0,3,19051
14290,Author_14290,3,76.0,5,19052
19140,Author_19140,3,76.0,4,19053
19659,Author_19659,3,76.0,3,19054
20546,Author_20546,3,76.0,5,19055
20613,Author_20613,3,76.0,4,19056
25968,Author_25968,3,76.0,3,19057
26482,Author_26482,3,76.0,4,19058
27258,Author_27258,3,76.0,6,19059
29794,Author_29794,3,76.0,8,19060
29939,Author_29939,3,76.0,4,19061
1042,Author_01042,3,75.0,4,19062
1077,Author_01077,3,75.0,3,19063
1614,Author_01614,3,75.0,4,19064
3293,Author_03293,3,75.0,4,19065
3727,Author_03727,3,75.0,5,19066
3883,Author_03883,3,75.0,5,19067
4597,Author_04597,3,75.0,5,19068
5411,Author_05411,3,75.0,5,19069
11370,Author_11370,3,75.0,5,19070
11424,Author_11424,3,75.0,5,19071
11679,Author_11679,3,75.0,5,19072
11999,Author_11999,3,75.0,3,19073
12363,Author_12363,3,75.0,3,19074
17960,Author_17960,3,75.0,4,19075
20478,Author_20478,3,75.0,3,19076
21427,Author_21427,3,75.0,4,19077
23149,Author_23149,3,75.0,4,19078
23896,Author_23896,3,75.0,4,19079
25647,Author_25647,3,75.0,4,19080
25875,Author_25875,3,75.0,7,19081
984,Author_00984,3,74.0,4,19082
2064,Author_02064,3,74.0,5,19083
3434,Author_03434,3,74.0,10,19084
3484,Author_03484,3,74.0,3,19085
4675,Author_04675,3,74.0,5,19086
7979,Author_07979,3,74.0,4,19087
8106,Author_08106,3,74.0,5,19088
8976,Author_08976,3,74.0,4,19089
10667,Author_10667,3,74.0,5,19090
11384,Author_11384,3,74.0,5,19091
11762,Author_11762,3,74.0,4,19092
12567,Author_12567,3,74.0,7,19093
12681,Author_12681,3,74.0,4,19094
16337,Author_16337,3,74.0,4,19095
17662,Author_17662,3,74.0,4,19096
18833,Author_18833,3,74.0,3,19097
19311,Author_19311,3,74.0,5,19098
19650,Author_19650,3,74.0,3,19099
20752,Author_20752,3,74.0,7,19100
22173,Author_22173,3,74.0,3,19101
23353,Author_23353,3,74.0,5,19102
27558,Author_27558,3,74.0,4,19103
28347,Author_28347,3,74.0,3,19104
28947,Author_28947,3,74.0,8,19105
227,Author_00227,3,73.0,4,19106
2923,Author_02923,3,73.0,5,19107
6134,Author_06134,3,73.0,3,19108
7146,Author_07146,3,73.0,6,19109
8187,Author_08187,3,73.0,4,19110
9487,Author_09487,3,73.0,3,19111
9762,Author_09762,3,73.0,4,19112
10381,Author_10381,3,73.0,3,19113
11399,Author_11399,3,73.0,4,19114
13230,Author_13230,3,73.0,4,19115
14711,Author_14711,3,73.0,3,19116
15317,Author_15317,3,73.0,8,19117
16220,Author_16220,3,73.0,3,19118
16415,Author_16415,3,73.0,6,19119
17940,Author_17940,3,73.0,3,19120
20496,Author_20496,3,73.0,5,19121
22153,Author_22153,3,73.0,8,19122
24262,Author_24262,3,73.0,4,19123
25527,Author_25527,3,73.0,7,19124
28787,Author_28787,3,73.0,8,19125
29882,Author_29882,3,73.0,4,19126
528,Author_00528,3,72.0,3,19127
795,Author_00795,3,72.0,4,19128
3829,Author_03829,3,72.0,4,19129
4482,Author_04482,3,72.0,4,19130
8138,Author_08138,3,72.0,3,19131
10099,Author_10099,3,72.0,3,19132
12796,Author_12796,3,72.0,5,19133
13884,Author_13884,3,72.0,3,19134
15447,Author_15447,3,72.0,6,19135
16806,Author_16806,3,72.0,4,19136
18319,Author_18319,3,72.0,6,19137
20140,Author_20140,3,72.0,6,19138
20690,Author_20690,3,72.0,5,19139
21082,Author_21082,3,72.0,4,19140
22067,Author_22067,3,72.0,3,19141
22367,Author_22367,3,72.0,3,19142
26335,Author_26335,3,72.0,7,19143
12,Author_00012,3,71.0,7,19144
1173,Author_01173,3,71.0,4,19145
2524,Author_02524,3,71.0,6,19146
4232,Author_04232,3,71.0,5,19147
4960,Author_04960,3,71.0,9,19148
7647,Author_07647,3,71.0,3,19149
7877,Author_07877,3,71.0,3,19150
8063,Author_08063,3,71.0,3,19151
8214,Author_08214,3,71.0,5,19152
16850,Author_16850,3,71.0,5,19153
18390,Author_18390,3,71.0,5,19154
19199,Author_19199,3,71.0,3,19155
20473,Author_20473,3,71.0,4,19156
22319,Author_22319,3,71.0,5,19157
22900,Author_22900,3,71.0,3,19158
26088,Author_26088,3,71.0,4,19159
26499,Author_26499,3,71.0,5,19160
28594,Author_28594,3,71.0,4,19161
241,Author_00241,3,70.0,4,19162
2300,Author_02300,3,70.0,3,19163
2648,Author_02648,3,70.0,3,19164
2778,Author_02778,3,70.0,3,19165
4800,Author_04800,3,70.0,5,19166
6642,Author_06642,3,70.0,3,19167
7710,Author_07710,3,70.0,3,19168
10614,Author_10614,3,70.0,5,19169
13286,Author_13286,3,70.0,5,19170
13482,Author_13482,3,70.0,5,19171
15185,Author_15185,3,70.0,4,19172
15691,Author_15691,3,70.0,4,19173
18605,Author_18605,3,70.0,5,19174
18845,Author_18845,3,70.0,4,19175
19021,Author_19021,3,70.0,3,19176
19488,Author_19488,3,70.0,4,19177
20210,Author_20210,3,70.0,5,19178
20217,Author_20217,3,70.0,6,19179
20234,Author_20234,3,70.0,3,19180
20456,Author_20456,3,70.0,4,19181
23071,Author_23071,3,70.0,5,19182
24468,Author_24468,3,70.0,3,19183
25763,Author_25763,3,70.0,7,19184
25862,Author_25862,3,70.0,3,19185
25909,Author_25909,3,70.0,5,19186
26599,Author_26599,3,70.0,5,19187
29156,Author_29156,3,70.0,3,19188
29526,Author_29526,3,70.0,3,19189
29758,Author_29758,3,70.0,3,19190
29769,Author_29769,3,70.0,4,19191
3220,Author_03220,3,69.0,5,19192
5268,Author_05268,3,69.0,3,19193
5575,Author_05575,3,69.0,4,19194
6426,Author_06426,3,69.0,5,19195
7160,Author_07160,3,69.0,5,19196
8803,Author_08803,3,69.0,4,19197
10256,Author_10256,3,69.0,3,19198
11110,Author_11110,3,69.0,4,19199
14952,Author_14952,3,69.0,5,19200
16931,Author_16931,3,69.0,4,19201
18819,Author_18819,3,69.0,6,19202
21179,Author_21179,3,69.0,4,19203
21660,Author_21660,3,69.0,4,19204
24388,Author_24388,3,69.0,6,19205
24634,Author_24634,3,69.0,7,19206
26728,Author_26728,3,69.0,4,19207
26769,Author_26769,3,69.0,3,19208
28298,Author_28298,3,69.0,4,19209
118,Author_00118,3,68.0,4,19210
2506,Author_02506,3,68.0,3,19211
3056,Author_03056,3,68.0,4,19212
3695,Author_03695,3,68.0,3,19213
9795,Author_09795,3,68.0,3,19214
10360,Author_10360,3,68.0,4,19215
12204,Author_12204,3,68.0,3,19216
12433,Author_12433,3,68.0,4,19217
12502,Author_12502,3,68.0,4,19218
12723,Author_12723,3,68.0,8,19219
13110,Author_13110,3,68.0,3,19220
13740,Author_13740,3,68.0,5,19221
14858,Author_14858,3,68.0,3,19222
15481,Author_15481,3,68.0,5,19223
17410,Author_17410,3,68.0,6,19224
18660,Author_18660,3,68.0,5,19225
19823,Author_19823,3,68.0,7,19226
20741,Author_20741,3,68.0,3,19227
23495,Author_23495,3,68.0,3,19228
25751,Author_25751,3,68.0,6,19229
26433,Author_26433,3,68.0,4,19230
27262,Author_27262,3,68.0,8,19231
27656,Author_27656,3,68.0,3,19232
28027,Author_28027,3,68.0,3,19233
28497,Author_28497,3,68.0,3,19234
29059,Author_29059,3,68.0,6,19235
1844,Author_01844,3,67.0,4,19236
2383,Author_02383,3,67.0,11,19237
2819,Author_02819,3,67.0,5,19238
3127,Author_03127,3,67.0,4,19239
4924,Author_04924,3,67.0,4,19240
10250,Author_10250,3,67.0,3,19241
11566,Author_11566,3,67.0,4,19242
12148,Author_12148,3,67.0,3,19243
16340,Author_16340,3,67.0,3,19244
17521,Author_17521,3,67.0,6,19245
17764,Author_17764,3,67.0,4,19246
18400,Author_18400,3,67.0,4,19247
19137,Author_19137,3,67.0,3,19248
20253,Author_20253,3,67.0,4,19249
20858,Author_20858,3,67.0,3,19250
21964,Author_21964,3,67.0,6,19251
21968,Author_21968,3,67.0,3,19252
22262,Author_22262,3,67.0,5,19253
23847,Author_23847,3,67.0,4,19254
24213,Author_24213,3,67.0,4,19255
24405,Author_24405,3,67.0,7,19256
26534,Author_26534,3,67.0,3,19257
29975,Author_29975,3,67.0,7,19258
215,Author_00215,3,66.0,5,19259
970,Author_00970,3,66.0,3,19260
2266,Author_02266,3,66.0,4,19261
3781,Author_03781,3,66.0,7,19262
4827,Author_04827,3,66.0,3,19263
5960,Author_05960,3,66.0,3,19264
7241,Author_07241,3,66.0,5,19265
7325,Author_07325,3,66.0,6,19266
8860,Author_08860,3,66.0,8,19267
9643,Author_09643,3,66.0,4,19268
9869,Author_09869,3,66.0,7,19269
10790,Author_10790,3,66.0,5,19270
10914,Author_10914,3,66.0,3,19271
13859,Author_13859,3,66.0,4,19272
14326,Author_14326,3,66.0,4,19273
15590,Author_15590,3,66.0,7,19274
17281,Author_17281,3,66.0,5,19275
17344,Author_17344,3,66.0,5,19276
17645,Author_17645,3,66.0,4,19277
18011,Author_18011,3,66.0,5,19278
18843,Author_18843,3,66.0,3,19279
19243,Author_19243,3,66.0,8,19280
19558,Author_19558,3,66.0,4,19281
20455,Author_20455,3,66.0,4,19282
21463,Author_21463,3,66.0,3,19283
21571,Author_21571,3,66.0,3,19284
21863,Author_21863,3,66.0,4,19285
22359,Author_22359,3,66.0,4,19286
23761,Author_23761,3,66.0,3,19287
23838,Author_23838,3,66.0,5,19288
24551,Author_24551,3,66.0,3,19289
24757,Author_24757,3,66.0,4,19290
25152,Author_25152,3,66.0,4,19291
25868,Author_25868,3,66.0,6,19292
27397,Author_27397,3,66.0,5,19293
28446,Author_28446,3,66.0,4,19294
29139,Author_29139,3,66.0,6,19295
29991,Author_29991,3,66.0,5,19296
293,Author_00293,3,65.0,6,19297
1591,Author_01591,3,65.0,3,19298
1947,Author_01947,3,65.0,4,19299
2126,Author_02126,3,65.0,8,19300
3773,Author_03773,3,65.0,7,19301
4486,Author_04486,3,65.0,5,19302
4957,Author_04957,3,65.0,5,19303
7154,Author_07154,3,65.0,6,19304
8234,Author_08234,3,65.0,4,19305
8261,Author_08261,3,65.0,4,19306
10239,Author_10239,3,65.0,5,19307
11589,Author_11589,3,65.0,6,19308
12417,Author_12417,3,65.0,7,19309
12683,Author_12683,3,65.0,6,19310
13618,Author_13618,3,65.0,6,19311
13850,Author_13850,3,65.0,7,19312
16074,Author_16074,3,65.0,3,19313
16096,Author_16096,3,65.0,6,19314
16798,Author_16798,3,65.0,4,19315
16995,Author_16995,3,65.0,4,19316
17561,Author_17561,3,65.0,4,19317
17970,Author_17970,3,65.0,5,19318
19578,Author_19578,3,65.0,4,19319
19658,Author_19658,3,65.0,6,19320
19721,Author_19721,3,65.0,5,19321
23306,Author_23306,3,65.0,4,19322
27639,Author_27639,3,65.0,5,19323
27905,Author_27905,3,65.0,4,19324
28533,Author_28533,3,65.0,5,19325
28894,Author_28894,3,65.0,6,19326
29009,Author_29009,3,65.0,4,19327
29272,Author_29272,3,65.0,4,19328
29902,Author_29902,3,65.0,3,19329
5,Author_00005,3,64.0,5,19330
1644,Author_01644,3,64.0,6,19331
4252,Author_04252,3,64.0,8,19332
5063,Author_05063,3,64.0,10,19333
6786,Author_06786,3,64.0,3,19334
7954,Author_07954,3,64.0,4,19335
10433,Author_10433,3,64.0,7,19336
11332,Author_11332,3,64.0,4,19337
16356,Author_16356,3,64.0,3,19338
16469,Author_16469,3,64.0,4,19339
16504,Author_16504,3,64.0,3,19340
18327,Author_18327,3,64.0,4,19341
18377,Author_18377,3,64.0,5,19342
18414,Author_18414,3,64.0,6,19343
19171,Author_19171,3,64.0,4,19344
20706,Author_20706,3,64.0,7,19345
22484,Author_22484,3,64.0,3,19346
23904,Author_23904,3,64.0,6,19347
24188,Author_24188,3,64.0,4,19348
24354,Author_24354,3,64.0,5,19349
24526,Author_24526,3,64.0,3,19350
25735,Author_25735,3,64.0,6,19351
404,Author_00404,3,63.0,5,19352
1100,Author_01100,3,63.0,5,19353
2889,Author_02889,3,63.0,3,19354
3529,Author_03529,3,63.0,6,19355
4018,Author_04018,3,63.0,4,19356
4038,Author_04038,3,63.0,5,19357
5501,Author_05501,3,63.0,4,19358
6491,Author_06491,3,63.0,3,19359
7841,Author_07841,3,63.0,5,19360
9783,Author_09783,3,63.0,4,19361
10819,Author_10819,3,63.0,5,19362
11645,Author_11645,3,63.0,4,19363
12328,Author_12328,3,63.0,4,19364
16208,Author_16208,3,63.0,4,19365
16270,Author_16270,3,63.0,6,19366
16738,Author_16738,3,63.0,4,19367
20097,Author_20097,3,63.0,3,19368
23386,Author_23386,3,63.0,4,19369
24122,Author_24122,3,63.0,3,19370
25231,Author_25231,3,63.0,6,19371
26000,Author_26000,3,63.0,4,19372
28115,Author_28115,3,63.0,3,19373
28404,Author_28404,3,63.0,5,19374
449,Author_00449,3,62.0,6,19375
1512,Author_01512,3,62.0,5,19376
2850,Author_02850,3,62.0,7,19377
3446,Author_03446,3,62.0,8,19378
3830,Author_03830,3,62.0,7,19379
4084,Author_04084,3,62.0,4,19380
4345,Author_04345,3,62.0,5,19381
4661,Author_04661,3,62.0,4,19382
6107,Author_06107,3,62.0,3,19383
7329,Author_07329,3,62.0,8,19384
7766,Author_07766,3,62.0,3,19385
8079,Author_08079,3,62.0,4,19386
8640,Author_08640,3,62.0,3,19387
8835,Author_08835,3,62.0,6,19388
8847,Author_08847,3,62.0,6,19389
10244,Author_10244,3,62.0,4,19390
11236,Author_11236,3,62.0,5,19391
11397,Author_11397,3,62.0,5,19392
12250,Author_12250,3,62.0,5,19393
13259,Author_13259,3,62.0,4,19394
13666,Author_13666,3,62.0,3,19395
17414,Author_17414,3,62.0,5,19396
17575,Author_17575,3,62.0,4,19397
18153,Author_18153,3,62.0,3,19398
19410,Author_19410,3,62.0,5,19399
21625,Author_21625,3,62.0,4,19400
22601,Author_22601,3,62.0,6,19401
22964,Author_22964,3,62.0,3,19402
23135,Author_23135,3,62.0,7,19403
24919,Author_24919,3,62.0,4,19404
25849,Author_25849,3,62.0,6,19405
27137,Author_27137,3,62.0,4,19406
27833,Author_27833,3,62.0,3,19407
28596,Author_28596,3,62.0,4,19408
924,Author_00924,3,61.0,5,19409
1091,Author_01091,3,61.0,4,19410
1881,Author_01881,3,61.0,5,19411
4434,Author_04434,3,61.0,6,19412
6455,Author_06455,3,61.0,4,19413
8742,Author_08742,3,61.0,4,19414
9095,Author_09095,3,61.0,4,19415
10775,Author_10775,3,61.0,5,19416
11676,Author_11676,3,61.0,8,19417
12850,Author_12850,3,61.0,4,19418
13200,Author_13200,3,61.0,5,19419
14535,Author_14535,3,61.0,3,19420
14837,Author_14837,3,61.0,5,19421
15553,Author_15553,3,61.0,4,19422
16056,Author_16056,3,61.0,6,19423
17486,Author_17486,3,61.0,4,19424
20139,Author_20139,3,61.0,3,19425
20652,Author_20652,3,61.0,3,19426
21736,Author_21736,3,61.0,7,19427
21903,Author_21903,3,61.0,4,19428
22003,Author_22003,3,61.0,9,19429
23687,Author_23687,3,61.0,3,19430
24742,Author_24742,3,61.0,4,19431
27046,Author_27046,3,61.0,6,19432
28038,Author_28038,3,61.0,5,19433
3861,Author_03861,3,60.0,6,19434
3951,Author_03951,3,60.0,8,19435
6187,Author_06187,3,60.0,5,19436
6205,Author_06205,3,60.0,3,19437
8956,Author_08956,3,60.0,7,19438
10183,Author_10183,3,60.0,7,19439
10386,Author_10386,3,60.0,3,19440
11259,Author_11259,3,60.0,4,19441
15250,Author_15250,3,60.0,7,19442
18282,Author_18282,3,60.0,5,19443
21781,Author_21781,3,60.0,6,19444
28538,Author_28538,3,60.0,4,19445
29737,Author_29737,3,60.0,4,19446
29971,Author_29971,3,60.0,7,19447
1306,Author_01306,3,59.0,5,19448
2205,Author_02205,3,59.0,5,19449
2499,Author_02499,3,59.0,3,19450
5546,Author_05546,3,59.0,6,19451
5927,Author_05927,3,59.0,3,19452
8042,Author_08042,3,59.0,7,19453
8572,Author_08572,3,59.0,3,19454
10176,Author_10176,3,59.0,9,19455
10468,Author_10468,3,59.0,5,19456
11100,Author_11100,3,59.0,5,19457
11429,Author_11429,3,59.0,3,19458
12480,Author_12480,3,59.0,6,19459
13811,Author_13811,3,59.0,3,19460
16369,Author_16369,3,59.0,6,19461
17574,Author_17574,3,59.0,5,19462
19786,Author_19786,3,59.0,4,19463
20418,Author_20418,3,59.0,5,19464
20525,Author_20525,3,59.0,4,19465
20832,Author_20832,3,59.0,5,19466
24894,Author_24894,3,59.0,4,19467
25220,Author_25220,3,59.0,4,19468
26390,Author_26390,3,59.0,3,19469
26812,Author_26812,3,59.0,3,19470
27130,Author_27130,3,59.0,4,19471
28503,Author_28503,3,59.0,6,19472
28599,Author_28599,3,59.0,3,19473
28759,Author_28759,3,59.0,3,19474
29121,Author_29121,3,59.0,7,19475
1214,Author_01214,3,58.0,3,19476
2638,Author_02638,3,58.0,4,19477
2699,Author_02699,3,58.0,4,19478
2736,Author_02736,3,58.0,5,19479
3997,Author_03997,3,58.0,3,19480
5518,Author_05518,3,58.0,5,19481
6080,Author_06080,3,58.0,4,19482
7615,Author_07615,3,58.0,5,19483
7957,Author_07957,3,58.0,6,19484
9039,Author_09039,3,58.0,4,19485
9895,Author_09895,3,58.0,4,19486
10273,Author_10273,3,58.0,3,19487
10357,Author_10357,3,58.0,3,19488
10848,Author_10848,3,58.0,4,19489
13166,Author_13166,3,58.0,3,19490
13873,Author_13873,3,58.0,3,19491
14369,Author_14369,3,58.0,3,19492
15044,Author_15044,3,58.0,7,19493
15257,Author_15257,3,58.0,5,19494
17385,Author_17385,3,58.0,3,19495
19111,Author_19111,3,58.0,4,19496
19678,Author_19678,3,58.0,6,19497
21461,Author_21461,3,58.0,6,19498
24289,Author_24289,3,58.0,7,19499
24911,Author_24911,3,58.0,3,19500
25238,Author_25238,3,58.0,3,19501
25264,Author_25264,3,58.0,3,19502
25577,Author_25577,3,58.0,7,19503
25921,Author_25921,3,58.0,5,19504
26212,Author_26212,3,58.0,4,19505
28220,Author_28220,3,58.0,3,19506
28608,Author_28608,3,58.0,3,19507
28823,Author_28823,3,58.0,6,19508
29166,Author_29166,3,58.0,3,19509
648,Author_00648,3,57.0,4,19510
3059,Author_03059,3,57.0,4,19511
4446,Author_04446,3,57.0,4,19512
4991,Author_04991,3,57.0,6,19513
5468,Author_05468,3,57.0,3,19514
6552,Author_06552,3,57.0,4,19515
7213,Author_07213,3,57.0,5,19516
7318,Author_07318,3,57.0,4,19517
7425,Author_07425,3,57.0,6,19518
9064,Author_09064,3,57.0,5,19519
10068,Author_10068,3,57.0,4,19520
12191,Author_12191,3,57.0,5,19521
12300,Author_12300,3,57.0,3,19522
12430,Author_12430,3,57.0,6,19523
12828,Author_12828,3,57.0,7,19524
13667,Author_13667,3,57.0,5,19525
17402,Author_17402,3,57.0,4,19526
19269,Author_19269,3,57.0,3,19527
21518,Author_21518,3,57.0,5,19528
21815,Author_21815,3,57.0,5,19529
22181,Author_22181,3,57.0,5,19530
22212,Author_22212,3,57.0,5,19531
23055,Author_23055,3,57.0,6,19532
23990,Author_23990,3,57.0,6,19533
25298,Author_25298,3,57.0,4,19534
26971,Author_26971,3,57.0,5,19535
27053,Author_27053,3,57.0,3,19536
28099,Author_28099,3,57.0,3,19537
28282,Author_28282,3,57.0,7,19538
28327,Author_28327,3,57.0,5,19539
1347,Author_01347,3,56.0,4,19540
1371,Author_01371,3,56.0,4,19541
1455,Author_01455,3,56.0,4,19542
1628,Author_01628,3,56.0,6,19543
2074,Author_02074,3,56.0,6,19544
2977,Author_02977,3,56.0,3,19545
5824,Author_05824,3,56.0,6,19546
6693,Author_06693,3,56.0,3,19547
6864,Author_06864,3,56.0,4,19548
7449,Author_07449,3,56.0,6,19549
8452,Author_08452,3,56.0,4,19550
9833,Author_09833,3,56.0,3,19551
11333,Author_11333,3,56.0,8,19552
11499,Author_11499,3,56.0,8,19553
12012,Author_12012,3,56.0,4,19554
12179,Author_12179,3,56.0,5,19555
13238,Author_13238,3,56.0,4,19556
13293,Author_13293,3,56.0,5,19557
13582,Author_13582,3,56.0,4,19558
17223,Author_17223,3,56.0,7,19559
18266,Author_18266,3,56.0,6,19560
21106,Author_21106,3,56.0,4,19561
21385,Author_21385,3,56.0,4,19562
24190,Author_24190,3,56.0,3,19563
24226,Author_24226,3,56.0,3,19564
24609,Author_24609,3,56.0,6,19565
26273,Author_26273,3,56.0,3,19566
27179,Author_27179,3,56.0,4,19567
27259,Author_27259,3,56.0,3,19568
28264,Author_28264,3,56.0,6,19569
28888,Author_28888,3,56.0,5,19570
29014,Author_29014,3,56.0,4,19571
29077,Author_29077,3,56.0,3,19572
29226,Author_29226,3,56.0,4,19573
798,Author_00798,3,55.0,5,19574
1643,Author_01643,3,55.0,9,19575
2154,Author_02154,3,55.0,5,19576
2658,Author_02658,3,55.0,7,19577
3107,Author_03107,3,55.0,6,19578
5460,Author_05460,3,55.0,5,19579
6082,Author_06082,3,55.0,6,19580
6492,Author_06492,3,55.0,4,19581
7428,Author_07428,3,55.0,7,19582
9210,Author_09210,3,55.0,3,19583
10348,Author_10348,3,55.0,7,19584
11476,Author_11476,3,55.0,4,19585
12529,Author_12529,3,55.0,3,19586
13021,Author_13021,3,55.0,4,19587
13606,Author_13606,3,55.0,7,19588
16344,Author_16344,3,55.0,3,19589
16899,Author_16899,3,55.0,3,19590
16933,Author_16933,3,55.0,9,19591
16953,Author_16953,3,55.0,7,19592
19066,Author_19066,3,55.0,3,19593
19319,Author_19319,3,55.0,4,19594
20563,Author_20563,3,55.0,5,19595
22627,Author_22627,3,55.0,3,19596
23152,Author_23152,3,55.0,4,19597
23359,Author_23359,3,55.0,4,19598
28101,Author_28101,3,55.0,5,19599
28494,Author_28494,3,55.0,4,19600
29307,Author_29307,3,55.0,5,19601
353,Author_00353,3,54.0,8,19602
1581,Author_01581,3,54.0,5,19603
3748,Author_03748,3,54.0,4,19604
3858,Author_03858,3,54.0,8,19605
4173,Author_04173,3,54.0,6,19606
5763,Author_05763,3,54.0,7,19607
6660,Author_06660,3,54.0,4,19608
6676,Author_06676,3,54.0,3,19609
7002,Author_07002,3,54.0,5,19610
9778,Author_09778,3,54.0,3,19611
12273,Author_12273,3,54.0,7,19612
12284,Author_12284,3,54.0,6,19613
16429,Author_16429,3,54.0,6,19614
17718,Author_17718,3,54.0,4,19615
17790,Author_17790,3,54.0,3,19616
18361,Author_18361,3,54.0,6,19617
18796,Author_18796,3,54.0,4,19618
21146,Author_21146,3,54.0,5,19619
21577,Author_21577,3,54.0,3,19620
21592,Author_21592,3,54.0,3,19621
21982,Author_21982,3,54.0,3,19622
22578,Author_22578,3,54.0,3,19623
23395,Author_23395,3,54.0,4,19624
23609,Author_23609,3,54.0,3,19625
24436,Author_24436,3,54.0,9,19626
26082,Author_26082,3,54.0,4,19627
27112,Author_27112,3,54.0,10,19628
27783,Author_27783,3,54.0,5,19629
28727,Author_28727,3,54.0,4,19630
29331,Author_29331,3,54.0,4,19631
29485,Author_29485,3,54.0,6,19632
243,Author_00243,3,53.0,5,19633
548,Author_00548,3,53.0,5,19634
1069,Author_01069,3,53.0,3,19635
2411,Author_02411,3,53.0,4,19636
3679,Author_03679,3,53.0,6,19637
5740,Author_05740,3,53.0,3,19638
6117,Author_06117,3,53.0,3,19639
6639,Author_06639,3,53.0,4,19640
7567,Author_07567,3,53.0,6,19641
8215,Author_08215,3,53.0,3,19642
9953,Author_09953,3,53.0,4,19643
10293,Author_10293,3,53.0,3,19644
12225,Author_12225,3,53.0,4,19645
13032,Author_13032,3,53.0,3,19646
13406,Author_13406,3,53.0,3,19647
14879,Author_14879,3,53.0,7,19648
16042,Author_16042,3,53.0,3,19649
17412,Author_17412,3,53.0,7,19650
18765,Author_18765,3,53.0,7,19651
18821,Author_18821,3,53.0,4,19652
18989,Author_18989,3,53.0,4,19653
19429,Author_19429,3,53.0,3,19654
19705,Author_19705,3,53.0,5,19655
21938,Author_21938,3,53.0,4,19656
23870,Author_23870,3,53.0,8,19657
23947,Author_23947,3,53.0,3,19658
24566,Author_24566,3,53.0,4,19659
24677,Author_24677,3,53.0,4,19660
25186,Author_25186,3,53.0,3,19661
26203,Author_26203,3,53.0,8,19662
26403,Author_26403,3,53.0,4,19663
26520,Author_26520,3,53.0,5,19664
26671,Author_26671,3,53.0,4,19665
27126,Author_27126,3,53.0,5,19666
28320,Author_28320,3,53.0,6,19667
28622,Author_28622,3,53.0,4,19668
28722,Author_28722,3,53.0,3,19669
29075,Author_29075,3,53.0,3,19670
29180,Author_29180,3,53.0,6,19671
29310,Author_29310,3,53.0,4,19672
1032,Author_01032,3,52.0,6,19673
1112,Author_01112,3,52.0,4,19674
2545,Author_02545,3,52.0,6,19675
2720,Author_02720,3,52.0,3,19676
3341,Author_03341,3,52.0,6,19677
3456,Author_03456,3,52.0,4,19678
6288,Author_06288,3,52.0,3,19679
6939,Author_06939,3,52.0,3,19680
7667,Author_07667,3,52.0,5,19681
8548,Author_08548,3,52.0,4,19682
8551,Author_08551,3,52.0,6,19683
9284,Author_09284,3,52.0,6,19684
9612,Author_09612,3,52.0,4,19685
11056,Author_11056,3,52.0,4,19686
13389,Author_13389,3,52.0,5,19687
13467,Author_13467,3,52.0,5,19688
13920,Author_13920,3,52.0,7,19689
16111,Author_16111,3,52.0,6,19690
16979,Author_16979,3,52.0,5,19691
17737,Author_17737,3,52.0,6,19692
19038,Author_19038,3,52.0,3,19693
19143,Author_19143,3,52.0,4,19694
19679,Author_19679,3,52.0,4,19695
19826,Author_19826,3,52.0,3,19696
20146,Author_20146,3,52.0,3,19697
20674,Author_20674,3,52.0,5,19698
21409,Author_21409,3,52.0,5,19699
22491,Author_22491,3,52.0,5,19700
25185,Author_25185,3,52.0,6,19701
25564,Author_25564,3,52.0,4,19702
27203,Author_27203,3,52.0,4,19703
28200,Author_28200,3,52.0,9,19704
28226,Author_28226,3,52.0,3,19705
28263,Author_28263,3,52.0,7,19706
28403,Author_28403,3,52.0,7,19707
28442,Author_28442,3,52.0,4,19708
28990,Author_28990,3,52.0,4,19709
42,Author_00042,3,51.0,4,19710
153,Author_00153,3,51.0,4,19711
486,Author_00486,3,51.0,6,19712
1080,Author_01080,3,51.0,3,19713
2630,Author_02630,3,51.0,5,19714
3113,Author_03113,3,51.0,4,19715
3772,Author_03772,3,51.0,6,19716
6997,Author_06997,3,51.0,3,19717
7677,Author_07677,3,51.0,6,19718
7763,Author_07763,3,51.0,4,19719
9224,Author_09224,3,51.0,11,19720
10583,Author_10583,3,51.0,5,19721
11473,Author_11473,3,51.0,3,19722
11540,Author_11540,3,51.0,3,19723
11623,Author_11623,3,51.0,5,19724
11867,Author_11867,3,51.0,12,19725
13443,Author_13443,3,51.0,5,19726
15165,Author_15165,3,51.0,4,19727
16302,Author_16302,3,51.0,9,19728
20055,Author_20055,3,51.0,4,19729
21190,Author_21190,3,51.0,4,19730
21223,Author_21223,3,51.0,5,19731
21835,Author_21835,3,51.0,3,19732
22340,Author_22340,3,51.0,3,19733
23001,Author_23001,3,51.0,3,19734
24247,Author_24247,3,51.0,4,19735
24473,Author_24473,3,51.0,4,19736
24858,Author_24858,3,51.0,5,19737
25380,Author_25380,3,51.0,6,19738
27754,Author_27754,3,51.0,5,19739
28053,Author_28053,3,51.0,3,19740
383,Author_00383,3,50.0,3,19741
1588,Author_01588,3,50.0,8,19742
1605,Author_01605,3,50.0,3,19743
1695,Author_01695,3,50.0,3,19744
2213,Author_02213,3,50.0,7,19745
2401,Author_02401,3,50.0,4,19746
3584,Author_03584,3,50.0,4,19747
5255,Author_05255,3,50.0,9,19748
5574,Author_05574,3,50.0,4,19749
6848,Author_06848,3,50.0,4,19750
7038,Author_07038,3,50.0,5,19751
7854,Author_07854,3,50.0,3,19752
10126,Author_10126,3,50.0,6,19753
10463,Author_10463,3,50.0,4,19754
10665,Author_10665,3,50.0,6,19755
10948,Author_10948,3,50.0,6,19756
11756,Author_11756,3,50.0,6,19757
11902,Author_11902,3,50.0,3,19758
12745,Author_12745,3,50.0,6,19759
13313,Author_13313,3,50.0,3,19760
14400,Author_14400,3,50.0,6,19761
15376,Author_15376,3,50.0,3,19762
16276,Author_16276,3,50.0,4,19763
16672,Author_16672,3,50.0,5,19764
17189,Author_17189,3,50.0,4,19765
17319,Author_17319,3,50.0,5,19766
18314,Author_18314,3,50.0,9,19767
19346,Author_19346,3,50.0,3,19768
19748,Author_19748,3,50.0,7,19769
20044,Author_20044,3,50.0,10,19770
20172,Author_20172,3,50.0,7,19771
20864,Author_20864,3,50.0,4,19772
23684,Author_23684,3,50.0,5,19773
23778,Author_23778,3,50.0,3,19774
24485,Author_24485,3,50.0,9,19775
26590,Author_26590,3,50.0,4,19776
27615,Author_27615,3,50.0,6,19777
28920,Author_28920,3,50.0,6,19778
29299,Author_29299,3,50.0,3,19779
375,Author_00375,3,49.0,5,19780
1456,Author_01456,3,49.0,4,19781
2335,Author_02335,3,49.0,4,19782
4869,Author_04869,3,49.0,3,19783
5815,Author_05815,3,49.0,3,19784
8040,Author_08040,3,49.0,3,19785
8960,Author_08960,3,49.0,4,19786
9276,Author_09276,3,49.0,4,19787
9400,Author_09400,3,49.0,3,19788
9449,Author_09449,3,49.0,4,19789
9505,Author_09505,3,49.0,4,19790
9577,Author_09577,3,49.0,3,19791
9605,Author_09605,3,49.0,5,19792
10681,Author_10681,3,49.0,6,19793
11164,Author_11164,3,49.0,8,19794
14075,Author_14075,3,49.0,3,19795
15035,Author_15035,3,49.0,7,19796
15918,Author_15918,3,49.0,5,19797
16977,Author_16977,3,49.0,3,19798
17274,Author_17274,3,49.0,4,19799
17435,Author_17435,3,49.0,5,19800
17567,Author_17567,3,49.0,8,19801
17958,Author_17958,3,49.0,5,19802
18010,Author_18010,3,49.0,6,19803
18438,Author_18438,3,49.0,4,19804
21334,Author_21334,3,49.0,4,19805
21873,Author_21873,3,49.0,6,19806
22235,Author_22235,3,49.0,3,19807
22703,Author_22703,3,49.0,3,19808
23725,Author_23725,3,49.0,6,19809
24434,Author_24434,3,49.0,5,19810
25314,Author_25314,3,49.0,6,19811
25325,Author_25325,3,49.0,3,19812
25601,Author_25601,3,49.0,3,19813
25663,Author_25663,3,49.0,3,19814
25715,Author_25715,3,49.0,3,19815
27045,Author_27045,3,49.0,4,19816
27361,Author_27361,3,49.0,5,19817
28289,Author_28289,3,49.0,4,19818
122,Author_00122,3,48.0,5,19819
933,Author_00933,3,48.0,6,19820
1978,Author_01978,3,48.0,6,19821
4689,Author_04689,3,48.0,6,19822
4820,Author_04820,3,48.0,3,19823
5440,Author_05440,3,48.0,3,19824
6062,Author_06062,3,48.0,5,19825
7134,Author_07134,3,48.0,5,19826
7235,Author_07235,3,48.0,4,19827
8256,Author_08256,3,48.0,4,19828
8404,Author_08404,3,48.0,7,19829
8573,Author_08573,3,48.0,5,19830
9092,Author_09092,3,48.0,5,19831
9507,Author_09507,3,48.0,5,19832
10180,Author_10180,3,48.0,6,19833
11816,Author_11816,3,48.0,4,19834
12070,Author_12070,3,48.0,6,19835
12105,Author_12105,3,48.0,4,19836
12510,Author_12510,3,48.0,5,19837
14129,Author_14129,3,48.0,4,19838
14136,Author_14136,3,48.0,4,19839
14808,Author_14808,3,48.0,7,19840
15350,Author_15350,3,48.0,4,19841
16611,Author_16611,3,48.0,4,19842
20818,Author_20818,3,48.0,4,19843
22547,Author_22547,3,48.0,4,19844
23515,Author_23515,3,48.0,3,19845
24241,Author_24241,3,48.0,3,19846
26890,Author_26890,3,48.0,3,19847
28866,Author_28866,3,48.0,3,19848
29461,Author_29461,3,48.0,4,19849
29957,Author_29957,3,48.0,4,19850
29994,Author_29994,3,48.0,3,19851
736,Author_00736,3,47.0,4,19852
2723,Author_02723,3,47.0,7,19853
3030,Author_03030,3,47.0,3,19854
4469,Author_04469,3,47.0,3,19855
4706,Author_04706,3,47.0,4,19856
5876,Author_05876,3,47.0,3,19857
5887,Author_05887,3,47.0,3,19858
6441,Author_06441,3,47.0,7,19859
8238,Author_08238,3,47.0,3,19860
8449,Author_08449,3,47.0,4,19861
8482,Author_08482,3,47.0,6,19862
9452,Author_09452,3,47.0,3,19863
9618,Author_09618,3,47.0,3,19864
9771,Author_09771,3,47.0,4,19865
10969,Author_10969,3,47.0,3,19866
11035,Author_11035,3,47.0,5,19867
11433,Author_11433,3,47.0,4,19868
12660,Author_12660,3,47.0,4,19869
12734,Author_12734,3,47.0,6,19870
12903,Author_12903,3,47.0,6,19871
13017,Author_13017,3,47.0,3,19872
15390,Author_15390,3,47.0,4,19873
16974,Author_16974,3,47.0,5,19874
17186,Author_17186,3,47.0,5,19875
17308,Author_17308,3,47.0,6,19876
19976,Author_19976,3,47.0,4,19877
21433,Author_21433,3,47.0,6,19878
23922,Author_23922,3,47.0,5,19879
25072,Author_25072,3,47.0,3,19880
27111,Author_27111,3,47.0,5,19881
29060,Author_29060,3,47.0,5,19882
29259,Author_29259,3,47.0,3,19883
802,Author_00802,3,46.0,6,19884
882,Author_00882,3,46.0,4,19885
1977,Author_01977,3,46.0,5,19886
3135,Author_03135,3,46.0,8,19887
4120,Author_04120,3,46.0,7,19888
5067,Author_05067,3,46.0,3,19889
5396,Author_05396,3,46.0,6,19890
5403,Author_05403,3,46.0,5,19891
5984,Author_05984,3,46.0,5,19892
6197,Author_06197,3,46.0,3,19893
6414,Author_06414,3,46.0,5,19894
7981,Author_07981,3,46.0,4,19895
8531,Author_08531,3,46.0,6,19896
9301,Author_09301,3,46.0,6,19897
9396,Author_09396,3,46.0,6,19898
9440,Author_09440,3,46.0,5,19899
10085,Author_10085,3,46.0,3,19900
11976,Author_11976,3,46.0,6,19901
12439,Author_12439,3,46.0,5,19902
12441,Author_12441,3,46.0,3,19903
12842,Author_12842,3,46.0,3,19904
12848,Author_12848,3,46.0,6,19905
13249,Author_13249,3,46.0,3,19906
13335,Author_13335,3,46.0,5,19907
14333,Author_14333,3,46.0,4,19908
14557,Author_14557,3,46.0,4,19909
18850,Author_18850,3,46.0,5,19910
21444,Author_21444,3,46.0,4,19911
22714,Author_22714,3,46.0,5,19912
23155,Author_23155,3,46.0,5,19913
23305,Author_23305,3,46.0,4,19914
23532,Author_23532,3,46.0,3,19915
24116,Author_24116,3,46.0,4,19916
24169,Author_24169,3,46.0,3,19917
24489,Author_24489,3,46.0,8,19918
24590,Author_24590,3,46.0,4,19919
25440,Author_25440,3,46.0,3,19920
25625,Author_25625,3,46.0,3,19921
25952,Author_25952,3,46.0,3,19922
26450,Author_26450,3,46.0,3,19923
26563,Author_26563,3,46.0,6,19924
26616,Author_26616,3,46.0,3,19925
26628,Author_26628,3,46.0,7,19926
26923,Author_26923,3,46.0,3,19927
26976,Author_26976,3,46.0,4,19928
27072,Author_27072,3,46.0,4,19929
27420,Author_27420,3,46.0,3,19930
27528,Author_27528,3,46.0,7,19931
27920,Author_27920,3,46.0,3,19932
28963,Author_28963,3,46.0,5,19933
29573,Author_29573,3,46.0,4,19934
29851,Author_29851,3,46.0,9,19935
1190,Author_01190,3,45.0,6,19936
2478,Author_02478,3,45.0,5,19937
2730,Author_02730,3,45.0,3,19938
2826,Author_02826,3,45.0,4,19939
3724,Author_03724,3,45.0,7,19940
3924,Author_03924,3,45.0,4,19941
4874,Author_04874,3,45.0,5,19942
5454,Author_05454,3,45.0,6,19943
6071,Author_06071,3,45.0,5,19944
6884,Author_06884,3,45.0,4,19945
7535,Author_07535,3,45.0,4,19946
7575,Author_07575,3,45.0,5,19947
8143,Author_08143,3,45.0,4,19948
9034,Author_09034,3,45.0,4,19949
9121,Author_09121,3,45.0,6,19950
10431,Author_10431,3,45.0,3,19951
12015,Author_12015,3,45.0,5,19952
13413,Author_13413,3,45.0,5,19953
14217,Author_14217,3,45.0,5,19954
14947,Author_14947,3,45.0,4,19955
15438,Author_15438,3,45.0,6,19956
15956,Author_15956,3,45.0,5,19957
16725,Author_16725,3,45.0,5,19958
18544,Author_18544,3,45.0,7,19959
19069,Author_19069,3,45.0,4,19960
19901,Author_19901,3,45.0,3,19961
19953,Author_19953,3,45.0,3,19962
20158,Author_20158,3,45.0,5,19963
21428,Author_21428,3,45.0,5,19964
21758,Author_21758,3,45.0,7,19965
22369,Author_22369,3,45.0,4,19966
22612,Author_22612,3,45.0,6,19967
23529,Author_23529,3,45.0,4,19968
23774,Author_23774,3,45.0,5,19969
24356,Author_24356,3,45.0,4,19970
25648,Author_25648,3,45.0,5,19971
26528,Author_26528,3,45.0,4,19972
26843,Author_26843,3,45.0,4,19973
27310,Author_27310,3,45.0,4,19974
28145,Author_28145,3,45.0,9,19975
28578,Author_28578,3,45.0,5,19976
28900,Author_28900,3,45.0,3,19977
28996,Author_28996,3,45.0,5,19978
29237,Author_29237,3,45.0,5,19979
29252,Author_29252,3,45.0,7,19980
29306,Author_29306,3,45.0,3,19981
29452,Author_29452,3,45.0,3,19982
29642,Author_29642,3,45.0,4,19983
482,Author_00482,3,44.0,6,19984
704,Author_00704,3,44.0,6,19985
2585,Author_02585,3,44.0,4,19986
3078,Author_03078,3,44.0,3,19987
3757,Author_03757,3,44.0,5,19988
5503,Author_05503,3,44.0,3,19989
6040,Author_06040,3,44.0,4,19990
7147,Author_07147,3,44.0,8,19991
8245,Author_08245,3,44.0,4,19992
8643,Author_08643,3,44.0,7,19993
9545,Author_09545,3,44.0,4,19994
9685,Author_09685,3,44.0,5,19995
11280,Author_11280,3,44.0,4,19996
11587,Author_11587,3,44.0,4,19997
12087,Author_12087,3,44.0,5,19998
15640,Author_15640,3,44.0,4,19999
15874,Author_15874,3,44.0,8,20000
16478,Author_16478,3,44.0,6,20001
16488,Author_16488,3,44.0,3,20002
17168,Author_17168,3,44.0,7,20003
17265,Author_17265,3,44.0,3,20004
17890,Author_17890,3,44.0,4,20005
17963,Author_17963,3,44.0,6,20006
18136,Author_18136,3,44.0,7,20007
19070,Author_19070,3,44.0,4,20008
19818,Author_19818,3,44.0,4,20009
21217,Author_21217,3,44.0,3,20010
22409,Author_22409,3,44.0,5,20011
25135,Author_25135,3,44.0,4,20012
25234,Author_25234,3,44.0,3,20013
25410,Author_25410,3,44.0,4,20014
26735,Author_26735,3,44.0,6,20015
26978,Author_26978,3,44.0,4,20016
28272,Author_28272,3,44.0,8,20017
28793,Author_28793,3,44.0,3,20018
29828,Author_29828,3,44.0,5,20019
395,Author_00395,3,43.0,3,20020
590,Author_00590,3,43.0,3,20021
757,Author_00757,3,43.0,4,20022
758,Author_00758,3,43.0,4,20023
777,Author_00777,3,43.0,5,20024
888,Author_00888,3,43.0,3,20025
4152,Author_04152,3,43.0,6,20026
4212,Author_04212,3,43.0,4,20027
5782,Author_05782,3,43.0,4,20028
5848,Author_05848,3,43.0,4,20029
7749,Author_07749,3,43.0,9,20030
8119,Author_08119,3,43.0,3,20031
8411,Author_08411,3,43.0,5,20032
9052,Author_09052,3,43.0,3,20033
12503,Author_12503,3,43.0,3,20034
13565,Author_13565,3,43.0,4,20035
13720,Author_13720,3,43.0,9,20036
14284,Author_14284,3,43.0,7,20037
14523,Author_14523,3,43.0,3,20038
16066,Author_16066,3,43.0,4,20039
16728,Author_16728,3,43.0,7,20040
19929,Author_19929,3,43.0,3,20041
19931,Author_19931,3,43.0,4,20042
20994,Author_20994,3,43.0,3,20043
21935,Author_21935,3,43.0,4,20044
22577,Author_22577,3,43.0,5,20045
23551,Author_23551,3,43.0,4,20046
23588,Author_23588,3,43.0,6,20047
24079,Author_24079,3,43.0,5,20048
25423,Author_25423,3,43.0,3,20049
26084,Author_26084,3,43.0,5,20050
26552,Author_26552,3,43.0,4,20051
27697,Author_27697,3,43.0,3,20052
28221,Author_28221,3,43.0,3,20053
28675,Author_28675,3,43.0,3,20054
29152,Author_29152,3,43.0,3,20055
29164,Author_29164,3,43.0,8,20056
254,Author_00254,3,42.0,4,20057
1445,Author_01445,3,42.0,7,20058
2310,Author_02310,3,42.0,4,20059
2542,Author_02542,3,42.0,3,20060
2845,Author_02845,3,42.0,3,20061
3657,Author_03657,3,42.0,3,20062
3885,Author_03885,3,42.0,4,20063
4813,Author_04813,3,42.0,3,20064
4826,Author_04826,3,42.0,4,20065
5325,Author_05325,3,42.0,4,20066
6138,Author_06138,3,42.0,6,20067
6399,Author_06399,3,42.0,6,20068
6838,Author_06838,3,42.0,3,20069
7164,Author_07164,3,42.0,5,20070
7363,Author_07363,3,42.0,4,20071
7685,Author_07685,3,42.0,4,20072
9008,Author_09008,3,42.0,3,20073
9152,Author_09152,3,42.0,3,20074
9790,Author_09790,3,42.0,3,20075
9884,Author_09884,3,42.0,4,20076
10511,Author_10511,3,42.0,5,20077
12504,Author_12504,3,42.0,6,20078
13346,Author_13346,3,42.0,3,20079
13470,Author_13470,3,42.0,3,20080
14235,Author_14235,3,42.0,6,20081
14638,Author_14638,3,42.0,5,20082
15654,Author_15654,3,42.0,5,20083
16492,Author_16492,3,42.0,5,20084
16638,Author_16638,3,42.0,4,20085
17057,Author_17057,3,42.0,4,20086
17222,Author_17222,3,42.0,3,20087
17674,Author_17674,3,42.0,4,20088
18668,Author_18668,3,42.0,3,20089
21613,Author_21613,3,42.0,5,20090
22599,Author_22599,3,42.0,5,20091
23239,Author_23239,3,42.0,5,20092
23337,Author_23337,3,42.0,4,20093
24490,Author_24490,3,42.0,3,20094
25210,Author_25210,3,42.0,5,20095
25384,Author_25384,3,42.0,3,20096
25684,Author_25684,3,42.0,4,20097
26509,Author_26509,3,42.0,3,20098
26618,Author_26618,3,42.0,4,20099
27670,Author_27670,3,42.0,4,20100
27962,Author_27962,3,42.0,3,20101
28203,Author_28203,3,42.0,5,20102
28432,Author_28432,3,42.0,5,20103
28892,Author_28892,3,42.0,3,20104
29070,Author_29070,3,42.0,5,20105
29458,Author_29458,3,42.0,6,20106
422,Author_00422,3,41.0,8,20107
1319,Author_01319,3,41.0,7,20108
3841,Author_03841,3,41.0,3,20109
3977,Author_03977,3,41.0,4,20110
4250,Author_04250,3,41.0,7,20111
5132,Author_05132,3,41.0,7,20112
5136,Author_05136,3,41.0,3,20113
5830,Author_05830,3,41.0,5,20114
6155,Author_06155,3,41.0,4,20115
6500,Author_06500,3,41.0,4,20116
6832,Author_06832,3,41.0,4,20117
6988,Author_06988,3,41.0,4,20118
7132,Author_07132,3,41.0,5,20119
7243,Author_07243,3,41.0,5,20120
7461,Author_07461,3,41.0,4,20121
7663,Author_07663,3,41.0,5,20122
8701,Author_08701,3,41.0,5,20123
9524,Author_09524,3,41.0,4,20124
9680,Author_09680,3,41.0,7,20125
9706,Author_09706,3,41.0,6,20126
10287,Author_10287,3,41.0,3,20127
11191,Author_11191,3,41.0,5,20128
11513,Author_11513,3,41.0,3,20129
11668,Author_11668,3,41.0,6,20130
12379,Author_12379,3,41.0,4,20131
12402,Author_12402,3,41.0,5,20132
12446,Author_12446,3,41.0,6,20133
12693,Author_12693,3,41.0,3,20134
14069,Author_14069,3,41.0,3,20135
14213,Author_14213,3,41.0,7,20136
15412,Author_15412,3,41.0,9,20137
16156,Author_16156,3,41.0,3,20138
16174,Author_16174,3,41.0,4,20139
16601,Author_16601,3,41.0,8,20140
17555,Author_17555,3,41.0,5,20141
18375,Author_18375,3,41.0,7,20142
18467,Author_18467,3,41.0,9,20143
18528,Author_18528,3,41.0,6,20144
19868,Author_19868,3,41.0,4,20145
20479,Author_20479,3,41.0,5,20146
21715,Author_21715,3,41.0,6,20147
22991,Author_22991,3,41.0,3,20148
23670,Author_23670,3,41.0,3,20149
25492,Author_25492,3,41.0,6,20150
26780,Author_26780,3,41.0,7,20151
26835,Author_26835,3,41.0,3,20152
27705,Author_27705,3,41.0,8,20153
28273,Author_28273,3,41.0,3,20154
28734,Author_28734,3,41.0,3,20155
29541,Author_29541,3,41.0,7,20156
571,Author_00571,3,40.0,5,20157
1334,Author_01334,3,40.0,3,20158
2323,Author_02323,3,40.0,3,20159
2344,Author_02344,3,40.0,7,20160
4892,Author_04892,3,40.0,4,20161
5793,Author_05793,3,40.0,5,20162
6096,Author_06096,3,40.0,5,20163
6737,Author_06737,3,40.0,4,20164
7181,Author_07181,3,40.0,5,20165
8225,Author_08225,3,40.0,5,20166
8250,Author_08250,3,40.0,5,20167
8538,Author_08538,3,40.0,4,20168
9147,Author_09147,3,40.0,4,20169
9592,Author_09592,3,40.0,3,20170
9699,Author_09699,3,40.0,4,20171
9801,Author_09801,3,40.0,4,20172
11738,Author_11738,3,40.0,4,20173
13023,Author_13023,3,40.0,4,20174
13162,Author_13162,3,40.0,7,20175
13705,Author_13705,3,40.0,10,20176
14077,Author_14077,3,40.0,3,20177
15097,Author_15097,3,40.0,8,20178
15148,Author_15148,3,40.0,5,20179
15444,Author_15444,3,40.0,8,20180
15707,Author_15707,3,40.0,6,20181
16186,Author_16186,3,40.0,7,20182
16981,Author_16981,3,40.0,3,20183
17181,Author_17181,3,40.0,4,20184
18214,Author_18214,3,40.0,4,20185
19853,Author_19853,3,40.0,4,20186
21040,Author_21040,3,40.0,5,20187
21773,Author_21773,3,40.0,6,20188
22438,Author_22438,3,40.0,4,20189
22771,Author_22771,3,40.0,3,20190
22882,Author_22882,3,40.0,3,20191
23267,Author_23267,3,40.0,3,20192
24082,Author_24082,3,40.0,8,20193
24905,Author_24905,3,40.0,7,20194
25102,Author_25102,3,40.0,6,20195
25418,Author_25418,3,40.0,4,20196
25428,Author_25428,3,40.0,3,20197
26690,Author_26690,3,40.0,3,20198
27546,Author_27546,3,40.0,5,20199
27827,Author_27827,3,40.0,7,20200
28147,Author_28147,3,40.0,6,20201
28314,Author_28314,3,40.0,4,20202
28605,Author_28605,3,40.0,3,20203
29648,Author_29648,3,40.0,4,20204
29751,Author_29751,3,40.0,3,20205
76,Author_00076,3,39.0,4,20206
338,Author_00338,3,39.0,7,20207
1389,Author_01389,3,39.0,3,20208
1487,Author_01487,3,39.0,3,20209
4419,Author_04419,3,39.0,10,20210
5269,Author_05269,3,39.0,3,20211
6158,Author_06158,3,39.0,3,20212
6679,Author_06679,3,39.0,3,20213
7707,Author_07707,3,39.0,3,20214
7919,Author_07919,3,39.0,4,20215
8523,Author_08523,3,39.0,4,20216
9543,Author_09543,3,39.0,6,20217
9626,Author_09626,3,39.0,5,20218
10282,Author_10282,3,39.0,4,20219
10835,Author_10835,3,39.0,5,20220
10972,Author_10972,3,39.0,6,20221
11465,Author_11465,3,39.0,5,20222
12915,Author_12915,3,39.0,5,20223
14025,Author_14025,3,39.0,5,20224
14712,Author_14712,3,39.0,5,20225
15083,Author_15083,3,39.0,3,20226
16035,Author_16035,3,39.0,4,20227
16987,Author_16987,3,39.0,6,20228
17318,Author_17318,3,39.0,3,20229
17599,Author_17599,3,39.0,3,20230
17860,Author_17860,3,39.0,4,20231
19017,Author_19017,3,39.0,6,20232
20398,Author_20398,3,39.0,3,20233
20582,Author_20582,3,39.0,3,20234
24386,Author_24386,3,39.0,5,20235
24888,Author_24888,3,39.0,4,20236
25259,Author_25259,3,39.0,3,20237
26525,Author_26525,3,39.0,5,20238
27047,Author_27047,3,39.0,3,20239
28108,Author_28108,3,39.0,4,20240
28195,Author_28195,3,39.0,4,20241
397,Author_00397,3,38.0,3,20242
1144,Author_01144,3,38.0,6,20243
2132,Author_02132,3,38.0,3,20244
2244,Author_02244,3,38.0,3,20245
2937,Author_02937,3,38.0,7,20246
3366,Author_03366,3,38.0,3,20247
3898,Author_03898,3,38.0,5,20248
6326,Author_06326,3,38.0,6,20249
9270,Author_09270,3,38.0,5,20250
11094,Author_11094,3,38.0,6,20251
11734,Author_11734,3,38.0,3,20252
11841,Author_11841,3,38.0,5,20253
13070,Author_13070,3,38.0,3,20254
13754,Author_13754,3,38.0,4,20255
14857,Author_14857,3,38.0,5,20256
15778,Author_15778,3,38.0,6,20257
16171,Author_16171,3,38.0,3,20258
16251,Author_16251,3,38.0,7,20259
16440,Author_16440,3,38.0,3,20260
16457,Author_16457,3,38.0,4,20261
17172,Author_17172,3,38.0,7,20262
17443,Author_17443,3,38.0,3,20263
18005,Author_18005,3,38.0,3,20264
19077,Author_19077,3,38.0,3,20265
19443,Author_19443,3,38.0,4,20266
20502,Author_20502,3,38.0,7,20267
20745,Author_20745,3,38.0,4,20268
20949,Author_20949,3,38.0,4,20269
22938,Author_22938,3,38.0,5,20270
24135,Author_24135,3,38.0,6,20271
24268,Author_24268,3,38.0,7,20272
25303,Author_25303,3,38.0,4,20273
26615,Author_26615,3,38.0,3,20274
26829,Author_26829,3,38.0,4,20275
26979,Author_26979,3,38.0,5,20276
27257,Author_27257,3,38.0,6,20277
27845,Author_27845,3,38.0,6,20278
28328,Author_28328,3,38.0,5,20279
351,Author_00351,3,37.0,4,20280
1509,Author_01509,3,37.0,3,20281
2664,Author_02664,3,37.0,6,20282
4397,Author_04397,3,37.0,5,20283
4938,Author_04938,3,37.0,5,20284
5660,Author_05660,3,37.0,5,20285
8938,Author_08938,3,37.0,3,20286
9919,Author_09919,3,37.0,5,20287
10306,Author_10306,3,37.0,3,20288
10446,Author_10446,3,37.0,3,20289
10750,Author_10750,3,37.0,3,20290
11611,Author_11611,3,37.0,3,20291
11691,Author_11691,3,37.0,4,20292
11928,Author_11928,3,37.0,3,20293
11968,Author_11968,3,37.0,4,20294
12214,Author_12214,3,37.0,4,20295
13144,Author_13144,3,37.0,6,20296
14269,Author_14269,3,37.0,4,20297
15721,Author_15721,3,37.0,5,20298
16885,Author_16885,3,37.0,3,20299
17213,Author_17213,3,37.0,4,20300
18117,Author_18117,3,37.0,7,20301
18164,Author_18164,3,37.0,3,20302
19790,Author_19790,3,37.0,3,20303
19958,Author_19958,3,37.0,4,20304
23125,Author_23125,3,37.0,6,20305
23160,Author_23160,3,37.0,5,20306
23651,Author_23651,3,37.0,4,20307
24048,Author_24048,3,37.0,5,20308
24296,Author_24296,3,37.0,3,20309
24302,Author_24302,3,37.0,5,20310
24352,Author_24352,3,37.0,5,20311
24567,Author_24567,3,37.0,6,20312
24622,Author_24622,3,37.0,4,20313
25007,Author_25007,3,37.0,3,20314
25635,Author_25635,3,37.0,6,20315
26541,Author_26541,3,37.0,4,20316
27391,Author_27391,3,37.0,5,20317
27484,Author_27484,3,37.0,3,20318
27549,Author_27549,3,37.0,5,20319
27626,Author_27626,3,37.0,5,20320
28304,Author_28304,3,37.0,7,20321
29566,Author_29566,3,37.0,4,20322
29643,Author_29643,3,37.0,3,20323
273,Author_00273,3,36.0,4,20324
392,Author_00392,3,36.0,5,20325
1955,Author_01955,3,36.0,3,20326
2053,Author_02053,3,36.0,5,20327
4242,Author_04242,3,36.0,4,20328
5029,Author_05029,3,36.0,6,20329
5145,Author_05145,3,36.0,6,20330
5408,Author_05408,3,36.0,7,20331
6818,Author_06818,3,36.0,4,20332
7168,Author_07168,3,36.0,4,20333
8168,Author_08168,3,36.0,5,20334
8325,Author_08325,3,36.0,4,20335
8955,Author_08955,3,36.0,5,20336
9204,Author_09204,3,36.0,6,20337
9536,Author_09536,3,36.0,3,20338
9591,Author_09591,3,36.0,3,20339
9652,Author_09652,3,36.0,3,20340
10434,Author_10434,3,36.0,5,20341
10575,Author_10575,3,36.0,3,20342
11002,Author_11002,3,36.0,3,20343
11308,Author_11308,3,36.0,3,20344
11369,Author_11369,3,36.0,6,20345
12271,Author_12271,3,36.0,8,20346
12983,Author_12983,3,36.0,3,20347
13031,Author_13031,3,36.0,5,20348
13440,Author_13440,3,36.0,4,20349
13767,Author_13767,3,36.0,5,20350
14302,Author_14302,3,36.0,5,20351
14909,Author_14909,3,36.0,4,20352
15603,Author_15603,3,36.0,3,20353
15941,Author_15941,3,36.0,3,20354
16485,Author_16485,3,36.0,7,20355
16503,Author_16503,3,36.0,4,20356
16587,Author_16587,3,36.0,3,20357
17095,Author_17095,3,36.0,4,20358
18274,Author_18274,3,36.0,3,20359
18593,Author_18593,3,36.0,7,20360
18721,Author_18721,3,36.0,4,20361
18738,Author_18738,3,36.0,5,20362
19022,Author_19022,3,36.0,7,20363
19189,Author_19189,3,36.0,7,20364
19385,Author_19385,3,36.0,4,20365
19855,Author_19855,3,36.0,11,20366
20082,Author_20082,3,36.0,4,20367
20584,Author_20584,3,36.0,5,20368
21031,Author_21031,3,36.0,4,20369
21509,Author_21509,3,36.0,3,20370
22071,Author_22071,3,36.0,8,20371
24568,Author_24568,3,36.0,3,20372
26701,Author_26701,3,36.0,3,20373
26754,Author_26754,3,36.0,3,20374
27548,Author_27548,3,36.0,5,20375
28544,Author_28544,3,36.0,10,20376
29601,Author_29601,3,36.0,5,20377
558,Author_00558,3,35.0,4,20378
1215,Author_01215,3,35.0,4,20379
1880,Author_01880,3,35.0,4,20380
1982,Author_01982,3,35.0,5,20381
4141,Author_04141,3,35.0,5,20382
4504,Author_04504,3,35.0,8,20383
5082,Author_05082,3,35.0,4,20384
6810,Author_06810,3,35.0,5,20385
7881,Author_07881,3,35.0,5,20386
8117,Author_08117,3,35.0,4,20387
8645,Author_08645,3,35.0,3,20388
8843,Author_08843,3,35.0,4,20389
9470,Author_09470,3,35.0,4,20390
10036,Author_10036,3,35.0,3,20391
10359,Author_10359,3,35.0,5,20392
10699,Author_10699,3,35.0,5,20393
11776,Author_11776,3,35.0,6,20394
13340,Author_13340,3,35.0,6,20395
14647,Author_14647,3,35.0,5,20396
14977,Author_14977,3,35.0,6,20397
15594,Author_15594,3,35.0,3,20398
15606,Author_15606,3,35.0,7,20399
15932,Author_15932,3,35.0,6,20400
16702,Author_16702,3,35.0,6,20401
18104,Author_18104,3,35.0,3,20402
18120,Author_18120,3,35.0,4,20403
19361,Author_19361,3,35.0,5,20404
19606,Author_19606,3,35.0,6,20405
19977,Author_19977,3,35.0,3,20406
19989,Author_19989,3,35.0,6,20407
20309,Author_20309,3,35.0,3,20408
20971,Author_20971,3,35.0,4,20409
21162,Author_21162,3,35.0,4,20410
21711,Author_21711,3,35.0,4,20411
22452,Author_22452,3,35.0,3,20412
22527,Author_22527,3,35.0,3,20413
22673,Author_22673,3,35.0,3,20414
23130,Author_23130,3,35.0,4,20415
24320,Author_24320,3,35.0,3,20416
24560,Author_24560,3,35.0,5,20417
24917,Author_24917,3,35.0,5,20418
25015,Author_25015,3,35.0,7,20419
25902,Author_25902,3,35.0,3,20420
26993,Author_26993,3,35.0,3,20421
26996,Author_26996,3,35.0,4,20422
26999,Author_26999,3,35.0,3,20423
27727,Author_27727,3,35.0,7,20424
28954,Author_28954,3,35.0,11,20425
29835,Author_29835,3,35.0,5,20426
29866,Author_29866,3,35.0,5,20427
257,Author_00257,3,34.0,8,20428
442,Author_00442,3,34.0,4,20429
451,Author_00451,3,34.0,6,20430
854,Author_00854,3,34.0,4,20431
920,Author_00920,3,34.0,3,20432
1014,Author_01014,3,34.0,6,20433
1072,Author_01072,3,34.0,3,20434
1315,Author_01315,3,34.0,3,20435
2327,Author_02327,3,34.0,6,20436
3070,Author_03070,3,34.0,5,20437
4415,Author_04415,3,34.0,4,20438
4575,Author_04575,3,34.0,3,20439
6074,Author_06074,3,34.0,7,20440
6621,Author_06621,3,34.0,3,20441
7195,Author_07195,3,34.0,7,20442
9719,Author_09719,3,34.0,5,20443
10361,Author_10361,3,34.0,3,20444
12498,Author_12498,3,34.0,7,20445
12856,Author_12856,3,34.0,7,20446
14411,Author_14411,3,34.0,4,20447
17299,Author_17299,3,34.0,4,20448
17477,Author_17477,3,34.0,3,20449
17689,Author_17689,3,34.0,3,20450
18248,Author_18248,3,34.0,4,20451
19010,Author_19010,3,34.0,6,20452
19975,Author_19975,3,34.0,5,20453
20074,Author_20074,3,34.0,5,20454
20514,Author_20514,3,34.0,3,20455
22231,Author_22231,3,34.0,6,20456
22658,Author_22658,3,34.0,6,20457
23367,Author_23367,3,34.0,6,20458
25038,Author_25038,3,34.0,3,20459
25085,Author_25085,3,34.0,4,20460
25348,Author_25348,3,34.0,4,20461
26556,Author_26556,3,34.0,5,20462
27031,Author_27031,3,34.0,5,20463
27369,Author_27369,3,34.0,5,20464
29563,Author_29563,3,34.0,5,20465
675,Author_00675,3,33.0,5,20466
1017,Author_01017,3,33.0,7,20467
1418,Author_01418,3,33.0,5,20468
1746,Author_01746,3,33.0,3,20469
2005,Author_02005,3,33.0,8,20470
2932,Author_02932,3,33.0,5,20471
4886,Author_04886,3,33.0,3,20472
6178,Author_06178,3,33.0,5,20473
6661,Author_06661,3,33.0,4,20474
7211,Author_07211,3,33.0,3,20475
7480,Author_07480,3,33.0,7,20476
8025,Author_08025,3,33.0,4,20477
9823,Author_09823,3,33.0,5,20478
10102,Author_10102,3,33.0,4,20479
10855,Author_10855,3,33.0,3,20480
11314,Author_11314,3,33.0,5,20481
11460,Author_11460,3,33.0,5,20482
12029,Author_12029,3,33.0,5,20483
12099,Author_12099,3,33.0,4,20484
12101,Author_12101,3,33.0,4,20485
13184,Author_13184,3,33.0,4,20486
13185,Author_13185,3,33.0,6,20487
13538,Author_13538,3,33.0,4,20488
14665,Author_14665,3,33.0,3,20489
14749,Author_14749,3,33.0,6,20490
15729,Author_15729,3,33.0,5,20491
15828,Author_15828,3,33.0,5,20492
16097,Author_16097,3,33.0,5,20493
17525,Author_17525,3,33.0,6,20494
17652,Author_17652,3,33.0,4,20495
18402,Author_18402,3,33.0,5,20496
19473,Author_19473,3,33.0,5,20497
20489,Author_20489,3,33.0,4,20498
21493,Author_21493,3,33.0,5,20499
21636,Author_21636,3,33.0,3,20500
22087,Author_22087,3,33.0,6,20501
22655,Author_22655,3,33.0,4,20502
22970,Author_22970,3,33.0,3,20503
23770,Author_23770,3,33.0,5,20504
24726,Author_24726,3,33.0,7,20505
24822,Author_24822,3,33.0,3,20506
25468,Author_25468,3,33.0,7,20507
25734,Author_25734,3,33.0,3,20508
26210,Author_26210,3,33.0,3,20509
26333,Author_26333,3,33.0,3,20510
27396,Author_27396,3,33.0,9,20511
27462,Author_27462,3,33.0,4,20512
28123,Author_28123,3,33.0,6,20513
28225,Author_28225,3,33.0,6,20514
28613,Author_28613,3,33.0,8,20515
29056,Author_29056,3,33.0,4,20516
29416,Author_29416,3,33.0,5,20517
29853,Author_29853,3,33.0,4,20518
29998,Author_29998,3,33.0,5,20519
450,Author_00450,3,32.0,4,20520
501,Author_00501,3,32.0,5,20521
654,Author_00654,3,32.0,4,20522
1128,Author_01128,3,32.0,3,20523
1474,Author_01474,3,32.0,5,20524
1885,Author_01885,3,32.0,4,20525
3442,Author_03442,3,32.0,4,20526
4362,Author_04362,3,32.0,3,20527
4547,Author_04547,3,32.0,5,20528
4896,Author_04896,3,32.0,9,20529
5766,Author_05766,3,32.0,7,20530
6877,Author_06877,3,32.0,3,20531
6972,Author_06972,3,32.0,8,20532
8018,Author_08018,3,32.0,4,20533
8155,Author_08155,3,32.0,6,20534
9431,Author_09431,3,32.0,5,20535
10228,Author_10228,3,32.0,3,20536
11466,Author_11466,3,32.0,6,20537
11580,Author_11580,3,32.0,4,20538
11863,Author_11863,3,32.0,4,20539
12908,Author_12908,3,32.0,3,20540
13150,Author_13150,3,32.0,4,20541
13599,Author_13599,3,32.0,4,20542
13679,Author_13679,3,32.0,5,20543
13690,Author_13690,3,32.0,4,20544
14810,Author_14810,3,32.0,4,20545
15193,Author_15193,3,32.0,5,20546
15650,Author_15650,3,32.0,5,20547
16476,Author_16476,3,32.0,10,20548
18037,Author_18037,3,32.0,6,20549
18102,Author_18102,3,32.0,7,20550
18242,Author_18242,3,32.0,6,20551
18904,Author_18904,3,32.0,3,20552
19755,Author_19755,3,32.0,6,20553
21242,Author_21242,3,32.0,5,20554
22607,Author_22607,3,32.0,3,20555
22934,Author_22934,3,32.0,4,20556
23014,Author_23014,3,32.0,3,20557
23296,Author_23296,3,32.0,3,20558
24332,Author_24332,3,32.0,3,20559
25035,Author_25035,3,32.0,5,20560
25877,Author_25877,3,32.0,5,20561
26650,Author_26650,3,32.0,8,20562
26878,Author_26878,3,32.0,3,20563
26937,Author_26937,3,32.0,3,20564
27042,Author_27042,3,32.0,3,20565
27146,Author_27146,3,32.0,5,20566
29312,Author_29312,3,32.0,5,20567
29981,Author_29981,3,32.0,6,20568
942,Author_00942,3,31.0,5,20569
1012,Author_01012,3,31.0,6,20570
1125,Author_01125,3,31.0,6,20571
1381,Author_01381,3,31.0,3,20572
2621,Author_02621,3,31.0,5,20573
2857,Author_02857,3,31.0,4,20574
4829,Author_04829,3,31.0,4,20575
6434,Author_06434,3,31.0,4,20576
9442,Author_09442,3,31.0,5,20577
10031,Author_10031,3,31.0,3,20578
10223,Author_10223,3,31.0,10,20579
11629,Author_11629,3,31.0,5,20580
12471,Author_12471,3,31.0,4,20581
13998,Author_13998,3,31.0,6,20582
14145,Author_14145,3,31.0,3,20583
14487,Author_14487,3,31.0,3,20584
15777,Author_15777,3,31.0,5,20585
16417,Author_16417,3,31.0,3,20586
16914,Author_16914,3,31.0,5,20587
17463,Author_17463,3,31.0,3,20588
17631,Author_17631,3,31.0,4,20589
17634,Author_17634,3,31.0,4,20590
17911,Author_17911,3,31.0,4,20591
18041,Author_18041,3,31.0,3,20592
18370,Author_18370,3,31.0,4,20593
19142,Author_19142,3,31.0,3,20594
19220,Author_19220,3,31.0,6,20595
19316,Author_19316,3,31.0,3,20596
19531,Author_19531,3,31.0,6,20597
20211,Author_20211,3,31.0,3,20598
20322,Author_20322,3,31.0,5,20599
20501,Author_20501,3,31.0,3,20600
20982,Author_20982,3,31.0,4,20601
21523,Author_21523,3,31.0,4,20602
21933,Author_21933,3,31.0,3,20603
22562,Author_22562,3,31.0,7,20604
23340,Author_23340,3,31.0,7,20605
23613,Author_23613,3,31.0,4,20606
23666,Author_23666,3,31.0,5,20607
23715,Author_23715,3,31.0,5,20608
24051,Author_24051,3,31.0,3,20609
24538,Author_24538,3,31.0,7,20610
24909,Author_24909,3,31.0,5,20611
25532,Author_25532,3,31.0,6,20612
25671,Author_25671,3,31.0,4,20613
25745,Author_25745,3,31.0,4,20614
28504,Author_28504,3,31.0,3,20615
28672,Author_28672,3,31.0,4,20616
28833,Author_28833,3,31.0,4,20617
29358,Author_29358,3,31.0,4,20618
37,Author_00037,3,30.0,4,20619
109,Author_00109,3,30.0,5,20620
983,Author_00983,3,30.0,3,20621
1233,Author_01233,3,30.0,5,20622
2353,Author_02353,3,30.0,5,20623
3576,Author_03576,3,30.0,3,20624
3759,Author_03759,3,30.0,3,20625
3812,Author_03812,3,30.0,3,20626
5179,Author_05179,3,30.0,4,20627
6161,Author_06161,3,30.0,6,20628
7093,Author_07093,3,30.0,4,20629
7379,Author_07379,3,30.0,3,20630
8533,Author_08533,3,30.0,6,20631
8599,Author_08599,3,30.0,4,20632
8785,Author_08785,3,30.0,3,20633
9050,Author_09050,3,30.0,5,20634
9251,Author_09251,3,30.0,4,20635
9394,Author_09394,3,30.0,4,20636
9731,Author_09731,3,30.0,3,20637
11026,Author_11026,3,30.0,4,20638
11365,Author_11365,3,30.0,3,20639
11799,Author_11799,3,30.0,4,20640
11934,Author_11934,3,30.0,3,20641
12558,Author_12558,3,30.0,4,20642
13517,Author_13517,3,30.0,5,20643
14570,Author_14570,3,30.0,3,20644
14622,Author_14622,3,30.0,4,20645
14794,Author_14794,3,30.0,7,20646
14893,Author_14893,3,30.0,5,20647
16022,Author_16022,3,30.0,4,20648
16048,Author_16048,3,30.0,3,20649
16336,Author_16336,3,30.0,3,20650
16664,Author_16664,3,30.0,5,20651
16758,Author_16758,3,30.0,10,20652
17183,Author_17183,3,30.0,4,20653
17438,Author_17438,3,30.0,4,20654
17838,Author_17838,3,30.0,7,20655
18650,Author_18650,3,30.0,3,20656
18805,Author_18805,3,30.0,4,20657
20898,Author_20898,3,30.0,3,20658
22719,Author_22719,3,30.0,6,20659
22920,Author_22920,3,30.0,3,20660
23102,Author_23102,3,30.0,4,20661
23492,Author_23492,3,30.0,3,20662
24317,Author_24317,3,30.0,4,20663
24934,Author_24934,3,30.0,3,20664
25445,Author_25445,3,30.0,4,20665
27252,Author_27252,3,30.0,3,20666
27294,Author_27294,3,30.0,5,20667
28776,Author_28776,3,30.0,3,20668
839,Author_00839,3,29.0,6,20669
973,Author_00973,3,29.0,6,20670
1710,Author_01710,3,29.0,3,20671
1779,Author_01779,3,29.0,5,20672
1991,Author_01991,3,29.0,3,20673
2623,Author_02623,3,29.0,5,20674
3786,Author_03786,3,29.0,5,20675
4133,Author_04133,3,29.0,5,20676
4712,Author_04712,3,29.0,3,20677
5100,Author_05100,3,29.0,4,20678
5486,Author_05486,3,29.0,8,20679
5506,Author_05506,3,29.0,4,20680
7018,Author_07018,3,29.0,4,20681
8193,Author_08193,3,29.0,4,20682
8388,Author_08388,3,29.0,5,20683
8875,Author_08875,3,29.0,5,20684
9066,Author_09066,3,29.0,7,20685
9815,Author_09815,3,29.0,5,20686
9855,Author_09855,3,29.0,4,20687
10154,Author_10154,3,29.0,5,20688
10319,Author_10319,3,29.0,5,20689
10438,Author_10438,3,29.0,5,20690
12072,Author_12072,3,29.0,4,20691
12493,Author_12493,3,29.0,4,20692
12568,Author_12568,3,29.0,4,20693
13914,Author_13914,3,29.0,3,20694
14346,Author_14346,3,29.0,6,20695
16306,Author_16306,3,29.0,6,20696
16629,Author_16629,3,29.0,4,20697
16753,Author_16753,3,29.0,4,20698
17912,Author_17912,3,29.0,4,20699
18276,Author_18276,3,29.0,4,20700
18295,Author_18295,3,29.0,7,20701
18585,Author_18585,3,29.0,4,20702
19224,Author_19224,3,29.0,6,20703
20257,Author_20257,3,29.0,3,20704
25954,Author_25954,3,29.0,4,20705
25988,Author_25988,3,29.0,3,20706
26913,Author_26913,3,29.0,3,20707
27525,Author_27525,3,29.0,5,20708
28240,Author_28240,3,29.0,5,20709
26,Author_00026,3,28.0,6,20710
364,Author_00364,3,28.0,3,20711
1053,Author_01053,3,28.0,4,20712
1437,Author_01437,3,28.0,3,20713
2747,Author_02747,3,28.0,6,20714
3828,Author_03828,3,28.0,5,20715
5623,Author_05623,3,28.0,4,20716
6717,Author_06717,3,28.0,6,20717
7174,Author_07174,3,28.0,3,20718
7337,Author_07337,3,28.0,7,20719
7863,Author_07863,3,28.0,3,20720
8356,Author_08356,3,28.0,6,20721
8412,Author_08412,3,28.0,4,20722
9051,Author_09051,3,28.0,5,20723
10140,Author_10140,3,28.0,3,20724
10680,Author_10680,3,28.0,3,20725
10917,Author_10917,3,28.0,3,20726
12291,Author_12291,3,28.0,4,20727
13104,Author_13104,3,28.0,8,20728
13432,Author_13432,3,28.0,3,20729
13498,Author_13498,3,28.0,4,20730
13680,Author_13680,3,28.0,4,20731
13839,Author_13839,3,28.0,4,20732
14183,Author_14183,3,28.0,3,20733
14366,Author_14366,3,28.0,7,20734
15066,Author_15066,3,28.0,3,20735
16120,Author_16120,3,28.0,3,20736
17782,Author_17782,3,28.0,4,20737
18089,Author_18089,3,28.0,9,20738
20639,Author_20639,3,28.0,6,20739
20939,Author_20939,3,28.0,3,20740
21102,Author_21102,3,28.0,5,20741
21142,Author_21142,3,28.0,6,20742
21754,Author_21754,3,28.0,6,20743
23534,Author_23534,3,28.0,6,20744
23997,Author_23997,3,28.0,6,20745
24183,Author_24183,3,28.0,3,20746
25014,Author_25014,3,28.0,4,20747
25307,Author_25307,3,28.0,3,20748
26294,Author_26294,3,28.0,5,20749
29974,Author_29974,3,28.0,3,20750
332,Author_00332,3,27.0,6,20751
333,Author_00333,3,27.0,4,20752
906,Author_00906,3,27.0,5,20753
2464,Author_02464,3,27.0,6,20754
2573,Author_02573,3,27.0,3,20755
2996,Author_02996,3,27.0,3,20756
3097,Author_03097,3,27.0,5,20757
4366,Author_04366,3,27.0,4,20758
5047,Author_05047,3,27.0,3,20759
6308,Author_06308,3,27.0,9,20760
7170,Author_07170,3,27.0,3,20761
7612,Author_07612,3,27.0,4,20762
8539,Author_08539,3,27.0,4,20763
9091,Author_09091,3,27.0,6,20764
9293,Author_09293,3,27.0,4,20765
10267,Author_10267,3,27.0,3,20766
10284,Author_10284,3,27.0,6,20767
10540,Author_10540,3,27.0,4,20768
10645,Author_10645,3,27.0,6,20769
10735,Author_10735,3,27.0,6,20770
11378,Author_11378,3,27.0,5,20771
11522,Author_11522,3,27.0,4,20772
11987,Author_11987,3,27.0,5,20773
13059,Author_13059,3,27.0,3,20774
13351,Author_13351,3,27.0,4,20775
15043,Author_15043,3,27.0,4,20776
15338,Author_15338,3,27.0,3,20777
15559,Author_15559,3,27.0,3,20778
16258,Author_16258,3,27.0,4,20779
17218,Author_17218,3,27.0,4,20780
18399,Author_18399,3,27.0,4,20781
19843,Author_19843,3,27.0,5,20782
21078,Author_21078,3,27.0,4,20783
21595,Author_21595,3,27.0,5,20784
22404,Author_22404,3,27.0,3,20785
22508,Author_22508,3,27.0,4,20786
22535,Author_22535,3,27.0,5,20787
23182,Author_23182,3,27.0,6,20788
23270,Author_23270,3,27.0,6,20789
23422,Author_23422,3,27.0,5,20790
24166,Author_24166,3,27.0,5,20791
24440,Author_24440,3,27.0,5,20792
25181,Author_25181,3,27.0,9,20793
25403,Author_25403,3,27.0,4,20794
25792,Author_25792,3,27.0,5,20795
26503,Author_26503,3,27.0,6,20796
27487,Author_27487,3,27.0,5,20797
27541,Author_27541,3,27.0,3,20798
27830,Author_27830,3,27.0,6,20799
29061,Author_29061,3,27.0,3,20800
932,Author_00932,3,26.0,3,20801
1098,Author_01098,3,26.0,3,20802
1919,Author_01919,3,26.0,6,20803
2413,Author_02413,3,26.0,4,20804
2835,Author_02835,3,26.0,4,20805
3901,Author_03901,3,26.0,3,20806
4501,Author_04501,3,26.0,5,20807
5781,Author_05781,3,26.0,4,20808
6160,Author_06160,3,26.0,4,20809
6427,Author_06427,3,26.0,4,20810
6659,Author_06659,3,26.0,7,20811
7928,Author_07928,3,26.0,5,20812
10294,Author_10294,3,26.0,5,20813
11216,Author_11216,3,26.0,8,20814
11362,Author_11362,3,26.0,4,20815
12147,Author_12147,3,26.0,5,20816
12366,Author_12366,3,26.0,9,20817
12486,Author_12486,3,26.0,4,20818
12534,Author_12534,3,26.0,3,20819
13695,Author_13695,3,26.0,3,20820
15086,Author_15086,3,26.0,4,20821
15123,Author_15123,3,26.0,4,20822
18638,Author_18638,3,26.0,3,20823
18688,Author_18688,3,26.0,3,20824
18763,Author_18763,3,26.0,3,20825
18908,Author_18908,3,26.0,3,20826
19695,Author_19695,3,26.0,3,20827
20215,Author_20215,3,26.0,3,20828
20578,Author_20578,3,26.0,3,20829
20933,Author_20933,3,26.0,3,20830
21311,Author_21311,3,26.0,4,20831
21319,Author_21319,3,26.0,4,20832
21392,Author_21392,3,26.0,3,20833
22044,Author_22044,3,26.0,3,20834
22828,Author_22828,3,26.0,3,20835
22863,Author_22863,3,26.0,3,20836
23067,Author_23067,3,26.0,4,20837
23098,Author_23098,3,26.0,4,20838
23482,Author_23482,3,26.0,5,20839
25100,Author_25100,3,26.0,5,20840
25925,Author_25925,3,26.0,3,20841
26797,Author_26797,3,26.0,4,20842
28035,Author_28035,3,26.0,5,20843
28177,Author_28177,3,26.0,3,20844
28296,Author_28296,3,26.0,4,20845
28554,Author_28554,3,26.0,5,20846
29157,Author_29157,3,26.0,5,20847
29715,Author_29715,3,26.0,4,20848
464,Author_00464,3,25.0,3,20849
591,Author_00591,3,25.0,4,20850
1784,Author_01784,3,25.0,3,20851
2378,Author_02378,3,25.0,3,20852
2746,Author_02746,3,25.0,4,20853
3104,Author_03104,3,25.0,6,20854
3586,Author_03586,3,25.0,5,20855
3906,Author_03906,3,25.0,5,20856
4507,Author_04507,3,25.0,3,20857
4630,Author_04630,3,25.0,4,20858
4724,Author_04724,3,25.0,5,20859
4770,Author_04770,3,25.0,3,20860
4968,Author_04968,3,25.0,4,20861
5622,Author_05622,3,25.0,4,20862
6189,Author_06189,3,25.0,3,20863
7097,Author_07097,3,25.0,3,20864
7277,Author_07277,3,25.0,4,20865
7780,Author_07780,3,25.0,5,20866
8212,Author_08212,3,25.0,3,20867
8357,Author_08357,3,25.0,5,20868
9436,Author_09436,3,25.0,6,20869
9756,Author_09756,3,25.0,4,20870
11407,Author_11407,3,25.0,4,20871
12028,Author_12028,3,25.0,5,20872
12308,Author_12308,3,25.0,5,20873
12824,Author_12824,3,25.0,4,20874
14233,Author_14233,3,25.0,5,20875
14945,Author_14945,3,25.0,7,20876
16445,Author_16445,3,25.0,4,20877
17831,Author_17831,3,25.0,4,20878
18553,Author_18553,3,25.0,4,20879
19303,Author_19303,3,25.0,3,20880
19559,Author_19559,3,25.0,4,20881
20386,Author_20386,3,25.0,7,20882
21104,Author_21104,3,25.0,5,20883
21138,Author_21138,3,25.0,3,20884
22461,Author_22461,3,25.0,4,20885
22932,Author_22932,3,25.0,3,20886
24087,Author_24087,3,25.0,3,20887
24546,Author_24546,3,25.0,5,20888
25228,Author_25228,3,25.0,5,20889
27715,Author_27715,3,25.0,4,20890
28098,Author_28098,3,25.0,5,20891
29892,Author_29892,3,25.0,4,20892
384,Author_00384,3,24.0,5,20893
1549,Author_01549,3,24.0,3,20894
1956,Author_01956,3,24.0,5,20895
2219,Author_02219,3,24.0,5,20896
3561,Author_03561,3,24.0,6,20897
3655,Author_03655,3,24.0,3,20898
5194,Author_05194,3,24.0,4,20899
6574,Author_06574,3,24.0,3,20900
6883,Author_06883,3,24.0,4,20901
6923,Author_06923,3,24.0,9,20902
7775,Author_07775,3,24.0,3,20903
7972,Author_07972,3,24.0,4,20904
9903,Author_09903,3,24.0,4,20905
10056,Author_10056,3,24.0,4,20906
10803,Author_10803,3,24.0,4,20907
11013,Author_11013,3,24.0,4,20908
11050,Author_11050,3,24.0,9,20909
11497,Author_11497,3,24.0,5,20910
11834,Author_11834,3,24.0,3,20911
11852,Author_11852,3,24.0,4,20912
12497,Author_12497,3,24.0,4,20913
12986,Author_12986,3,24.0,5,20914
13566,Author_13566,3,24.0,5,20915
13729,Author_13729,3,24.0,5,20916
15068,Author_15068,3,24.0,8,20917
15294,Author_15294,3,24.0,4,20918
15827,Author_15827,3,24.0,6,20919
16234,Author_16234,3,24.0,7,20920
16354,Author_16354,3,24.0,4,20921
17185,Author_17185,3,24.0,4,20922
18046,Author_18046,3,24.0,7,20923
19201,Author_19201,3,24.0,3,20924
19634,Author_19634,3,24.0,3,20925
20083,Author_20083,3,24.0,6,20926
20904,Author_20904,3,24.0,6,20927
21258,Author_21258,3,24.0,3,20928
21599,Author_21599,3,24.0,4,20929
23032,Author_23032,3,24.0,3,20930
24064,Author_24064,3,24.0,6,20931
24979,Author_24979,3,24.0,5,20932
25517,Author_25517,3,24.0,5,20933
27232,Author_27232,3,24.0,4,20934
27245,Author_27245,3,24.0,3,20935
28752,Author_28752,3,24.0,5,20936
29557,Author_29557,3,24.0,3,20937
602,Author_00602,3,23.0,6,20938
650,Author_00650,3,23.0,3,20939
1267,Author_01267,3,23.0,4,20940
2276,Author_02276,3,23.0,4,20941
4254,Author_04254,3,23.0,3,20942
4291,Author_04291,3,23.0,4,20943
5321,Author_05321,3,23.0,5,20944
6182,Author_06182,3,23.0,4,20945
6430,Author_06430,3,23.0,6,20946
6539,Author_06539,3,23.0,4,20947
6807,Author_06807,3,23.0,3,20948
7089,Author_07089,3,23.0,4,20949
8314,Author_08314,3,23.0,3,20950
9364,Author_09364,3,23.0,4,20951
11763,Author_11763,3,23.0,3,20952
12758,Author_12758,3,23.0,4,20953
12846,Author_12846,3,23.0,4,20954
13645,Author_13645,3,23.0,4,20955
14755,Author_14755,3,23.0,3,20956
15343,Author_15343,3,23.0,6,20957
17465,Author_17465,3,23.0,3,20958
18634,Author_18634,3,23.0,5,20959
19105,Author_19105,3,23.0,4,20960
19556,Author_19556,3,23.0,3,20961
19664,Author_19664,3,23.0,3,20962
19749,Author_19749,3,23.0,6,20963
20269,Author_20269,3,23.0,5,20964
20428,Author_20428,3,23.0,4,20965
22112,Author_22112,3,23.0,3,20966
23706,Author_23706,3,23.0,3,20967
24319,Author_24319,3,23.0,7,20968
24522,Author_24522,3,23.0,4,20969
25634,Author_25634,3,23.0,4,20970
26008,Author_26008,3,23.0,4,20971
26237,Author_26237,3,23.0,3,20972
27676,Author_27676,3,23.0,5,20973
27769,Author_27769,3,23.0,5,20974
29257,Author_29257,3,23.0,5,20975
29632,Author_29632,3,23.0,4,20976
29669,Author_29669,3,23.0,7,20977
54,Author_00054,3,22.0,4,20978
1115,Author_01115,3,22.0,4,20979
2554,Author_02554,3,22.0,5,20980
3118,Author_03118,3,22.0,8,20981
3255,Author_03255,3,22.0,5,20982
4477,Author_04477,3,22.0,4,20983
4629,Author_04629,3,22.0,6,20984
11082,Author_11082,3,22.0,4,20985
11231,Author_11231,3,22.0,4,20986
15033,Author_15033,3,22.0,5,20987
15080,Author_15080,3,22.0,5,20988
15596,Author_15596,3,22.0,5,20989
16682,Author_16682,3,22.0,4,20990
17526,Author_17526,3,22.0,3,20991
18253,Author_18253,3,22.0,5,20992
18686,Author_18686,3,22.0,5,20993
19012,Author_19012,3,22.0,5,20994
19150,Author_19150,3,22.0,3,20995
19314,Author_19314,3,22.0,4,20996
20031,Author_20031,3,22.0,4,20997
21062,Author_21062,3,22.0,4,20998
22927,Author_22927,3,22.0,5,20999
23543,Author_23543,3,22.0,8,21000
23909,Author_23909,3,22.0,3,21001
24322,Author_24322,3,22.0,3,21002
24477,Author_24477,3,22.0,5,21003
25006,Author_25006,3,22.0,5,21004
25279,Author_25279,3,22.0,5,21005
25504,Author_25504,3,22.0,4,21006
25674,Author_25674,3,22.0,7,21007
26099,Author_26099,3,22.0,4,21008
27192,Author_27192,3,22.0,4,21009
29085,Author_29085,3,22.0,3,21010
29391,Author_29391,3,22.0,3,21011
29707,Author_29707,3,22.0,4,21012
94,Author_00094,3,21.0,4,21013
2165,Author_02165,3,21.0,3,21014
2243,Author_02243,3,21.0,7,21015
2662,Author_02662,3,21.0,5,21016
2681,Author_02681,3,21.0,5,21017
4623,Author_04623,3,21.0,3,21018
5079,Author_05079,3,21.0,4,21019
5121,Author_05121,3,21.0,7,21020
5426,Author_05426,3,21.0,3,21021
6474,Author_06474,3,21.0,4,21022
6526,Author_06526,3,21.0,3,21023
8092,Author_08092,3,21.0,9,21024
8565,Author_08565,3,21.0,5,21025
8613,Author_08613,3,21.0,7,21026
9094,Author_09094,3,21.0,3,21027
9811,Author_09811,3,21.0,3,21028
10243,Author_10243,3,21.0,4,21029
10827,Author_10827,3,21.0,3,21030
12071,Author_12071,3,21.0,5,21031
15912,Author_15912,3,21.0,4,21032
16836,Author_16836,3,21.0,5,21033
16956,Author_16956,3,21.0,3,21034
17337,Author_17337,3,21.0,3,21035
18059,Author_18059,3,21.0,4,21036
18864,Author_18864,3,21.0,6,21037
19467,Author_19467,3,21.0,6,21038
19546,Author_19546,3,21.0,5,21039
20562,Author_20562,3,21.0,4,21040
20940,Author_20940,3,21.0,4,21041
21305,Author_21305,3,21.0,6,21042
21453,Author_21453,3,21.0,5,21043
23820,Author_23820,3,21.0,3,21044
24589,Author_24589,3,21.0,3,21045
24667,Author_24667,3,21.0,6,21046
25583,Author_25583,3,21.0,6,21047
26706,Author_26706,3,21.0,5,21048
27102,Author_27102,3,21.0,7,21049
27453,Author_27453,3,21.0,4,21050
28307,Author_28307,3,21.0,3,21051
28361,Author_28361,3,21.0,4,21052
28639,Author_28639,3,21.0,4,21053
29149,Author_29149,3,21.0,3,21054
29266,Author_29266,3,21.0,3,21055
284,Author_00284,3,20.0,5,21056
398,Author_00398,3,20.0,7,21057
2465,Author_02465,3,20.0,3,21058
3049,Author_03049,3,20.0,5,21059
3980,Author_03980,3,20.0,3,21060
6872,Author_06872,3,20.0,6,21061
7216,Author_07216,3,20.0,3,21062
8441,Author_08441,3,20.0,4,21063
9045,Author_09045,3,20.0,3,21064
11144,Author_11144,3,20.0,6,21065
12847,Author_12847,3,20.0,4,21066
13860,Author_13860,3,20.0,6,21067
14961,Author_14961,3,20.0,4,21068
16712,Author_16712,3,20.0,3,21069
17469,Author_17469,3,20.0,3,21070
19062,Author_19062,3,20.0,3,21071
20670,Author_20670,3,20.0,3,21072
21003,Author_21003,3,20.0,3,21073
21877,Author_21877,3,20.0,5,21074
24163,Author_24163,3,20.0,4,21075
25854,Author_25854,3,20.0,7,21076
27668,Author_27668,3,20.0,4,21077
27918,Author_27918,3,20.0,3,21078
28637,Author_28637,3,20.0,5,21079
29260,Author_29260,3,20.0,3,21080
640,Author_00640,3,19.0,6,21081
1249,Author_01249,3,19.0,4,21082
2106,Author_02106,3,19.0,4,21083
5526,Author_05526,3,19.0,5,21084
5913,Author_05913,3,19.0,3,21085
8004,Author_08004,3,19.0,3,21086
8624,Author_08624,3,19.0,6,21087
9120,Author_09120,3,19.0,5,21088
9331,Author_09331,3,19.0,4,21089
10235,Author_10235,3,19.0,3,21090
10628,Author_10628,3,19.0,5,21091
11714,Author_11714,3,19.0,3,21092
12479,Author_12479,3,19.0,5,21093
12949,Author_12949,3,19.0,3,21094
13130,Author_13130,3,19.0,3,21095
13689,Author_13689,3,19.0,3,21096
14415,Author_14415,3,19.0,7,21097
15101,Author_15101,3,19.0,4,21098
16026,Author_16026,3,19.0,6,21099
17170,Author_17170,3,19.0,6,21100
17607,Author_17607,3,19.0,4,21101
18936,Author_18936,3,19.0,4,21102
19094,Author_19094,3,19.0,4,21103
19260,Author_19260,3,19.0,5,21104
19372,Author_19372,3,19.0,3,21105
19454,Author_19454,3,19.0,3,21106
19893,Author_19893,3,19.0,3,21107
20477,Author_20477,3,19.0,5,21108
21775,Author_21775,3,19.0,4,21109
22974,Author_22974,3,19.0,3,21110
25687,Author_25687,3,19.0,4,21111
25847,Author_25847,3,19.0,5,21112
26117,Author_26117,3,19.0,3,21113
26282,Author_26282,3,19.0,3,21114
26369,Author_26369,3,19.0,6,21115
26511,Author_26511,3,19.0,5,21116
26651,Author_26651,3,19.0,3,21117
27572,Author_27572,3,19.0,3,21118
27749,Author_27749,3,19.0,5,21119
27801,Author_27801,3,19.0,4,21120
28925,Author_28925,3,19.0,4,21121
132,Author_00132,3,18.0,3,21122
1054,Author_01054,3,18.0,4,21123
1177,Author_01177,3,18.0,3,21124
2374,Author_02374,3,18.0,3,21125
2670,Author_02670,3,18.0,4,21126
2929,Author_02929,3,18.0,4,21127
3530,Author_03530,3,18.0,3,21128
4101,Author_04101,3,18.0,3,21129
4643,Author_04643,3,18.0,5,21130
4740,Author_04740,3,18.0,3,21131
7789,Author_07789,3,18.0,3,21132
12318,Author_12318,3,18.0,6,21133
12772,Author_12772,3,18.0,3,21134
13401,Author_13401,3,18.0,6,21135
14053,Author_14053,3,18.0,3,21136
14256,Author_14256,3,18.0,6,21137
14258,Author_14258,3,18.0,6,21138
14650,Author_14650,3,18.0,3,21139
18929,Author_18929,3,18.0,3,21140
21246,Author_21246,3,18.0,3,21141
22103,Author_22103,3,18.0,4,21142
22278,Author_22278,3,18.0,7,21143
22778,Author_22778,3,18.0,3,21144
22969,Author_22969,3,18.0,4,21145
25640,Author_25640,3,18.0,4,21146
27177,Author_27177,3,18.0,5,21147
27750,Author_27750,3,18.0,3,21148
27949,Author_27949,3,18.0,4,21149
28367,Author_28367,3,18.0,3,21150
28927,Author_28927,3,18.0,4,21151
29687,Author_29687,3,18.0,3,21152
2385,Author_02385,3,17.0,3,21153
2896,Author_02896,3,17.0,3,21154
3767,Author_03767,3,17.0,3,21155
6469,Author_06469,3,17.0,3,21156
6764,Author_06764,3,17.0,3,21157
6952,Author_06952,3,17.0,3,21158
8083,Author_08083,3,17.0,3,21159
8825,Author_08825,3,17.0,6,21160
9674,Author_09674,3,17.0,3,21161
10955,Author_10955,3,17.0,6,21162
10964,Author_10964,3,17.0,3,21163
11940,Author_11940,3,17.0,3,21164
13325,Author_13325,3,17.0,3,21165
13874,Author_13874,3,17.0,6,21166
17290,Author_17290,3,17.0,3,21167
23719,Author_23719,3,17.0,4,21168
25170,Author_25170,3,17.0,4,21169
25936,Author_25936,3,17.0,5,21170
27519,Author_27519,3,17.0,5,21171
27794,Author_27794,3,17.0,6,21172
29133,Author_29133,3,17.0,3,21173
29466,Author_29466,3,17.0,3,21174
29598,Author_29598,3,17.0,4,21175
3389,Author_03389,3,16.0,3,21176
7842,Author_07842,3,16.0,7,21177
9059,Author_09059,3,16.0,4,21178
10655,Author_10655,3,16.0,3,21179
13092,Author_13092,3,16.0,3,21180
13694,Author_13694,3,16.0,7,21181
17500,Author_17500,3,16.0,5,21182
18526,Author_18526,3,16.0,3,21183
18546,Author_18546,3,16.0,3,21184
19661,Author_19661,3,16.0,4,21185
20395,Author_20395,3,16.0,5,21186
20959,Author_20959,3,16.0,5,21187
22853,Author_22853,3,16.0,4,21188
23059,Author_23059,3,16.0,3,21189
23593,Author_23593,3,16.0,4,21190
24555,Author_24555,3,16.0,5,21191
25471,Author_25471,3,16.0,3,21192
25626,Author_25626,3,16.0,5,21193
27588,Author_27588,3,16.0,5,21194
28993,Author_28993,3,16.0,6,21195
29018,Author_29018,3,16.0,7,21196
29076,Author_29076,3,16.0,3,21197
29335,Author_29335,3,16.0,5,21198
1375,Author_01375,3,15.0,4,21199
2221,Author_02221,3,15.0,3,21200
3493,Author_03493,3,15.0,3,21201
4532,Author_04532,3,15.0,4,21202
5490,Author_05490,3,15.0,4,21203
5846,Author_05846,3,15.0,4,21204
5930,Author_05930,3,15.0,5,21205
6175,Author_06175,3,15.0,3,21206
7309,Author_07309,3,15.0,4,21207
8361,Author_08361,3,15.0,3,21208
8397,Author_08397,3,15.0,4,21209
15957,Author_15957,3,15.0,3,21210
16261,Author_16261,3,15.0,5,21211
17654,Author_17654,3,15.0,5,21212
18968,Author_18968,3,15.0,4,21213
21410,Author_21410,3,15.0,3,21214
21648,Author_21648,3,15.0,3,21215
29480,Author_29480,3,15.0,5,21216
6407,Author_06407,3,14.0,3,21217
9805,Author_09805,3,14.0,4,21218
13724,Author_13724,3,14.0,6,21219
18565,Author_18565,3,14.0,4,21220
19949,Author_19949,3,14.0,4,21221
20273,Author_20273,3,14.0,4,21222
24829,Author_24829,3,14.0,4,21223
25502,Author_25502,3,14.0,4,21224
27904,Author_27904,3,14.0,3,21225
2234,Author_02234,3,13.0,5,21226
2855,Author_02855,3,13.0,5,21227
6755,Author_06755,3,13.0,4,21228
10189,Author_10189,3,13.0,3,21229
18307,Author_18307,3,13.0,3,21230
23628,Author_23628,3,13.0,3,21231
26795,Author_26795,3,13.0,3,21232
27598,Author_27598,3,13.0,3,21233
28930,Author_28930,3,13.0,7,21234
10474,Author_10474,3,12.0,3,21235
20534,Author_20534,3,12.0,5,21236
21400,Author_21400,3,12.0,3,21237
7248,Author_07248,3,11.0,3,21238
9597,Author_09597,3,11.0,3,21239
20725,Author_20725,3,11.0,3,21240
21954,Author_21954,3,11.0,3,21241
10111,Author_10111,3,10.0,4,21242
21359,Author_21359,3,10.0,3,21243
11950,Author_11950,2,3621.0,2,21244
23834,Author_23834,2,3367.0,4,21245
27187,Author_27187,2,2949.0,3,21246
27800,Author_27800,2,2001.0,6,21247
20325,Author_20325,2,1888.0,2,21248
9154,Author_09154,2,1840.0,5,21249
6519,Author_06519,2,1309.0,2,21250
28587,Author_28587,2,1263.0,4,21251
4609,Author_04609,2,975.0,6,21252
12131,Author_12131,2,860.0,2,21253
15530,Author_15530,2,791.0,3,21254
19191,Author_19191,2,754.0,2,21255
27822,Author_27822,2,632.0,2,21256
11150,Author_11150,2,624.0,4,21257
3569,Author_03569,2,623.0,2,21258
17317,Author_17317,2,612.0,2,21259
3603,Author_03603,2,604.0,2,21260
5548,Author_05548,2,566.0,3,21261
11921,Author_11921,2,564.0,2,21262
25414,Author_25414,2,559.0,3,21263
25709,Author_25709,2,534.0,2,21264
9393,Author_09393,2,532.0,4,21265
9164,Author_09164,2,505.0,2,21266
13276,Author_13276,2,474.0,3,21267
22330,Author_22330,2,458.0,2,21268
13330,Author_13330,2,456.0,3,21269
1792,Author_01792,2,413.0,3,21270
21382,Author_21382,2,408.0,3,21271
28730,Author_28730,2,395.0,2,21272
3045,Author_03045,2,365.0,4,21273
21170,Author_21170,2,364.0,5,21274
14852,Author_14852,2,359.0,2,21275
2247,Author_02247,2,354.0,3,21276
25976,Author_25976,2,336.0,2,21277
27095,Author_27095,2,334.0,5,21278
24514,Author_24514,2,331.0,2,21279
6439,Author_06439,2,324.0,2,21280
17794,Author_17794,2,312.0,4,21281
2116,Author_02116,2,306.0,4,21282
4368,Author_04368,2,299.0,3,21283
21216,Author_21216,2,295.0,2,21284
6026,Author_06026,2,288.0,2,21285
5413,Author_05413,2,282.0,2,21286
14779,Author_14779,2,282.0,3,21287
21941,Author_21941,2,281.0,4,21288
28161,Author_28161,2,275.0,3,21289
4928,Author_04928,2,271.0,3,21290
22826,Author_22826,2,263.0,2,21291
334,Author_00334,2,258.0,4,21292
21616,Author_21616,2,258.0,3,21293
14511,Author_14511,2,253.0,2,21294
12942,Author_12942,2,250.0,2,21295
5011,Author_05011,2,248.0,4,21296
8838,Author_08838,2,247.0,4,21297
5021,Author_05021,2,241.0,2,21298
13310,Author_13310,2,239.0,3,21299
24230,Author_24230,2,230.0,2,21300
4396,Author_04396,2,229.0,4,21301
27608,Author_27608,2,229.0,3,21302
11810,Author_11810,2,228.0,3,21303
13849,Author_13849,2,227.0,2,21304
18781,Author_18781,2,227.0,5,21305
24333,Author_24333,2,226.0,3,21306
29136,Author_29136,2,226.0,4,21307
12038,Author_12038,2,223.0,2,21308
8334,Author_08334,2,218.0,2,21309
138,Author_00138,2,217.0,3,21310
1485,Author_01485,2,216.0,2,21311
21853,Author_21853,2,216.0,3,21312
4980,Author_04980,2,215.0,3,21313
29106,Author_29106,2,214.0,4,21314
9821,Author_09821,2,209.0,2,21315
10792,Author_10792,2,205.0,2,21316
18283,Author_18283,2,204.0,3,21317
15477,Author_15477,2,203.0,3,21318
21019,Author_21019,2,203.0,4,21319
336,Author_00336,2,202.0,4,21320
15104,Author_15104,2,201.0,2,21321
23517,Author_23517,2,201.0,2,21322
13704,Author_13704,2,200.0,4,21323
2007,Author_02007,2,197.0,4,21324
17251,Author_17251,2,197.0,4,21325
198,Author_00198,2,196.0,2,21326
25801,Author_25801,2,192.0,3,21327
8746,Author_08746,2,189.0,3,21328
21604,Author_21604,2,188.0,2,21329
16954,Author_16954,2,185.0,2,21330
13669,Author_13669,2,184.0,2,21331
14447,Author_14447,2,184.0,2,21332
16482,Author_16482,2,184.0,2,21333
16584,Author_16584,2,183.0,3,21334
4441,Author_04441,2,180.0,5,21335
5329,Author_05329,2,180.0,2,21336
6169,Author_06169,2,179.0,4,21337
29249,Author_29249,2,179.0,3,21338
2159,Author_02159,2,178.0,5,21339
22138,Author_22138,2,177.0,3,21340
24903,Author_24903,2,177.0,2,21341
21071,Author_21071,2,176.0,3,21342
3205,Author_03205,2,174.0,3,21343
28827,Author_28827,2,174.0,2,21344
7285,Author_07285,2,170.0,4,21345
9609,Author_09609,2,170.0,2,21346
16091,Author_16091,2,170.0,2,21347
568,Author_00568,2,169.0,3,21348
21834,Author_21834,2,166.0,4,21349
2784,Author_02784,2,164.0,2,21350
24345,Author_24345,2,163.0,2,21351
25462,Author_25462,2,163.0,3,21352
6104,Author_06104,2,162.0,3,21353
25701,Author_25701,2,160.0,3,21354
9624,Author_09624,2,159.0,3,21355
26991,Author_26991,2,159.0,3,21356
27717,Author_27717,2,159.0,2,21357
10721,Author_10721,2,158.0,4,21358
6170,Author_06170,2,157.0,3,21359
2740,Author_02740,2,154.0,2,21360
5767,Author_05767,2,154.0,3,21361
28004,Author_28004,2,154.0,2,21362
9611,Author_09611,2,153.0,3,21363
16092,Author_16092,2,153.0,4,21364
11492,Author_11492,2,152.0,3,21365
7504,Author_07504,2,151.0,2,21366
26657,Author_26657,2,151.0,2,21367
732,Author_00732,2,150.0,4,21368
22867,Author_22867,2,150.0,2,21369
27665,Author_27665,2,150.0,3,21370
23944,Author_23944,2,149.0,2,21371
22833,Author_22833,2,148.0,3,21372
27134,Author_27134,2,147.0,2,21373
763,Author_00763,2,146.0,2,21374
2632,Author_02632,2,146.0,2,21375
23643,Author_23643,2,146.0,3,21376
18834,Author_18834,2,145.0,3,21377
172,Author_00172,2,144.0,4,21378
2447,Author_02447,2,144.0,2,21379
4045,Author_04045,2,144.0,2,21380
15695,Author_15695,2,144.0,3,21381
2888,Author_02888,2,143.0,3,21382
11042,Author_11042,2,143.0,3,21383
22062,Author_22062,2,143.0,3,21384
22845,Author_22845,2,143.0,4,21385
15274,Author_15274,2,142.0,6,21386
20330,Author_20330,2,142.0,2,21387
6846,Author_06846,2,141.0,2,21388
11849,Author_11849,2,141.0,2,21389
5328,Author_05328,2,140.0,2,21390
27850,Author_27850,2,139.0,6,21391
8286,Author_08286,2,138.0,2,21392
17620,Author_17620,2,138.0,2,21393
1598,Author_01598,2,137.0,3,21394
22664,Author_22664,2,137.0,2,21395
458,Author_00458,2,136.0,2,21396
20954,Author_20954,2,135.0,2,21397
16138,Author_16138,2,134.0,4,21398
16553,Author_16553,2,134.0,2,21399
22150,Author_22150,2,133.0,2,21400
4893,Author_04893,2,132.0,4,21401
10973,Author_10973,2,132.0,4,21402
23392,Author_23392,2,132.0,3,21403
39,Author_00039,2,131.0,4,21404
7000,Author_07000,2,131.0,7,21405
14787,Author_14787,2,131.0,2,21406
18872,Author_18872,2,131.0,2,21407
17393,Author_17393,2,130.0,2,21408
25308,Author_25308,2,130.0,2,21409
13502,Author_13502,2,129.0,2,21410
19670,Author_19670,2,129.0,2,21411
2609,Author_02609,2,128.0,2,21412
6394,Author_06394,2,128.0,3,21413
20343,Author_20343,2,128.0,2,21414
1312,Author_01312,2,127.0,2,21415
26057,Author_26057,2,127.0,2,21416
29679,Author_29679,2,127.0,3,21417
13788,Author_13788,2,126.0,2,21418
17480,Author_17480,2,126.0,2,21419
22518,Author_22518,2,126.0,3,21420
2882,Author_02882,2,125.0,3,21421
3837,Author_03837,2,125.0,2,21422
10679,Author_10679,2,125.0,2,21423
11936,Author_11936,2,125.0,5,21424
16916,Author_16916,2,125.0,2,21425
21615,Author_21615,2,125.0,3,21426
7893,Author_07893,2,124.0,4,21427
16948,Author_16948,2,124.0,3,21428
26596,Author_26596,2,124.0,4,21429
3385,Author_03385,2,123.0,3,21430
7722,Author_07722,2,123.0,5,21431
11886,Author_11886,2,122.0,2,21432
850,Author_00850,2,121.0,6,21433
4222,Author_04222,2,121.0,2,21434
14396,Author_14396,2,121.0,2,21435
16456,Author_16456,2,121.0,3,21436
23794,Author_23794,2,121.0,3,21437
3119,Author_03119,2,120.0,4,21438
6319,Author_06319,2,120.0,4,21439
14979,Author_14979,2,120.0,3,21440
17576,Author_17576,2,120.0,3,21441
28455,Author_28455,2,120.0,2,21442
23320,Author_23320,2,119.0,3,21443
123,Author_00123,2,118.0,2,21444
13486,Author_13486,2,118.0,3,21445
14401,Author_14401,2,117.0,3,21446
28795,Author_28795,2,117.0,7,21447
9552,Author_09552,2,116.0,3,21448
15295,Author_15295,2,116.0,3,21449
17227,Author_17227,2,116.0,3,21450
24663,Author_24663,2,116.0,2,21451
29192,Author_29192,2,116.0,3,21452
5394,Author_05394,2,115.0,2,21453
29475,Author_29475,2,115.0,2,21454
8271,Author_08271,2,114.0,6,21455
10697,Author_10697,2,114.0,2,21456
11010,Author_11010,2,114.0,3,21457
21792,Author_21792,2,114.0,3,21458
28822,Author_28822,2,114.0,2,21459
2599,Author_02599,2,113.0,2,21460
14668,Author_14668,2,113.0,3,21461
16101,Author_16101,2,113.0,2,21462
665,Author_00665,2,112.0,2,21463
12335,Author_12335,2,112.0,2,21464
16388,Author_16388,2,112.0,3,21465
17563,Author_17563,2,112.0,2,21466
19329,Author_19329,2,112.0,5,21467
748,Author_00748,2,111.0,3,21468
2257,Author_02257,2,111.0,3,21469
3386,Author_03386,2,111.0,4,21470
11959,Author_11959,2,111.0,2,21471
1638,Author_01638,2,110.0,2,21472
10726,Author_10726,2,110.0,2,21473
14194,Author_14194,2,110.0,3,21474
17867,Author_17867,2,110.0,3,21475
26874,Author_26874,2,110.0,3,21476
4824,Author_04824,2,109.0,2,21477
4958,Author_04958,2,109.0,2,21478
5414,Author_05414,2,109.0,4,21479
1357,Author_01357,2,108.0,3,21480
16884,Author_16884,2,108.0,3,21481
23171,Author_23171,2,108.0,3,21482
716,Author_00716,2,107.0,2,21483
19478,Author_19478,2,107.0,3,21484
20523,Author_20523,2,107.0,3,21485
234,Author_00234,2,106.0,2,21486
5497,Author_05497,2,106.0,3,21487
21292,Author_21292,2,106.0,3,21488
28810,Author_28810,2,106.0,3,21489
29925,Author_29925,2,106.0,3,21490
5841,Author_05841,2,105.0,3,21491
8734,Author_08734,2,105.0,2,21492
19422,Author_19422,2,105.0,3,21493
23190,Author_23190,2,105.0,4,21494
24441,Author_24441,2,105.0,3,21495
25122,Author_25122,2,105.0,2,21496
2211,Author_02211,2,104.0,2,21497
2525,Author_02525,2,104.0,2,21498
8448,Author_08448,2,104.0,2,21499
14693,Author_14693,2,104.0,2,21500
5938,Author_05938,2,103.0,3,21501
10335,Author_10335,2,103.0,2,21502
17224,Author_17224,2,103.0,2,21503
26905,Author_26905,2,103.0,2,21504
2259,Author_02259,2,102.0,2,21505
15224,Author_15224,2,102.0,2,21506
17836,Author_17836,2,102.0,3,21507
24031,Author_24031,2,102.0,3,21508
5509,Author_05509,2,101.0,2,21509
17578,Author_17578,2,101.0,2,21510
18453,Author_18453,2,101.0,3,21511
22273,Author_22273,2,101.0,2,21512
23512,Author_23512,2,101.0,2,21513
23695,Author_23695,2,101.0,5,21514
26535,Author_26535,2,101.0,2,21515
11179,Author_11179,2,100.0,3,21516
25369,Author_25369,2,100.0,3,21517
12111,Author_12111,2,99.0,3,21518
13172,Author_13172,2,99.0,2,21519
14834,Author_14834,2,99.0,3,21520
15862,Author_15862,2,99.0,2,21521
19088,Author_19088,2,99.0,5,21522
24852,Author_24852,2,99.0,2,21523
20977,Author_20977,2,98.0,3,21524
21621,Author_21621,2,98.0,3,21525
23009,Author_23009,2,98.0,2,21526
5002,Author_05002,2,97.0,2,21527
5004,Author_05004,2,97.0,2,21528
5259,Author_05259,2,97.0,2,21529
8604,Author_08604,2,97.0,2,21530
20907,Author_20907,2,97.0,2,21531
1404,Author_01404,2,96.0,2,21532
4001,Author_04001,2,96.0,4,21533
8387,Author_08387,2,96.0,2,21534
16166,Author_16166,2,95.0,4,21535
18009,Author_18009,2,95.0,2,21536
19322,Author_19322,2,95.0,3,21537
19505,Author_19505,2,95.0,2,21538
21007,Author_21007,2,95.0,3,21539
22855,Author_22855,2,95.0,2,21540
24955,Author_24955,2,95.0,2,21541
29761,Author_29761,2,95.0,3,21542
9575,Author_09575,2,94.0,2,21543
14974,Author_14974,2,94.0,2,21544
15706,Author_15706,2,94.0,3,21545
22458,Author_22458,2,94.0,3,21546
26281,Author_26281,2,94.0,3,21547
4709,Author_04709,2,93.0,4,21548
7163,Author_07163,2,93.0,4,21549
8605,Author_08605,2,93.0,4,21550
9695,Author_09695,2,93.0,2,21551
20392,Author_20392,2,93.0,2,21552
21632,Author_21632,2,93.0,2,21553
23518,Author_23518,2,93.0,3,21554
26530,Author_26530,2,93.0,3,21555
2557,Author_02557,2,92.0,2,21556
9931,Author_09931,2,92.0,2,21557
15545,Author_15545,2,92.0,2,21558
15974,Author_15974,2,92.0,3,21559
17000,Author_17000,2,92.0,2,21560
18704,Author_18704,2,92.0,4,21561
22632,Author_22632,2,92.0,3,21562
25156,Author_25156,2,92.0,2,21563
26030,Author_26030,2,92.0,4,21564
26883,Author_26883,2,92.0,3,21565
27442,Author_27442,2,92.0,3,21566
5836,Author_05836,2,91.0,2,21567
6133,Author_06133,2,91.0,2,21568
6598,Author_06598,2,91.0,3,21569
12678,Author_12678,2,91.0,4,21570
13922,Author_13922,2,91.0,2,21571
14414,Author_14414,2,91.0,4,21572
15453,Author_15453,2,91.0,3,21573
20247,Author_20247,2,91.0,2,21574
1154,Author_01154,2,90.0,2,21575
6757,Author_06757,2,90.0,2,21576
16994,Author_16994,2,90.0,3,21577
22256,Author_22256,2,90.0,2,21578
29170,Author_29170,2,90.0,2,21579
2183,Author_02183,2,89.0,2,21580
3486,Author_03486,2,89.0,3,21581
8997,Author_08997,2,89.0,2,21582
22095,Author_22095,2,89.0,2,21583
25832,Author_25832,2,89.0,4,21584
28808,Author_28808,2,89.0,3,21585
376,Author_00376,2,88.0,2,21586
5138,Author_05138,2,88.0,3,21587
9497,Author_09497,2,88.0,4,21588
16296,Author_16296,2,88.0,3,21589
18272,Author_18272,2,88.0,2,21590
22258,Author_22258,2,88.0,2,21591
25171,Author_25171,2,88.0,2,21592
966,Author_00966,2,87.0,4,21593
6936,Author_06936,2,87.0,2,21594
8639,Author_08639,2,87.0,2,21595
10426,Author_10426,2,87.0,2,21596
18846,Author_18846,2,87.0,4,21597
23075,Author_23075,2,87.0,2,21598
28559,Author_28559,2,87.0,4,21599
28731,Author_28731,2,87.0,4,21600
19715,Author_19715,2,86.0,2,21601
20685,Author_20685,2,86.0,3,21602
519,Author_00519,2,85.0,4,21603
524,Author_00524,2,85.0,2,21604
12078,Author_12078,2,85.0,2,21605
12440,Author_12440,2,85.0,4,21606
19135,Author_19135,2,85.0,3,21607
21885,Author_21885,2,85.0,3,21608
23864,Author_23864,2,85.0,3,21609
29274,Author_29274,2,85.0,2,21610
6479,Author_06479,2,84.0,2,21611
13120,Author_13120,2,84.0,3,21612
17129,Author_17129,2,84.0,4,21613
18592,Author_18592,2,84.0,5,21614
20779,Author_20779,2,84.0,2,21615
20943,Author_20943,2,84.0,4,21616
22724,Author_22724,2,84.0,7,21617
26523,Author_26523,2,84.0,2,21618
510,Author_00510,2,83.0,3,21619
1962,Author_01962,2,83.0,2,21620
3607,Author_03607,2,83.0,3,21621
4794,Author_04794,2,83.0,4,21622
6707,Author_06707,2,83.0,2,21623
7603,Author_07603,2,83.0,2,21624
8282,Author_08282,2,83.0,4,21625
8399,Author_08399,2,83.0,4,21626
13273,Author_13273,2,83.0,3,21627
17063,Author_17063,2,83.0,3,21628
23891,Author_23891,2,83.0,5,21629
29708,Author_29708,2,83.0,5,21630
1843,Author_01843,2,82.0,3,21631
8067,Author_08067,2,82.0,2,21632
10288,Author_10288,2,82.0,3,21633
19852,Author_19852,2,82.0,4,21634
23355,Author_23355,2,82.0,3,21635
24063,Author_24063,2,82.0,3,21636
24847,Author_24847,2,82.0,3,21637
30,Author_00030,2,81.0,3,21638
1609,Author_01609,2,81.0,2,21639
2078,Author_02078,2,81.0,2,21640
11480,Author_11480,2,81.0,2,21641
17339,Author_17339,2,81.0,2,21642
17876,Author_17876,2,81.0,2,21643
21207,Author_21207,2,81.0,2,21644
22113,Author_22113,2,81.0,4,21645
985,Author_00985,2,80.0,4,21646
5678,Author_05678,2,80.0,4,21647
11951,Author_11951,2,80.0,2,21648
15298,Author_15298,2,80.0,2,21649
20575,Author_20575,2,80.0,2,21650
23836,Author_23836,2,80.0,2,21651
28768,Author_28768,2,80.0,4,21652
28770,Author_28770,2,80.0,2,21653
29370,Author_29370,2,80.0,4,21654
81,Author_00081,2,79.0,3,21655
6381,Author_06381,2,79.0,2,21656
6799,Author_06799,2,79.0,4,21657
13394,Author_13394,2,79.0,2,21658
22275,Author_22275,2,79.0,3,21659
27025,Author_27025,2,79.0,3,21660
27237,Author_27237,2,79.0,2,21661
1534,Author_01534,2,78.0,3,21662
2082,Author_02082,2,78.0,3,21663
2669,Author_02669,2,78.0,2,21664
2840,Author_02840,2,78.0,2,21665
4832,Author_04832,2,78.0,2,21666
7986,Author_07986,2,78.0,3,21667
13939,Author_13939,2,78.0,2,21668
23599,Author_23599,2,78.0,2,21669
27989,Author_27989,2,78.0,4,21670
5737,Author_05737,2,77.0,3,21671
6106,Author_06106,2,77.0,4,21672
13577,Author_13577,2,77.0,4,21673
18732,Author_18732,2,77.0,3,21674
18862,Author_18862,2,77.0,4,21675
18960,Author_18960,2,77.0,3,21676
20668,Author_20668,2,77.0,3,21677
22077,Author_22077,2,77.0,2,21678
26550,Author_26550,2,77.0,4,21679
8872,Author_08872,2,76.0,4,21680
9143,Author_09143,2,76.0,3,21681
10804,Author_10804,2,76.0,3,21682
13373,Author_13373,2,76.0,2,21683
13377,Author_13377,2,76.0,3,21684
15169,Author_15169,2,76.0,2,21685
16264,Author_16264,2,76.0,2,21686
16385,Author_16385,2,76.0,2,21687
22519,Author_22519,2,76.0,3,21688
22980,Author_22980,2,76.0,3,21689
28032,Author_28032,2,76.0,2,21690
28487,Author_28487,2,76.0,2,21691
3509,Author_03509,2,75.0,3,21692
13902,Author_13902,2,75.0,3,21693
17131,Author_17131,2,75.0,3,21694
18330,Author_18330,2,75.0,4,21695
20788,Author_20788,2,75.0,2,21696
21948,Author_21948,2,75.0,3,21697
186,Author_00186,2,74.0,8,21698
5202,Author_05202,2,74.0,4,21699
5758,Author_05758,2,74.0,3,21700
7916,Author_07916,2,74.0,3,21701
10221,Author_10221,2,74.0,6,21702
14636,Author_14636,2,74.0,3,21703
17177,Author_17177,2,74.0,3,21704
19482,Author_19482,2,74.0,3,21705
22080,Author_22080,2,74.0,2,21706
23929,Author_23929,2,74.0,2,21707
26328,Author_26328,2,74.0,3,21708
27010,Author_27010,2,74.0,3,21709
28322,Author_28322,2,74.0,3,21710
85,Author_00085,2,73.0,4,21711
2354,Author_02354,2,73.0,3,21712
2696,Author_02696,2,73.0,3,21713
4015,Author_04015,2,73.0,2,21714
4344,Author_04344,2,73.0,2,21715
4936,Author_04936,2,73.0,2,21716
5375,Author_05375,2,73.0,3,21717
5517,Author_05517,2,73.0,3,21718
7925,Author_07925,2,73.0,2,21719
8909,Author_08909,2,73.0,5,21720
23966,Author_23966,2,73.0,3,21721
29783,Author_29783,2,73.0,4,21722
2218,Author_02218,2,72.0,2,21723
2412,Author_02412,2,72.0,3,21724
9925,Author_09925,2,72.0,2,21725
10310,Author_10310,2,72.0,2,21726
10761,Author_10761,2,72.0,4,21727
13575,Author_13575,2,72.0,3,21728
17368,Author_17368,2,72.0,4,21729
20929,Author_20929,2,72.0,4,21730
23308,Author_23308,2,72.0,2,21731
24887,Author_24887,2,72.0,2,21732
25349,Author_25349,2,72.0,2,21733
2006,Author_02006,2,71.0,4,21734
2102,Author_02102,2,71.0,2,21735
3602,Author_03602,2,71.0,2,21736
3678,Author_03678,2,71.0,2,21737
4750,Author_04750,2,71.0,2,21738
6139,Author_06139,2,71.0,2,21739
10585,Author_10585,2,71.0,3,21740
15564,Author_15564,2,71.0,2,21741
15745,Author_15745,2,71.0,4,21742
19477,Author_19477,2,71.0,4,21743
26929,Author_26929,2,71.0,4,21744
2143,Author_02143,2,70.0,2,21745
8123,Author_08123,2,70.0,2,21746
9380,Author_09380,2,70.0,2,21747
9870,Author_09870,2,70.0,3,21748
18577,Author_18577,2,70.0,2,21749
23235,Author_23235,2,70.0,3,21750
24410,Author_24410,2,70.0,3,21751
26215,Author_26215,2,70.0,2,21752
27283,Author_27283,2,70.0,2,21753
1280,Author_01280,2,69.0,2,21754
6358,Author_06358,2,69.0,3,21755
6470,Author_06470,2,69.0,3,21756
12185,Author_12185,2,69.0,2,21757
14746,Author_14746,2,69.0,4,21758
15190,Author_15190,2,69.0,3,21759
20932,Author_20932,2,69.0,2,21760
24022,Author_24022,2,69.0,3,21761
24134,Author_24134,2,69.0,3,21762
28059,Author_28059,2,69.0,3,21763
28294,Author_28294,2,69.0,4,21764
366,Author_00366,2,68.0,3,21765
4895,Author_04895,2,68.0,6,21766
7466,Author_07466,2,68.0,4,21767
7556,Author_07556,2,68.0,2,21768
12058,Author_12058,2,68.0,2,21769
13189,Author_13189,2,68.0,2,21770
13450,Author_13450,2,68.0,3,21771
15521,Author_15521,2,68.0,2,21772
16764,Author_16764,2,68.0,3,21773
20672,Author_20672,2,68.0,4,21774
21086,Author_21086,2,68.0,6,21775
22395,Author_22395,2,68.0,2,21776
24052,Author_24052,2,68.0,2,21777
27332,Author_27332,2,68.0,3,21778
1587,Author_01587,2,67.0,2,21779
3138,Author_03138,2,67.0,3,21780
4806,Author_04806,2,67.0,2,21781
5747,Author_05747,2,67.0,4,21782
6777,Author_06777,2,67.0,3,21783
10414,Author_10414,2,67.0,2,21784
11032,Author_11032,2,67.0,2,21785
12818,Author_12818,2,67.0,4,21786
14617,Author_14617,2,67.0,3,21787
16634,Author_16634,2,67.0,3,21788
16736,Author_16736,2,67.0,2,21789
22717,Author_22717,2,67.0,3,21790
27925,Author_27925,2,67.0,3,21791
1006,Author_01006,2,66.0,3,21792
4081,Author_04081,2,66.0,3,21793
16637,Author_16637,2,66.0,2,21794
16940,Author_16940,2,66.0,2,21795
16945,Author_16945,2,66.0,3,21796
1164,Author_01164,2,65.0,2,21797
1951,Author_01951,2,65.0,4,21798
4106,Author_04106,2,65.0,2,21799
6163,Author_06163,2,65.0,6,21800
6724,Author_06724,2,65.0,5,21801
9682,Author_09682,2,65.0,4,21802
10755,Author_10755,2,65.0,3,21803
14567,Author_14567,2,65.0,2,21804
18826,Author_18826,2,65.0,5,21805
21393,Author_21393,2,65.0,2,21806
22376,Author_22376,2,65.0,4,21807
23168,Author_23168,2,65.0,2,21808
26681,Author_26681,2,65.0,3,21809
27193,Author_27193,2,65.0,3,21810
29609,Author_29609,2,65.0,2,21811
11998,Author_11998,2,64.0,3,21812
12283,Author_12283,2,64.0,3,21813
16649,Author_16649,2,64.0,2,21814
20027,Author_20027,2,64.0,2,21815
20430,Author_20430,2,64.0,5,21816
20550,Author_20550,2,64.0,2,21817
20935,Author_20935,2,64.0,2,21818
23444,Author_23444,2,64.0,3,21819
26066,Author_26066,2,64.0,5,21820
28498,Author_28498,2,64.0,4,21821
603,Author_00603,2,63.0,5,21822
4006,Author_04006,2,63.0,3,21823
4179,Author_04179,2,63.0,2,21824
6453,Author_06453,2,63.0,2,21825
7159,Author_07159,2,63.0,2,21826
11224,Author_11224,2,63.0,2,21827
15676,Author_15676,2,63.0,5,21828
18277,Author_18277,2,63.0,4,21829
18681,Author_18681,2,63.0,5,21830
19119,Author_19119,2,63.0,2,21831
23469,Author_23469,2,63.0,4,21832
29355,Author_29355,2,63.0,2,21833
2515,Author_02515,2,62.0,2,21834
3061,Author_03061,2,62.0,4,21835
3791,Author_03791,2,62.0,2,21836
4663,Author_04663,2,62.0,3,21837
6729,Author_06729,2,62.0,3,21838
7853,Author_07853,2,62.0,3,21839
10004,Author_10004,2,62.0,2,21840
11556,Author_11556,2,62.0,2,21841
12863,Author_12863,2,62.0,2,21842
13263,Author_13263,2,62.0,2,21843
15277,Author_15277,2,62.0,3,21844
19090,Author_19090,2,62.0,3,21845
20748,Author_20748,2,62.0,4,21846
21004,Author_21004,2,62.0,2,21847
23053,Author_23053,2,62.0,2,21848
23856,Author_23856,2,62.0,2,21849
29023,Author_29023,2,62.0,4,21850
1484,Author_01484,2,61.0,4,21851
3068,Author_03068,2,61.0,4,21852
7040,Author_07040,2,61.0,3,21853
7237,Author_07237,2,61.0,3,21854
7781,Author_07781,2,61.0,3,21855
8379,Author_08379,2,61.0,4,21856
8433,Author_08433,2,61.0,2,21857
8944,Author_08944,2,61.0,2,21858
9336,Author_09336,2,61.0,5,21859
13966,Author_13966,2,61.0,3,21860
14534,Author_14534,2,61.0,2,21861
15882,Author_15882,2,61.0,2,21862
18804,Author_18804,2,61.0,2,21863
19984,Author_19984,2,61.0,3,21864
24084,Author_24084,2,61.0,6,21865
26881,Author_26881,2,61.0,2,21866
803,Author_00803,2,60.0,4,21867
2564,Author_02564,2,60.0,3,21868
2642,Author_02642,2,60.0,3,21869
8828,Author_08828,2,60.0,2,21870
8977,Author_08977,2,60.0,3,21871
12181,Author_12181,2,60.0,2,21872
13907,Author_13907,2,60.0,2,21873
16393,Author_16393,2,60.0,3,21874
18905,Author_18905,2,60.0,2,21875
20415,Author_20415,2,60.0,3,21876
20958,Author_20958,2,60.0,3,21877
22793,Author_22793,2,60.0,2,21878
23634,Author_23634,2,60.0,2,21879
26354,Author_26354,2,60.0,2,21880
28118,Author_28118,2,60.0,3,21881
28247,Author_28247,2,60.0,5,21882
1234,Author_01234,2,59.0,2,21883
5191,Author_05191,2,59.0,3,21884
6525,Author_06525,2,59.0,5,21885
7580,Author_07580,2,59.0,4,21886
7738,Author_07738,2,59.0,2,21887
10854,Author_10854,2,59.0,2,21888
13862,Author_13862,2,59.0,2,21889
14046,Author_14046,2,59.0,2,21890
15662,Author_15662,2,59.0,4,21891
15690,Author_15690,2,59.0,5,21892
17446,Author_17446,2,59.0,5,21893
18324,Author_18324,2,59.0,2,21894
20764,Author_20764,2,59.0,2,21895
21907,Author_21907,2,59.0,3,21896
23024,Author_23024,2,59.0,3,21897
24767,Author_24767,2,59.0,3,21898
25778,Author_25778,2,59.0,3,21899
25957,Author_25957,2,59.0,2,21900
27777,Author_27777,2,59.0,2,21901
29086,Author_29086,2,59.0,2,21902
2237,Author_02237,2,58.0,2,21903
14895,Author_14895,2,58.0,3,21904
15170,Author_15170,2,58.0,3,21905
15231,Author_15231,2,58.0,3,21906
20109,Author_20109,2,58.0,4,21907
23018,Author_23018,2,58.0,3,21908
29072,Author_29072,2,58.0,2,21909
29282,Author_29282,2,58.0,3,21910
1232,Author_01232,2,57.0,2,21911
5689,Author_05689,2,57.0,2,21912
6687,Author_06687,2,57.0,3,21913
10352,Author_10352,2,57.0,3,21914
15140,Author_15140,2,57.0,2,21915
20405,Author_20405,2,57.0,4,21916
23435,Author_23435,2,57.0,5,21917
24404,Author_24404,2,57.0,3,21918
26384,Author_26384,2,57.0,3,21919
29280,Author_29280,2,57.0,3,21920
431,Author_00431,2,56.0,3,21921
467,Author_00467,2,56.0,3,21922
741,Author_00741,2,56.0,3,21923
1630,Author_01630,2,56.0,2,21924
2877,Author_02877,2,56.0,2,21925
4877,Author_04877,2,56.0,2,21926
7260,Author_07260,2,56.0,3,21927
10161,Author_10161,2,56.0,2,21928
10500,Author_10500,2,56.0,4,21929
13428,Author_13428,2,56.0,5,21930
13713,Author_13713,2,56.0,4,21931
14133,Author_14133,2,56.0,3,21932
14731,Author_14731,2,56.0,2,21933
14964,Author_14964,2,56.0,2,21934
20847,Author_20847,2,56.0,2,21935
21664,Author_21664,2,56.0,3,21936
25555,Author_25555,2,56.0,3,21937
28180,Author_28180,2,56.0,2,21938
152,Author_00152,2,55.0,3,21939
3766,Author_03766,2,55.0,2,21940
5569,Author_05569,2,55.0,3,21941
12265,Author_12265,2,55.0,2,21942
14229,Author_14229,2,55.0,4,21943
14492,Author_14492,2,55.0,3,21944
17524,Author_17524,2,55.0,2,21945
19376,Author_19376,2,55.0,4,21946
20347,Author_20347,2,55.0,3,21947
20526,Author_20526,2,55.0,3,21948
23840,Author_23840,2,55.0,4,21949
24308,Author_24308,2,55.0,2,21950
24991,Author_24991,2,55.0,4,21951
27018,Author_27018,2,55.0,2,21952
267,Author_00267,2,54.0,2,21953
460,Author_00460,2,54.0,3,21954
4454,Author_04454,2,54.0,2,21955
5803,Author_05803,2,54.0,3,21956
6995,Author_06995,2,54.0,2,21957
10990,Author_10990,2,54.0,6,21958
12209,Author_12209,2,54.0,4,21959
13354,Author_13354,2,54.0,2,21960
14555,Author_14555,2,54.0,2,21961
15253,Author_15253,2,54.0,4,21962
16221,Author_16221,2,54.0,3,21963
23675,Author_23675,2,54.0,3,21964
26123,Author_26123,2,54.0,4,21965
27433,Author_27433,2,54.0,2,21966
29029,Author_29029,2,54.0,2,21967
3522,Author_03522,2,53.0,5,21968
4364,Author_04364,2,53.0,2,21969
7824,Author_07824,2,53.0,3,21970
7946,Author_07946,2,53.0,4,21971
8496,Author_08496,2,53.0,5,21972
9125,Author_09125,2,53.0,2,21973
11318,Author_11318,2,53.0,2,21974
11483,Author_11483,2,53.0,2,21975
21249,Author_21249,2,53.0,2,21976
24901,Author_24901,2,53.0,2,21977
26214,Author_26214,2,53.0,2,21978
27077,Author_27077,2,53.0,2,21979
1580,Author_01580,2,52.0,2,21980
2129,Author_02129,2,52.0,3,21981
2466,Author_02466,2,52.0,2,21982
2865,Author_02865,2,52.0,2,21983
3617,Author_03617,2,52.0,2,21984
6465,Author_06465,2,52.0,2,21985
6499,Author_06499,2,52.0,3,21986
9540,Author_09540,2,52.0,4,21987
15428,Author_15428,2,52.0,3,21988
16287,Author_16287,2,52.0,2,21989
16542,Author_16542,2,52.0,4,21990
17324,Author_17324,2,52.0,2,21991
18909,Author_18909,2,52.0,2,21992
19360,Author_19360,2,52.0,3,21993
19472,Author_19472,2,52.0,2,21994
24577,Author_24577,2,52.0,5,21995
25807,Author_25807,2,52.0,4,21996
26148,Author_26148,2,52.0,5,21997
26687,Author_26687,2,52.0,2,21998
878,Author_00878,2,51.0,4,21999
4132,Author_04132,2,51.0,3,22000
5095,Author_05095,2,51.0,4,22001
6636,Author_06636,2,51.0,4,22002
7614,Author_07614,2,51.0,3,22003
9378,Author_09378,2,51.0,4,22004
12564,Author_12564,2,51.0,2,22005
12826,Author_12826,2,51.0,3,22006
14006,Author_14006,2,51.0,2,22007
15425,Author_15425,2,51.0,2,22008
16860,Author_16860,2,51.0,2,22009
18063,Author_18063,2,51.0,2,22010
19899,Author_19899,2,51.0,7,22011
23301,Author_23301,2,51.0,3,22012
26017,Author_26017,2,51.0,3,22013
27958,Author_27958,2,51.0,2,22014
29301,Author_29301,2,51.0,2,22015
649,Author_00649,2,50.0,2,22016
1271,Author_01271,2,50.0,3,22017
1368,Author_01368,2,50.0,3,22018
2035,Author_02035,2,50.0,6,22019
4079,Author_04079,2,50.0,2,22020
5796,Author_05796,2,50.0,2,22021
6346,Author_06346,2,50.0,3,22022
6963,Author_06963,2,50.0,4,22023
6970,Author_06970,2,50.0,2,22024
7361,Author_07361,2,50.0,4,22025
8049,Author_08049,2,50.0,2,22026
9264,Author_09264,2,50.0,2,22027
9389,Author_09389,2,50.0,2,22028
10138,Author_10138,2,50.0,3,22029
15326,Author_15326,2,50.0,5,22030
16833,Author_16833,2,50.0,2,22031
20108,Author_20108,2,50.0,3,22032
21111,Author_21111,2,50.0,5,22033
23258,Author_23258,2,50.0,2,22034
23786,Author_23786,2,50.0,2,22035
24038,Author_24038,2,50.0,2,22036
26149,Author_26149,2,50.0,2,22037
26903,Author_26903,2,50.0,2,22038
27698,Author_27698,2,50.0,2,22039
330,Author_00330,2,49.0,5,22040
2242,Author_02242,2,49.0,2,22041
2779,Author_02779,2,49.0,2,22042
6231,Author_06231,2,49.0,3,22043
6511,Author_06511,2,49.0,2,22044
6681,Author_06681,2,49.0,3,22045
8274,Author_08274,2,49.0,3,22046
10070,Author_10070,2,49.0,3,22047
11842,Author_11842,2,49.0,3,22048
12655,Author_12655,2,49.0,2,22049
12669,Author_12669,2,49.0,2,22050
13684,Author_13684,2,49.0,4,22051
14228,Author_14228,2,49.0,2,22052
17647,Author_17647,2,49.0,2,22053
19480,Author_19480,2,49.0,3,22054
19864,Author_19864,2,49.0,3,22055
20126,Author_20126,2,49.0,4,22056
20298,Author_20298,2,49.0,3,22057
20333,Author_20333,2,49.0,2,22058
21282,Author_21282,2,49.0,2,22059
23175,Author_23175,2,49.0,3,22060
23429,Author_23429,2,49.0,3,22061
27947,Author_27947,2,49.0,2,22062
4246,Author_04246,2,48.0,3,22063
6502,Author_06502,2,48.0,3,22064
8288,Author_08288,2,48.0,2,22065
8924,Author_08924,2,48.0,2,22066
10159,Author_10159,2,48.0,3,22067
10289,Author_10289,2,48.0,3,22068
10627,Author_10627,2,48.0,7,22069
11584,Author_11584,2,48.0,3,22070
12459,Author_12459,2,48.0,2,22071
13121,Author_13121,2,48.0,2,22072
14232,Author_14232,2,48.0,3,22073
16416,Author_16416,2,48.0,2,22074
17479,Author_17479,2,48.0,2,22075
19176,Author_19176,2,48.0,2,22076
19349,Author_19349,2,48.0,2,22077
20094,Author_20094,2,48.0,4,22078
22164,Author_22164,2,48.0,2,22079
22536,Author_22536,2,48.0,4,22080
22923,Author_22923,2,48.0,3,22081
23596,Author_23596,2,48.0,3,22082
24303,Author_24303,2,48.0,2,22083
27568,Author_27568,2,48.0,3,22084
1015,Author_01015,2,47.0,4,22085
1202,Author_01202,2,47.0,4,22086
1320,Author_01320,2,47.0,3,22087
1463,Author_01463,2,47.0,3,22088
1553,Author_01553,2,47.0,2,22089
2796,Author_02796,2,47.0,2,22090
3198,Author_03198,2,47.0,2,22091
3878,Author_03878,2,47.0,3,22092
6772,Author_06772,2,47.0,3,22093
7186,Author_07186,2,47.0,2,22094
8779,Author_08779,2,47.0,4,22095
8991,Author_08991,2,47.0,3,22096
9844,Author_09844,2,47.0,3,22097
9881,Author_09881,2,47.0,2,22098
11996,Author_11996,2,47.0,7,22099
16115,Author_16115,2,47.0,2,22100
17102,Author_17102,2,47.0,4,22101
17333,Author_17333,2,47.0,2,22102
18023,Author_18023,2,47.0,3,22103
18882,Author_18882,2,47.0,3,22104
19509,Author_19509,2,47.0,3,22105
20488,Author_20488,2,47.0,3,22106
21692,Author_21692,2,47.0,4,22107
23937,Author_23937,2,47.0,2,22108
25518,Author_25518,2,47.0,3,22109
26140,Author_26140,2,47.0,4,22110
26714,Author_26714,2,47.0,2,22111
26861,Author_26861,2,47.0,2,22112
28150,Author_28150,2,47.0,2,22113
28431,Author_28431,2,47.0,4,22114
1246,Author_01246,2,46.0,3,22115
1720,Author_01720,2,46.0,3,22116
2022,Author_02022,2,46.0,3,22117
2693,Author_02693,2,46.0,2,22118
2750,Author_02750,2,46.0,2,22119
5054,Author_05054,2,46.0,3,22120
6623,Author_06623,2,46.0,2,22121
9526,Author_09526,2,46.0,5,22122
10910,Author_10910,2,46.0,4,22123
12673,Author_12673,2,46.0,3,22124
15366,Author_15366,2,46.0,2,22125
15469,Author_15469,2,46.0,4,22126
16618,Author_16618,2,46.0,2,22127
16932,Author_16932,2,46.0,4,22128
18697,Author_18697,2,46.0,2,22129
20890,Author_20890,2,46.0,2,22130
22085,Author_22085,2,46.0,2,22131
22790,Author_22790,2,46.0,2,22132
23769,Author_23769,2,46.0,3,22133
24504,Author_24504,2,46.0,2,22134
24523,Author_24523,2,46.0,2,22135
27240,Author_27240,2,46.0,3,22136
28246,Author_28246,2,46.0,2,22137
2458,Author_02458,2,45.0,3,22138
2770,Author_02770,2,45.0,2,22139
3063,Author_03063,2,45.0,2,22140
9288,Author_09288,2,45.0,3,22141
16114,Author_16114,2,45.0,2,22142
16253,Author_16253,2,45.0,2,22143
16909,Author_16909,2,45.0,4,22144
19107,Author_19107,2,45.0,2,22145
19411,Author_19411,2,45.0,3,22146
20354,Author_20354,2,45.0,3,22147
22040,Author_22040,2,45.0,2,22148
22324,Author_22324,2,45.0,6,22149
23625,Author_23625,2,45.0,2,22150
24326,Author_24326,2,45.0,5,22151
24392,Author_24392,2,45.0,3,22152
24484,Author_24484,2,45.0,2,22153
29239,Author_29239,2,45.0,2,22154
29978,Author_29978,2,45.0,2,22155
1429,Author_01429,2,44.0,2,22156
2571,Author_02571,2,44.0,2,22157
3825,Author_03825,2,44.0,2,22158
4508,Author_04508,2,44.0,5,22159
4687,Author_04687,2,44.0,4,22160
5300,Author_05300,2,44.0,5,22161
6528,Author_06528,2,44.0,2,22162
7443,Author_07443,2,44.0,3,22163
7733,Author_07733,2,44.0,2,22164
7987,Author_07987,2,44.0,4,22165
11878,Author_11878,2,44.0,5,22166
12490,Author_12490,2,44.0,2,22167
12505,Author_12505,2,44.0,5,22168
14029,Author_14029,2,44.0,2,22169
14110,Author_14110,2,44.0,2,22170
16333,Author_16333,2,44.0,3,22171
16640,Author_16640,2,44.0,2,22172
18373,Author_18373,2,44.0,2,22173
19242,Author_19242,2,44.0,2,22174
20359,Author_20359,2,44.0,3,22175
20891,Author_20891,2,44.0,3,22176
22662,Author_22662,2,44.0,2,22177
23797,Author_23797,2,44.0,3,22178
24252,Author_24252,2,44.0,4,22179
24300,Author_24300,2,44.0,5,22180
25050,Author_25050,2,44.0,2,22181
27726,Author_27726,2,44.0,2,22182
27930,Author_27930,2,44.0,3,22183
28438,Author_28438,2,44.0,3,22184
29172,Author_29172,2,44.0,2,22185
29504,Author_29504,2,44.0,3,22186
29518,Author_29518,2,44.0,3,22187
2269,Author_02269,2,43.0,3,22188
5156,Author_05156,2,43.0,3,22189
6177,Author_06177,2,43.0,5,22190
6750,Author_06750,2,43.0,3,22191
7171,Author_07171,2,43.0,2,22192
8210,Author_08210,2,43.0,4,22193
8232,Author_08232,2,43.0,4,22194
9636,Author_09636,2,43.0,2,22195
10084,Author_10084,2,43.0,2,22196
10551,Author_10551,2,43.0,3,22197
12376,Author_12376,2,43.0,4,22198
12569,Author_12569,2,43.0,2,22199
13578,Author_13578,2,43.0,4,22200
14517,Author_14517,2,43.0,4,22201
15953,Author_15953,2,43.0,3,22202
17093,Author_17093,2,43.0,3,22203
19375,Author_19375,2,43.0,3,22204
19405,Author_19405,2,43.0,5,22205
19970,Author_19970,2,43.0,2,22206
22434,Author_22434,2,43.0,4,22207
22702,Author_22702,2,43.0,2,22208
25114,Author_25114,2,43.0,5,22209
26358,Author_26358,2,43.0,5,22210
26799,Author_26799,2,43.0,5,22211
27399,Author_27399,2,43.0,3,22212
28570,Author_28570,2,43.0,2,22213
29214,Author_29214,2,43.0,2,22214
29756,Author_29756,2,43.0,3,22215
25,Author_00025,2,42.0,2,22216
1160,Author_01160,2,42.0,3,22217
5364,Author_05364,2,42.0,2,22218
6627,Author_06627,2,42.0,2,22219
6842,Author_06842,2,42.0,3,22220
8661,Author_08661,2,42.0,3,22221
9334,Author_09334,2,42.0,3,22222
9372,Author_09372,2,42.0,4,22223
9848,Author_09848,2,42.0,2,22224
13352,Author_13352,2,42.0,6,22225
13586,Author_13586,2,42.0,2,22226
14440,Author_14440,2,42.0,3,22227
14738,Author_14738,2,42.0,2,22228
14843,Author_14843,2,42.0,3,22229
16158,Author_16158,2,42.0,7,22230
16746,Author_16746,2,42.0,3,22231
16939,Author_16939,2,42.0,2,22232
19195,Author_19195,2,42.0,4,22233
19291,Author_19291,2,42.0,2,22234
23123,Author_23123,2,42.0,2,22235
23288,Author_23288,2,42.0,3,22236
23536,Author_23536,2,42.0,2,22237
23822,Author_23822,2,42.0,3,22238
25254,Author_25254,2,42.0,2,22239
25750,Author_25750,2,42.0,4,22240
26830,Author_26830,2,42.0,2,22241
28064,Author_28064,2,42.0,5,22242
28069,Author_28069,2,42.0,3,22243
28324,Author_28324,2,42.0,2,22244
29048,Author_29048,2,42.0,2,22245
29876,Author_29876,2,42.0,2,22246
945,Author_00945,2,41.0,3,22247
1517,Author_01517,2,41.0,2,22248
2636,Author_02636,2,41.0,4,22249
3643,Author_03643,2,41.0,3,22250
4562,Author_04562,2,41.0,2,22251
5347,Author_05347,2,41.0,3,22252
5676,Author_05676,2,41.0,4,22253
8031,Author_08031,2,41.0,2,22254
8851,Author_08851,2,41.0,2,22255
9353,Author_09353,2,41.0,2,22256
9987,Author_09987,2,41.0,2,22257
11147,Author_11147,2,41.0,3,22258
11954,Author_11954,2,41.0,2,22259
12146,Author_12146,2,41.0,2,22260
12871,Author_12871,2,41.0,2,22261
13153,Author_13153,2,41.0,3,22262
18426,Author_18426,2,41.0,4,22263
19401,Author_19401,2,41.0,3,22264
20110,Author_20110,2,41.0,4,22265
20905,Author_20905,2,41.0,2,22266
21288,Author_21288,2,41.0,3,22267
24533,Author_24533,2,41.0,2,22268
24921,Author_24921,2,41.0,2,22269
26691,Author_26691,2,41.0,4,22270
27370,Author_27370,2,41.0,3,22271
27973,Author_27973,2,41.0,4,22272
28488,Author_28488,2,41.0,2,22273
28534,Author_28534,2,41.0,2,22274
28687,Author_28687,2,41.0,6,22275
1687,Author_01687,2,40.0,2,22276
3892,Author_03892,2,40.0,3,22277
4922,Author_04922,2,40.0,2,22278
4934,Author_04934,2,40.0,2,22279
5965,Author_05965,2,40.0,2,22280
6153,Author_06153,2,40.0,2,22281
9109,Author_09109,2,40.0,2,22282
9255,Author_09255,2,40.0,4,22283
12820,Author_12820,2,40.0,3,22284
13385,Author_13385,2,40.0,4,22285
14092,Author_14092,2,40.0,2,22286
15614,Author_15614,2,40.0,3,22287
17247,Author_17247,2,40.0,3,22288
18992,Author_18992,2,40.0,4,22289
19198,Author_19198,2,40.0,3,22290
20362,Author_20362,2,40.0,2,22291
21922,Author_21922,2,40.0,2,22292
21937,Author_21937,2,40.0,3,22293
23012,Author_23012,2,40.0,2,22294
23136,Author_23136,2,40.0,5,22295
24827,Author_24827,2,40.0,2,22296
26267,Author_26267,2,40.0,4,22297
26465,Author_26465,2,40.0,4,22298
26939,Author_26939,2,40.0,2,22299
27356,Author_27356,2,40.0,2,22300
772,Author_00772,2,39.0,4,22301
1021,Author_01021,2,39.0,3,22302
1685,Author_01685,2,39.0,2,22303
5336,Author_05336,2,39.0,5,22304
7242,Author_07242,2,39.0,2,22305
8222,Author_08222,2,39.0,3,22306
8770,Author_08770,2,39.0,2,22307
10026,Author_10026,2,39.0,2,22308
10527,Author_10527,2,39.0,2,22309
10765,Author_10765,2,39.0,2,22310
11173,Author_11173,2,39.0,4,22311
11201,Author_11201,2,39.0,2,22312
11528,Author_11528,2,39.0,3,22313
12324,Author_12324,2,39.0,3,22314
15934,Author_15934,2,39.0,2,22315
17149,Author_17149,2,39.0,3,22316
18424,Author_18424,2,39.0,4,22317
18757,Author_18757,2,39.0,5,22318
20092,Author_20092,2,39.0,2,22319
21000,Author_21000,2,39.0,3,22320
21414,Author_21414,2,39.0,2,22321
21458,Author_21458,2,39.0,2,22322
22829,Author_22829,2,39.0,6,22323
26322,Author_26322,2,39.0,2,22324
26842,Author_26842,2,39.0,5,22325
27230,Author_27230,2,39.0,2,22326
27311,Author_27311,2,39.0,2,22327
27497,Author_27497,2,39.0,4,22328
27931,Author_27931,2,39.0,3,22329
28285,Author_28285,2,39.0,3,22330
253,Author_00253,2,38.0,3,22331
624,Author_00624,2,38.0,2,22332
1527,Author_01527,2,38.0,5,22333
1575,Author_01575,2,38.0,2,22334
1795,Author_01795,2,38.0,3,22335
2094,Author_02094,2,38.0,2,22336
2879,Author_02879,2,38.0,2,22337
3210,Author_03210,2,38.0,2,22338
3647,Author_03647,2,38.0,2,22339
4341,Author_04341,2,38.0,2,22340
4668,Author_04668,2,38.0,3,22341
5439,Author_05439,2,38.0,2,22342
6256,Author_06256,2,38.0,2,22343
7158,Author_07158,2,38.0,5,22344
7289,Author_07289,2,38.0,5,22345
7836,Author_07836,2,38.0,3,22346
11806,Author_11806,2,38.0,4,22347
11854,Author_11854,2,38.0,4,22348
12816,Author_12816,2,38.0,4,22349
12886,Author_12886,2,38.0,2,22350
14499,Author_14499,2,38.0,8,22351
15508,Author_15508,2,38.0,3,22352
15782,Author_15782,2,38.0,3,22353
16540,Author_16540,2,38.0,2,22354
17092,Author_17092,2,38.0,2,22355
18783,Author_18783,2,38.0,3,22356
19344,Author_19344,2,38.0,5,22357
20476,Author_20476,2,38.0,2,22358
20978,Author_20978,2,38.0,4,22359
21642,Author_21642,2,38.0,3,22360
23157,Author_23157,2,38.0,3,22361
24866,Author_24866,2,38.0,3,22362
27634,Author_27634,2,38.0,2,22363
28121,Author_28121,2,38.0,2,22364
28847,Author_28847,2,38.0,4,22365
1129,Author_01129,2,37.0,4,22366
1594,Author_01594,2,37.0,3,22367
1757,Author_01757,2,37.0,3,22368
2701,Author_02701,2,37.0,3,22369
2863,Author_02863,2,37.0,3,22370
3283,Author_03283,2,37.0,6,22371
3322,Author_03322,2,37.0,2,22372
4536,Author_04536,2,37.0,3,22373
4605,Author_04605,2,37.0,4,22374
4855,Author_04855,2,37.0,3,22375
7459,Author_07459,2,37.0,3,22376
7711,Author_07711,2,37.0,2,22377
8900,Author_08900,2,37.0,3,22378
9486,Author_09486,2,37.0,2,22379
10530,Author_10530,2,37.0,2,22380
11068,Author_11068,2,37.0,2,22381
11490,Author_11490,2,37.0,3,22382
11747,Author_11747,2,37.0,5,22383
13545,Author_13545,2,37.0,3,22384
14781,Author_14781,2,37.0,3,22385
16880,Author_16880,2,37.0,3,22386
18132,Author_18132,2,37.0,2,22387
18336,Author_18336,2,37.0,2,22388
18726,Author_18726,2,37.0,2,22389
21728,Author_21728,2,37.0,3,22390
21790,Author_21790,2,37.0,3,22391
21989,Author_21989,2,37.0,3,22392
24993,Author_24993,2,37.0,2,22393
26024,Author_26024,2,37.0,3,22394
28716,Author_28716,2,37.0,4,22395
29571,Author_29571,2,37.0,6,22396
1817,Author_01817,2,36.0,3,22397
4425,Author_04425,2,36.0,2,22398
5733,Author_05733,2,36.0,4,22399
8188,Author_08188,2,36.0,4,22400
8319,Author_08319,2,36.0,4,22401
9959,Author_09959,2,36.0,3,22402
11607,Author_11607,2,36.0,2,22403
12050,Author_12050,2,36.0,2,22404
12201,Author_12201,2,36.0,6,22405
14173,Author_14173,2,36.0,3,22406
14507,Author_14507,2,36.0,2,22407
14959,Author_14959,2,36.0,3,22408
16162,Author_16162,2,36.0,2,22409
18604,Author_18604,2,36.0,3,22410
18700,Author_18700,2,36.0,4,22411
20924,Author_20924,2,36.0,2,22412
21880,Author_21880,2,36.0,4,22413
22332,Author_22332,2,36.0,2,22414
22722,Author_22722,2,36.0,3,22415
23751,Author_23751,2,36.0,5,22416
23887,Author_23887,2,36.0,2,22417
24915,Author_24915,2,36.0,2,22418
26956,Author_26956,2,36.0,4,22419
29318,Author_29318,2,36.0,4,22420
1741,Author_01741,2,35.0,2,22421
1994,Author_01994,2,35.0,5,22422
2029,Author_02029,2,35.0,2,22423
2509,Author_02509,2,35.0,4,22424
2549,Author_02549,2,35.0,4,22425
3485,Author_03485,2,35.0,2,22426
4235,Author_04235,2,35.0,2,22427
4667,Author_04667,2,35.0,6,22428
4748,Author_04748,2,35.0,4,22429
4772,Author_04772,2,35.0,3,22430
5042,Author_05042,2,35.0,2,22431
5893,Author_05893,2,35.0,2,22432
6073,Author_06073,2,35.0,6,22433
6352,Author_06352,2,35.0,5,22434
6401,Author_06401,2,35.0,3,22435
7355,Author_07355,2,35.0,2,22436
8164,Author_08164,2,35.0,2,22437
8425,Author_08425,2,35.0,2,22438
9151,Author_09151,2,35.0,3,22439
9813,Author_09813,2,35.0,6,22440
10003,Author_10003,2,35.0,3,22441
10429,Author_10429,2,35.0,2,22442
12448,Author_12448,2,35.0,2,22443
12994,Author_12994,2,35.0,4,22444
13141,Author_13141,2,35.0,3,22445
13968,Author_13968,2,35.0,3,22446
14289,Author_14289,2,35.0,3,22447
14658,Author_14658,2,35.0,2,22448
15728,Author_15728,2,35.0,3,22449
15748,Author_15748,2,35.0,4,22450
16068,Author_16068,2,35.0,2,22451
17452,Author_17452,2,35.0,2,22452
18395,Author_18395,2,35.0,4,22453
18956,Author_18956,2,35.0,3,22454
19006,Author_19006,2,35.0,2,22455
19428,Author_19428,2,35.0,3,22456
21099,Author_21099,2,35.0,2,22457
23096,Author_23096,2,35.0,3,22458
24274,Author_24274,2,35.0,2,22459
24437,Author_24437,2,35.0,2,22460
24592,Author_24592,2,35.0,2,22461
25131,Author_25131,2,35.0,2,22462
25589,Author_25589,2,35.0,3,22463
25972,Author_25972,2,35.0,3,22464
26696,Author_26696,2,35.0,2,22465
27100,Author_27100,2,35.0,4,22466
28051,Author_28051,2,35.0,5,22467
29313,Author_29313,2,35.0,4,22468
29320,Author_29320,2,35.0,3,22469
29834,Author_29834,2,35.0,2,22470
29894,Author_29894,2,35.0,2,22471
1258,Author_01258,2,34.0,6,22472
2953,Author_02953,2,34.0,3,22473
4182,Author_04182,2,34.0,2,22474
4890,Author_04890,2,34.0,3,22475
7423,Author_07423,2,34.0,3,22476
7460,Author_07460,2,34.0,2,22477
7721,Author_07721,2,34.0,2,22478
7826,Author_07826,2,34.0,3,22479
8552,Author_08552,2,34.0,2,22480
8585,Author_08585,2,34.0,3,22481
9116,Author_09116,2,34.0,3,22482
10767,Author_10767,2,34.0,2,22483
11516,Author_11516,2,34.0,3,22484
12630,Author_12630,2,34.0,3,22485
12897,Author_12897,2,34.0,4,22486
14156,Author_14156,2,34.0,2,22487
15483,Author_15483,2,34.0,4,22488
15641,Author_15641,2,34.0,2,22489
15851,Author_15851,2,34.0,3,22490
16564,Author_16564,2,34.0,2,22491
17999,Author_17999,2,34.0,2,22492
18069,Author_18069,2,34.0,3,22493
18800,Author_18800,2,34.0,2,22494
20673,Author_20673,2,34.0,3,22495
21689,Author_21689,2,34.0,2,22496
21926,Author_21926,2,34.0,2,22497
22707,Author_22707,2,34.0,4,22498
24148,Author_24148,2,34.0,3,22499
24937,Author_24937,2,34.0,3,22500
25145,Author_25145,2,34.0,2,22501
26887,Author_26887,2,34.0,5,22502
27612,Author_27612,2,34.0,2,22503
28239,Author_28239,2,34.0,4,22504
28742,Author_28742,2,34.0,2,22505
28748,Author_28748,2,34.0,2,22506
29067,Author_29067,2,34.0,2,22507
355,Author_00355,2,33.0,4,22508
1218,Author_01218,2,33.0,2,22509
1452,Author_01452,2,33.0,2,22510
2551,Author_02551,2,33.0,2,22511
2774,Author_02774,2,33.0,3,22512
3115,Author_03115,2,33.0,2,22513
3543,Author_03543,2,33.0,2,22514
4480,Author_04480,2,33.0,2,22515
6530,Author_06530,2,33.0,2,22516
7220,Author_07220,2,33.0,3,22517
7467,Author_07467,2,33.0,2,22518
7938,Author_07938,2,33.0,2,22519
9031,Author_09031,2,33.0,5,22520
9297,Author_09297,2,33.0,2,22521
9435,Author_09435,2,33.0,2,22522
9887,Author_09887,2,33.0,4,22523
10736,Author_10736,2,33.0,3,22524
11501,Author_11501,2,33.0,2,22525
11558,Author_11558,2,33.0,4,22526
12139,Author_12139,2,33.0,2,22527
12456,Author_12456,2,33.0,5,22528
12905,Author_12905,2,33.0,2,22529
13650,Author_13650,2,33.0,3,22530
13991,Author_13991,2,33.0,2,22531
14063,Author_14063,2,33.0,3,22532
14725,Author_14725,2,33.0,2,22533
15023,Author_15023,2,33.0,3,22534
15124,Author_15124,2,33.0,3,22535
15325,Author_15325,2,33.0,3,22536
15769,Author_15769,2,33.0,6,22537
15818,Author_15818,2,33.0,2,22538
17606,Author_17606,2,33.0,5,22539
17928,Author_17928,2,33.0,2,22540
17977,Author_17977,2,33.0,2,22541
20201,Author_20201,2,33.0,3,22542
20249,Author_20249,2,33.0,2,22543
20431,Author_20431,2,33.0,2,22544
21696,Author_21696,2,33.0,2,22545
22032,Author_22032,2,33.0,2,22546
22342,Author_22342,2,33.0,3,22547
23644,Author_23644,2,33.0,4,22548
23872,Author_23872,2,33.0,4,22549
23914,Author_23914,2,33.0,3,22550
26094,Author_26094,2,33.0,3,22551
26112,Author_26112,2,33.0,4,22552
26197,Author_26197,2,33.0,4,22553
26673,Author_26673,2,33.0,2,22554
28539,Author_28539,2,33.0,3,22555
28972,Author_28972,2,33.0,2,22556
29369,Author_29369,2,33.0,4,22557
426,Author_00426,2,32.0,4,22558
4266,Author_04266,2,32.0,2,22559
4352,Author_04352,2,32.0,3,22560
5868,Author_05868,2,32.0,2,22561
5915,Author_05915,2,32.0,4,22562
7288,Author_07288,2,32.0,3,22563
7395,Author_07395,2,32.0,2,22564
7797,Author_07797,2,32.0,2,22565
7920,Author_07920,2,32.0,2,22566
8781,Author_08781,2,32.0,3,22567
8827,Author_08827,2,32.0,3,22568
9485,Author_09485,2,32.0,2,22569
9772,Author_09772,2,32.0,4,22570
10385,Author_10385,2,32.0,2,22571
10758,Author_10758,2,32.0,3,22572
10814,Author_10814,2,32.0,2,22573
11690,Author_11690,2,32.0,2,22574
11993,Author_11993,2,32.0,2,22575
12067,Author_12067,2,32.0,2,22576
13227,Author_13227,2,32.0,2,22577
13251,Author_13251,2,32.0,2,22578
14367,Author_14367,2,32.0,2,22579
14670,Author_14670,2,32.0,2,22580
15642,Author_15642,2,32.0,3,22581
16134,Author_16134,2,32.0,3,22582
18509,Author_18509,2,32.0,2,22583
20537,Author_20537,2,32.0,5,22584
23285,Author_23285,2,32.0,6,22585
23657,Author_23657,2,32.0,3,22586
24257,Author_24257,2,32.0,5,22587
24476,Author_24476,2,32.0,2,22588
24825,Author_24825,2,32.0,4,22589
25075,Author_25075,2,32.0,5,22590
25207,Author_25207,2,32.0,2,22591
25324,Author_25324,2,32.0,3,22592
26004,Author_26004,2,32.0,2,22593
26037,Author_26037,2,32.0,3,22594
26588,Author_26588,2,32.0,2,22595
26685,Author_26685,2,32.0,2,22596
27910,Author_27910,2,32.0,2,22597
29357,Author_29357,2,32.0,3,22598
29903,Author_29903,2,32.0,2,22599
29907,Author_29907,2,32.0,2,22600
343,Author_00343,2,31.0,4,22601
390,Author_00390,2,31.0,2,22602
2175,Author_02175,2,31.0,2,22603
2851,Author_02851,2,31.0,2,22604
3237,Author_03237,2,31.0,2,22605
3726,Author_03726,2,31.0,3,22606
4197,Author_04197,2,31.0,5,22607
5168,Author_05168,2,31.0,2,22608
5722,Author_05722,2,31.0,2,22609
6045,Author_06045,2,31.0,3,22610
6651,Author_06651,2,31.0,2,22611
7652,Author_07652,2,31.0,5,22612
7871,Author_07871,2,31.0,2,22613
8470,Author_08470,2,31.0,3,22614
8751,Author_08751,2,31.0,2,22615
9271,Author_09271,2,31.0,2,22616
9882,Author_09882,2,31.0,2,22617
10413,Author_10413,2,31.0,3,22618
10660,Author_10660,2,31.0,5,22619
12369,Author_12369,2,31.0,2,22620
13127,Author_13127,2,31.0,2,22621
14978,Author_14978,2,31.0,2,22622
15319,Author_15319,2,31.0,3,22623
16062,Author_16062,2,31.0,4,22624
16277,Author_16277,2,31.0,5,22625
17233,Author_17233,2,31.0,2,22626
17523,Author_17523,2,31.0,2,22627
17661,Author_17661,2,31.0,2,22628
18665,Author_18665,2,31.0,3,22629
20262,Author_20262,2,31.0,2,22630
20385,Author_20385,2,31.0,3,22631
23994,Author_23994,2,31.0,4,22632
25133,Author_25133,2,31.0,2,22633
25804,Author_25804,2,31.0,3,22634
25964,Author_25964,2,31.0,3,22635
26715,Author_26715,2,31.0,2,22636
27041,Author_27041,2,31.0,2,22637
28848,Author_28848,2,31.0,2,22638
29380,Author_29380,2,31.0,3,22639
331,Author_00331,2,30.0,3,22640
3072,Author_03072,2,30.0,2,22641
3383,Author_03383,2,30.0,4,22642
3717,Author_03717,2,30.0,2,22643
4414,Author_04414,2,30.0,3,22644
4576,Author_04576,2,30.0,2,22645
4682,Author_04682,2,30.0,2,22646
4744,Author_04744,2,30.0,2,22647
5183,Author_05183,2,30.0,5,22648
5988,Author_05988,2,30.0,5,22649
6600,Author_06600,2,30.0,3,22650
7036,Author_07036,2,30.0,2,22651
7403,Author_07403,2,30.0,3,22652
8370,Author_08370,2,30.0,2,22653
9141,Author_09141,2,30.0,3,22654
9361,Author_09361,2,30.0,3,22655
9584,Author_09584,2,30.0,3,22656
9738,Author_09738,2,30.0,2,22657
10339,Author_10339,2,30.0,3,22658
10714,Author_10714,2,30.0,3,22659
11049,Author_11049,2,30.0,3,22660
11077,Author_11077,2,30.0,3,22661
12374,Author_12374,2,30.0,4,22662
12521,Author_12521,2,30.0,3,22663
12646,Author_12646,2,30.0,2,22664
12767,Author_12767,2,30.0,2,22665
13174,Author_13174,2,30.0,3,22666
14350,Author_14350,2,30.0,4,22667
14812,Author_14812,2,30.0,2,22668
14872,Author_14872,2,30.0,2,22669
15233,Author_15233,2,30.0,3,22670
15686,Author_15686,2,30.0,4,22671
15795,Author_15795,2,30.0,4,22672
16266,Author_16266,2,30.0,4,22673
16446,Author_16446,2,30.0,3,22674
16641,Author_16641,2,30.0,3,22675
16839,Author_16839,2,30.0,5,22676
17519,Author_17519,2,30.0,5,22677
19068,Author_19068,2,30.0,3,22678
19666,Author_19666,2,30.0,3,22679
19667,Author_19667,2,30.0,3,22680
20062,Author_20062,2,30.0,3,22681
20200,Author_20200,2,30.0,2,22682
21081,Author_21081,2,30.0,2,22683
22302,Author_22302,2,30.0,3,22684
22363,Author_22363,2,30.0,2,22685
23241,Author_23241,2,30.0,2,22686
24201,Author_24201,2,30.0,3,22687
24339,Author_24339,2,30.0,2,22688
27263,Author_27263,2,30.0,4,22689
27613,Author_27613,2,30.0,3,22690
27672,Author_27672,2,30.0,2,22691
27793,Author_27793,2,30.0,2,22692
27977,Author_27977,2,30.0,2,22693
28620,Author_28620,2,30.0,2,22694
28951,Author_28951,2,30.0,2,22695
29652,Author_29652,2,30.0,3,22696
298,Author_00298,2,29.0,4,22697
445,Author_00445,2,29.0,4,22698
810,Author_00810,2,29.0,3,22699
1965,Author_01965,2,29.0,4,22700
2255,Author_02255,2,29.0,2,22701
3899,Author_03899,2,29.0,4,22702
5572,Author_05572,2,29.0,3,22703
5905,Author_05905,2,29.0,2,22704
7648,Author_07648,2,29.0,4,22705
8805,Author_08805,2,29.0,2,22706
9060,Author_09060,2,29.0,4,22707
9182,Author_09182,2,29.0,2,22708
10022,Author_10022,2,29.0,2,22709
11945,Author_11945,2,29.0,3,22710
12042,Author_12042,2,29.0,3,22711
12343,Author_12343,2,29.0,5,22712
13281,Author_13281,2,29.0,3,22713
13497,Author_13497,2,29.0,4,22714
13765,Author_13765,2,29.0,4,22715
14199,Author_14199,2,29.0,6,22716
14377,Author_14377,2,29.0,2,22717
14842,Author_14842,2,29.0,6,22718
15635,Author_15635,2,29.0,3,22719
16018,Author_16018,2,29.0,2,22720
16295,Author_16295,2,29.0,4,22721
18260,Author_18260,2,29.0,4,22722
18817,Author_18817,2,29.0,2,22723
18897,Author_18897,2,29.0,2,22724
19545,Author_19545,2,29.0,3,22725
19551,Author_19551,2,29.0,3,22726
19709,Author_19709,2,29.0,2,22727
20310,Author_20310,2,29.0,3,22728
21171,Author_21171,2,29.0,2,22729
21724,Author_21724,2,29.0,2,22730
21936,Author_21936,2,29.0,3,22731
22503,Author_22503,2,29.0,2,22732
22858,Author_22858,2,29.0,2,22733
23139,Author_23139,2,29.0,3,22734
24015,Author_24015,2,29.0,2,22735
24359,Author_24359,2,29.0,5,22736
24673,Author_24673,2,29.0,4,22737
25247,Author_25247,2,29.0,7,22738
25652,Author_25652,2,29.0,2,22739
25959,Author_25959,2,29.0,2,22740
27494,Author_27494,2,29.0,3,22741
27915,Author_27915,2,29.0,4,22742
27941,Author_27941,2,29.0,2,22743
28244,Author_28244,2,29.0,2,22744
28375,Author_28375,2,29.0,2,22745
28529,Author_28529,2,29.0,6,22746
28611,Author_28611,2,29.0,2,22747
28872,Author_28872,2,29.0,4,22748
29123,Author_29123,2,29.0,2,22749
29795,Author_29795,2,29.0,7,22750
29982,Author_29982,2,29.0,2,22751
1284,Author_01284,2,28.0,2,22752
2379,Author_02379,2,28.0,2,22753
2964,Author_02964,2,28.0,2,22754
3050,Author_03050,2,28.0,3,22755
3393,Author_03393,2,28.0,3,22756
3440,Author_03440,2,28.0,2,22757
3807,Author_03807,2,28.0,2,22758
4353,Author_04353,2,28.0,2,22759
4704,Author_04704,2,28.0,4,22760
6084,Author_06084,2,28.0,2,22761
6714,Author_06714,2,28.0,3,22762
6870,Author_06870,2,28.0,2,22763
7619,Author_07619,2,28.0,3,22764
8205,Author_08205,2,28.0,2,22765
9610,Author_09610,2,28.0,3,22766
9791,Author_09791,2,28.0,3,22767
10128,Author_10128,2,28.0,2,22768
10370,Author_10370,2,28.0,2,22769
10393,Author_10393,2,28.0,3,22770
10409,Author_10409,2,28.0,4,22771
10723,Author_10723,2,28.0,3,22772
10818,Author_10818,2,28.0,3,22773
11095,Author_11095,2,28.0,4,22774
11349,Author_11349,2,28.0,6,22775
11696,Author_11696,2,28.0,4,22776
13287,Author_13287,2,28.0,2,22777
13291,Author_13291,2,28.0,3,22778
13531,Author_13531,2,28.0,4,22779
14976,Author_14976,2,28.0,2,22780
15192,Author_15192,2,28.0,2,22781
15861,Author_15861,2,28.0,5,22782
16347,Author_16347,2,28.0,2,22783
16625,Author_16625,2,28.0,4,22784
16943,Author_16943,2,28.0,2,22785
17025,Author_17025,2,28.0,3,22786
17310,Author_17310,2,28.0,3,22787
17600,Author_17600,2,28.0,3,22788
18129,Author_18129,2,28.0,3,22789
18433,Author_18433,2,28.0,2,22790
18559,Author_18559,2,28.0,3,22791
18652,Author_18652,2,28.0,4,22792
18656,Author_18656,2,28.0,5,22793
19506,Author_19506,2,28.0,4,22794
21211,Author_21211,2,28.0,2,22795
21237,Author_21237,2,28.0,2,22796
22555,Author_22555,2,28.0,3,22797
23274,Author_23274,2,28.0,2,22798
24092,Author_24092,2,28.0,2,22799
24390,Author_24390,2,28.0,4,22800
25039,Author_25039,2,28.0,3,22801
27340,Author_27340,2,28.0,5,22802
28216,Author_28216,2,28.0,2,22803
28542,Author_28542,2,28.0,2,22804
303,Author_00303,2,27.0,3,22805
674,Author_00674,2,27.0,4,22806
701,Author_00701,2,27.0,4,22807
1047,Author_01047,2,27.0,2,22808
2402,Author_02402,2,27.0,3,22809
4158,Author_04158,2,27.0,3,22810
4172,Author_04172,2,27.0,2,22811
4267,Author_04267,2,27.0,3,22812
4654,Author_04654,2,27.0,2,22813
4774,Author_04774,2,27.0,5,22814
5093,Author_05093,2,27.0,3,22815
5615,Author_05615,2,27.0,5,22816
6018,Author_06018,2,27.0,3,22817
6048,Author_06048,2,27.0,2,22818
6070,Author_06070,2,27.0,2,22819
7555,Author_07555,2,27.0,2,22820
8673,Author_08673,2,27.0,2,22821
8813,Author_08813,2,27.0,2,22822
9539,Author_09539,2,27.0,3,22823
9793,Author_09793,2,27.0,2,22824
11447,Author_11447,2,27.0,2,22825
11674,Author_11674,2,27.0,4,22826
12080,Author_12080,2,27.0,2,22827
12167,Author_12167,2,27.0,2,22828
12364,Author_12364,2,27.0,3,22829
12600,Author_12600,2,27.0,3,22830
12851,Author_12851,2,27.0,2,22831
13112,Author_13112,2,27.0,2,22832
13792,Author_13792,2,27.0,3,22833
14476,Author_14476,2,27.0,2,22834
14897,Author_14897,2,27.0,2,22835
16142,Author_16142,2,27.0,4,22836
16707,Author_16707,2,27.0,2,22837
17123,Author_17123,2,27.0,4,22838
17161,Author_17161,2,27.0,2,22839
18008,Author_18008,2,27.0,3,22840
18019,Author_18019,2,27.0,3,22841
18642,Author_18642,2,27.0,3,22842
19080,Author_19080,2,27.0,2,22843
19284,Author_19284,2,27.0,2,22844
19533,Author_19533,2,27.0,2,22845
20203,Author_20203,2,27.0,3,22846
20256,Author_20256,2,27.0,2,22847
21961,Author_21961,2,27.0,3,22848
22336,Author_22336,2,27.0,2,22849
22973,Author_22973,2,27.0,2,22850
24111,Author_24111,2,27.0,4,22851
25590,Author_25590,2,27.0,3,22852
26495,Author_26495,2,27.0,4,22853
27388,Author_27388,2,27.0,3,22854
28100,Author_28100,2,27.0,2,22855
29889,Author_29889,2,27.0,3,22856
161,Author_00161,2,26.0,2,22857
1611,Author_01611,2,26.0,2,22858
1737,Author_01737,2,26.0,2,22859
2728,Author_02728,2,26.0,2,22860
4273,Author_04273,2,26.0,2,22861
4413,Author_04413,2,26.0,3,22862
5149,Author_05149,2,26.0,2,22863
5463,Author_05463,2,26.0,2,22864
6429,Author_06429,2,26.0,3,22865
6505,Author_06505,2,26.0,2,22866
8336,Author_08336,2,26.0,2,22867
8498,Author_08498,2,26.0,4,22868
9239,Author_09239,2,26.0,2,22869
9295,Author_09295,2,26.0,3,22870
10412,Author_10412,2,26.0,2,22871
11034,Author_11034,2,26.0,2,22872
11328,Author_11328,2,26.0,2,22873
11391,Author_11391,2,26.0,3,22874
11536,Author_11536,2,26.0,2,22875
11614,Author_11614,2,26.0,3,22876
11724,Author_11724,2,26.0,3,22877
12802,Author_12802,2,26.0,4,22878
13236,Author_13236,2,26.0,4,22879
13947,Author_13947,2,26.0,2,22880
14955,Author_14955,2,26.0,3,22881
15203,Author_15203,2,26.0,3,22882
15209,Author_15209,2,26.0,2,22883
16332,Author_16332,2,26.0,3,22884
17472,Author_17472,2,26.0,3,22885
17502,Author_17502,2,26.0,3,22886
18507,Author_18507,2,26.0,3,22887
18910,Author_18910,2,26.0,3,22888
19778,Author_19778,2,26.0,2,22889
20728,Author_20728,2,26.0,3,22890
21065,Author_21065,2,26.0,2,22891
21208,Author_21208,2,26.0,5,22892
21953,Author_21953,2,26.0,5,22893
22446,Author_22446,2,26.0,2,22894
22558,Author_22558,2,26.0,2,22895
22603,Author_22603,2,26.0,4,22896
22852,Author_22852,2,26.0,2,22897
23277,Author_23277,2,26.0,2,22898
23883,Author_23883,2,26.0,2,22899
24608,Author_24608,2,26.0,2,22900
25670,Author_25670,2,26.0,2,22901
26245,Author_26245,2,26.0,2,22902
27710,Author_27710,2,26.0,2,22903
29039,Author_29039,2,26.0,2,22904
29441,Author_29441,2,26.0,3,22905
555,Author_00555,2,25.0,2,22906
1252,Author_01252,2,25.0,2,22907
2040,Author_02040,2,25.0,2,22908
2762,Author_02762,2,25.0,2,22909
2786,Author_02786,2,25.0,4,22910
3235,Author_03235,2,25.0,2,22911
3571,Author_03571,2,25.0,2,22912
3856,Author_03856,2,25.0,3,22913
4717,Author_04717,2,25.0,2,22914
5821,Author_05821,2,25.0,3,22915
6672,Author_06672,2,25.0,2,22916
6828,Author_06828,2,25.0,3,22917
6896,Author_06896,2,25.0,4,22918
6966,Author_06966,2,25.0,2,22919
7411,Author_07411,2,25.0,3,22920
8948,Author_08948,2,25.0,3,22921
9861,Author_09861,2,25.0,2,22922
11129,Author_11129,2,25.0,5,22923
11342,Author_11342,2,25.0,3,22924
11984,Author_11984,2,25.0,3,22925
12602,Author_12602,2,25.0,5,22926
12865,Author_12865,2,25.0,3,22927
13795,Author_13795,2,25.0,4,22928
14080,Author_14080,2,25.0,3,22929
14606,Author_14606,2,25.0,3,22930
14620,Author_14620,2,25.0,3,22931
15022,Author_15022,2,25.0,6,22932
15158,Author_15158,2,25.0,3,22933
15234,Author_15234,2,25.0,4,22934
15849,Author_15849,2,25.0,5,22935
15899,Author_15899,2,25.0,2,22936
16775,Author_16775,2,25.0,4,22937
17974,Author_17974,2,25.0,5,22938
18320,Author_18320,2,25.0,2,22939
19532,Author_19532,2,25.0,3,22940
20034,Author_20034,2,25.0,4,22941
20065,Author_20065,2,25.0,3,22942
20630,Author_20630,2,25.0,2,22943
20923,Author_20923,2,25.0,3,22944
21230,Author_21230,2,25.0,2,22945
21750,Author_21750,2,25.0,2,22946
21858,Author_21858,2,25.0,3,22947
22204,Author_22204,2,25.0,3,22948
22239,Author_22239,2,25.0,2,22949
23351,Author_23351,2,25.0,3,22950
24066,Author_24066,2,25.0,3,22951
24168,Author_24168,2,25.0,2,22952
24371,Author_24371,2,25.0,2,22953
24711,Author_24711,2,25.0,5,22954
24786,Author_24786,2,25.0,3,22955
25539,Author_25539,2,25.0,2,22956
26442,Author_26442,2,25.0,3,22957
26473,Author_26473,2,25.0,4,22958
26678,Author_26678,2,25.0,5,22959
26705,Author_26705,2,25.0,2,22960
27899,Author_27899,2,25.0,3,22961
29784,Author_29784,2,25.0,4,22962
405,Author_00405,2,24.0,2,22963
1562,Author_01562,2,24.0,3,22964
1618,Author_01618,2,24.0,2,22965
2451,Author_02451,2,24.0,2,22966
2501,Author_02501,2,24.0,2,22967
2921,Author_02921,2,24.0,3,22968
4590,Author_04590,2,24.0,2,22969
5274,Author_05274,2,24.0,3,22970
5556,Author_05556,2,24.0,3,22971
5617,Author_05617,2,24.0,2,22972
5811,Author_05811,2,24.0,2,22973
6302,Author_06302,2,24.0,3,22974
6483,Author_06483,2,24.0,4,22975
6625,Author_06625,2,24.0,2,22976
6652,Author_06652,2,24.0,3,22977
8402,Author_08402,2,24.0,3,22978
8614,Author_08614,2,24.0,2,22979
8655,Author_08655,2,24.0,2,22980
9403,Author_09403,2,24.0,2,22981
10073,Author_10073,2,24.0,2,22982
10423,Author_10423,2,24.0,2,22983
10857,Author_10857,2,24.0,4,22984
11214,Author_11214,2,24.0,3,22985
11698,Author_11698,2,24.0,4,22986
12075,Author_12075,2,24.0,6,22987
12394,Author_12394,2,24.0,2,22988
12769,Author_12769,2,24.0,3,22989
12782,Author_12782,2,24.0,3,22990
13156,Author_13156,2,24.0,3,22991
13231,Author_13231,2,24.0,2,22992
13712,Author_13712,2,24.0,4,22993
14468,Author_14468,2,24.0,5,22994
15342,Author_15342,2,24.0,2,22995
16531,Author_16531,2,24.0,8,22996
16891,Author_16891,2,24.0,2,22997
17845,Author_17845,2,24.0,3,22998
18130,Author_18130,2,24.0,5,22999
19130,Author_19130,2,24.0,4,23000
19141,Author_19141,2,24.0,2,23001
20457,Author_20457,2,24.0,2,23002
20474,Author_20474,2,24.0,3,23003
20901,Author_20901,2,24.0,2,23004
20910,Author_20910,2,24.0,3,23005
21064,Author_21064,2,24.0,4,23006
21346,Author_21346,2,24.0,2,23007
21753,Author_21753,2,24.0,4,23008
21902,Author_21902,2,24.0,4,23009
21939,Author_21939,2,24.0,2,23010
22074,Author_22074,2,24.0,2,23011
22663,Author_22663,2,24.0,2,23012
22689,Author_22689,2,24.0,2,23013
22878,Author_22878,2,24.0,3,23014
23637,Author_23637,2,24.0,3,23015
24004,Author_24004,2,24.0,2,23016
24656,Author_24656,2,24.0,2,23017
24706,Author_24706,2,24.0,3,23018
25706,Author_25706,2,24.0,4,23019
26239,Author_26239,2,24.0,2,23020
26452,Author_26452,2,24.0,2,23021
26744,Author_26744,2,24.0,3,23022
28465,Author_28465,2,24.0,5,23023
29071,Author_29071,2,24.0,2,23024
29804,Author_29804,2,24.0,2,23025
29924,Author_29924,2,24.0,3,23026
62,Author_00062,2,23.0,4,23027
326,Author_00326,2,23.0,4,23028
1781,Author_01781,2,23.0,3,23029
2044,Author_02044,2,23.0,2,23030
2291,Author_02291,2,23.0,3,23031
3167,Author_03167,2,23.0,2,23032
4069,Author_04069,2,23.0,2,23033
4669,Author_04669,2,23.0,3,23034
5087,Author_05087,2,23.0,3,23035
5222,Author_05222,2,23.0,2,23036
5373,Author_05373,2,23.0,2,23037
6085,Author_06085,2,23.0,3,23038
6332,Author_06332,2,23.0,3,23039
6588,Author_06588,2,23.0,5,23040
7144,Author_07144,2,23.0,2,23041
8603,Author_08603,2,23.0,3,23042
9558,Author_09558,2,23.0,2,23043
9701,Author_09701,2,23.0,4,23044
9841,Author_09841,2,23.0,2,23045
10272,Author_10272,2,23.0,2,23046
10687,Author_10687,2,23.0,5,23047
11263,Author_11263,2,23.0,2,23048
11377,Author_11377,2,23.0,3,23049
12161,Author_12161,2,23.0,2,23050
12620,Author_12620,2,23.0,4,23051
13294,Author_13294,2,23.0,2,23052
13416,Author_13416,2,23.0,2,23053
13716,Author_13716,2,23.0,7,23054
13776,Author_13776,2,23.0,2,23055
15011,Author_15011,2,23.0,4,23056
15017,Author_15017,2,23.0,2,23057
15433,Author_15433,2,23.0,2,23058
16312,Author_16312,2,23.0,3,23059
16555,Author_16555,2,23.0,4,23060
17979,Author_17979,2,23.0,3,23061
18000,Author_18000,2,23.0,2,23062
18667,Author_18667,2,23.0,3,23063
19202,Author_19202,2,23.0,2,23064
19301,Author_19301,2,23.0,2,23065
19587,Author_19587,2,23.0,4,23066
20240,Author_20240,2,23.0,3,23067
20462,Author_20462,2,23.0,3,23068
20735,Author_20735,2,23.0,5,23069
20897,Author_20897,2,23.0,3,23070
22002,Author_22002,2,23.0,4,23071
22238,Author_22238,2,23.0,2,23072
22628,Author_22628,2,23.0,4,23073
22899,Author_22899,2,23.0,5,23074
23898,Author_23898,2,23.0,2,23075
24798,Author_24798,2,23.0,3,23076
26268,Author_26268,2,23.0,4,23077
26723,Author_26723,2,23.0,2,23078
26782,Author_26782,2,23.0,5,23079
27163,Author_27163,2,23.0,6,23080
27295,Author_27295,2,23.0,3,23081
27475,Author_27475,2,23.0,4,23082
27779,Author_27779,2,23.0,2,23083
28476,Author_28476,2,23.0,2,23084
28489,Author_28489,2,23.0,3,23085
29591,Author_29591,2,23.0,3,23086
29716,Author_29716,2,23.0,3,23087
134,Author_00134,2,22.0,2,23088
244,Author_00244,2,22.0,2,23089
297,Author_00297,2,22.0,4,23090
615,Author_00615,2,22.0,3,23091
1095,Author_01095,2,22.0,2,23092
1349,Author_01349,2,22.0,2,23093
1409,Author_01409,2,22.0,2,23094
1576,Author_01576,2,22.0,3,23095
2223,Author_02223,2,22.0,2,23096
2334,Author_02334,2,22.0,2,23097
2959,Author_02959,2,22.0,2,23098
3810,Author_03810,2,22.0,3,23099
4064,Author_04064,2,22.0,2,23100
5947,Author_05947,2,22.0,3,23101
6266,Author_06266,2,22.0,2,23102
7473,Author_07473,2,22.0,2,23103
7590,Author_07590,2,22.0,2,23104
7849,Author_07849,2,22.0,2,23105
7923,Author_07923,2,22.0,2,23106
8457,Author_08457,2,22.0,2,23107
8793,Author_08793,2,22.0,3,23108
9142,Author_09142,2,22.0,2,23109
9443,Author_09443,2,22.0,2,23110
9537,Author_09537,2,22.0,2,23111
11281,Author_11281,2,22.0,3,23112
11325,Author_11325,2,22.0,3,23113
11477,Author_11477,2,22.0,2,23114
12455,Author_12455,2,22.0,5,23115
12636,Author_12636,2,22.0,4,23116
12662,Author_12662,2,22.0,3,23117
14172,Author_14172,2,22.0,2,23118
14943,Author_14943,2,22.0,2,23119
15067,Author_15067,2,22.0,7,23120
15100,Author_15100,2,22.0,3,23121
15166,Author_15166,2,22.0,5,23122
15897,Author_15897,2,22.0,4,23123
16039,Author_16039,2,22.0,2,23124
16177,Author_16177,2,22.0,2,23125
16366,Author_16366,2,22.0,3,23126
16528,Author_16528,2,22.0,3,23127
16947,Author_16947,2,22.0,2,23128
17124,Author_17124,2,22.0,6,23129
17228,Author_17228,2,22.0,2,23130
18575,Author_18575,2,22.0,3,23131
19240,Author_19240,2,22.0,3,23132
19776,Author_19776,2,22.0,3,23133
20199,Author_20199,2,22.0,5,23134
20441,Author_20441,2,22.0,3,23135
20517,Author_20517,2,22.0,3,23136
20580,Author_20580,2,22.0,2,23137
21212,Author_21212,2,22.0,2,23138
21557,Author_21557,2,22.0,3,23139
21600,Author_21600,2,22.0,2,23140
22035,Author_22035,2,22.0,3,23141
23580,Author_23580,2,22.0,4,23142
23739,Author_23739,2,22.0,3,23143
23806,Author_23806,2,22.0,4,23144
23873,Author_23873,2,22.0,2,23145
23974,Author_23974,2,22.0,2,23146
24200,Author_24200,2,22.0,2,23147
24519,Author_24519,2,22.0,3,23148
24549,Author_24549,2,22.0,2,23149
24840,Author_24840,2,22.0,3,23150
25087,Author_25087,2,22.0,2,23151
25364,Author_25364,2,22.0,3,23152
25430,Author_25430,2,22.0,3,23153
25439,Author_25439,2,22.0,3,23154
26110,Author_26110,2,22.0,2,23155
26154,Author_26154,2,22.0,4,23156
26247,Author_26247,2,22.0,3,23157
26483,Author_26483,2,22.0,3,23158
27473,Author_27473,2,22.0,7,23159
28870,Author_28870,2,22.0,3,23160
28937,Author_28937,2,22.0,3,23161
29428,Author_29428,2,22.0,2,23162
29997,Author_29997,2,22.0,3,23163
823,Author_00823,2,21.0,2,23164
890,Author_00890,2,21.0,4,23165
1082,Author_01082,2,21.0,2,23166
1179,Author_01179,2,21.0,2,23167
1743,Author_01743,2,21.0,4,23168
1932,Author_01932,2,21.0,3,23169
1985,Author_01985,2,21.0,3,23170
2118,Author_02118,2,21.0,3,23171
2393,Author_02393,2,21.0,6,23172
2475,Author_02475,2,21.0,4,23173
2479,Author_02479,2,21.0,2,23174
2869,Author_02869,2,21.0,3,23175
3370,Author_03370,2,21.0,4,23176
3936,Author_03936,2,21.0,2,23177
4170,Author_04170,2,21.0,2,23178
4194,Author_04194,2,21.0,4,23179
4831,Author_04831,2,21.0,2,23180
4940,Author_04940,2,21.0,3,23181
5851,Author_05851,2,21.0,3,23182
6225,Author_06225,2,21.0,3,23183
6650,Author_06650,2,21.0,3,23184
7078,Author_07078,2,21.0,2,23185
7165,Author_07165,2,21.0,2,23186
7315,Author_07315,2,21.0,2,23187
7353,Author_07353,2,21.0,2,23188
7456,Author_07456,2,21.0,3,23189
8532,Author_08532,2,21.0,4,23190
9302,Author_09302,2,21.0,4,23191
9730,Author_09730,2,21.0,2,23192
11439,Author_11439,2,21.0,3,23193
11538,Author_11538,2,21.0,3,23194
11914,Author_11914,2,21.0,3,23195
12419,Author_12419,2,21.0,3,23196
12426,Author_12426,2,21.0,3,23197
12474,Author_12474,2,21.0,5,23198
12581,Author_12581,2,21.0,2,23199
12925,Author_12925,2,21.0,3,23200
12956,Author_12956,2,21.0,2,23201
13065,Author_13065,2,21.0,3,23202
13183,Author_13183,2,21.0,5,23203
13826,Author_13826,2,21.0,2,23204
15819,Author_15819,2,21.0,2,23205
16179,Author_16179,2,21.0,2,23206
16335,Author_16335,2,21.0,2,23207
16768,Author_16768,2,21.0,3,23208
16844,Author_16844,2,21.0,3,23209
17164,Author_17164,2,21.0,2,23210
17401,Author_17401,2,21.0,2,23211
17591,Author_17591,2,21.0,2,23212
17761,Author_17761,2,21.0,2,23213
18048,Author_18048,2,21.0,2,23214
18420,Author_18420,2,21.0,2,23215
19619,Author_19619,2,21.0,2,23216
20356,Author_20356,2,21.0,5,23217
20377,Author_20377,2,21.0,2,23218
20400,Author_20400,2,21.0,2,23219
20518,Author_20518,2,21.0,3,23220
20709,Author_20709,2,21.0,2,23221
21766,Author_21766,2,21.0,3,23222
22004,Author_22004,2,21.0,2,23223
22046,Author_22046,2,21.0,3,23224
22460,Author_22460,2,21.0,4,23225
22784,Author_22784,2,21.0,3,23226
23161,Author_23161,2,21.0,4,23227
23439,Author_23439,2,21.0,3,23228
23450,Author_23450,2,21.0,2,23229
24267,Author_24267,2,21.0,2,23230
25191,Author_25191,2,21.0,4,23231
25316,Author_25316,2,21.0,4,23232
25358,Author_25358,2,21.0,2,23233
25811,Author_25811,2,21.0,2,23234
25840,Author_25840,2,21.0,5,23235
27098,Author_27098,2,21.0,3,23236
27696,Author_27696,2,21.0,2,23237
27755,Author_27755,2,21.0,3,23238
28592,Author_28592,2,21.0,2,23239
28624,Author_28624,2,21.0,2,23240
28883,Author_28883,2,21.0,2,23241
29954,Author_29954,2,21.0,2,23242
1170,Author_01170,2,20.0,3,23243
1848,Author_01848,2,20.0,2,23244
2634,Author_02634,2,20.0,4,23245
2713,Author_02713,2,20.0,3,23246
3252,Author_03252,2,20.0,2,23247
3708,Author_03708,2,20.0,5,23248
3821,Author_03821,2,20.0,4,23249
3864,Author_03864,2,20.0,2,23250
3910,Author_03910,2,20.0,3,23251
4377,Author_04377,2,20.0,3,23252
5066,Author_05066,2,20.0,2,23253
5642,Author_05642,2,20.0,2,23254
6556,Author_06556,2,20.0,3,23255
6765,Author_06765,2,20.0,4,23256
6776,Author_06776,2,20.0,2,23257
7582,Author_07582,2,20.0,3,23258
7975,Author_07975,2,20.0,3,23259
8514,Author_08514,2,20.0,3,23260
8739,Author_08739,2,20.0,2,23261
9261,Author_09261,2,20.0,3,23262
9325,Author_09325,2,20.0,3,23263
9814,Author_09814,2,20.0,3,23264
11252,Author_11252,2,20.0,2,23265
11588,Author_11588,2,20.0,5,23266
13095,Author_13095,2,20.0,3,23267
13320,Author_13320,2,20.0,2,23268
13742,Author_13742,2,20.0,2,23269
14483,Author_14483,2,20.0,5,23270
14698,Author_14698,2,20.0,2,23271
14747,Author_14747,2,20.0,2,23272
14966,Author_14966,2,20.0,4,23273
15143,Author_15143,2,20.0,3,23274
15783,Author_15783,2,20.0,4,23275
16647,Author_16647,2,20.0,3,23276
16952,Author_16952,2,20.0,2,23277
17113,Author_17113,2,20.0,4,23278
17169,Author_17169,2,20.0,3,23279
17373,Author_17373,2,20.0,5,23280
17651,Author_17651,2,20.0,4,23281
18189,Author_18189,2,20.0,5,23282
19007,Author_19007,2,20.0,3,23283
19047,Author_19047,2,20.0,3,23284
19895,Author_19895,2,20.0,4,23285
20114,Author_20114,2,20.0,2,23286
20128,Author_20128,2,20.0,3,23287
20280,Author_20280,2,20.0,3,23288
20675,Author_20675,2,20.0,3,23289
21094,Author_21094,2,20.0,2,23290
21572,Author_21572,2,20.0,3,23291
22321,Author_22321,2,20.0,2,23292
23260,Author_23260,2,20.0,2,23293
23265,Author_23265,2,20.0,2,23294
23314,Author_23314,2,20.0,3,23295
23456,Author_23456,2,20.0,2,23296
24129,Author_24129,2,20.0,3,23297
24384,Author_24384,2,20.0,3,23298
24645,Author_24645,2,20.0,6,23299
25129,Author_25129,2,20.0,2,23300
26019,Author_26019,2,20.0,3,23301
26540,Author_26540,2,20.0,2,23302
26582,Author_26582,2,20.0,3,23303
27067,Author_27067,2,20.0,2,23304
27127,Author_27127,2,20.0,3,23305
27301,Author_27301,2,20.0,2,23306
27412,Author_27412,2,20.0,2,23307
27673,Author_27673,2,20.0,3,23308
29744,Author_29744,2,20.0,3,23309
292,Author_00292,2,19.0,3,23310
424,Author_00424,2,19.0,4,23311
1336,Author_01336,2,19.0,3,23312
2782,Author_02782,2,19.0,2,23313
2883,Author_02883,2,19.0,2,23314
3218,Author_03218,2,19.0,3,23315
3300,Author_03300,2,19.0,3,23316
3496,Author_03496,2,19.0,5,23317
4457,Author_04457,2,19.0,6,23318
4516,Author_04516,2,19.0,4,23319
5154,Author_05154,2,19.0,2,23320
5257,Author_05257,2,19.0,3,23321
5570,Author_05570,2,19.0,3,23322
5637,Author_05637,2,19.0,3,23323
5990,Author_05990,2,19.0,2,23324
6662,Author_06662,2,19.0,2,23325
6905,Author_06905,2,19.0,2,23326
7375,Author_07375,2,19.0,3,23327
7553,Author_07553,2,19.0,3,23328
7894,Author_07894,2,19.0,3,23329
7992,Author_07992,2,19.0,3,23330
8560,Author_08560,2,19.0,2,23331
8820,Author_08820,2,19.0,3,23332
9743,Author_09743,2,19.0,4,23333
9792,Author_09792,2,19.0,5,23334
9812,Author_09812,2,19.0,2,23335
10104,Author_10104,2,19.0,2,23336
10123,Author_10123,2,19.0,3,23337
10472,Author_10472,2,19.0,2,23338
10970,Author_10970,2,19.0,2,23339
11037,Author_11037,2,19.0,3,23340
11350,Author_11350,2,19.0,2,23341
11568,Author_11568,2,19.0,2,23342
12289,Author_12289,2,19.0,4,23343
12404,Author_12404,2,19.0,2,23344
12685,Author_12685,2,19.0,4,23345
12950,Author_12950,2,19.0,2,23346
13214,Author_13214,2,19.0,2,23347
13419,Author_13419,2,19.0,2,23348
13864,Author_13864,2,19.0,3,23349
14717,Author_14717,2,19.0,2,23350
15377,Author_15377,2,19.0,3,23351
15892,Author_15892,2,19.0,3,23352
16519,Author_16519,2,19.0,4,23353
16830,Author_16830,2,19.0,3,23354
18126,Author_18126,2,19.0,2,23355
18176,Author_18176,2,19.0,3,23356
18335,Author_18335,2,19.0,4,23357
18756,Author_18756,2,19.0,5,23358
18778,Author_18778,2,19.0,2,23359
19272,Author_19272,2,19.0,3,23360
19707,Author_19707,2,19.0,3,23361
20513,Author_20513,2,19.0,2,23362
20715,Author_20715,2,19.0,2,23363
21387,Author_21387,2,19.0,2,23364
21661,Author_21661,2,19.0,3,23365
21705,Author_21705,2,19.0,3,23366
21899,Author_21899,2,19.0,2,23367
22894,Author_22894,2,19.0,2,23368
23862,Author_23862,2,19.0,2,23369
24966,Author_24966,2,19.0,2,23370
25031,Author_25031,2,19.0,2,23371
25878,Author_25878,2,19.0,3,23372
26341,Author_26341,2,19.0,4,23373
27366,Author_27366,2,19.0,3,23374
27669,Author_27669,2,19.0,3,23375
27802,Author_27802,2,19.0,3,23376
28055,Author_28055,2,19.0,6,23377
28444,Author_28444,2,19.0,2,23378
28482,Author_28482,2,19.0,2,23379
29297,Author_29297,2,19.0,2,23380
29723,Author_29723,2,19.0,2,23381
64,Author_00064,2,18.0,4,23382
498,Author_00498,2,18.0,2,23383
585,Author_00585,2,18.0,2,23384
621,Author_00621,2,18.0,3,23385
715,Author_00715,2,18.0,2,23386
731,Author_00731,2,18.0,2,23387
781,Author_00781,2,18.0,2,23388
1288,Author_01288,2,18.0,3,23389
1308,Author_01308,2,18.0,3,23390
1465,Author_01465,2,18.0,5,23391
1876,Author_01876,2,18.0,5,23392
2839,Author_02839,2,18.0,2,23393
2878,Author_02878,2,18.0,4,23394
2920,Author_02920,2,18.0,2,23395
3495,Author_03495,2,18.0,6,23396
3992,Author_03992,2,18.0,3,23397
4061,Author_04061,2,18.0,3,23398
4699,Author_04699,2,18.0,2,23399
5133,Author_05133,2,18.0,3,23400
5270,Author_05270,2,18.0,3,23401
5465,Author_05465,2,18.0,2,23402
6033,Author_06033,2,18.0,3,23403
7499,Author_07499,2,18.0,2,23404
7940,Author_07940,2,18.0,2,23405
8472,Author_08472,2,18.0,2,23406
9722,Author_09722,2,18.0,2,23407
10015,Author_10015,2,18.0,3,23408
10504,Author_10504,2,18.0,2,23409
10608,Author_10608,2,18.0,4,23410
10631,Author_10631,2,18.0,5,23411
10716,Author_10716,2,18.0,2,23412
10867,Author_10867,2,18.0,3,23413
11701,Author_11701,2,18.0,3,23414
12679,Author_12679,2,18.0,3,23415
12855,Author_12855,2,18.0,3,23416
13549,Author_13549,2,18.0,2,23417
13980,Author_13980,2,18.0,2,23418
14121,Author_14121,2,18.0,5,23419
14197,Author_14197,2,18.0,2,23420
15328,Author_15328,2,18.0,6,23421
16204,Author_16204,2,18.0,3,23422
16784,Author_16784,2,18.0,2,23423
16809,Author_16809,2,18.0,3,23424
17134,Author_17134,2,18.0,2,23425
17295,Author_17295,2,18.0,4,23426
17557,Author_17557,2,18.0,3,23427
17676,Author_17676,2,18.0,2,23428
17781,Author_17781,2,18.0,3,23429
17950,Author_17950,2,18.0,3,23430
18064,Author_18064,2,18.0,2,23431
18187,Author_18187,2,18.0,3,23432
19592,Author_19592,2,18.0,3,23433
19645,Author_19645,2,18.0,2,23434
19739,Author_19739,2,18.0,3,23435
20500,Author_20500,2,18.0,4,23436
20532,Author_20532,2,18.0,3,23437
20591,Author_20591,2,18.0,3,23438
20694,Author_20694,2,18.0,2,23439
20827,Author_20827,2,18.0,4,23440
21268,Author_21268,2,18.0,2,23441
21749,Author_21749,2,18.0,3,23442
22326,Author_22326,2,18.0,3,23443
22389,Author_22389,2,18.0,2,23444
22433,Author_22433,2,18.0,2,23445
22898,Author_22898,2,18.0,3,23446
22943,Author_22943,2,18.0,5,23447
23222,Author_23222,2,18.0,3,23448
24294,Author_24294,2,18.0,2,23449
24790,Author_24790,2,18.0,4,23450
25355,Author_25355,2,18.0,2,23451
26228,Author_26228,2,18.0,5,23452
26969,Author_26969,2,18.0,4,23453
27322,Author_27322,2,18.0,3,23454
27414,Author_27414,2,18.0,3,23455
27607,Author_27607,2,18.0,4,23456
28398,Author_28398,2,18.0,3,23457
29090,Author_29090,2,18.0,2,23458
29092,Author_29092,2,18.0,2,23459
29235,Author_29235,2,18.0,8,23460
29287,Author_29287,2,18.0,4,23461
29516,Author_29516,2,18.0,2,23462
29772,Author_29772,2,18.0,5,23463
29806,Author_29806,2,18.0,3,23464
256,Author_00256,2,17.0,2,23465
960,Author_00960,2,17.0,4,23466
1475,Author_01475,2,17.0,2,23467
1802,Author_01802,2,17.0,9,23468
1981,Author_01981,2,17.0,4,23469
2059,Author_02059,2,17.0,3,23470
2264,Author_02264,2,17.0,2,23471
2810,Author_02810,2,17.0,2,23472
3182,Author_03182,2,17.0,3,23473
3479,Author_03479,2,17.0,4,23474
4655,Author_04655,2,17.0,2,23475
5674,Author_05674,2,17.0,5,23476
6949,Author_06949,2,17.0,2,23477
8610,Author_08610,2,17.0,3,23478
9105,Author_09105,2,17.0,3,23479
9533,Author_09533,2,17.0,2,23480
9566,Author_09566,2,17.0,3,23481
10933,Author_10933,2,17.0,2,23482
10942,Author_10942,2,17.0,2,23483
11127,Author_11127,2,17.0,5,23484
11622,Author_11622,2,17.0,7,23485
12126,Author_12126,2,17.0,4,23486
12224,Author_12224,2,17.0,2,23487
12516,Author_12516,2,17.0,3,23488
13083,Author_13083,2,17.0,2,23489
13198,Author_13198,2,17.0,2,23490
13526,Author_13526,2,17.0,5,23491
13926,Author_13926,2,17.0,2,23492
14312,Author_14312,2,17.0,5,23493
15142,Author_15142,2,17.0,2,23494
15163,Author_15163,2,17.0,2,23495
15261,Author_15261,2,17.0,4,23496
15354,Author_15354,2,17.0,5,23497
15924,Author_15924,2,17.0,4,23498
17237,Author_17237,2,17.0,3,23499
17823,Author_17823,2,17.0,2,23500
18156,Author_18156,2,17.0,2,23501
18625,Author_18625,2,17.0,2,23502
18654,Author_18654,2,17.0,3,23503
18942,Author_18942,2,17.0,5,23504
20087,Author_20087,2,17.0,3,23505
20197,Author_20197,2,17.0,3,23506
20364,Author_20364,2,17.0,2,23507
20737,Author_20737,2,17.0,3,23508
20749,Author_20749,2,17.0,3,23509
21837,Author_21837,2,17.0,2,23510
21882,Author_21882,2,17.0,3,23511
22133,Author_22133,2,17.0,4,23512
22421,Author_22421,2,17.0,3,23513
22953,Author_22953,2,17.0,2,23514
22999,Author_22999,2,17.0,3,23515
23217,Author_23217,2,17.0,4,23516
23323,Author_23323,2,17.0,2,23517
23569,Author_23569,2,17.0,2,23518
23697,Author_23697,2,17.0,2,23519
24209,Author_24209,2,17.0,2,23520
24639,Author_24639,2,17.0,2,23521
25019,Author_25019,2,17.0,5,23522
25067,Author_25067,2,17.0,4,23523
25447,Author_25447,2,17.0,2,23524
25639,Author_25639,2,17.0,2,23525
25820,Author_25820,2,17.0,2,23526
25967,Author_25967,2,17.0,4,23527
26187,Author_26187,2,17.0,2,23528
26504,Author_26504,2,17.0,3,23529
26513,Author_26513,2,17.0,2,23530
26661,Author_26661,2,17.0,3,23531
27290,Author_27290,2,17.0,2,23532
27875,Author_27875,2,17.0,2,23533
28368,Author_28368,2,17.0,4,23534
28537,Author_28537,2,17.0,4,23535
28704,Author_28704,2,17.0,2,23536
29185,Author_29185,2,17.0,2,23537
29509,Author_29509,2,17.0,2,23538
29595,Author_29595,2,17.0,3,23539
29618,Author_29618,2,17.0,3,23540
199,Author_00199,2,16.0,5,23541
2170,Author_02170,2,16.0,2,23542
2566,Author_02566,2,16.0,3,23543
3675,Author_03675,2,16.0,2,23544
3957,Author_03957,2,16.0,4,23545
4611,Author_04611,2,16.0,3,23546
5392,Author_05392,2,16.0,2,23547
5395,Author_05395,2,16.0,2,23548
5484,Author_05484,2,16.0,3,23549
5933,Author_05933,2,16.0,2,23550
6667,Author_06667,2,16.0,4,23551
6816,Author_06816,2,16.0,2,23552
7180,Author_07180,2,16.0,2,23553
7264,Author_07264,2,16.0,2,23554
7794,Author_07794,2,16.0,2,23555
8116,Author_08116,2,16.0,2,23556
8128,Author_08128,2,16.0,4,23557
8707,Author_08707,2,16.0,2,23558
9058,Author_09058,2,16.0,4,23559
9407,Author_09407,2,16.0,3,23560
9637,Author_09637,2,16.0,2,23561
9763,Author_09763,2,16.0,3,23562
9781,Author_09781,2,16.0,2,23563
10045,Author_10045,2,16.0,4,23564
10404,Author_10404,2,16.0,3,23565
11157,Author_11157,2,16.0,3,23566
11282,Author_11282,2,16.0,4,23567
12096,Author_12096,2,16.0,2,23568
12243,Author_12243,2,16.0,2,23569
12739,Author_12739,2,16.0,3,23570
12921,Author_12921,2,16.0,2,23571
13732,Author_13732,2,16.0,2,23572
13937,Author_13937,2,16.0,2,23573
14151,Author_14151,2,16.0,5,23574
14384,Author_14384,2,16.0,2,23575
14501,Author_14501,2,16.0,5,23576
14866,Author_14866,2,16.0,2,23577
15168,Author_15168,2,16.0,3,23578
15522,Author_15522,2,16.0,2,23579
15697,Author_15697,2,16.0,3,23580
15758,Author_15758,2,16.0,2,23581
16015,Author_16015,2,16.0,5,23582
16377,Author_16377,2,16.0,5,23583
16418,Author_16418,2,16.0,2,23584
17226,Author_17226,2,16.0,2,23585
17675,Author_17675,2,16.0,2,23586
18143,Author_18143,2,16.0,3,23587
18213,Author_18213,2,16.0,2,23588
18525,Author_18525,2,16.0,2,23589
18537,Author_18537,2,16.0,2,23590
18584,Author_18584,2,16.0,2,23591
19020,Author_19020,2,16.0,3,23592
19089,Author_19089,2,16.0,7,23593
19408,Author_19408,2,16.0,4,23594
19575,Author_19575,2,16.0,2,23595
19585,Author_19585,2,16.0,3,23596
20015,Author_20015,2,16.0,4,23597
20137,Author_20137,2,16.0,2,23598
20288,Author_20288,2,16.0,5,23599
20677,Author_20677,2,16.0,2,23600
20810,Author_20810,2,16.0,4,23601
22618,Author_22618,2,16.0,2,23602
22781,Author_22781,2,16.0,2,23603
22992,Author_22992,2,16.0,3,23604
23121,Author_23121,2,16.0,2,23605
23919,Author_23919,2,16.0,4,23606
24603,Author_24603,2,16.0,3,23607
24731,Author_24731,2,16.0,2,23608
25616,Author_25616,2,16.0,4,23609
25664,Author_25664,2,16.0,3,23610
26016,Author_26016,2,16.0,4,23611
26147,Author_26147,2,16.0,3,23612
26158,Author_26158,2,16.0,4,23613
26942,Author_26942,2,16.0,4,23614
27011,Author_27011,2,16.0,2,23615
27089,Author_27089,2,16.0,2,23616
27171,Author_27171,2,16.0,4,23617
27303,Author_27303,2,16.0,3,23618
27577,Author_27577,2,16.0,3,23619
27936,Author_27936,2,16.0,2,23620
28378,Author_28378,2,16.0,2,23621
28548,Author_28548,2,16.0,2,23622
28874,Author_28874,2,16.0,4,23623
28877,Author_28877,2,16.0,3,23624
29241,Author_29241,2,16.0,4,23625
29986,Author_29986,2,16.0,3,23626
552,Author_00552,2,15.0,2,23627
1093,Author_01093,2,15.0,2,23628
1528,Author_01528,2,15.0,2,23629
2420,Author_02420,2,15.0,2,23630
3191,Author_03191,2,15.0,2,23631
3278,Author_03278,2,15.0,2,23632
3326,Author_03326,2,15.0,2,23633
3537,Author_03537,2,15.0,3,23634
3876,Author_03876,2,15.0,3,23635
4426,Author_04426,2,15.0,3,23636
4514,Author_04514,2,15.0,2,23637
4624,Author_04624,2,15.0,3,23638
4678,Author_04678,2,15.0,3,23639
4891,Author_04891,2,15.0,2,23640
5069,Author_05069,2,15.0,3,23641
5088,Author_05088,2,15.0,4,23642
5246,Author_05246,2,15.0,2,23643
5367,Author_05367,2,15.0,2,23644
5533,Author_05533,2,15.0,2,23645
5729,Author_05729,2,15.0,2,23646
6214,Author_06214,2,15.0,2,23647
7009,Author_07009,2,15.0,4,23648
7042,Author_07042,2,15.0,3,23649
7043,Author_07043,2,15.0,2,23650
7833,Author_07833,2,15.0,2,23651
7948,Author_07948,2,15.0,2,23652
8797,Author_08797,2,15.0,2,23653
9072,Author_09072,2,15.0,2,23654
9159,Author_09159,2,15.0,3,23655
9228,Author_09228,2,15.0,2,23656
9668,Author_09668,2,15.0,4,23657
10509,Author_10509,2,15.0,7,23658
10561,Author_10561,2,15.0,3,23659
11241,Author_11241,2,15.0,5,23660
11871,Author_11871,2,15.0,2,23661
11957,Author_11957,2,15.0,2,23662
13101,Author_13101,2,15.0,4,23663
13296,Author_13296,2,15.0,2,23664
14052,Author_14052,2,15.0,2,23665
14453,Author_14453,2,15.0,2,23666
14472,Author_14472,2,15.0,2,23667
15007,Author_15007,2,15.0,2,23668
15646,Author_15646,2,15.0,3,23669
15790,Author_15790,2,15.0,3,23670
16643,Author_16643,2,15.0,2,23671
17306,Author_17306,2,15.0,3,23672
17758,Author_17758,2,15.0,3,23673
18322,Author_18322,2,15.0,2,23674
19464,Author_19464,2,15.0,3,23675
20096,Author_20096,2,15.0,2,23676
20142,Author_20142,2,15.0,4,23677
20590,Author_20590,2,15.0,3,23678
20704,Author_20704,2,15.0,2,23679
20801,Author_20801,2,15.0,3,23680
20831,Author_20831,2,15.0,3,23681
21851,Author_21851,2,15.0,5,23682
21864,Author_21864,2,15.0,6,23683
23325,Author_23325,2,15.0,2,23684
23412,Author_23412,2,15.0,5,23685
23539,Author_23539,2,15.0,2,23686
23721,Author_23721,2,15.0,2,23687
24174,Author_24174,2,15.0,3,23688
24506,Author_24506,2,15.0,2,23689
24871,Author_24871,2,15.0,3,23690
25450,Author_25450,2,15.0,2,23691
25749,Author_25749,2,15.0,3,23692
25883,Author_25883,2,15.0,3,23693
26069,Author_26069,2,15.0,2,23694
26299,Author_26299,2,15.0,3,23695
26717,Author_26717,2,15.0,2,23696
26732,Author_26732,2,15.0,3,23697
26986,Author_26986,2,15.0,2,23698
27413,Author_27413,2,15.0,3,23699
29951,Author_29951,2,15.0,2,23700
114,Author_00114,2,14.0,3,23701
919,Author_00919,2,14.0,3,23702
1067,Author_01067,2,14.0,2,23703
1105,Author_01105,2,14.0,5,23704
1211,Author_01211,2,14.0,3,23705
1639,Author_01639,2,14.0,3,23706
2036,Author_02036,2,14.0,2,23707
2189,Author_02189,2,14.0,4,23708
2605,Author_02605,2,14.0,4,23709
3003,Author_03003,2,14.0,2,23710
3181,Author_03181,2,14.0,3,23711
3622,Author_03622,2,14.0,3,23712
3698,Author_03698,2,14.0,3,23713
4971,Author_04971,2,14.0,2,23714
5603,Author_05603,2,14.0,6,23715
6992,Author_06992,2,14.0,3,23716
7006,Author_07006,2,14.0,2,23717
7387,Author_07387,2,14.0,3,23718
8855,Author_08855,2,14.0,2,23719
8867,Author_08867,2,14.0,3,23720
9232,Author_09232,2,14.0,2,23721
9296,Author_09296,2,14.0,2,23722
9411,Author_09411,2,14.0,2,23723
9673,Author_09673,2,14.0,3,23724
10545,Author_10545,2,14.0,2,23725
10925,Author_10925,2,14.0,2,23726
11736,Author_11736,2,14.0,2,23727
11761,Author_11761,2,14.0,3,23728
11857,Author_11857,2,14.0,2,23729
12827,Author_12827,2,14.0,3,23730
13465,Author_13465,2,14.0,3,23731
14249,Author_14249,2,14.0,2,23732
15296,Author_15296,2,14.0,3,23733
15430,Author_15430,2,14.0,2,23734
16069,Author_16069,2,14.0,2,23735
16585,Author_16585,2,14.0,5,23736
17372,Author_17372,2,14.0,3,23737
17748,Author_17748,2,14.0,4,23738
18124,Author_18124,2,14.0,2,23739
18161,Author_18161,2,14.0,2,23740
18524,Author_18524,2,14.0,2,23741
18840,Author_18840,2,14.0,3,23742
18899,Author_18899,2,14.0,2,23743
19783,Author_19783,2,14.0,2,23744
20021,Author_20021,2,14.0,3,23745
20663,Author_20663,2,14.0,3,23746
21058,Author_21058,2,14.0,4,23747
21222,Author_21222,2,14.0,2,23748
21270,Author_21270,2,14.0,2,23749
22563,Author_22563,2,14.0,6,23750
22644,Author_22644,2,14.0,2,23751
23406,Author_23406,2,14.0,2,23752
23558,Author_23558,2,14.0,2,23753
23668,Author_23668,2,14.0,3,23754
23969,Author_23969,2,14.0,3,23755
24631,Author_24631,2,14.0,2,23756
24747,Author_24747,2,14.0,2,23757
24967,Author_24967,2,14.0,2,23758
25678,Author_25678,2,14.0,4,23759
25739,Author_25739,2,14.0,5,23760
25788,Author_25788,2,14.0,2,23761
26357,Author_26357,2,14.0,3,23762
26617,Author_26617,2,14.0,4,23763
27219,Author_27219,2,14.0,2,23764
27454,Author_27454,2,14.0,2,23765
27647,Author_27647,2,14.0,3,23766
27844,Author_27844,2,14.0,2,23767
28103,Author_28103,2,14.0,2,23768
28420,Author_28420,2,14.0,2,23769
28712,Author_28712,2,14.0,3,23770
28828,Author_28828,2,14.0,4,23771
29033,Author_29033,2,14.0,3,23772
29624,Author_29624,2,14.0,2,23773
29936,Author_29936,2,14.0,2,23774
289,Author_00289,2,13.0,4,23775
537,Author_00537,2,13.0,2,23776
783,Author_00783,2,13.0,2,23777
1374,Author_01374,2,13.0,2,23778
2972,Author_02972,2,13.0,2,23779
3125,Author_03125,2,13.0,3,23780
3542,Author_03542,2,13.0,3,23781
3585,Author_03585,2,13.0,2,23782
3707,Author_03707,2,13.0,3,23783
3991,Author_03991,2,13.0,2,23784
4651,Author_04651,2,13.0,2,23785
4965,Author_04965,2,13.0,3,23786
5820,Author_05820,2,13.0,2,23787
5995,Author_05995,2,13.0,2,23788
6580,Author_06580,2,13.0,2,23789
7339,Author_07339,2,13.0,3,23790
11137,Author_11137,2,13.0,2,23791
11141,Author_11141,2,13.0,3,23792
11305,Author_11305,2,13.0,2,23793
11697,Author_11697,2,13.0,4,23794
12916,Author_12916,2,13.0,4,23795
13853,Author_13853,2,13.0,2,23796
14418,Author_14418,2,13.0,3,23797
14540,Author_14540,2,13.0,2,23798
14750,Author_14750,2,13.0,2,23799
14806,Author_14806,2,13.0,3,23800
14873,Author_14873,2,13.0,3,23801
15106,Author_15106,2,13.0,4,23802
15352,Author_15352,2,13.0,2,23803
15617,Author_15617,2,13.0,2,23804
16155,Author_16155,2,13.0,2,23805
16402,Author_16402,2,13.0,2,23806
16513,Author_16513,2,13.0,2,23807
16765,Author_16765,2,13.0,2,23808
16888,Author_16888,2,13.0,4,23809
16926,Author_16926,2,13.0,2,23810
17541,Author_17541,2,13.0,2,23811
17859,Author_17859,2,13.0,4,23812
18419,Author_18419,2,13.0,2,23813
18971,Author_18971,2,13.0,3,23814
19369,Author_19369,2,13.0,6,23815
19373,Author_19373,2,13.0,3,23816
19768,Author_19768,2,13.0,3,23817
20604,Author_20604,2,13.0,2,23818
20758,Author_20758,2,13.0,3,23819
21039,Author_21039,2,13.0,3,23820
22228,Author_22228,2,13.0,2,23821
22414,Author_22414,2,13.0,2,23822
22428,Author_22428,2,13.0,2,23823
22750,Author_22750,2,13.0,3,23824
22859,Author_22859,2,13.0,3,23825
23882,Author_23882,2,13.0,2,23826
23963,Author_23963,2,13.0,3,23827
24517,Author_24517,2,13.0,2,23828
24812,Author_24812,2,13.0,2,23829
24952,Author_24952,2,13.0,4,23830
25771,Author_25771,2,13.0,4,23831
25802,Author_25802,2,13.0,2,23832
25923,Author_25923,2,13.0,3,23833
25947,Author_25947,2,13.0,4,23834
26559,Author_26559,2,13.0,3,23835
27753,Author_27753,2,13.0,3,23836
28058,Author_28058,2,13.0,2,23837
28606,Author_28606,2,13.0,4,23838
28682,Author_28682,2,13.0,3,23839
28702,Author_28702,2,13.0,2,23840
28706,Author_28706,2,13.0,2,23841
28881,Author_28881,2,13.0,4,23842
29225,Author_29225,2,13.0,2,23843
29647,Author_29647,2,13.0,5,23844
29906,Author_29906,2,13.0,2,23845
246,Author_00246,2,12.0,3,23846
387,Author_00387,2,12.0,2,23847
754,Author_00754,2,12.0,3,23848
779,Author_00779,2,12.0,2,23849
886,Author_00886,2,12.0,3,23850
1049,Author_01049,2,12.0,5,23851
1196,Author_01196,2,12.0,2,23852
1342,Author_01342,2,12.0,6,23853
1937,Author_01937,2,12.0,3,23854
1972,Author_01972,2,12.0,3,23855
2442,Author_02442,2,12.0,3,23856
2772,Author_02772,2,12.0,4,23857
2901,Author_02901,2,12.0,2,23858
3644,Author_03644,2,12.0,2,23859
4766,Author_04766,2,12.0,2,23860
5290,Author_05290,2,12.0,3,23861
5669,Author_05669,2,12.0,3,23862
6402,Author_06402,2,12.0,4,23863
7382,Author_07382,2,12.0,3,23864
7688,Author_07688,2,12.0,3,23865
8020,Author_08020,2,12.0,4,23866
8293,Author_08293,2,12.0,4,23867
8602,Author_08602,2,12.0,3,23868
8636,Author_08636,2,12.0,2,23869
8799,Author_08799,2,12.0,2,23870
9607,Author_09607,2,12.0,3,23871
10202,Author_10202,2,12.0,3,23872
10450,Author_10450,2,12.0,3,23873
11006,Author_11006,2,12.0,2,23874
11204,Author_11204,2,12.0,2,23875
11385,Author_11385,2,12.0,2,23876
11419,Author_11419,2,12.0,4,23877
12313,Author_12313,2,12.0,3,23878
12506,Author_12506,2,12.0,3,23879
12844,Author_12844,2,12.0,4,23880
13569,Author_13569,2,12.0,2,23881
13670,Author_13670,2,12.0,3,23882
13953,Author_13953,2,12.0,2,23883
14135,Author_14135,2,12.0,3,23884
14138,Author_14138,2,12.0,5,23885
14155,Author_14155,2,12.0,2,23886
14403,Author_14403,2,12.0,3,23887
15776,Author_15776,2,12.0,2,23888
16656,Author_16656,2,12.0,3,23889
17155,Author_17155,2,12.0,4,23890
17313,Author_17313,2,12.0,2,23891
17527,Author_17527,2,12.0,2,23892
17687,Author_17687,2,12.0,2,23893
17760,Author_17760,2,12.0,5,23894
17927,Author_17927,2,12.0,3,23895
18874,Author_18874,2,12.0,2,23896
19604,Author_19604,2,12.0,2,23897
20186,Author_20186,2,12.0,3,23898
20645,Author_20645,2,12.0,2,23899
21379,Author_21379,2,12.0,2,23900
22038,Author_22038,2,12.0,2,23901
23079,Author_23079,2,12.0,2,23902
23736,Author_23736,2,12.0,2,23903
23850,Author_23850,2,12.0,3,23904
24017,Author_24017,2,12.0,3,23905
24100,Author_24100,2,12.0,3,23906
25628,Author_25628,2,12.0,4,23907
27038,Author_27038,2,12.0,5,23908
27160,Author_27160,2,12.0,4,23909
27809,Author_27809,2,12.0,3,23910
28192,Author_28192,2,12.0,2,23911
28423,Author_28423,2,12.0,2,23912
28723,Author_28723,2,12.0,2,23913
29218,Author_29218,2,12.0,4,23914
29626,Author_29626,2,12.0,2,23915
86,Author_00086,2,11.0,2,23916
490,Author_00490,2,11.0,2,23917
1048,Author_01048,2,11.0,3,23918
1447,Author_01447,2,11.0,3,23919
1508,Author_01508,2,11.0,2,23920
1635,Author_01635,2,11.0,3,23921
1895,Author_01895,2,11.0,3,23922
2361,Author_02361,2,11.0,2,23923
4199,Author_04199,2,11.0,2,23924
4367,Author_04367,2,11.0,2,23925
4371,Author_04371,2,11.0,3,23926
5105,Author_05105,2,11.0,3,23927
6233,Author_06233,2,11.0,4,23928
7126,Author_07126,2,11.0,3,23929
7198,Author_07198,2,11.0,3,23930
8596,Author_08596,2,11.0,3,23931
9803,Author_09803,2,11.0,2,23932
10053,Author_10053,2,11.0,2,23933
10277,Author_10277,2,11.0,2,23934
10858,Author_10858,2,11.0,4,23935
10915,Author_10915,2,11.0,2,23936
11088,Author_11088,2,11.0,2,23937
11604,Author_11604,2,11.0,3,23938
11621,Author_11621,2,11.0,2,23939
12837,Author_12837,2,11.0,3,23940
13154,Author_13154,2,11.0,3,23941
13368,Author_13368,2,11.0,3,23942
13489,Author_13489,2,11.0,2,23943
13546,Author_13546,2,11.0,2,23944
14288,Author_14288,2,11.0,3,23945
14348,Author_14348,2,11.0,2,23946
14380,Author_14380,2,11.0,2,23947
14475,Author_14475,2,11.0,2,23948
14482,Author_14482,2,11.0,2,23949
14498,Author_14498,2,11.0,5,23950
14708,Author_14708,2,11.0,4,23951
16210,Author_16210,2,11.0,2,23952
16248,Author_16248,2,11.0,2,23953
17094,Author_17094,2,11.0,5,23954
17254,Author_17254,2,11.0,4,23955
17351,Author_17351,2,11.0,2,23956
17398,Author_17398,2,11.0,2,23957
17430,Author_17430,2,11.0,2,23958
17460,Author_17460,2,11.0,3,23959
17749,Author_17749,2,11.0,5,23960
17765,Author_17765,2,11.0,3,23961
17766,Author_17766,2,11.0,3,23962
18119,Author_18119,2,11.0,3,23963
18440,Author_18440,2,11.0,3,23964
19157,Author_19157,2,11.0,3,23965
19981,Author_19981,2,11.0,2,23966
20041,Author_20041,2,11.0,3,23967
20106,Author_20106,2,11.0,3,23968
20382,Author_20382,2,11.0,2,23969
20784,Author_20784,2,11.0,2,23970
20838,Author_20838,2,11.0,3,23971
21296,Author_21296,2,11.0,2,23972
21354,Author_21354,2,11.0,3,23973
21843,Author_21843,2,11.0,5,23974
22748,Author_22748,2,11.0,2,23975
23058,Author_23058,2,11.0,3,23976
23647,Author_23647,2,11.0,4,23977
23880,Author_23880,2,11.0,2,23978
24206,Author_24206,2,11.0,2,23979
24715,Author_24715,2,11.0,3,23980
24834,Author_24834,2,11.0,6,23981
25737,Author_25737,2,11.0,4,23982
26425,Author_26425,2,11.0,2,23983
26912,Author_26912,2,11.0,3,23984
27110,Author_27110,2,11.0,2,23985
27368,Author_27368,2,11.0,2,23986
27762,Author_27762,2,11.0,2,23987
28834,Author_28834,2,11.0,4,23988
29219,Author_29219,2,11.0,2,23989
29641,Author_29641,2,11.0,2,23990
745,Author_00745,2,10.0,3,23991
963,Author_00963,2,10.0,2,23992
1492,Author_01492,2,10.0,2,23993
1622,Author_01622,2,10.0,2,23994
2781,Author_02781,2,10.0,4,23995
2849,Author_02849,2,10.0,3,23996
3040,Author_03040,2,10.0,3,23997
3079,Author_03079,2,10.0,3,23998
3364,Author_03364,2,10.0,2,23999
3367,Author_03367,2,10.0,3,24000
4577,Author_04577,2,10.0,2,24001
4604,Author_04604,2,10.0,3,24002
5863,Author_05863,2,10.0,3,24003
5936,Author_05936,2,10.0,5,24004
6102,Author_06102,2,10.0,2,24005
6380,Author_06380,2,10.0,3,24006
6421,Author_06421,2,10.0,3,24007
6534,Author_06534,2,10.0,4,24008
6871,Author_06871,2,10.0,4,24009
7785,Author_07785,2,10.0,2,24010
8165,Author_08165,2,10.0,4,24011
8316,Author_08316,2,10.0,2,24012
9113,Author_09113,2,10.0,2,24013
10199,Author_10199,2,10.0,3,24014
10629,Author_10629,2,10.0,5,24015
11199,Author_11199,2,10.0,4,24016
11920,Author_11920,2,10.0,3,24017
12138,Author_12138,2,10.0,3,24018
14034,Author_14034,2,10.0,2,24019
14157,Author_14157,2,10.0,5,24020
14202,Author_14202,2,10.0,2,24021
14419,Author_14419,2,10.0,2,24022
14431,Author_14431,2,10.0,2,24023
14933,Author_14933,2,10.0,2,24024
15223,Author_15223,2,10.0,3,24025
15677,Author_15677,2,10.0,2,24026
15823,Author_15823,2,10.0,3,24027
16125,Author_16125,2,10.0,2,24028
16622,Author_16622,2,10.0,2,24029
17334,Author_17334,2,10.0,3,24030
18170,Author_18170,2,10.0,5,24031
19946,Author_19946,2,10.0,3,24032
20417,Author_20417,2,10.0,3,24033
21437,Author_21437,2,10.0,2,24034
21859,Author_21859,2,10.0,4,24035
23117,Author_23117,2,10.0,3,24036
23212,Author_23212,2,10.0,3,24037
23294,Author_23294,2,10.0,4,24038
24311,Author_24311,2,10.0,2,24039
24651,Author_24651,2,10.0,2,24040
24830,Author_24830,2,10.0,3,24041
25489,Author_25489,2,10.0,5,24042
25795,Author_25795,2,10.0,3,24043
26143,Author_26143,2,10.0,3,24044
26386,Author_26386,2,10.0,2,24045
26430,Author_26430,2,10.0,3,24046
28574,Author_28574,2,10.0,3,24047
28886,Author_28886,2,10.0,2,24048
29596,Author_29596,2,10.0,3,24049
29665,Author_29665,2,10.0,3,24050
29722,Author_29722,2,10.0,2,24051
29839,Author_29839,2,10.0,2,24052
286,Author_00286,2,9.0,2,24053
509,Author_00509,2,9.0,3,24054
870,Author_00870,2,9.0,2,24055
1075,Author_01075,2,9.0,5,24056
1761,Author_01761,2,9.0,2,24057
2240,Author_02240,2,9.0,5,24058
3430,Author_03430,2,9.0,2,24059
5385,Author_05385,2,9.0,3,24060
5390,Author_05390,2,9.0,3,24061
5471,Author_05471,2,9.0,2,24062
5904,Author_05904,2,9.0,2,24063
6341,Author_06341,2,9.0,2,24064
7062,Author_07062,2,9.0,5,24065
8109,Author_08109,2,9.0,3,24066
8276,Author_08276,2,9.0,4,24067
8429,Author_08429,2,9.0,4,24068
8461,Author_08461,2,9.0,3,24069
10006,Author_10006,2,9.0,3,24070
10501,Author_10501,2,9.0,3,24071
11076,Author_11076,2,9.0,2,24072
12256,Author_12256,2,9.0,3,24073
12472,Author_12472,2,9.0,2,24074
12499,Author_12499,2,9.0,7,24075
12812,Author_12812,2,9.0,2,24076
13975,Author_13975,2,9.0,3,24077
14030,Author_14030,2,9.0,3,24078
14296,Author_14296,2,9.0,4,24079
14575,Author_14575,2,9.0,2,24080
15293,Author_15293,2,9.0,2,24081
15791,Author_15791,2,9.0,2,24082
15992,Author_15992,2,9.0,2,24083
16153,Author_16153,2,9.0,2,24084
16259,Author_16259,2,9.0,2,24085
16507,Author_16507,2,9.0,3,24086
16595,Author_16595,2,9.0,4,24087
16598,Author_16598,2,9.0,4,24088
16705,Author_16705,2,9.0,3,24089
17644,Author_17644,2,9.0,3,24090
18222,Author_18222,2,9.0,2,24091
18750,Author_18750,2,9.0,3,24092
19163,Author_19163,2,9.0,2,24093
19239,Author_19239,2,9.0,2,24094
19529,Author_19529,2,9.0,2,24095
19724,Author_19724,2,9.0,2,24096
20077,Author_20077,2,9.0,2,24097
20572,Author_20572,2,9.0,3,24098
21299,Author_21299,2,9.0,2,24099
21328,Author_21328,2,9.0,3,24100
21454,Author_21454,2,9.0,2,24101
23134,Author_23134,2,9.0,2,24102
23144,Author_23144,2,9.0,3,24103
23897,Author_23897,2,9.0,6,24104
24176,Author_24176,2,9.0,2,24105
26825,Author_26825,2,9.0,3,24106
27463,Author_27463,2,9.0,2,24107
28132,Author_28132,2,9.0,4,24108
28934,Author_28934,2,9.0,3,24109
29398,Author_29398,2,9.0,2,24110
29418,Author_29418,2,9.0,4,24111
29521,Author_29521,2,9.0,3,24112
954,Author_00954,2,8.0,4,24113
1500,Author_01500,2,8.0,4,24114
1920,Author_01920,2,8.0,2,24115
2038,Author_02038,2,8.0,2,24116
3686,Author_03686,2,8.0,3,24117
3780,Author_03780,2,8.0,2,24118
3931,Author_03931,2,8.0,2,24119
4055,Author_04055,2,8.0,3,24120
4726,Author_04726,2,8.0,2,24121
6345,Author_06345,2,8.0,2,24122
6617,Author_06617,2,8.0,3,24123
6892,Author_06892,2,8.0,2,24124
7465,Author_07465,2,8.0,2,24125
7754,Author_07754,2,8.0,2,24126
9834,Author_09834,2,8.0,2,24127
9851,Author_09851,2,8.0,2,24128
10266,Author_10266,2,8.0,2,24129
10380,Author_10380,2,8.0,3,24130
11121,Author_11121,2,8.0,3,24131
11152,Author_11152,2,8.0,2,24132
12090,Author_12090,2,8.0,3,24133
12095,Author_12095,2,8.0,2,24134
12987,Author_12987,2,8.0,2,24135
13139,Author_13139,2,8.0,2,24136
14171,Author_14171,2,8.0,5,24137
14292,Author_14292,2,8.0,2,24138
15370,Author_15370,2,8.0,2,24139
16050,Author_16050,2,8.0,2,24140
16055,Author_16055,2,8.0,2,24141
16596,Author_16596,2,8.0,2,24142
16912,Author_16912,2,8.0,2,24143
17320,Author_17320,2,8.0,2,24144
17440,Author_17440,2,8.0,2,24145
17668,Author_17668,2,8.0,2,24146
18087,Author_18087,2,8.0,2,24147
18259,Author_18259,2,8.0,2,24148
19463,Author_19463,2,8.0,4,24149
20698,Author_20698,2,8.0,3,24150
21083,Author_21083,2,8.0,2,24151
21484,Author_21484,2,8.0,2,24152
21543,Author_21543,2,8.0,4,24153
22783,Author_22783,2,8.0,3,24154
25074,Author_25074,2,8.0,2,24155
26631,Author_26631,2,8.0,3,24156
29283,Author_29283,2,8.0,3,24157
252,Author_00252,2,7.0,2,24158
255,Author_00255,2,7.0,3,24159
373,Author_00373,2,7.0,2,24160
562,Author_00562,2,7.0,4,24161
1862,Author_01862,2,7.0,4,24162
1963,Author_01963,2,7.0,3,24163
2358,Author_02358,2,7.0,3,24164
2689,Author_02689,2,7.0,4,24165
4103,Author_04103,2,7.0,2,24166
5296,Author_05296,2,7.0,2,24167
6722,Author_06722,2,7.0,4,24168
7071,Author_07071,2,7.0,3,24169
7437,Author_07437,2,7.0,2,24170
7440,Author_07440,2,7.0,2,24171
7728,Author_07728,2,7.0,3,24172
8170,Author_08170,2,7.0,3,24173
11172,Author_11172,2,7.0,2,24174
12853,Author_12853,2,7.0,2,24175
13508,Author_13508,2,7.0,3,24176
14087,Author_14087,2,7.0,4,24177
16731,Author_16731,2,7.0,3,24178
17118,Author_17118,2,7.0,3,24179
17152,Author_17152,2,7.0,3,24180
17490,Author_17490,2,7.0,3,24181
17870,Author_17870,2,7.0,3,24182
18080,Author_18080,2,7.0,2,24183
18633,Author_18633,2,7.0,2,24184
19000,Author_19000,2,7.0,2,24185
19257,Author_19257,2,7.0,3,24186
19381,Author_19381,2,7.0,3,24187
19993,Author_19993,2,7.0,2,24188
20345,Author_20345,2,7.0,3,24189
20813,Author_20813,2,7.0,2,24190
21293,Author_21293,2,7.0,3,24191
23370,Author_23370,2,7.0,3,24192
23672,Author_23672,2,7.0,2,24193
23817,Author_23817,2,7.0,2,24194
23884,Author_23884,2,7.0,4,24195
24518,Author_24518,2,7.0,2,24196
24906,Author_24906,2,7.0,4,24197
26309,Author_26309,2,7.0,2,24198
26711,Author_26711,2,7.0,2,24199
27066,Author_27066,2,7.0,2,24200
27460,Author_27460,2,7.0,2,24201
27767,Author_27767,2,7.0,2,24202
27831,Author_27831,2,7.0,4,24203
28830,Author_28830,2,7.0,2,24204
29400,Author_29400,2,7.0,3,24205
1010,Author_01010,2,6.0,3,24206
1658,Author_01658,2,6.0,4,24207
2986,Author_02986,2,6.0,2,24208
3148,Author_03148,2,6.0,3,24209
3918,Author_03918,2,6.0,4,24210
4985,Author_04985,2,6.0,3,24211
4999,Author_04999,2,6.0,3,24212
5010,Author_05010,2,6.0,4,24213
5014,Author_05014,2,6.0,2,24214
5800,Author_05800,2,6.0,2,24215
6194,Author_06194,2,6.0,2,24216
6279,Author_06279,2,6.0,3,24217
6835,Author_06835,2,6.0,2,24218
8415,Author_08415,2,6.0,3,24219
8524,Author_08524,2,6.0,3,24220
8559,Author_08559,2,6.0,2,24221
8648,Author_08648,2,6.0,2,24222
8756,Author_08756,2,6.0,2,24223
9237,Author_09237,2,6.0,2,24224
10345,Author_10345,2,6.0,3,24225
10707,Author_10707,2,6.0,2,24226
11559,Author_11559,2,6.0,4,24227
11654,Author_11654,2,6.0,2,24228
11960,Author_11960,2,6.0,2,24229
12666,Author_12666,2,6.0,2,24230
13323,Author_13323,2,6.0,2,24231
14107,Author_14107,2,6.0,2,24232
14405,Author_14405,2,6.0,2,24233
16004,Author_16004,2,6.0,2,24234
16558,Author_16558,2,6.0,2,24235
16645,Author_16645,2,6.0,2,24236
16684,Author_16684,2,6.0,4,24237
16871,Author_16871,2,6.0,4,24238
17511,Author_17511,2,6.0,2,24239
17643,Author_17643,2,6.0,2,24240
17814,Author_17814,2,6.0,2,24241
19594,Author_19594,2,6.0,2,24242
19850,Author_19850,2,6.0,2,24243
20090,Author_20090,2,6.0,2,24244
22906,Author_22906,2,6.0,2,24245
24617,Author_24617,2,6.0,3,24246
24641,Author_24641,2,6.0,2,24247
24701,Author_24701,2,6.0,3,24248
25357,Author_25357,2,6.0,2,24249
25758,Author_25758,2,6.0,2,24250
26025,Author_26025,2,6.0,2,24251
26800,Author_26800,2,6.0,2,24252
28980,Author_28980,2,6.0,3,24253
29286,Author_29286,2,6.0,3,24254
29821,Author_29821,2,6.0,3,24255
325,Author_00325,2,5.0,4,24256
5365,Author_05365,2,5.0,2,24257
8540,Author_08540,2,5.0,2,24258
9421,Author_09421,2,5.0,3,24259
12362,Author_12362,2,5.0,3,24260
13140,Author_13140,2,5.0,4,24261
14649,Author_14649,2,5.0,2,24262
14855,Author_14855,2,5.0,3,24263
15725,Author_15725,2,5.0,2,24264
17489,Author_17489,2,5.0,5,24265
19237,Author_19237,2,5.0,2,24266
19791,Author_19791,2,5.0,2,24267
19967,Author_19967,2,5.0,3,24268
20648,Author_20648,2,5.0,2,24269
22219,Author_22219,2,5.0,2,24270
23393,Author_23393,2,5.0,2,24271
23538,Author_23538,2,5.0,2,24272
24279,Author_24279,2,5.0,3,24273
24282,Author_24282,2,5.0,3,24274
25515,Author_25515,2,5.0,2,24275
26063,Author_26063,2,5.0,2,24276
26537,Author_26537,2,5.0,2,24277
766,Author_00766,2,4.0,4,24278
2262,Author_02262,2,4.0,2,24279
3667,Author_03667,2,4.0,3,24280
6518,Author_06518,2,4.0,3,24281
6858,Author_06858,2,4.0,4,24282
6867,Author_06867,2,4.0,2,24283
8142,Author_08142,2,4.0,2,24284
10756,Author_10756,2,4.0,2,24285
14740,Author_14740,2,4.0,2,24286
15491,Author_15491,2,4.0,4,24287
16195,Author_16195,2,4.0,2,24288
18291,Author_18291,2,4.0,2,24289
18462,Author_18462,2,4.0,2,24290
20131,Author_20131,2,4.0,2,24291
22034,Author_22034,2,4.0,3,24292
23382,Author_23382,2,4.0,4,24293
24445,Author_24445,2,4.0,2,24294
26381,Author_26381,2,4.0,2,24295
28713,Author_28713,2,4.0,2,24296
29035,Author_29035,2,4.0,4,24297
27149,Author_27149,1,945.0,1,24298
29901,Author_29901,1,725.0,1,24299
7191,Author_07191,1,513.0,1,24300
4029,Author_04029,1,427.0,1,24301
1966,Author_01966,1,375.0,3,24302
17683,Author_17683,1,356.0,1,24303
15110,Author_15110,1,339.0,1,24304
1545,Author_01545,1,310.0,1,24305
11373,Author_11373,1,308.0,2,24306
14009,Author_14009,1,302.0,1,24307
24819,Author_24819,1,297.0,1,24308
28331,Author_28331,1,296.0,1,24309
17133,Author_17133,1,289.0,2,24310
19234,Author_19234,1,281.0,1,24311
5925,Author_05925,1,280.0,1,24312
16123,Author_16123,1,236.0,3,24313
20917,Author_20917,1,222.0,1,24314
28373,Author_28373,1,222.0,2,24315
27611,Author_27611,1,216.0,1,24316
7650,Author_07650,1,215.0,1,24317
18198,Author_18198,1,206.0,1,24318
6184,Author_06184,1,201.0,1,24319
21100,Author_21100,1,187.0,1,24320
7352,Author_07352,1,180.0,1,24321
24749,Author_24749,1,179.0,1,24322
10512,Author_10512,1,175.0,1,24323
29501,Author_29501,1,173.0,1,24324
25730,Author_25730,1,164.0,2,24325
28048,Author_28048,1,161.0,1,24326
16797,Author_16797,1,157.0,1,24327
2766,Author_02766,1,156.0,2,24328
10136,Author_10136,1,151.0,2,24329
6754,Author_06754,1,147.0,2,24330
10377,Author_10377,1,144.0,1,24331
4615,Author_04615,1,143.0,1,24332
9413,Author_09413,1,141.0,1,24333
7311,Author_07311,1,135.0,3,24334
11562,Author_11562,1,134.0,1,24335
25037,Author_25037,1,129.0,1,24336
14162,Author_14162,1,125.0,1,24337
17530,Author_17530,1,125.0,1,24338
13225,Author_13225,1,124.0,1,24339
16973,Author_16973,1,121.0,1,24340
6788,Author_06788,1,119.0,2,24341
17365,Author_17365,1,119.0,1,24342
12022,Author_12022,1,118.0,1,24343
14954,Author_14954,1,116.0,3,24344
8761,Author_08761,1,114.0,1,24345
18822,Author_18822,1,114.0,1,24346
14706,Author_14706,1,113.0,1,24347
15910,Author_15910,1,104.0,2,24348
14928,Author_14928,1,103.0,1,24349
19830,Author_19830,1,103.0,5,24350
21401,Author_21401,1,100.0,1,24351
25372,Author_25372,1,100.0,2,24352
22699,Author_22699,1,99.0,2,24353
11574,Author_11574,1,98.0,2,24354
12741,Author_12741,1,98.0,4,24355
22098,Author_22098,1,98.0,1,24356
16099,Author_16099,1,97.0,1,24357
3238,Author_03238,1,96.0,1,24358
14381,Author_14381,1,96.0,1,24359
150,Author_00150,1,95.0,2,24360
24912,Author_24912,1,95.0,1,24361
25012,Author_25012,1,95.0,1,24362
8760,Author_08760,1,92.0,1,24363
15397,Author_15397,1,92.0,1,24364
22948,Author_22948,1,91.0,3,24365
14939,Author_14939,1,90.0,1,24366
9913,Author_09913,1,88.0,1,24367
22073,Author_22073,1,88.0,4,24368
6387,Author_06387,1,87.0,1,24369
13268,Author_13268,1,87.0,2,24370
16623,Author_16623,1,87.0,1,24371
24718,Author_24718,1,87.0,1,24372
26020,Author_26020,1,87.0,1,24373
29451,Author_29451,1,87.0,3,24374
8907,Author_08907,1,85.0,1,24375
18753,Author_18753,1,85.0,1,24376
19513,Author_19513,1,85.0,1,24377
24961,Author_24961,1,85.0,1,24378
24264,Author_24264,1,84.0,1,24379
25283,Author_25283,1,84.0,1,24380
16509,Author_16509,1,83.0,1,24381
893,Author_00893,1,82.0,1,24382
13078,Author_13078,1,81.0,1,24383
13387,Author_13387,1,81.0,3,24384
22615,Author_22615,1,81.0,1,24385
26005,Author_26005,1,81.0,1,24386
6522,Author_06522,1,80.0,2,24387
9398,Author_09398,1,80.0,1,24388
14430,Author_14430,1,80.0,1,24389
20004,Author_20004,1,80.0,1,24390
20783,Author_20783,1,80.0,1,24391
4796,Author_04796,1,79.0,3,24392
20136,Author_20136,1,79.0,1,24393
2859,Author_02859,1,78.0,1,24394
8913,Author_08913,1,78.0,1,24395
11383,Author_11383,1,78.0,1,24396
17730,Author_17730,1,78.0,1,24397
17750,Author_17750,1,78.0,1,24398
20498,Author_20498,1,78.0,2,24399
24349,Author_24349,1,78.0,1,24400
8891,Author_08891,1,77.0,1,24401
9471,Author_09471,1,77.0,3,24402
9739,Author_09739,1,76.0,2,24403
13145,Author_13145,1,76.0,1,24404
19307,Author_19307,1,76.0,1,24405
27470,Author_27470,1,75.0,1,24406
6919,Author_06919,1,74.0,1,24407
7331,Author_07331,1,74.0,2,24408
18376,Author_18376,1,74.0,1,24409
26645,Author_26645,1,74.0,1,24410
14175,Author_14175,1,72.0,3,24411
14282,Author_14282,1,72.0,2,24412
12689,Author_12689,1,71.0,2,24413
15252,Author_15252,1,71.0,1,24414
28844,Author_28844,1,71.0,1,24415
29673,Author_29673,1,71.0,1,24416
3690,Author_03690,1,70.0,1,24417
11890,Author_11890,1,70.0,1,24418
14088,Author_14088,1,70.0,1,24419
25611,Author_25611,1,70.0,1,24420
7454,Author_07454,1,69.0,1,24421
12406,Author_12406,1,69.0,1,24422
22892,Author_22892,1,69.0,1,24423
3777,Author_03777,1,68.0,2,24424
4308,Author_04308,1,68.0,1,24425
5783,Author_05783,1,68.0,2,24426
9826,Author_09826,1,68.0,2,24427
19743,Author_19743,1,68.0,2,24428
19812,Author_19812,1,67.0,1,24429
28470,Author_28470,1,67.0,2,24430
913,Author_00913,1,66.0,1,24431
1632,Author_01632,1,66.0,1,24432
12617,Author_12617,1,66.0,2,24433
345,Author_00345,1,65.0,1,24434
6914,Author_06914,1,65.0,3,24435
11206,Author_11206,1,65.0,2,24436
15076,Author_15076,1,65.0,1,24437
26946,Author_26946,1,65.0,1,24438
1617,Author_01617,1,64.0,1,24439
6665,Author_06665,1,64.0,1,24440
19677,Author_19677,1,64.0,2,24441
29730,Author_29730,1,64.0,1,24442
1831,Author_01831,1,63.0,1,24443
2677,Author_02677,1,63.0,1,24444
10820,Author_10820,1,63.0,1,24445
15045,Author_15045,1,63.0,1,24446
19465,Author_19465,1,63.0,2,24447
9453,Author_09453,1,62.0,1,24448
10018,Author_10018,1,62.0,1,24449
18051,Author_18051,1,62.0,2,24450
25998,Author_25998,1,62.0,1,24451
26860,Author_26860,1,62.0,1,24452
28333,Author_28333,1,62.0,1,24453
3756,Author_03756,1,61.0,1,24454
11807,Author_11807,1,61.0,3,24455
11875,Author_11875,1,61.0,2,24456
13318,Author_13318,1,61.0,1,24457
13821,Author_13821,1,61.0,2,24458
14707,Author_14707,1,61.0,1,24459
16958,Author_16958,1,61.0,5,24460
23150,Author_23150,1,61.0,1,24461
28938,Author_28938,1,61.0,1,24462
1377,Author_01377,1,60.0,1,24463
21501,Author_21501,1,60.0,2,24464
29880,Author_29880,1,60.0,1,24465
3477,Author_03477,1,59.0,1,24466
4329,Author_04329,1,59.0,1,24467
7891,Author_07891,1,59.0,1,24468
18715,Author_18715,1,59.0,2,24469
4923,Author_04923,1,58.0,1,24470
8663,Author_08663,1,58.0,1,24471
18235,Author_18235,1,58.0,2,24472
21921,Author_21921,1,58.0,2,24473
27027,Author_27027,1,58.0,1,24474
28137,Author_28137,1,58.0,1,24475
29082,Author_29082,1,58.0,3,24476
5523,Author_05523,1,57.0,2,24477
8665,Author_08665,1,57.0,2,24478
10368,Author_10368,1,57.0,1,24479
11260,Author_11260,1,57.0,2,24480
13254,Author_13254,1,57.0,1,24481
22179,Author_22179,1,57.0,4,24482
26481,Author_26481,1,57.0,2,24483
2704,Author_02704,1,56.0,2,24484
7862,Author_07862,1,56.0,2,24485
9590,Author_09590,1,56.0,2,24486
3005,Author_03005,1,55.0,3,24487
4275,Author_04275,1,55.0,1,24488
13074,Author_13074,1,55.0,1,24489
13151,Author_13151,1,55.0,1,24490
16521,Author_16521,1,55.0,1,24491
16610,Author_16610,1,55.0,1,24492
21402,Author_21402,1,55.0,1,24493
24380,Author_24380,1,55.0,2,24494
27411,Author_27411,1,55.0,1,24495
5590,Author_05590,1,54.0,1,24496
7193,Author_07193,1,54.0,1,24497
7303,Author_07303,1,54.0,1,24498
7594,Author_07594,1,54.0,1,24499
24313,Author_24313,1,54.0,1,24500
24535,Author_24535,1,54.0,1,24501
26725,Author_26725,1,54.0,1,24502
11440,Author_11440,1,53.0,2,24503
22901,Author_22901,1,53.0,1,24504
26164,Author_26164,1,53.0,1,24505
28374,Author_28374,1,53.0,1,24506
29996,Author_29996,1,53.0,1,24507
5212,Author_05212,1,52.0,1,24508
7022,Author_07022,1,52.0,3,24509
8695,Author_08695,1,52.0,1,24510
9734,Author_09734,1,52.0,2,24511
11240,Author_11240,1,52.0,1,24512
12749,Author_12749,1,52.0,1,24513
20207,Author_20207,1,52.0,1,24514
23877,Author_23877,1,52.0,2,24515
28758,Author_28758,1,52.0,4,24516
2179,Author_02179,1,51.0,2,24517
2360,Author_02360,1,51.0,1,24518
14158,Author_14158,1,51.0,1,24519
23195,Author_23195,1,51.0,1,24520
23659,Author_23659,1,51.0,1,24521
24290,Author_24290,1,51.0,1,24522
25496,Author_25496,1,51.0,2,24523
25898,Author_25898,1,51.0,1,24524
7943,Author_07943,1,50.0,1,24525
8711,Author_08711,1,50.0,3,24526
16964,Author_16964,1,50.0,1,24527
19924,Author_19924,1,50.0,1,24528
20410,Author_20410,1,50.0,1,24529
24746,Author_24746,1,50.0,2,24530
27644,Author_27644,1,50.0,1,24531
29348,Author_29348,1,50.0,1,24532
11692,Author_11692,1,49.0,1,24533
18506,Author_18506,1,49.0,1,24534
18747,Author_18747,1,49.0,2,24535
19801,Author_19801,1,49.0,1,24536
23019,Author_23019,1,49.0,1,24537
28034,Author_28034,1,49.0,2,24538
6663,Author_06663,1,48.0,1,24539
15919,Author_15919,1,48.0,1,24540
16239,Author_16239,1,48.0,1,24541
18878,Author_18878,1,48.0,2,24542
20615,Author_20615,1,48.0,2,24543
24133,Author_24133,1,48.0,1,24544
25302,Author_25302,1,48.0,1,24545
1408,Author_01408,1,47.0,1,24546
8662,Author_08662,1,47.0,2,24547
10784,Author_10784,1,47.0,1,24548
13359,Author_13359,1,47.0,1,24549
22313,Author_22313,1,47.0,2,24550
23416,Author_23416,1,47.0,1,24551
1488,Author_01488,1,46.0,1,24552
6304,Author_06304,1,46.0,1,24553
11004,Author_11004,1,46.0,1,24554
11331,Author_11331,1,46.0,1,24555
17818,Author_17818,1,46.0,3,24556
22995,Author_22995,1,46.0,2,24557
23689,Author_23689,1,46.0,1,24558
26331,Author_26331,1,46.0,1,24559
28094,Author_28094,1,46.0,1,24560
28840,Author_28840,1,46.0,1,24561
1830,Author_01830,1,45.0,2,24562
5012,Author_05012,1,45.0,1,24563
6217,Author_06217,1,45.0,1,24564
16408,Author_16408,1,45.0,1,24565
25538,Author_25538,1,45.0,1,24566
27279,Author_27279,1,45.0,2,24567
29542,Author_29542,1,45.0,2,24568
2807,Author_02807,1,44.0,1,24569
6904,Author_06904,1,44.0,2,24570
10514,Author_10514,1,44.0,1,24571
14759,Author_14759,1,44.0,2,24572
19251,Author_19251,1,44.0,2,24573
19355,Author_19355,1,44.0,2,24574
20655,Author_20655,1,44.0,1,24575
29395,Author_29395,1,44.0,2,24576
6,Author_00006,1,43.0,1,24577
100,Author_00100,1,43.0,1,24578
1570,Author_01570,1,43.0,1,24579
5977,Author_05977,1,43.0,2,24580
14861,Author_14861,1,43.0,2,24581
15026,Author_15026,1,43.0,1,24582
17518,Author_17518,1,43.0,1,24583
20678,Author_20678,1,43.0,1,24584
26046,Author_26046,1,43.0,1,24585
27138,Author_27138,1,43.0,2,24586
8961,Author_08961,1,42.0,1,24587
10121,Author_10121,1,42.0,3,24588
16825,Author_16825,1,42.0,1,24589
22954,Author_22954,1,42.0,2,24590
314,Author_00314,1,41.0,1,24591
4666,Author_04666,1,41.0,1,24592
5945,Author_05945,1,41.0,1,24593
6869,Author_06869,1,41.0,2,24594
11820,Author_11820,1,41.0,3,24595
12169,Author_12169,1,41.0,1,24596
12725,Author_12725,1,41.0,1,24597
17627,Author_17627,1,41.0,1,24598
19964,Author_19964,1,41.0,1,24599
20176,Author_20176,1,41.0,1,24600
24078,Author_24078,1,41.0,1,24601
29544,Author_29544,1,41.0,1,24602
998,Author_00998,1,40.0,1,24603
2166,Author_02166,1,40.0,2,24604
7035,Author_07035,1,40.0,1,24605
12091,Author_12091,1,40.0,1,24606
15800,Author_15800,1,40.0,2,24607
16460,Author_16460,1,40.0,1,24608
20782,Author_20782,1,40.0,1,24609
25906,Author_25906,1,40.0,2,24610
2324,Author_02324,1,39.0,1,24611
5017,Author_05017,1,39.0,1,24612
5705,Author_05705,1,39.0,1,24613
5951,Author_05951,1,39.0,1,24614
7478,Author_07478,1,39.0,1,24615
9749,Author_09749,1,39.0,1,24616
10301,Author_10301,1,39.0,1,24617
11405,Author_11405,1,39.0,1,24618
12708,Author_12708,1,39.0,1,24619
12969,Author_12969,1,39.0,1,24620
14488,Author_14488,1,39.0,1,24621
18142,Author_18142,1,39.0,1,24622
21042,Author_21042,1,39.0,1,24623
22704,Author_22704,1,39.0,1,24624
23940,Author_23940,1,39.0,1,24625
27690,Author_27690,1,39.0,1,24626
3733,Author_03733,1,38.0,1,24627
3747,Author_03747,1,38.0,1,24628
6003,Author_06003,1,38.0,1,24629
6774,Author_06774,1,38.0,1,24630
8221,Author_08221,1,38.0,1,24631
9057,Author_09057,1,38.0,2,24632
14004,Author_14004,1,38.0,2,24633
15575,Author_15575,1,38.0,1,24634
20975,Author_20975,1,38.0,2,24635
21695,Author_21695,1,38.0,1,24636
24077,Author_24077,1,38.0,2,24637
24458,Author_24458,1,38.0,1,24638
25263,Author_25263,1,38.0,1,24639
25659,Author_25659,1,38.0,2,24640
25698,Author_25698,1,38.0,2,24641
26458,Author_26458,1,38.0,1,24642
26502,Author_26502,1,38.0,2,24643
26614,Author_26614,1,38.0,1,24644
2527,Author_02527,1,37.0,2,24645
3275,Author_03275,1,37.0,1,24646
3540,Author_03540,1,37.0,1,24647
5027,Author_05027,1,37.0,1,24648
7746,Author_07746,1,37.0,1,24649
14320,Author_14320,1,37.0,2,24650
14992,Author_14992,1,37.0,1,24651
15198,Author_15198,1,37.0,2,24652
24265,Author_24265,1,37.0,1,24653
24275,Author_24275,1,37.0,1,24654
28451,Author_28451,1,37.0,1,24655
29983,Author_29983,1,37.0,3,24656
620,Author_00620,1,36.0,1,24657
1136,Author_01136,1,36.0,1,24658
4048,Author_04048,1,36.0,2,24659
4758,Author_04758,1,36.0,2,24660
5894,Author_05894,1,36.0,1,24661
8731,Author_08731,1,36.0,1,24662
11521,Author_11521,1,36.0,1,24663
18869,Author_18869,1,36.0,2,24664
21101,Author_21101,1,36.0,1,24665
24450,Author_24450,1,36.0,2,24666
29942,Author_29942,1,36.0,1,24667
4230,Author_04230,1,35.0,1,24668
10396,Author_10396,1,35.0,2,24669
13644,Author_13644,1,35.0,1,24670
16238,Author_16238,1,35.0,1,24671
26802,Author_26802,1,35.0,2,24672
27353,Author_27353,1,35.0,1,24673
982,Author_00982,1,34.0,2,24674
2457,Author_02457,1,34.0,1,24675
6571,Author_06571,1,34.0,1,24676
7223,Author_07223,1,34.0,1,24677
8726,Author_08726,1,34.0,3,24678
9369,Author_09369,1,34.0,1,24679
10194,Author_10194,1,34.0,1,24680
12120,Author_12120,1,34.0,2,24681
13279,Author_13279,1,34.0,1,24682
20906,Author_20906,1,34.0,1,24683
24969,Author_24969,1,34.0,2,24684
25924,Author_25924,1,34.0,1,24685
26031,Author_26031,1,34.0,1,24686
27447,Author_27447,1,34.0,1,24687
28763,Author_28763,1,34.0,2,24688
29617,Author_29617,1,34.0,1,24689
1725,Author_01725,1,33.0,1,24690
2138,Author_02138,1,33.0,2,24691
5126,Author_05126,1,33.0,1,24692
6393,Author_06393,1,33.0,1,24693
6605,Author_06605,1,33.0,1,24694
7098,Author_07098,1,33.0,2,24695
7526,Author_07526,1,33.0,2,24696
7669,Author_07669,1,33.0,1,24697
8919,Author_08919,1,33.0,1,24698
9888,Author_09888,1,33.0,1,24699
10143,Author_10143,1,33.0,1,24700
15012,Author_15012,1,33.0,2,24701
16535,Author_16535,1,33.0,1,24702
21677,Author_21677,1,33.0,2,24703
22694,Author_22694,1,33.0,1,24704
23656,Author_23656,1,33.0,2,24705
24104,Author_24104,1,33.0,1,24706
24203,Author_24203,1,33.0,1,24707
25017,Author_25017,1,33.0,1,24708
25545,Author_25545,1,33.0,2,24709
26606,Author_26606,1,33.0,3,24710
27723,Author_27723,1,33.0,2,24711
1681,Author_01681,1,32.0,1,24712
2875,Author_02875,1,32.0,3,24713
5931,Author_05931,1,32.0,2,24714
7385,Author_07385,1,32.0,1,24715
10672,Author_10672,1,32.0,1,24716
11253,Author_11253,1,32.0,1,24717
12184,Author_12184,1,32.0,1,24718
13647,Author_13647,1,32.0,4,24719
14545,Author_14545,1,32.0,1,24720
16949,Author_16949,1,32.0,3,24721
20535,Author_20535,1,32.0,1,24722
20649,Author_20649,1,32.0,1,24723
21178,Author_21178,1,32.0,2,24724
21245,Author_21245,1,32.0,1,24725
21862,Author_21862,1,32.0,1,24726
22796,Author_22796,1,32.0,1,24727
26938,Author_26938,1,32.0,1,24728
28215,Author_28215,1,32.0,2,24729
484,Author_00484,1,31.0,1,24730
4810,Author_04810,1,31.0,2,24731
9868,Author_09868,1,31.0,2,24732
10139,Author_10139,1,31.0,1,24733
10270,Author_10270,1,31.0,1,24734
10487,Author_10487,1,31.0,1,24735
10517,Author_10517,1,31.0,1,24736
14181,Author_14181,1,31.0,1,24737
15321,Author_15321,1,31.0,1,24738
16329,Author_16329,1,31.0,1,24739
18552,Author_18552,1,31.0,2,24740
18881,Author_18881,1,31.0,1,24741
20771,Author_20771,1,31.0,1,24742
24041,Author_24041,1,31.0,2,24743
26271,Author_26271,1,31.0,1,24744
26902,Author_26902,1,31.0,1,24745
28337,Author_28337,1,31.0,2,24746
699,Author_00699,1,30.0,1,24747
993,Author_00993,1,30.0,1,24748
2427,Author_02427,1,30.0,1,24749
6820,Author_06820,1,30.0,3,24750
10231,Author_10231,1,30.0,3,24751
12728,Author_12728,1,30.0,2,24752
14597,Author_14597,1,30.0,1,24753
16689,Author_16689,1,30.0,1,24754
18632,Author_18632,1,30.0,1,24755
19833,Author_19833,1,30.0,1,24756
20208,Author_20208,1,30.0,1,24757
22298,Author_22298,1,30.0,1,24758
24499,Author_24499,1,30.0,1,24759
27552,Author_27552,1,30.0,1,24760
27657,Author_27657,1,30.0,2,24761
29659,Author_29659,1,30.0,2,24762
2003,Author_02003,1,29.0,1,24763
3464,Author_03464,1,29.0,1,24764
4476,Author_04476,1,29.0,2,24765
6890,Author_06890,1,29.0,1,24766
7392,Author_07392,1,29.0,1,24767
7879,Author_07879,1,29.0,1,24768
10264,Author_10264,1,29.0,2,24769
11177,Author_11177,1,29.0,2,24770
16065,Author_16065,1,29.0,2,24771
18478,Author_18478,1,29.0,2,24772
19944,Author_19944,1,29.0,1,24773
20919,Author_20919,1,29.0,1,24774
21333,Author_21333,1,29.0,2,24775
21841,Author_21841,1,29.0,1,24776
23497,Author_23497,1,29.0,3,24777
23977,Author_23977,1,29.0,1,24778
26699,Author_26699,1,29.0,1,24779
29938,Author_29938,1,29.0,1,24780
601,Author_00601,1,28.0,2,24781
1292,Author_01292,1,28.0,1,24782
1518,Author_01518,1,28.0,1,24783
1988,Author_01988,1,28.0,1,24784
3848,Author_03848,1,28.0,1,24785
3987,Author_03987,1,28.0,2,24786
5115,Author_05115,1,28.0,3,24787
5655,Author_05655,1,28.0,1,24788
7103,Author_07103,1,28.0,2,24789
8587,Author_08587,1,28.0,1,24790
11818,Author_11818,1,28.0,1,24791
11966,Author_11966,1,28.0,1,24792
16772,Author_16772,1,28.0,2,24793
17418,Author_17418,1,28.0,1,24794
18154,Author_18154,1,28.0,1,24795
18456,Author_18456,1,28.0,1,24796
19718,Author_19718,1,28.0,1,24797
19863,Author_19863,1,28.0,2,24798
19865,Author_19865,1,28.0,1,24799
21021,Author_21021,1,28.0,2,24800
21990,Author_21990,1,28.0,2,24801
22880,Author_22880,1,28.0,1,24802
23477,Author_23477,1,28.0,1,24803
24012,Author_24012,1,28.0,1,24804
26554,Author_26554,1,28.0,3,24805
28082,Author_28082,1,28.0,1,24806
28168,Author_28168,1,28.0,1,24807
46,Author_00046,1,27.0,2,24808
1378,Author_01378,1,27.0,1,24809
1913,Author_01913,1,27.0,1,24810
2655,Author_02655,1,27.0,2,24811
3292,Author_03292,1,27.0,1,24812
3329,Author_03329,1,27.0,1,24813
4789,Author_04789,1,27.0,1,24814
5051,Author_05051,1,27.0,1,24815
5314,Author_05314,1,27.0,1,24816
5899,Author_05899,1,27.0,1,24817
7644,Author_07644,1,27.0,1,24818
8430,Author_08430,1,27.0,1,24819
10162,Author_10162,1,27.0,2,24820
12333,Author_12333,1,27.0,2,24821
13940,Author_13940,1,27.0,2,24822
15276,Author_15276,1,27.0,1,24823
15616,Author_15616,1,27.0,3,24824
15680,Author_15680,1,27.0,2,24825
19653,Author_19653,1,27.0,1,24826
21398,Author_21398,1,27.0,1,24827
22968,Author_22968,1,27.0,1,24828
23533,Author_23533,1,27.0,2,24829
24363,Author_24363,1,27.0,1,24830
625,Author_00625,1,26.0,1,24831
1181,Author_01181,1,26.0,1,24832
3234,Author_03234,1,26.0,1,24833
3750,Author_03750,1,26.0,3,24834
4126,Author_04126,1,26.0,1,24835
4134,Author_04134,1,26.0,1,24836
4278,Author_04278,1,26.0,1,24837
5129,Author_05129,1,26.0,1,24838
5780,Author_05780,1,26.0,1,24839
5806,Author_05806,1,26.0,2,24840
6735,Author_06735,1,26.0,2,24841
7558,Author_07558,1,26.0,2,24842
7602,Author_07602,1,26.0,1,24843
8050,Author_08050,1,26.0,1,24844
8071,Author_08071,1,26.0,1,24845
8280,Author_08280,1,26.0,1,24846
8795,Author_08795,1,26.0,1,24847
12203,Author_12203,1,26.0,2,24848
12206,Author_12206,1,26.0,1,24849
12220,Author_12220,1,26.0,1,24850
12427,Author_12427,1,26.0,1,24851
13501,Author_13501,1,26.0,2,24852
14240,Author_14240,1,26.0,2,24853
14657,Author_14657,1,26.0,1,24854
19985,Author_19985,1,26.0,2,24855
20567,Author_20567,1,26.0,2,24856
20990,Author_20990,1,26.0,4,24857
21421,Author_21421,1,26.0,1,24858
21456,Author_21456,1,26.0,1,24859
21742,Author_21742,1,26.0,1,24860
22819,Author_22819,1,26.0,1,24861
25128,Author_25128,1,26.0,1,24862
25791,Author_25791,1,26.0,2,24863
26240,Author_26240,1,26.0,1,24864
27765,Author_27765,1,26.0,2,24865
27781,Author_27781,1,26.0,1,24866
1861,Author_01861,1,25.0,1,24867
3649,Author_03649,1,25.0,1,24868
3851,Author_03851,1,25.0,1,24869
4614,Author_04614,1,25.0,1,24870
5610,Author_05610,1,25.0,1,24871
5750,Author_05750,1,25.0,1,24872
6144,Author_06144,1,25.0,1,24873
7714,Author_07714,1,25.0,1,24874
7724,Author_07724,1,25.0,1,24875
8120,Author_08120,1,25.0,4,24876
8242,Author_08242,1,25.0,1,24877
9366,Author_09366,1,25.0,1,24878
10586,Author_10586,1,25.0,3,24879
12702,Author_12702,1,25.0,2,24880
15201,Author_15201,1,25.0,1,24881
17650,Author_17650,1,25.0,2,24882
20375,Author_20375,1,25.0,2,24883
20785,Author_20785,1,25.0,2,24884
21286,Author_21286,1,25.0,2,24885
21396,Author_21396,1,25.0,1,24886
21699,Author_21699,1,25.0,1,24887
21787,Author_21787,1,25.0,1,24888
21852,Author_21852,1,25.0,1,24889
21988,Author_21988,1,25.0,1,24890
22221,Author_22221,1,25.0,1,24891
22406,Author_22406,1,25.0,1,24892
22841,Author_22841,1,25.0,1,24893
23912,Author_23912,1,25.0,1,24894
24220,Author_24220,1,25.0,1,24895
24412,Author_24412,1,25.0,1,24896
25009,Author_25009,1,25.0,2,24897
26039,Author_26039,1,25.0,2,24898
26101,Author_26101,1,25.0,2,24899
26757,Author_26757,1,25.0,1,24900
28527,Author_28527,1,25.0,1,24901
700,Author_00700,1,24.0,1,24902
1851,Author_01851,1,24.0,1,24903
4260,Author_04260,1,24.0,1,24904
5330,Author_05330,1,24.0,1,24905
6126,Author_06126,1,24.0,2,24906
6940,Author_06940,1,24.0,1,24907
7032,Author_07032,1,24.0,3,24908
8588,Author_08588,1,24.0,2,24909
8627,Author_08627,1,24.0,1,24910
12538,Author_12538,1,24.0,2,24911
12943,Author_12943,1,24.0,1,24912
13556,Author_13556,1,24.0,1,24913
14789,Author_14789,1,24.0,1,24914
14807,Author_14807,1,24.0,1,24915
17424,Author_17424,1,24.0,1,24916
18405,Author_18405,1,24.0,2,24917
18962,Author_18962,1,24.0,1,24918
20889,Author_20889,1,24.0,5,24919
21478,Author_21478,1,24.0,1,24920
22305,Author_22305,1,24.0,1,24921
22315,Author_22315,1,24.0,1,24922
24600,Author_24600,1,24.0,1,24923
24902,Author_24902,1,24.0,1,24924
25872,Author_25872,1,24.0,1,24925
26818,Author_26818,1,24.0,2,24926
27159,Author_27159,1,24.0,1,24927
28037,Author_28037,1,24.0,1,24928
29344,Author_29344,1,24.0,2,24929
1005,Author_01005,1,23.0,1,24930
1191,Author_01191,1,23.0,1,24931
1506,Author_01506,1,23.0,2,24932
2511,Author_02511,1,23.0,1,24933
3136,Author_03136,1,23.0,1,24934
3491,Author_03491,1,23.0,1,24935
3624,Author_03624,1,23.0,1,24936
3850,Author_03850,1,23.0,2,24937
4209,Author_04209,1,23.0,2,24938
5488,Author_05488,1,23.0,1,24939
5833,Author_05833,1,23.0,1,24940
6065,Author_06065,1,23.0,2,24941
6537,Author_06537,1,23.0,1,24942
6927,Author_06927,1,23.0,3,24943
7445,Author_07445,1,23.0,1,24944
8101,Author_08101,1,23.0,1,24945
9786,Author_09786,1,23.0,1,24946
10300,Author_10300,1,23.0,2,24947
13321,Author_13321,1,23.0,1,24948
13522,Author_13522,1,23.0,2,24949
14089,Author_14089,1,23.0,2,24950
14844,Author_14844,1,23.0,1,24951
15422,Author_15422,1,23.0,3,24952
16635,Author_16635,1,23.0,1,24953
18487,Author_18487,1,23.0,1,24954
18531,Author_18531,1,23.0,2,24955
18854,Author_18854,1,23.0,2,24956
19476,Author_19476,1,23.0,1,24957
19785,Author_19785,1,23.0,1,24958
20014,Author_20014,1,23.0,1,24959
21028,Author_21028,1,23.0,1,24960
21631,Author_21631,1,23.0,1,24961
22633,Author_22633,1,23.0,1,24962
22809,Author_22809,1,23.0,1,24963
23373,Author_23373,1,23.0,1,24964
23626,Author_23626,1,23.0,1,24965
24115,Author_24115,1,23.0,1,24966
25846,Author_25846,1,23.0,2,24967
26632,Author_26632,1,23.0,1,24968
27869,Author_27869,1,23.0,2,24969
28281,Author_28281,1,23.0,1,24970
28953,Author_28953,1,23.0,2,24971
29381,Author_29381,1,23.0,1,24972
388,Author_00388,1,22.0,1,24973
775,Author_00775,1,22.0,1,24974
1151,Author_01151,1,22.0,1,24975
1206,Author_01206,1,22.0,2,24976
1560,Author_01560,1,22.0,1,24977
3516,Author_03516,1,22.0,2,24978
7777,Author_07777,1,22.0,2,24979
9000,Author_09000,1,22.0,1,24980
9454,Author_09454,1,22.0,2,24981
10852,Author_10852,1,22.0,1,24982
10961,Author_10961,1,22.0,1,24983
11209,Author_11209,1,22.0,2,24984
11382,Author_11382,1,22.0,1,24985
11640,Author_11640,1,22.0,1,24986
12786,Author_12786,1,22.0,2,24987
13206,Author_13206,1,22.0,4,24988
13548,Author_13548,1,22.0,3,24989
14547,Author_14547,1,22.0,1,24990
17653,Author_17653,1,22.0,1,24991
17929,Author_17929,1,22.0,1,24992
18034,Author_18034,1,22.0,1,24993
18527,Author_18527,1,22.0,1,24994
18705,Author_18705,1,22.0,1,24995
18712,Author_18712,1,22.0,1,24996
21788,Author_21788,1,22.0,1,24997
21947,Author_21947,1,22.0,1,24998
22667,Author_22667,1,22.0,1,24999
23389,Author_23389,1,22.0,1,25000
25065,Author_25065,1,22.0,2,25001
25289,Author_25289,1,22.0,1,25002
26265,Author_26265,1,22.0,1,25003
27165,Author_27165,1,22.0,3,25004
28211,Author_28211,1,22.0,2,25005
28867,Author_28867,1,22.0,1,25006
29478,Author_29478,1,22.0,1,25007
2643,Author_02643,1,21.0,1,25008
3965,Author_03965,1,21.0,1,25009
4037,Author_04037,1,21.0,1,25010
4247,Author_04247,1,21.0,1,25011
5265,Author_05265,1,21.0,1,25012
5595,Author_05595,1,21.0,1,25013
7316,Author_07316,1,21.0,5,25014
8160,Author_08160,1,21.0,2,25015
9905,Author_09905,1,21.0,2,25016
10350,Author_10350,1,21.0,1,25017
11025,Author_11025,1,21.0,2,25018
12253,Author_12253,1,21.0,1,25019
12415,Author_12415,1,21.0,1,25020
13934,Author_13934,1,21.0,2,25021
17286,Author_17286,1,21.0,4,25022
17908,Author_17908,1,21.0,1,25023
17989,Author_17989,1,21.0,4,25024
22013,Author_22013,1,21.0,2,25025
24143,Author_24143,1,21.0,1,25026
24344,Author_24344,1,21.0,1,25027
25168,Author_25168,1,21.0,1,25028
26115,Author_26115,1,21.0,1,25029
26295,Author_26295,1,21.0,1,25030
1600,Author_01600,1,20.0,1,25031
1698,Author_01698,1,20.0,2,25032
2307,Author_02307,1,20.0,2,25033
2539,Author_02539,1,20.0,1,25034
2803,Author_02803,1,20.0,2,25035
4024,Author_04024,1,20.0,1,25036
4129,Author_04129,1,20.0,2,25037
4705,Author_04705,1,20.0,1,25038
5198,Author_05198,1,20.0,1,25039
6025,Author_06025,1,20.0,1,25040
6371,Author_06371,1,20.0,1,25041
6855,Author_06855,1,20.0,1,25042
6893,Author_06893,1,20.0,1,25043
7522,Author_07522,1,20.0,2,25044
8162,Author_08162,1,20.0,3,25045
8224,Author_08224,1,20.0,1,25046
8394,Author_08394,1,20.0,1,25047
8685,Author_08685,1,20.0,1,25048
8954,Author_08954,1,20.0,1,25049
9040,Author_09040,1,20.0,1,25050
9585,Author_09585,1,20.0,2,25051
9650,Author_09650,1,20.0,1,25052
9997,Author_09997,1,20.0,2,25053
10950,Author_10950,1,20.0,5,25054
11266,Author_11266,1,20.0,2,25055
12136,Author_12136,1,20.0,1,25056
12217,Author_12217,1,20.0,3,25057
12278,Author_12278,1,20.0,2,25058
12431,Author_12431,1,20.0,1,25059
12457,Author_12457,1,20.0,2,25060
13269,Author_13269,1,20.0,1,25061
13278,Author_13278,1,20.0,2,25062
13554,Author_13554,1,20.0,1,25063
13674,Author_13674,1,20.0,2,25064
14058,Author_14058,1,20.0,1,25065
14073,Author_14073,1,20.0,1,25066
14971,Author_14971,1,20.0,2,25067
16767,Author_16767,1,20.0,2,25068
17965,Author_17965,1,20.0,2,25069
17992,Author_17992,1,20.0,2,25070
20371,Author_20371,1,20.0,1,25071
20960,Author_20960,1,20.0,1,25072
21154,Author_21154,1,20.0,2,25073
21612,Author_21612,1,20.0,2,25074
24297,Author_24297,1,20.0,1,25075
25620,Author_25620,1,20.0,2,25076
28852,Author_28852,1,20.0,2,25077
29706,Author_29706,1,20.0,1,25078
1019,Author_01019,1,19.0,2,25079
1719,Author_01719,1,19.0,2,25080
1904,Author_01904,1,19.0,1,25081
2380,Author_02380,1,19.0,1,25082
2900,Author_02900,1,19.0,2,25083
3342,Author_03342,1,19.0,1,25084
4488,Author_04488,1,19.0,1,25085
4489,Author_04489,1,19.0,1,25086
4756,Author_04756,1,19.0,1,25087
5557,Author_05557,1,19.0,1,25088
8304,Author_08304,1,19.0,2,25089
8897,Author_08897,1,19.0,1,25090
8957,Author_08957,1,19.0,1,25091
10193,Author_10193,1,19.0,1,25092
10920,Author_10920,1,19.0,1,25093
12647,Author_12647,1,19.0,2,25094
12896,Author_12896,1,19.0,1,25095
13976,Author_13976,1,19.0,1,25096
14099,Author_14099,1,19.0,1,25097
14603,Author_14603,1,19.0,1,25098
14800,Author_14800,1,19.0,1,25099
15279,Author_15279,1,19.0,1,25100
16443,Author_16443,1,19.0,1,25101
17160,Author_17160,1,19.0,1,25102
17828,Author_17828,1,19.0,1,25103
19073,Author_19073,1,19.0,1,25104
19455,Author_19455,1,19.0,2,25105
20472,Author_20472,1,19.0,2,25106
20713,Author_20713,1,19.0,1,25107
21582,Author_21582,1,19.0,1,25108
21886,Author_21886,1,19.0,1,25109
23118,Author_23118,1,19.0,2,25110
23264,Author_23264,1,19.0,3,25111
23368,Author_23368,1,19.0,2,25112
25845,Author_25845,1,19.0,1,25113
25915,Author_25915,1,19.0,3,25114
25919,Author_25919,1,19.0,1,25115
26399,Author_26399,1,19.0,2,25116
26907,Author_26907,1,19.0,4,25117
28312,Author_28312,1,19.0,1,25118
28519,Author_28519,1,19.0,1,25119
28569,Author_28569,1,19.0,2,25120
28725,Author_28725,1,19.0,1,25121
688,Author_00688,1,18.0,2,25122
1427,Author_01427,1,18.0,1,25123
1569,Author_01569,1,18.0,2,25124
2282,Author_02282,1,18.0,3,25125
3315,Author_03315,1,18.0,1,25126
4320,Author_04320,1,18.0,1,25127
4584,Author_04584,1,18.0,1,25128
5213,Author_05213,1,18.0,1,25129
5389,Author_05389,1,18.0,2,25130
5479,Author_05479,1,18.0,1,25131
6355,Author_06355,1,18.0,2,25132
7360,Author_07360,1,18.0,1,25133
7952,Author_07952,1,18.0,2,25134
8502,Author_08502,1,18.0,1,25135
9653,Author_09653,1,18.0,2,25136
10795,Author_10795,1,18.0,4,25137
12393,Author_12393,1,18.0,1,25138
13536,Author_13536,1,18.0,1,25139
13612,Author_13612,1,18.0,1,25140
13789,Author_13789,1,18.0,1,25141
13877,Author_13877,1,18.0,1,25142
13905,Author_13905,1,18.0,1,25143
13946,Author_13946,1,18.0,1,25144
14675,Author_14675,1,18.0,1,25145
15439,Author_15439,1,18.0,1,25146
16484,Author_16484,1,18.0,1,25147
17407,Author_17407,1,18.0,1,25148
17822,Author_17822,1,18.0,2,25149
17942,Author_17942,1,18.0,1,25150
17946,Author_17946,1,18.0,1,25151
18533,Author_18533,1,18.0,1,25152
19098,Author_19098,1,18.0,1,25153
20048,Author_20048,1,18.0,1,25154
20676,Author_20676,1,18.0,3,25155
21389,Author_21389,1,18.0,2,25156
22259,Author_22259,1,18.0,1,25157
22445,Author_22445,1,18.0,1,25158
24569,Author_24569,1,18.0,1,25159
25482,Author_25482,1,18.0,3,25160
25800,Author_25800,1,18.0,1,25161
26052,Author_26052,1,18.0,1,25162
26070,Author_26070,1,18.0,2,25163
26348,Author_26348,1,18.0,2,25164
26456,Author_26456,1,18.0,2,25165
27004,Author_27004,1,18.0,2,25166
27504,Author_27504,1,18.0,2,25167
28005,Author_28005,1,18.0,2,25168
29089,Author_29089,1,18.0,4,25169
29154,Author_29154,1,18.0,1,25170
1471,Author_01471,1,17.0,1,25171
1519,Author_01519,1,17.0,1,25172
1742,Author_01742,1,17.0,2,25173
1987,Author_01987,1,17.0,2,25174
3703,Author_03703,1,17.0,1,25175
4410,Author_04410,1,17.0,1,25176
5108,Author_05108,1,17.0,2,25177
5582,Author_05582,1,17.0,1,25178
5666,Author_05666,1,17.0,1,25179
5871,Author_05871,1,17.0,1,25180
6436,Author_06436,1,17.0,2,25181
6824,Author_06824,1,17.0,1,25182
7634,Author_07634,1,17.0,4,25183
7692,Author_07692,1,17.0,1,25184
8340,Author_08340,1,17.0,1,25185
10936,Author_10936,1,17.0,1,25186
12543,Author_12543,1,17.0,1,25187
13480,Author_13480,1,17.0,1,25188
16098,Author_16098,1,17.0,1,25189
16108,Author_16108,1,17.0,2,25190
16387,Author_16387,1,17.0,1,25191
17493,Author_17493,1,17.0,3,25192
17516,Author_17516,1,17.0,1,25193
18199,Author_18199,1,17.0,1,25194
18508,Author_18508,1,17.0,1,25195
19451,Author_19451,1,17.0,1,25196
19779,Author_19779,1,17.0,1,25197
20367,Author_20367,1,17.0,1,25198
20912,Author_20912,1,17.0,1,25199
21608,Author_21608,1,17.0,2,25200
21645,Author_21645,1,17.0,3,25201
21916,Author_21916,1,17.0,1,25202
21924,Author_21924,1,17.0,2,25203
23993,Author_23993,1,17.0,1,25204
24842,Author_24842,1,17.0,2,25205
24922,Author_24922,1,17.0,1,25206
25160,Author_25160,1,17.0,2,25207
25693,Author_25693,1,17.0,1,25208
26287,Author_26287,1,17.0,2,25209
26297,Author_26297,1,17.0,1,25210
26500,Author_26500,1,17.0,2,25211
26911,Author_26911,1,17.0,1,25212
28090,Author_28090,1,17.0,1,25213
28673,Author_28673,1,17.0,1,25214
29443,Author_29443,1,17.0,1,25215
29995,Author_29995,1,17.0,1,25216
191,Author_00191,1,16.0,1,25217
643,Author_00643,1,16.0,2,25218
968,Author_00968,1,16.0,1,25219
1871,Author_01871,1,16.0,1,25220
2127,Author_02127,1,16.0,1,25221
2853,Author_02853,1,16.0,2,25222
3256,Author_03256,1,16.0,2,25223
3454,Author_03454,1,16.0,3,25224
3614,Author_03614,1,16.0,1,25225
3877,Author_03877,1,16.0,1,25226
4511,Author_04511,1,16.0,2,25227
4554,Author_04554,1,16.0,1,25228
5239,Author_05239,1,16.0,1,25229
5435,Author_05435,1,16.0,2,25230
5870,Author_05870,1,16.0,1,25231
6016,Author_06016,1,16.0,1,25232
6913,Author_06913,1,16.0,1,25233
8486,Author_08486,1,16.0,1,25234
9069,Author_09069,1,16.0,1,25235
10949,Author_10949,1,16.0,2,25236
11135,Author_11135,1,16.0,1,25237
11652,Author_11652,1,16.0,1,25238
12130,Author_12130,1,16.0,2,25239
12730,Author_12730,1,16.0,1,25240
13810,Author_13810,1,16.0,1,25241
14543,Author_14543,1,16.0,1,25242
15857,Author_15857,1,16.0,1,25243
15873,Author_15873,1,16.0,1,25244
16049,Author_16049,1,16.0,1,25245
17846,Author_17846,1,16.0,1,25246
18007,Author_18007,1,16.0,1,25247
18616,Author_18616,1,16.0,1,25248
18674,Author_18674,1,16.0,1,25249
19037,Author_19037,1,16.0,1,25250
19423,Author_19423,1,16.0,1,25251
19610,Author_19610,1,16.0,1,25252
20040,Author_20040,1,16.0,2,25253
20466,Author_20466,1,16.0,1,25254
20519,Author_20519,1,16.0,1,25255
21452,Author_21452,1,16.0,1,25256
22437,Author_22437,1,16.0,1,25257
22726,Author_22726,1,16.0,1,25258
22915,Author_22915,1,16.0,2,25259
23273,Author_23273,1,16.0,2,25260
24036,Author_24036,1,16.0,1,25261
24848,Author_24848,1,16.0,1,25262
25177,Author_25177,1,16.0,1,25263
25679,Author_25679,1,16.0,1,25264
26258,Author_26258,1,16.0,1,25265
26361,Author_26361,1,16.0,1,25266
26396,Author_26396,1,16.0,1,25267
26490,Author_26490,1,16.0,1,25268
27885,Author_27885,1,16.0,1,25269
28908,Author_28908,1,16.0,1,25270
29134,Author_29134,1,16.0,2,25271
29188,Author_29188,1,16.0,1,25272
29534,Author_29534,1,16.0,1,25273
567,Author_00567,1,15.0,1,25274
1975,Author_01975,1,15.0,2,25275
2514,Author_02514,1,15.0,1,25276
3160,Author_03160,1,15.0,2,25277
3336,Author_03336,1,15.0,2,25278
3612,Author_03612,1,15.0,1,25279
5942,Author_05942,1,15.0,1,25280
7145,Author_07145,1,15.0,3,25281
7156,Author_07156,1,15.0,1,25282
7299,Author_07299,1,15.0,2,25283
7308,Author_07308,1,15.0,1,25284
8405,Author_08405,1,15.0,1,25285
10103,Author_10103,1,15.0,2,25286
10625,Author_10625,1,15.0,1,25287
10957,Author_10957,1,15.0,1,25288
12207,Author_12207,1,15.0,2,25289
13239,Author_13239,1,15.0,2,25290
14798,Author_14798,1,15.0,1,25291
14803,Author_14803,1,15.0,1,25292
16298,Author_16298,1,15.0,2,25293
16789,Author_16789,1,15.0,1,25294
16873,Author_16873,1,15.0,1,25295
17330,Author_17330,1,15.0,1,25296
17569,Author_17569,1,15.0,1,25297
17611,Author_17611,1,15.0,1,25298
18168,Author_18168,1,15.0,1,25299
18687,Author_18687,1,15.0,1,25300
19046,Author_19046,1,15.0,1,25301
19593,Author_19593,1,15.0,2,25302
19866,Author_19866,1,15.0,2,25303
21141,Author_21141,1,15.0,1,25304
21378,Author_21378,1,15.0,1,25305
21694,Author_21694,1,15.0,1,25306
21900,Author_21900,1,15.0,2,25307
21970,Author_21970,1,15.0,1,25308
23425,Author_23425,1,15.0,2,25309
23681,Author_23681,1,15.0,1,25310
24873,Author_24873,1,15.0,2,25311
25270,Author_25270,1,15.0,1,25312
25689,Author_25689,1,15.0,2,25313
25882,Author_25882,1,15.0,2,25314
26838,Author_26838,1,15.0,3,25315
28360,Author_28360,1,15.0,1,25316
29317,Author_29317,1,15.0,2,25317
29464,Author_29464,1,15.0,1,25318
29570,Author_29570,1,15.0,1,25319
1159,Author_01159,1,14.0,1,25320
1979,Author_01979,1,14.0,1,25321
2382,Author_02382,1,14.0,2,25322
2858,Author_02858,1,14.0,1,25323
3131,Author_03131,1,14.0,1,25324
3227,Author_03227,1,14.0,2,25325
3589,Author_03589,1,14.0,1,25326
4303,Author_04303,1,14.0,3,25327
5284,Author_05284,1,14.0,1,25328
5625,Author_05625,1,14.0,3,25329
5768,Author_05768,1,14.0,2,25330
7365,Author_07365,1,14.0,1,25331
7831,Author_07831,1,14.0,3,25332
8033,Author_08033,1,14.0,1,25333
8217,Author_08217,1,14.0,1,25334
9534,Author_09534,1,14.0,1,25335
9995,Author_09995,1,14.0,1,25336
11403,Author_11403,1,14.0,1,25337
11752,Author_11752,1,14.0,2,25338
12780,Author_12780,1,14.0,2,25339
12804,Author_12804,1,14.0,1,25340
12941,Author_12941,1,14.0,1,25341
13164,Author_13164,1,14.0,1,25342
13643,Author_13643,1,14.0,1,25343
13823,Author_13823,1,14.0,1,25344
14226,Author_14226,1,14.0,3,25345
14394,Author_14394,1,14.0,1,25346
14602,Author_14602,1,14.0,2,25347
15672,Author_15672,1,14.0,1,25348
15720,Author_15720,1,14.0,1,25349
15832,Author_15832,1,14.0,1,25350
16626,Author_16626,1,14.0,1,25351
18316,Author_18316,1,14.0,2,25352
18470,Author_18470,1,14.0,1,25353
18576,Author_18576,1,14.0,1,25354
18798,Author_18798,1,14.0,2,25355
18955,Author_18955,1,14.0,1,25356
19571,Author_19571,1,14.0,2,25357
19573,Author_19573,1,14.0,2,25358
20012,Author_20012,1,14.0,1,25359
20754,Author_20754,1,14.0,1,25360
21342,Author_21342,1,14.0,1,25361
21562,Author_21562,1,14.0,1,25362
22606,Author_22606,1,14.0,1,25363
22907,Author_22907,1,14.0,1,25364
23100,Author_23100,1,14.0,2,25365
23215,Author_23215,1,14.0,1,25366
23261,Author_23261,1,14.0,1,25367
23430,Author_23430,1,14.0,1,25368
23688,Author_23688,1,14.0,2,25369
25752,Author_25752,1,14.0,1,25370
27119,Author_27119,1,14.0,1,25371
27381,Author_27381,1,14.0,2,25372
27432,Author_27432,1,14.0,1,25373
27467,Author_27467,1,14.0,1,25374
27642,Author_27642,1,14.0,1,25375
28232,Author_28232,1,14.0,1,25376
29298,Author_29298,1,14.0,1,25377
29476,Author_29476,1,14.0,2,25378
29654,Author_29654,1,14.0,1,25379
29662,Author_29662,1,14.0,2,25380
29946,Author_29946,1,14.0,1,25381
49,Author_00049,1,13.0,1,25382
179,Author_00179,1,13.0,1,25383
301,Author_00301,1,13.0,2,25384
310,Author_00310,1,13.0,1,25385
381,Author_00381,1,13.0,1,25386
574,Author_00574,1,13.0,2,25387
1884,Author_01884,1,13.0,1,25388
2145,Author_02145,1,13.0,1,25389
2152,Author_02152,1,13.0,2,25390
2294,Author_02294,1,13.0,1,25391
2340,Author_02340,1,13.0,1,25392
2364,Author_02364,1,13.0,1,25393
3519,Author_03519,1,13.0,1,25394
4953,Author_04953,1,13.0,1,25395
5856,Author_05856,1,13.0,1,25396
6930,Author_06930,1,13.0,1,25397
8369,Author_08369,1,13.0,2,25398
8537,Author_08537,1,13.0,1,25399
8853,Author_08853,1,13.0,1,25400
9617,Author_09617,1,13.0,1,25401
10731,Author_10731,1,13.0,1,25402
11947,Author_11947,1,13.0,1,25403
12264,Author_12264,1,13.0,3,25404
12295,Author_12295,1,13.0,1,25405
13135,Author_13135,1,13.0,2,25406
13458,Author_13458,1,13.0,1,25407
14142,Author_14142,1,13.0,2,25408
15379,Author_15379,1,13.0,2,25409
15418,Author_15418,1,13.0,1,25410
15743,Author_15743,1,13.0,1,25411
16879,Author_16879,1,13.0,1,25412
17066,Author_17066,1,13.0,1,25413
17623,Author_17623,1,13.0,1,25414
18208,Author_18208,1,13.0,1,25415
18216,Author_18216,1,13.0,1,25416
18588,Author_18588,1,13.0,3,25417
18945,Author_18945,1,13.0,1,25418
19123,Author_19123,1,13.0,1,25419
19170,Author_19170,1,13.0,2,25420
19550,Author_19550,1,13.0,1,25421
19757,Author_19757,1,13.0,1,25422
19891,Author_19891,1,13.0,2,25423
19939,Author_19939,1,13.0,1,25424
20058,Author_20058,1,13.0,3,25425
20547,Author_20547,1,13.0,1,25426
21172,Author_21172,1,13.0,1,25427
22008,Author_22008,1,13.0,1,25428
22230,Author_22230,1,13.0,1,25429
22361,Author_22361,1,13.0,1,25430
22380,Author_22380,1,13.0,1,25431
22794,Author_22794,1,13.0,1,25432
23101,Author_23101,1,13.0,1,25433
23327,Author_23327,1,13.0,1,25434
23449,Author_23449,1,13.0,1,25435
24182,Author_24182,1,13.0,1,25436
24426,Author_24426,1,13.0,1,25437
25365,Author_25365,1,13.0,1,25438
25941,Author_25941,1,13.0,1,25439
26597,Author_26597,1,13.0,1,25440
27429,Author_27429,1,13.0,1,25441
27567,Author_27567,1,13.0,1,25442
28540,Author_28540,1,13.0,2,25443
29508,Author_29508,1,13.0,1,25444
717,Author_00717,1,12.0,1,25445
1396,Author_01396,1,12.0,1,25446
1914,Author_01914,1,12.0,1,25447
2030,Author_02030,1,12.0,1,25448
2732,Author_02732,1,12.0,2,25449
2808,Author_02808,1,12.0,1,25450
2978,Author_02978,1,12.0,1,25451
3466,Author_03466,1,12.0,1,25452
3549,Author_03549,1,12.0,2,25453
3590,Author_03590,1,12.0,1,25454
3838,Author_03838,1,12.0,1,25455
4076,Author_04076,1,12.0,2,25456
4161,Author_04161,1,12.0,1,25457
4804,Author_04804,1,12.0,2,25458
5534,Author_05534,1,12.0,1,25459
5759,Author_05759,1,12.0,2,25460
5817,Author_05817,1,12.0,1,25461
6602,Author_06602,1,12.0,1,25462
6690,Author_06690,1,12.0,1,25463
6916,Author_06916,1,12.0,2,25464
7548,Author_07548,1,12.0,3,25465
7825,Author_07825,1,12.0,2,25466
7985,Author_07985,1,12.0,1,25467
8564,Author_08564,1,12.0,1,25468
9021,Author_09021,1,12.0,1,25469
9032,Author_09032,1,12.0,1,25470
9068,Author_09068,1,12.0,2,25471
9712,Author_09712,1,12.0,1,25472
10025,Author_10025,1,12.0,1,25473
10040,Author_10040,1,12.0,2,25474
10204,Author_10204,1,12.0,1,25475
10417,Author_10417,1,12.0,2,25476
10993,Author_10993,1,12.0,2,25477
11250,Author_11250,1,12.0,1,25478
12234,Author_12234,1,12.0,1,25479
13197,Author_13197,1,12.0,1,25480
13457,Author_13457,1,12.0,3,25481
13487,Author_13487,1,12.0,1,25482
13886,Author_13886,1,12.0,1,25483
13916,Author_13916,1,12.0,1,25484
13943,Author_13943,1,12.0,1,25485
14461,Author_14461,1,12.0,3,25486
14470,Author_14470,1,12.0,2,25487
14552,Author_14552,1,12.0,2,25488
15460,Author_15460,1,12.0,1,25489
15473,Author_15473,1,12.0,2,25490
15540,Author_15540,1,12.0,2,25491
15922,Author_15922,1,12.0,2,25492
16454,Author_16454,1,12.0,1,25493
16824,Author_16824,1,12.0,1,25494
17656,Author_17656,1,12.0,1,25495
18155,Author_18155,1,12.0,1,25496
18618,Author_18618,1,12.0,2,25497
19152,Author_19152,1,12.0,1,25498
20113,Author_20113,1,12.0,1,25499
20125,Author_20125,1,12.0,2,25500
20318,Author_20318,1,12.0,2,25501
20799,Author_20799,1,12.0,3,25502
20952,Author_20952,1,12.0,1,25503
21890,Author_21890,1,12.0,2,25504
23631,Author_23631,1,12.0,1,25505
23703,Author_23703,1,12.0,1,25506
24611,Author_24611,1,12.0,2,25507
25481,Author_25481,1,12.0,1,25508
25677,Author_25677,1,12.0,1,25509
26296,Author_26296,1,12.0,1,25510
26612,Author_26612,1,12.0,1,25511
27734,Author_27734,1,12.0,1,25512
27886,Author_27886,1,12.0,2,25513
28906,Author_28906,1,12.0,2,25514
28959,Author_28959,1,12.0,1,25515
29714,Author_29714,1,12.0,2,25516
29759,Author_29759,1,12.0,1,25517
29808,Author_29808,1,12.0,1,25518
135,Author_00135,1,11.0,1,25519
327,Author_00327,1,11.0,1,25520
372,Author_00372,1,11.0,1,25521
705,Author_00705,1,11.0,1,25522
1050,Author_01050,1,11.0,1,25523
1066,Author_01066,1,11.0,2,25524
1689,Author_01689,1,11.0,1,25525
2452,Author_02452,1,11.0,1,25526
2459,Author_02459,1,11.0,2,25527
2628,Author_02628,1,11.0,1,25528
2798,Author_02798,1,11.0,1,25529
2842,Author_02842,1,11.0,1,25530
2938,Author_02938,1,11.0,1,25531
2943,Author_02943,1,11.0,1,25532
3357,Author_03357,1,11.0,3,25533
3737,Author_03737,1,11.0,1,25534
3778,Author_03778,1,11.0,1,25535
4125,Author_04125,1,11.0,1,25536
4299,Author_04299,1,11.0,1,25537
4685,Author_04685,1,11.0,1,25538
4686,Author_04686,1,11.0,2,25539
5326,Author_05326,1,11.0,1,25540
5372,Author_05372,1,11.0,2,25541
5555,Author_05555,1,11.0,1,25542
5850,Author_05850,1,11.0,1,25543
6645,Author_06645,1,11.0,2,25544
6675,Author_06675,1,11.0,2,25545
6778,Author_06778,1,11.0,1,25546
6849,Author_06849,1,11.0,5,25547
7069,Author_07069,1,11.0,1,25548
7105,Author_07105,1,11.0,6,25549
7481,Author_07481,1,11.0,2,25550
7898,Author_07898,1,11.0,1,25551
8959,Author_08959,1,11.0,1,25552
9424,Author_09424,1,11.0,2,25553
9571,Author_09571,1,11.0,1,25554
9628,Author_09628,1,11.0,1,25555
9747,Author_09747,1,11.0,1,25556
10908,Author_10908,1,11.0,1,25557
11060,Author_11060,1,11.0,2,25558
11267,Author_11267,1,11.0,2,25559
11444,Author_11444,1,11.0,2,25560
11685,Author_11685,1,11.0,2,25561
12263,Author_12263,1,11.0,3,25562
12304,Author_12304,1,11.0,1,25563
12616,Author_12616,1,11.0,2,25564
12712,Author_12712,1,11.0,2,25565
13237,Author_13237,1,11.0,1,25566
13642,Author_13642,1,11.0,3,25567
14340,Author_14340,1,11.0,1,25568
14349,Author_14349,1,11.0,1,25569
14615,Author_14615,1,11.0,1,25570
14743,Author_14743,1,11.0,2,25571
15775,Author_15775,1,11.0,3,25572
17208,Author_17208,1,11.0,1,25573
17298,Author_17298,1,11.0,2,25574
17356,Author_17356,1,11.0,2,25575
17457,Author_17457,1,11.0,2,25576
17819,Author_17819,1,11.0,1,25577
17904,Author_17904,1,11.0,1,25578
17923,Author_17923,1,11.0,2,25579
18540,Author_18540,1,11.0,1,25580
19669,Author_19669,1,11.0,1,25581
19856,Author_19856,1,11.0,1,25582
20205,Author_20205,1,11.0,1,25583
20274,Author_20274,1,11.0,2,25584
20326,Author_20326,1,11.0,1,25585
20776,Author_20776,1,11.0,1,25586
21280,Author_21280,1,11.0,2,25587
21416,Author_21416,1,11.0,2,25588
21627,Author_21627,1,11.0,3,25589
21797,Author_21797,1,11.0,1,25590
22295,Author_22295,1,11.0,1,25591
23192,Author_23192,1,11.0,1,25592
25013,Author_25013,1,11.0,3,25593
25045,Author_25045,1,11.0,2,25594
25078,Author_25078,1,11.0,3,25595
25155,Author_25155,1,11.0,1,25596
25252,Author_25252,1,11.0,1,25597
25484,Author_25484,1,11.0,5,25598
25700,Author_25700,1,11.0,1,25599
25819,Author_25819,1,11.0,2,25600
26012,Author_26012,1,11.0,1,25601
26033,Author_26033,1,11.0,1,25602
26122,Author_26122,1,11.0,2,25603
26136,Author_26136,1,11.0,2,25604
26159,Author_26159,1,11.0,1,25605
26718,Author_26718,1,11.0,2,25606
27099,Author_27099,1,11.0,1,25607
27601,Author_27601,1,11.0,2,25608
27699,Author_27699,1,11.0,1,25609
27790,Author_27790,1,11.0,3,25610
28266,Author_28266,1,11.0,1,25611
28480,Author_28480,1,11.0,4,25612
28490,Author_28490,1,11.0,1,25613
28729,Author_28729,1,11.0,1,25614
28869,Author_28869,1,11.0,2,25615
29044,Author_29044,1,11.0,2,25616
29251,Author_29251,1,11.0,1,25617
29565,Author_29565,1,11.0,1,25618
692,Author_00692,1,10.0,2,25619
710,Author_00710,1,10.0,1,25620
1104,Author_01104,1,10.0,2,25621
1152,Author_01152,1,10.0,4,25622
1331,Author_01331,1,10.0,1,25623
1926,Author_01926,1,10.0,1,25624
2001,Author_02001,1,10.0,2,25625
2388,Author_02388,1,10.0,1,25626
2531,Author_02531,1,10.0,2,25627
3185,Author_03185,1,10.0,3,25628
3566,Author_03566,1,10.0,1,25629
3862,Author_03862,1,10.0,1,25630
4739,Author_04739,1,10.0,1,25631
5016,Author_05016,1,10.0,2,25632
5127,Author_05127,1,10.0,2,25633
5624,Author_05624,1,10.0,1,25634
5869,Author_05869,1,10.0,4,25635
5886,Author_05886,1,10.0,1,25636
6007,Author_06007,1,10.0,1,25637
6295,Author_06295,1,10.0,2,25638
6297,Author_06297,1,10.0,2,25639
6559,Author_06559,1,10.0,2,25640
6592,Author_06592,1,10.0,1,25641
6933,Author_06933,1,10.0,1,25642
6958,Author_06958,1,10.0,1,25643
7161,Author_07161,1,10.0,1,25644
7202,Author_07202,1,10.0,1,25645
7286,Author_07286,1,10.0,1,25646
7748,Author_07748,1,10.0,2,25647
8626,Author_08626,1,10.0,1,25648
8702,Author_08702,1,10.0,1,25649
9282,Author_09282,1,10.0,1,25650
9343,Author_09343,1,10.0,1,25651
9800,Author_09800,1,10.0,1,25652
9830,Author_09830,1,10.0,1,25653
9862,Author_09862,1,10.0,1,25654
10448,Author_10448,1,10.0,3,25655
10768,Author_10768,1,10.0,1,25656
11355,Author_11355,1,10.0,1,25657
12359,Author_12359,1,10.0,1,25658
12756,Author_12756,1,10.0,2,25659
12759,Author_12759,1,10.0,2,25660
12932,Author_12932,1,10.0,1,25661
13085,Author_13085,1,10.0,2,25662
13778,Author_13778,1,10.0,2,25663
14572,Author_14572,1,10.0,1,25664
14689,Author_14689,1,10.0,2,25665
15266,Author_15266,1,10.0,1,25666
15346,Author_15346,1,10.0,1,25667
15360,Author_15360,1,10.0,1,25668
15813,Author_15813,1,10.0,1,25669
16680,Author_16680,1,10.0,1,25670
16999,Author_16999,1,10.0,1,25671
17163,Author_17163,1,10.0,2,25672
17517,Author_17517,1,10.0,1,25673
17558,Author_17558,1,10.0,2,25674
17976,Author_17976,1,10.0,1,25675
18140,Author_18140,1,10.0,3,25676
18422,Author_18422,1,10.0,1,25677
18532,Author_18532,1,10.0,2,25678
18888,Author_18888,1,10.0,1,25679
18941,Author_18941,1,10.0,1,25680
18997,Author_18997,1,10.0,1,25681
19067,Author_19067,1,10.0,1,25682
19389,Author_19389,1,10.0,1,25683
19624,Author_19624,1,10.0,2,25684
20064,Author_20064,1,10.0,1,25685
20271,Author_20271,1,10.0,2,25686
20843,Author_20843,1,10.0,2,25687
21316,Author_21316,1,10.0,1,25688
21323,Author_21323,1,10.0,1,25689
21497,Author_21497,1,10.0,2,25690
21656,Author_21656,1,10.0,2,25691
22752,Author_22752,1,10.0,2,25692
23232,Author_23232,1,10.0,2,25693
23573,Author_23573,1,10.0,1,25694
23804,Author_23804,1,10.0,2,25695
23848,Author_23848,1,10.0,1,25696
24525,Author_24525,1,10.0,1,25697
24578,Author_24578,1,10.0,1,25698
24659,Author_24659,1,10.0,1,25699
24724,Author_24724,1,10.0,2,25700
24807,Author_24807,1,10.0,1,25701
25215,Author_25215,1,10.0,2,25702
26263,Author_26263,1,10.0,1,25703
26279,Author_26279,1,10.0,1,25704
26359,Author_26359,1,10.0,1,25705
26407,Author_26407,1,10.0,1,25706
26593,Author_26593,1,10.0,2,25707
27136,Author_27136,1,10.0,3,25708
27784,Author_27784,1,10.0,1,25709
28015,Author_28015,1,10.0,1,25710
28255,Author_28255,1,10.0,1,25711
28303,Author_28303,1,10.0,1,25712
28581,Author_28581,1,10.0,1,25713
28634,Author_28634,1,10.0,1,25714
28812,Author_28812,1,10.0,2,25715
29111,Author_29111,1,10.0,1,25716
29628,Author_29628,1,10.0,1,25717
29777,Author_29777,1,10.0,2,25718
1390,Author_01390,1,9.0,2,25719
1653,Author_01653,1,9.0,1,25720
1928,Author_01928,1,9.0,2,25721
2119,Author_02119,1,9.0,2,25722
2396,Author_02396,1,9.0,2,25723
2476,Author_02476,1,9.0,1,25724
2584,Author_02584,1,9.0,1,25725
3512,Author_03512,1,9.0,1,25726
4288,Author_04288,1,9.0,1,25727
4610,Author_04610,1,9.0,1,25728
5412,Author_05412,1,9.0,1,25729
5542,Author_05542,1,9.0,2,25730
5565,Author_05565,1,9.0,1,25731
6512,Author_06512,1,9.0,3,25732
6557,Author_06557,1,9.0,1,25733
6706,Author_06706,1,9.0,1,25734
6802,Author_06802,1,9.0,1,25735
7477,Author_07477,1,9.0,3,25736
7541,Author_07541,1,9.0,1,25737
7664,Author_07664,1,9.0,1,25738
7814,Author_07814,1,9.0,1,25739
8052,Author_08052,1,9.0,2,25740
8311,Author_08311,1,9.0,1,25741
8414,Author_08414,1,9.0,2,25742
8447,Author_08447,1,9.0,2,25743
10609,Author_10609,1,9.0,1,25744
11392,Author_11392,1,9.0,3,25745
11597,Author_11597,1,9.0,1,25746
11974,Author_11974,1,9.0,1,25747
12074,Author_12074,1,9.0,1,25748
12768,Author_12768,1,9.0,1,25749
12878,Author_12878,1,9.0,1,25750
13036,Author_13036,1,9.0,2,25751
13829,Author_13829,1,9.0,1,25752
14227,Author_14227,1,9.0,1,25753
14283,Author_14283,1,9.0,1,25754
14778,Author_14778,1,9.0,1,25755
15111,Author_15111,1,9.0,1,25756
15135,Author_15135,1,9.0,1,25757
15495,Author_15495,1,9.0,3,25758
15509,Author_15509,1,9.0,1,25759
15515,Author_15515,1,9.0,3,25760
15809,Author_15809,1,9.0,1,25761
16034,Author_16034,1,9.0,1,25762
16243,Author_16243,1,9.0,1,25763
16963,Author_16963,1,9.0,2,25764
17304,Author_17304,1,9.0,1,25765
17851,Author_17851,1,9.0,1,25766
18859,Author_18859,1,9.0,1,25767
19173,Author_19173,1,9.0,1,25768
19177,Author_19177,1,9.0,1,25769
19596,Author_19596,1,9.0,1,25770
20248,Author_20248,1,9.0,3,25771
20458,Author_20458,1,9.0,2,25772
20560,Author_20560,1,9.0,1,25773
20729,Author_20729,1,9.0,4,25774
21618,Author_21618,1,9.0,1,25775
21668,Author_21668,1,9.0,1,25776
21767,Author_21767,1,9.0,1,25777
21971,Author_21971,1,9.0,2,25778
22346,Author_22346,1,9.0,1,25779
22495,Author_22495,1,9.0,1,25780
22529,Author_22529,1,9.0,1,25781
22777,Author_22777,1,9.0,1,25782
23129,Author_23129,1,9.0,1,25783
23724,Author_23724,1,9.0,1,25784
23989,Author_23989,1,9.0,1,25785
24886,Author_24886,1,9.0,1,25786
25049,Author_25049,1,9.0,1,25787
25331,Author_25331,1,9.0,1,25788
25838,Author_25838,1,9.0,2,25789
26150,Author_26150,1,9.0,1,25790
26191,Author_26191,1,9.0,1,25791
26218,Author_26218,1,9.0,3,25792
26475,Author_26475,1,9.0,1,25793
26496,Author_26496,1,9.0,2,25794
27243,Author_27243,1,9.0,2,25795
27347,Author_27347,1,9.0,1,25796
27841,Author_27841,1,9.0,1,25797
27950,Author_27950,1,9.0,1,25798
28171,Author_28171,1,9.0,2,25799
28478,Author_28478,1,9.0,1,25800
28621,Author_28621,1,9.0,2,25801
28751,Author_28751,1,9.0,2,25802
29805,Author_29805,1,9.0,1,25803
63,Author_00063,1,8.0,1,25804
213,Author_00213,1,8.0,2,25805
220,Author_00220,1,8.0,1,25806
285,Author_00285,1,8.0,3,25807
938,Author_00938,1,8.0,1,25808
1139,Author_01139,1,8.0,2,25809
1604,Author_01604,1,8.0,1,25810
1748,Author_01748,1,8.0,1,25811
1859,Author_01859,1,8.0,1,25812
2133,Author_02133,1,8.0,1,25813
2196,Author_02196,1,8.0,2,25814
2231,Author_02231,1,8.0,2,25815
2416,Author_02416,1,8.0,4,25816
2797,Author_02797,1,8.0,1,25817
3029,Author_03029,1,8.0,1,25818
3435,Author_03435,1,8.0,2,25819
3526,Author_03526,1,8.0,1,25820
3688,Author_03688,1,8.0,2,25821
3794,Author_03794,1,8.0,1,25822
3905,Author_03905,1,8.0,2,25823
4653,Author_04653,1,8.0,2,25824
5466,Author_05466,1,8.0,3,25825
5619,Author_05619,1,8.0,1,25826
5732,Author_05732,1,8.0,2,25827
5920,Author_05920,1,8.0,1,25828
5939,Author_05939,1,8.0,1,25829
6129,Author_06129,1,8.0,1,25830
6351,Author_06351,1,8.0,1,25831
6611,Author_06611,1,8.0,1,25832
6670,Author_06670,1,8.0,2,25833
7080,Author_07080,1,8.0,1,25834
7143,Author_07143,1,8.0,1,25835
7341,Author_07341,1,8.0,1,25836
7452,Author_07452,1,8.0,1,25837
7600,Author_07600,1,8.0,1,25838
7633,Author_07633,1,8.0,1,25839
7812,Author_07812,1,8.0,2,25840
8053,Author_08053,1,8.0,1,25841
9115,Author_09115,1,8.0,1,25842
9135,Author_09135,1,8.0,1,25843
9318,Author_09318,1,8.0,1,25844
9320,Author_09320,1,8.0,2,25845
9469,Author_09469,1,8.0,2,25846
9633,Author_09633,1,8.0,1,25847
9950,Author_09950,1,8.0,1,25848
10565,Author_10565,1,8.0,2,25849
10710,Author_10710,1,8.0,1,25850
11883,Author_11883,1,8.0,3,25851
11983,Author_11983,1,8.0,1,25852
12312,Author_12312,1,8.0,1,25853
12530,Author_12530,1,8.0,1,25854
12701,Author_12701,1,8.0,1,25855
13086,Author_13086,1,8.0,1,25856
13205,Author_13205,1,8.0,4,25857
13362,Author_13362,1,8.0,1,25858
13519,Author_13519,1,8.0,1,25859
13564,Author_13564,1,8.0,1,25860
14108,Author_14108,1,8.0,2,25861
14238,Author_14238,1,8.0,3,25862
14628,Author_14628,1,8.0,1,25863
15171,Author_15171,1,8.0,1,25864
15247,Author_15247,1,8.0,1,25865
15392,Author_15392,1,8.0,1,25866
15466,Author_15466,1,8.0,1,25867
15581,Author_15581,1,8.0,1,25868
15667,Author_15667,1,8.0,2,25869
15970,Author_15970,1,8.0,2,25870
16006,Author_16006,1,8.0,1,25871
16163,Author_16163,1,8.0,1,25872
17111,Author_17111,1,8.0,2,25873
17991,Author_17991,1,8.0,2,25874
18442,Author_18442,1,8.0,1,25875
18710,Author_18710,1,8.0,1,25876
19359,Author_19359,1,8.0,1,25877
19468,Author_19468,1,8.0,1,25878
19525,Author_19525,1,8.0,1,25879
19657,Author_19657,1,8.0,1,25880
20085,Author_20085,1,8.0,2,25881
20216,Author_20216,1,8.0,1,25882
20314,Author_20314,1,8.0,2,25883
20487,Author_20487,1,8.0,1,25884
21159,Author_21159,1,8.0,2,25885
21182,Author_21182,1,8.0,2,25886
21363,Author_21363,1,8.0,1,25887
21844,Author_21844,1,8.0,2,25888
22091,Author_22091,1,8.0,1,25889
22335,Author_22335,1,8.0,1,25890
22636,Author_22636,1,8.0,1,25891
22642,Author_22642,1,8.0,1,25892
22654,Author_22654,1,8.0,2,25893
22952,Author_22952,1,8.0,3,25894
23204,Author_23204,1,8.0,1,25895
23579,Author_23579,1,8.0,3,25896
24217,Author_24217,1,8.0,2,25897
25291,Author_25291,1,8.0,4,25898
25376,Author_25376,1,8.0,1,25899
25434,Author_25434,1,8.0,1,25900
26071,Author_26071,1,8.0,1,25901
26570,Author_26570,1,8.0,1,25902
26625,Author_26625,1,8.0,1,25903
27365,Author_27365,1,8.0,3,25904
27371,Author_27371,1,8.0,2,25905
27502,Author_27502,1,8.0,1,25906
27533,Author_27533,1,8.0,1,25907
27646,Author_27646,1,8.0,1,25908
27913,Author_27913,1,8.0,1,25909
27993,Author_27993,1,8.0,2,25910
28316,Author_28316,1,8.0,1,25911
28612,Author_28612,1,8.0,3,25912
29250,Author_29250,1,8.0,1,25913
29295,Author_29295,1,8.0,1,25914
29700,Author_29700,1,8.0,1,25915
29990,Author_29990,1,8.0,1,25916
604,Author_00604,1,7.0,2,25917
734,Author_00734,1,7.0,2,25918
871,Author_00871,1,7.0,3,25919
946,Author_00946,1,7.0,1,25920
1033,Author_01033,1,7.0,1,25921
1064,Author_01064,1,7.0,1,25922
1254,Author_01254,1,7.0,1,25923
1329,Author_01329,1,7.0,1,25924
1662,Author_01662,1,7.0,1,25925
1740,Author_01740,1,7.0,1,25926
2168,Author_02168,1,7.0,3,25927
2716,Author_02716,1,7.0,1,25928
2737,Author_02737,1,7.0,2,25929
2948,Author_02948,1,7.0,1,25930
3004,Author_03004,1,7.0,4,25931
3126,Author_03126,1,7.0,2,25932
3425,Author_03425,1,7.0,1,25933
3581,Author_03581,1,7.0,1,25934
3740,Author_03740,1,7.0,2,25935
4229,Author_04229,1,7.0,2,25936
4257,Author_04257,1,7.0,1,25937
4365,Author_04365,1,7.0,1,25938
4388,Author_04388,1,7.0,1,25939
4428,Author_04428,1,7.0,2,25940
4455,Author_04455,1,7.0,2,25941
5032,Author_05032,1,7.0,3,25942
5224,Author_05224,1,7.0,2,25943
5295,Author_05295,1,7.0,3,25944
5320,Author_05320,1,7.0,2,25945
5418,Author_05418,1,7.0,1,25946
5946,Author_05946,1,7.0,1,25947
6485,Author_06485,1,7.0,1,25948
6613,Author_06613,1,7.0,1,25949
6857,Author_06857,1,7.0,1,25950
7115,Author_07115,1,7.0,5,25951
7233,Author_07233,1,7.0,3,25952
7576,Author_07576,1,7.0,2,25953
7982,Author_07982,1,7.0,1,25954
8233,Author_08233,1,7.0,4,25955
8721,Author_08721,1,7.0,2,25956
8789,Author_08789,1,7.0,4,25957
9049,Author_09049,1,7.0,1,25958
9138,Author_09138,1,7.0,1,25959
9170,Author_09170,1,7.0,1,25960
9370,Author_09370,1,7.0,1,25961
9560,Author_09560,1,7.0,2,25962
9890,Author_09890,1,7.0,1,25963
10458,Author_10458,1,7.0,2,25964
10633,Author_10633,1,7.0,2,25965
10711,Author_10711,1,7.0,1,25966
10718,Author_10718,1,7.0,1,25967
10880,Author_10880,1,7.0,1,25968
11183,Author_11183,1,7.0,1,25969
12114,Author_12114,1,7.0,2,25970
12210,Author_12210,1,7.0,1,25971
12806,Author_12806,1,7.0,1,25972
12883,Author_12883,1,7.0,1,25973
13030,Author_13030,1,7.0,1,25974
13118,Author_13118,1,7.0,1,25975
13411,Author_13411,1,7.0,1,25976
13474,Author_13474,1,7.0,2,25977
13580,Author_13580,1,7.0,4,25978
13869,Author_13869,1,7.0,2,25979
13890,Author_13890,1,7.0,1,25980
14336,Author_14336,1,7.0,1,25981
14442,Author_14442,1,7.0,1,25982
15380,Author_15380,1,7.0,3,25983
15541,Author_15541,1,7.0,1,25984
15573,Author_15573,1,7.0,1,25985
15657,Author_15657,1,7.0,2,25986
15987,Author_15987,1,7.0,1,25987
16136,Author_16136,1,7.0,1,25988
16282,Author_16282,1,7.0,3,25989
16386,Author_16386,1,7.0,2,25990
16685,Author_16685,1,7.0,2,25991
16693,Author_16693,1,7.0,3,25992
16715,Author_16715,1,7.0,1,25993
16817,Author_16817,1,7.0,2,25994
16878,Author_16878,1,7.0,1,25995
16976,Author_16976,1,7.0,1,25996
17109,Author_17109,1,7.0,1,25997
17173,Author_17173,1,7.0,1,25998
17666,Author_17666,1,7.0,1,25999
17771,Author_17771,1,7.0,2,26000
17983,Author_17983,1,7.0,1,26001
17993,Author_17993,1,7.0,1,26002
18002,Author_18002,1,7.0,2,26003
18201,Author_18201,1,7.0,1,26004
18313,Author_18313,1,7.0,1,26005
18849,Author_18849,1,7.0,1,26006
19238,Author_19238,1,7.0,1,26007
19684,Author_19684,1,7.0,2,26008
19747,Author_19747,1,7.0,1,26009
19752,Author_19752,1,7.0,1,26010
19978,Author_19978,1,7.0,2,26011
20538,Author_20538,1,7.0,1,26012
20552,Author_20552,1,7.0,1,26013
20564,Author_20564,1,7.0,1,26014
20976,Author_20976,1,7.0,1,26015
21097,Author_21097,1,7.0,1,26016
21317,Author_21317,1,7.0,1,26017
21459,Author_21459,1,7.0,1,26018
21734,Author_21734,1,7.0,2,26019
21847,Author_21847,1,7.0,1,26020
22178,Author_22178,1,7.0,1,26021
22490,Author_22490,1,7.0,1,26022
22525,Author_22525,1,7.0,1,26023
22588,Author_22588,1,7.0,1,26024
23029,Author_23029,1,7.0,1,26025
23044,Author_23044,1,7.0,1,26026
23124,Author_23124,1,7.0,2,26027
23524,Author_23524,1,7.0,1,26028
23782,Author_23782,1,7.0,1,26029
23998,Author_23998,1,7.0,1,26030
24154,Author_24154,1,7.0,1,26031
24453,Author_24453,1,7.0,1,26032
25080,Author_25080,1,7.0,1,26033
25158,Author_25158,1,7.0,1,26034
25230,Author_25230,1,7.0,1,26035
25262,Author_25262,1,7.0,1,26036
25630,Author_25630,1,7.0,3,26037
25886,Author_25886,1,7.0,1,26038
25912,Author_25912,1,7.0,1,26039
26032,Author_26032,1,7.0,1,26040
26133,Author_26133,1,7.0,1,26041
26142,Author_26142,1,7.0,2,26042
26406,Author_26406,1,7.0,1,26043
26437,Author_26437,1,7.0,1,26044
26485,Author_26485,1,7.0,1,26045
26674,Author_26674,1,7.0,1,26046
27834,Author_27834,1,7.0,1,26047
27854,Author_27854,1,7.0,1,26048
28591,Author_28591,1,7.0,2,26049
28623,Author_28623,1,7.0,2,26050
29051,Author_29051,1,7.0,1,26051
29767,Author_29767,1,7.0,1,26052
512,Author_00512,1,6.0,1,26053
877,Author_00877,1,6.0,1,26054
1201,Author_01201,1,6.0,1,26055
1279,Author_01279,1,6.0,2,26056
1583,Author_01583,1,6.0,2,26057
1691,Author_01691,1,6.0,1,26058
1711,Author_01711,1,6.0,1,26059
2041,Author_02041,1,6.0,1,26060
2057,Author_02057,1,6.0,1,26061
2517,Author_02517,1,6.0,1,26062
2536,Author_02536,1,6.0,2,26063
3175,Author_03175,1,6.0,1,26064
3399,Author_03399,1,6.0,1,26065
3504,Author_03504,1,6.0,1,26066
3663,Author_03663,1,6.0,1,26067
3792,Author_03792,1,6.0,1,26068
4274,Author_04274,1,6.0,3,26069
4386,Author_04386,1,6.0,1,26070
4535,Author_04535,1,6.0,1,26071
4692,Author_04692,1,6.0,1,26072
5101,Author_05101,1,6.0,2,26073
5113,Author_05113,1,6.0,1,26074
5275,Author_05275,1,6.0,1,26075
5423,Author_05423,1,6.0,1,26076
5785,Author_05785,1,6.0,1,26077
5798,Author_05798,1,6.0,2,26078
5973,Author_05973,1,6.0,1,26079
6038,Author_06038,1,6.0,1,26080
6495,Author_06495,1,6.0,1,26081
6878,Author_06878,1,6.0,2,26082
7534,Author_07534,1,6.0,1,26083
7698,Author_07698,1,6.0,1,26084
8167,Author_08167,1,6.0,1,26085
8197,Author_08197,1,6.0,1,26086
8941,Author_08941,1,6.0,2,26087
9148,Author_09148,1,6.0,2,26088
9691,Author_09691,1,6.0,1,26089
10383,Author_10383,1,6.0,1,26090
10802,Author_10802,1,6.0,2,26091
11062,Author_11062,1,6.0,2,26092
11171,Author_11171,1,6.0,2,26093
11675,Author_11675,1,6.0,1,26094
12019,Author_12019,1,6.0,1,26095
12084,Author_12084,1,6.0,2,26096
12360,Author_12360,1,6.0,1,26097
12435,Author_12435,1,6.0,2,26098
12899,Author_12899,1,6.0,2,26099
13094,Author_13094,1,6.0,2,26100
13604,Author_13604,1,6.0,1,26101
13923,Author_13923,1,6.0,1,26102
14542,Author_14542,1,6.0,1,26103
14646,Author_14646,1,6.0,1,26104
14841,Author_14841,1,6.0,2,26105
15432,Author_15432,1,6.0,2,26106
15620,Author_15620,1,6.0,1,26107
15793,Author_15793,1,6.0,1,26108
15834,Author_15834,1,6.0,1,26109
15928,Author_15928,1,6.0,2,26110
16150,Author_16150,1,6.0,1,26111
16269,Author_16269,1,6.0,2,26112
16470,Author_16470,1,6.0,1,26113
17499,Author_17499,1,6.0,2,26114
17679,Author_17679,1,6.0,1,26115
17783,Author_17783,1,6.0,2,26116
17805,Author_17805,1,6.0,1,26117
18049,Author_18049,1,6.0,1,26118
18178,Author_18178,1,6.0,1,26119
18228,Author_18228,1,6.0,1,26120
18362,Author_18362,1,6.0,2,26121
18612,Author_18612,1,6.0,3,26122
18933,Author_18933,1,6.0,1,26123
18978,Author_18978,1,6.0,2,26124
20198,Author_20198,1,6.0,1,26125
20206,Author_20206,1,6.0,1,26126
20270,Author_20270,1,6.0,1,26127
20307,Author_20307,1,6.0,1,26128
20593,Author_20593,1,6.0,1,26129
21206,Author_21206,1,6.0,3,26130
21563,Author_21563,1,6.0,1,26131
21675,Author_21675,1,6.0,1,26132
21801,Author_21801,1,6.0,1,26133
21977,Author_21977,1,6.0,1,26134
22350,Author_22350,1,6.0,1,26135
22696,Author_22696,1,6.0,1,26136
22847,Author_22847,1,6.0,1,26137
22888,Author_22888,1,6.0,1,26138
23008,Author_23008,1,6.0,1,26139
23196,Author_23196,1,6.0,1,26140
23298,Author_23298,1,6.0,1,26141
23326,Author_23326,1,6.0,1,26142
23415,Author_23415,1,6.0,2,26143
23610,Author_23610,1,6.0,1,26144
24432,Author_24432,1,6.0,1,26145
24642,Author_24642,1,6.0,2,26146
24828,Author_24828,1,6.0,1,26147
25335,Author_25335,1,6.0,3,26148
25337,Author_25337,1,6.0,1,26149
25638,Author_25638,1,6.0,3,26150
25911,Author_25911,1,6.0,1,26151
25935,Author_25935,1,6.0,2,26152
26756,Author_26756,1,6.0,1,26153
26972,Author_26972,1,6.0,2,26154
27158,Author_27158,1,6.0,1,26155
27288,Author_27288,1,6.0,1,26156
27305,Author_27305,1,6.0,1,26157
27372,Author_27372,1,6.0,1,26158
27471,Author_27471,1,6.0,1,26159
27718,Author_27718,1,6.0,3,26160
28230,Author_28230,1,6.0,1,26161
28453,Author_28453,1,6.0,1,26162
28765,Author_28765,1,6.0,1,26163
28785,Author_28785,1,6.0,1,26164
28905,Author_28905,1,6.0,1,26165
29486,Author_29486,1,6.0,2,26166
29775,Author_29775,1,6.0,1,26167
29940,Author_29940,1,6.0,1,26168
113,Author_00113,1,5.0,1,26169
165,Author_00165,1,5.0,2,26170
200,Author_00200,1,5.0,1,26171
204,Author_00204,1,5.0,3,26172
245,Author_00245,1,5.0,1,26173
362,Author_00362,1,5.0,2,26174
425,Author_00425,1,5.0,1,26175
452,Author_00452,1,5.0,1,26176
647,Author_00647,1,5.0,1,26177
723,Author_00723,1,5.0,1,26178
1099,Author_01099,1,5.0,3,26179
1360,Author_01360,1,5.0,1,26180
1383,Author_01383,1,5.0,1,26181
1890,Author_01890,1,5.0,2,26182
1983,Author_01983,1,5.0,1,26183
2021,Author_02021,1,5.0,2,26184
2092,Author_02092,1,5.0,1,26185
2153,Author_02153,1,5.0,1,26186
2274,Author_02274,1,5.0,1,26187
2375,Author_02375,1,5.0,1,26188
2553,Author_02553,1,5.0,4,26189
2590,Author_02590,1,5.0,2,26190
2706,Author_02706,1,5.0,1,26191
2742,Author_02742,1,5.0,1,26192
2861,Author_02861,1,5.0,1,26193
3257,Author_03257,1,5.0,1,26194
3308,Author_03308,1,5.0,1,26195
3310,Author_03310,1,5.0,1,26196
3527,Author_03527,1,5.0,1,26197
3531,Author_03531,1,5.0,1,26198
3598,Author_03598,1,5.0,1,26199
3628,Author_03628,1,5.0,3,26200
3758,Author_03758,1,5.0,1,26201
3907,Author_03907,1,5.0,1,26202
4631,Author_04631,1,5.0,2,26203
4710,Author_04710,1,5.0,1,26204
4873,Author_04873,1,5.0,2,26205
5228,Author_05228,1,5.0,2,26206
5779,Author_05779,1,5.0,2,26207
6069,Author_06069,1,5.0,1,26208
6327,Author_06327,1,5.0,1,26209
6486,Author_06486,1,5.0,2,26210
6516,Author_06516,1,5.0,1,26211
6725,Author_06725,1,5.0,2,26212
6886,Author_06886,1,5.0,3,26213
7011,Author_07011,1,5.0,1,26214
7053,Author_07053,1,5.0,1,26215
7209,Author_07209,1,5.0,1,26216
7369,Author_07369,1,5.0,2,26217
7393,Author_07393,1,5.0,2,26218
7489,Author_07489,1,5.0,1,26219
7531,Author_07531,1,5.0,1,26220
7810,Author_07810,1,5.0,1,26221
7942,Author_07942,1,5.0,3,26222
8252,Author_08252,1,5.0,1,26223
8295,Author_08295,1,5.0,1,26224
8682,Author_08682,1,5.0,1,26225
8773,Author_08773,1,5.0,2,26226
9230,Author_09230,1,5.0,1,26227
9245,Author_09245,1,5.0,1,26228
9294,Author_09294,1,5.0,1,26229
9397,Author_09397,1,5.0,1,26230
9970,Author_09970,1,5.0,3,26231
10268,Author_10268,1,5.0,1,26232
10449,Author_10449,1,5.0,1,26233
10722,Author_10722,1,5.0,1,26234
10754,Author_10754,1,5.0,2,26235
10762,Author_10762,1,5.0,1,26236
11024,Author_11024,1,5.0,1,26237
11569,Author_11569,1,5.0,1,26238
11603,Author_11603,1,5.0,1,26239
11895,Author_11895,1,5.0,1,26240
12000,Author_12000,1,5.0,2,26241
12272,Author_12272,1,5.0,1,26242
12367,Author_12367,1,5.0,1,26243
12378,Author_12378,1,5.0,1,26244
12900,Author_12900,1,5.0,1,26245
13483,Author_13483,1,5.0,1,26246
13493,Author_13493,1,5.0,1,26247
13638,Author_13638,1,5.0,2,26248
13878,Author_13878,1,5.0,1,26249
14188,Author_14188,1,5.0,2,26250
14293,Author_14293,1,5.0,1,26251
14351,Author_14351,1,5.0,1,26252
14601,Author_14601,1,5.0,1,26253
14627,Author_14627,1,5.0,1,26254
14790,Author_14790,1,5.0,1,26255
15064,Author_15064,1,5.0,1,26256
15410,Author_15410,1,5.0,1,26257
15519,Author_15519,1,5.0,1,26258
15552,Author_15552,1,5.0,2,26259
15598,Author_15598,1,5.0,1,26260
15631,Author_15631,1,5.0,2,26261
15756,Author_15756,1,5.0,1,26262
15940,Author_15940,1,5.0,1,26263
15984,Author_15984,1,5.0,1,26264
16184,Author_16184,1,5.0,1,26265
16363,Author_16363,1,5.0,2,26266
16370,Author_16370,1,5.0,2,26267
16410,Author_16410,1,5.0,1,26268
16593,Author_16593,1,5.0,1,26269
16892,Author_16892,1,5.0,2,26270
17085,Author_17085,1,5.0,1,26271
17117,Author_17117,1,5.0,2,26272
17234,Author_17234,1,5.0,1,26273
17283,Author_17283,1,5.0,1,26274
17357,Author_17357,1,5.0,1,26275
17475,Author_17475,1,5.0,1,26276
17743,Author_17743,1,5.0,2,26277
18127,Author_18127,1,5.0,2,26278
18196,Author_18196,1,5.0,1,26279
18303,Author_18303,1,5.0,1,26280
18305,Author_18305,1,5.0,1,26281
18519,Author_18519,1,5.0,2,26282
19005,Author_19005,1,5.0,1,26283
19027,Author_19027,1,5.0,2,26284
19210,Author_19210,1,5.0,1,26285
19371,Author_19371,1,5.0,1,26286
20084,Author_20084,1,5.0,3,26287
20302,Author_20302,1,5.0,1,26288
20388,Author_20388,1,5.0,1,26289
20540,Author_20540,1,5.0,1,26290
20671,Author_20671,1,5.0,1,26291
20791,Author_20791,1,5.0,1,26292
20873,Author_20873,1,5.0,2,26293
20987,Author_20987,1,5.0,2,26294
21006,Author_21006,1,5.0,2,26295
21470,Author_21470,1,5.0,1,26296
21486,Author_21486,1,5.0,1,26297
21514,Author_21514,1,5.0,3,26298
21714,Author_21714,1,5.0,1,26299
22053,Author_22053,1,5.0,1,26300
22076,Author_22076,1,5.0,2,26301
22320,Author_22320,1,5.0,1,26302
22410,Author_22410,1,5.0,1,26303
22488,Author_22488,1,5.0,1,26304
22653,Author_22653,1,5.0,1,26305
22727,Author_22727,1,5.0,1,26306
23268,Author_23268,1,5.0,1,26307
23292,Author_23292,1,5.0,2,26308
23362,Author_23362,1,5.0,2,26309
23410,Author_23410,1,5.0,3,26310
23601,Author_23601,1,5.0,1,26311
23793,Author_23793,1,5.0,1,26312
23799,Author_23799,1,5.0,2,26313
24080,Author_24080,1,5.0,1,26314
24120,Author_24120,1,5.0,1,26315
24649,Author_24649,1,5.0,1,26316
24740,Author_24740,1,5.0,2,26317
24850,Author_24850,1,5.0,2,26318
24965,Author_24965,1,5.0,2,26319
24981,Author_24981,1,5.0,1,26320
25794,Author_25794,1,5.0,1,26321
26121,Author_26121,1,5.0,4,26322
26349,Author_26349,1,5.0,1,26323
26429,Author_26429,1,5.0,1,26324
26435,Author_26435,1,5.0,1,26325
26604,Author_26604,1,5.0,3,26326
26858,Author_26858,1,5.0,2,26327
27378,Author_27378,1,5.0,1,26328
27747,Author_27747,1,5.0,1,26329
27766,Author_27766,1,5.0,3,26330
27943,Author_27943,1,5.0,1,26331
27980,Author_27980,1,5.0,1,26332
28096,Author_28096,1,5.0,1,26333
28125,Author_28125,1,5.0,3,26334
28173,Author_28173,1,5.0,1,26335
28436,Author_28436,1,5.0,1,26336
28467,Author_28467,1,5.0,1,26337
28658,Author_28658,1,5.0,2,26338
28679,Author_28679,1,5.0,1,26339
28924,Author_28924,1,5.0,1,26340
29182,Author_29182,1,5.0,3,26341
29311,Author_29311,1,5.0,1,26342
29353,Author_29353,1,5.0,1,26343
29574,Author_29574,1,5.0,1,26344
29754,Author_29754,1,5.0,2,26345
29844,Author_29844,1,5.0,2,26346
29854,Author_29854,1,5.0,1,26347
29912,Author_29912,1,5.0,1,26348
29962,Author_29962,1,5.0,1,26349
4,Author_00004,1,4.0,2,26350
55,Author_00055,1,4.0,1,26351
341,Author_00341,1,4.0,2,26352
600,Author_00600,1,4.0,2,26353
718,Author_00718,1,4.0,1,26354
749,Author_00749,1,4.0,2,26355
1425,Author_01425,1,4.0,1,26356
1494,Author_01494,1,4.0,1,26357
1879,Author_01879,1,4.0,1,26358
1934,Author_01934,1,4.0,2,26359
2066,Author_02066,1,4.0,1,26360
2123,Author_02123,1,4.0,1,26361
2169,Author_02169,1,4.0,1,26362
2606,Author_02606,1,4.0,1,26363
2690,Author_02690,1,4.0,2,26364
2919,Author_02919,1,4.0,2,26365
3008,Author_03008,1,4.0,2,26366
3183,Author_03183,1,4.0,1,26367
3223,Author_03223,1,4.0,1,26368
3294,Author_03294,1,4.0,3,26369
3346,Author_03346,1,4.0,1,26370
3351,Author_03351,1,4.0,2,26371
3592,Author_03592,1,4.0,2,26372
3646,Author_03646,1,4.0,1,26373
3650,Author_03650,1,4.0,1,26374
3670,Author_03670,1,4.0,1,26375
3671,Author_03671,1,4.0,1,26376
3715,Author_03715,1,4.0,1,26377
3945,Author_03945,1,4.0,1,26378
3967,Author_03967,1,4.0,2,26379
3968,Author_03968,1,4.0,1,26380
3988,Author_03988,1,4.0,1,26381
4035,Author_04035,1,4.0,1,26382
4054,Author_04054,1,4.0,4,26383
4108,Author_04108,1,4.0,2,26384
4176,Author_04176,1,4.0,1,26385
4384,Author_04384,1,4.0,3,26386
4435,Author_04435,1,4.0,1,26387
4474,Author_04474,1,4.0,4,26388
4525,Author_04525,1,4.0,2,26389
4715,Author_04715,1,4.0,1,26390
5552,Author_05552,1,4.0,2,26391
5591,Author_05591,1,4.0,3,26392
6099,Author_06099,1,4.0,3,26393
6282,Author_06282,1,4.0,1,26394
6452,Author_06452,1,4.0,1,26395
6680,Author_06680,1,4.0,1,26396
7119,Author_07119,1,4.0,1,26397
7305,Author_07305,1,4.0,2,26398
7372,Author_07372,1,4.0,2,26399
7569,Author_07569,1,4.0,1,26400
8030,Author_08030,1,4.0,1,26401
8446,Author_08446,1,4.0,1,26402
9036,Author_09036,1,4.0,1,26403
9434,Author_09434,1,4.0,1,26404
9692,Author_09692,1,4.0,1,26405
9820,Author_09820,1,4.0,1,26406
9893,Author_09893,1,4.0,1,26407
10082,Author_10082,1,4.0,2,26408
10261,Author_10261,1,4.0,4,26409
10314,Author_10314,1,4.0,1,26410
10533,Author_10533,1,4.0,1,26411
10706,Author_10706,1,4.0,1,26412
10727,Author_10727,1,4.0,1,26413
10788,Author_10788,1,4.0,1,26414
10793,Author_10793,1,4.0,1,26415
11287,Author_11287,1,4.0,1,26416
11324,Author_11324,1,4.0,1,26417
11338,Author_11338,1,4.0,1,26418
11606,Author_11606,1,4.0,1,26419
11658,Author_11658,1,4.0,2,26420
11754,Author_11754,1,4.0,2,26421
12039,Author_12039,1,4.0,1,26422
12104,Author_12104,1,4.0,1,26423
12198,Author_12198,1,4.0,2,26424
12331,Author_12331,1,4.0,1,26425
12590,Author_12590,1,4.0,1,26426
12614,Author_12614,1,4.0,1,26427
12644,Author_12644,1,4.0,1,26428
12690,Author_12690,1,4.0,2,26429
12699,Author_12699,1,4.0,1,26430
12732,Author_12732,1,4.0,2,26431
12750,Author_12750,1,4.0,1,26432
12869,Author_12869,1,4.0,1,26433
12980,Author_12980,1,4.0,1,26434
13203,Author_13203,1,4.0,1,26435
13234,Author_13234,1,4.0,1,26436
13396,Author_13396,1,4.0,1,26437
13530,Author_13530,1,4.0,1,26438
13658,Author_13658,1,4.0,1,26439
13702,Author_13702,1,4.0,1,26440
13921,Author_13921,1,4.0,2,26441
14013,Author_14013,1,4.0,2,26442
14100,Author_14100,1,4.0,3,26443
14123,Author_14123,1,4.0,1,26444
14328,Author_14328,1,4.0,3,26445
14508,Author_14508,1,4.0,1,26446
14744,Author_14744,1,4.0,1,26447
14931,Author_14931,1,4.0,1,26448
14981,Author_14981,1,4.0,1,26449
15001,Author_15001,1,4.0,1,26450
15149,Author_15149,1,4.0,1,26451
15259,Author_15259,1,4.0,1,26452
15269,Author_15269,1,4.0,2,26453
15456,Author_15456,1,4.0,1,26454
15715,Author_15715,1,4.0,1,26455
15973,Author_15973,1,4.0,1,26456
16071,Author_16071,1,4.0,1,26457
16435,Author_16435,1,4.0,1,26458
16614,Author_16614,1,4.0,1,26459
16743,Author_16743,1,4.0,2,26460
16774,Author_16774,1,4.0,5,26461
17178,Author_17178,1,4.0,1,26462
17256,Author_17256,1,4.0,1,26463
17665,Author_17665,1,4.0,2,26464
17830,Author_17830,1,4.0,1,26465
17975,Author_17975,1,4.0,1,26466
18173,Author_18173,1,4.0,1,26467
18258,Author_18258,1,4.0,1,26468
18280,Author_18280,1,4.0,1,26469
18662,Author_18662,1,4.0,1,26470
18714,Author_18714,1,4.0,1,26471
18866,Author_18866,1,4.0,1,26472
19042,Author_19042,1,4.0,2,26473
19131,Author_19131,1,4.0,1,26474
19263,Author_19263,1,4.0,2,26475
19276,Author_19276,1,4.0,1,26476
19308,Author_19308,1,4.0,1,26477
19391,Author_19391,1,4.0,1,26478
19543,Author_19543,1,4.0,1,26479
19572,Author_19572,1,4.0,1,26480
19582,Author_19582,1,4.0,1,26481
20081,Author_20081,1,4.0,1,26482
20100,Author_20100,1,4.0,1,26483
20656,Author_20656,1,4.0,2,26484
20731,Author_20731,1,4.0,2,26485
20781,Author_20781,1,4.0,1,26486
20863,Author_20863,1,4.0,1,26487
21110,Author_21110,1,4.0,1,26488
21460,Author_21460,1,4.0,2,26489
21869,Author_21869,1,4.0,1,26490
21945,Author_21945,1,4.0,2,26491
22141,Author_22141,1,4.0,1,26492
22327,Author_22327,1,4.0,1,26493
22487,Author_22487,1,4.0,1,26494
22787,Author_22787,1,4.0,1,26495
22946,Author_22946,1,4.0,1,26496
23097,Author_23097,1,4.0,1,26497
23210,Author_23210,1,4.0,1,26498
23350,Author_23350,1,4.0,1,26499
23486,Author_23486,1,4.0,1,26500
23999,Author_23999,1,4.0,2,26501
24117,Author_24117,1,4.0,2,26502
24318,Author_24318,1,4.0,1,26503
24422,Author_24422,1,4.0,1,26504
24707,Author_24707,1,4.0,1,26505
24735,Author_24735,1,4.0,3,26506
24837,Author_24837,1,4.0,2,26507
25641,Author_25641,1,4.0,1,26508
25983,Author_25983,1,4.0,3,26509
26002,Author_26002,1,4.0,2,26510
26792,Author_26792,1,4.0,1,26511
27441,Author_27441,1,4.0,1,26512
27513,Author_27513,1,4.0,1,26513
27998,Author_27998,1,4.0,1,26514
28088,Author_28088,1,4.0,1,26515
28141,Author_28141,1,4.0,1,26516
28159,Author_28159,1,4.0,1,26517
28245,Author_28245,1,4.0,1,26518
28249,Author_28249,1,4.0,1,26519
28315,Author_28315,1,4.0,1,26520
28473,Author_28473,1,4.0,2,26521
28496,Author_28496,1,4.0,3,26522
28558,Author_28558,1,4.0,1,26523
28633,Author_28633,1,4.0,1,26524
28737,Author_28737,1,4.0,1,26525
28815,Author_28815,1,4.0,1,26526
29024,Author_29024,1,4.0,2,26527
29278,Author_29278,1,4.0,1,26528
29520,Author_29520,1,4.0,1,26529
29552,Author_29552,1,4.0,3,26530
29630,Author_29630,1,4.0,1,26531
29633,Author_29633,1,4.0,2,26532
29646,Author_29646,1,4.0,1,26533
29846,Author_29846,1,4.0,1,26534
29959,Author_29959,1,4.0,1,26535
33,Author_00033,1,3.0,1,26536
51,Author_00051,1,3.0,1,26537
52,Author_00052,1,3.0,1,26538
230,Author_00230,1,3.0,1,26539
339,Author_00339,1,3.0,2,26540
502,Author_00502,1,3.0,1,26541
616,Author_00616,1,3.0,1,26542
846,Author_00846,1,3.0,1,26543
1001,Author_01001,1,3.0,2,26544
1407,Author_01407,1,3.0,1,26545
1651,Author_01651,1,3.0,1,26546
1669,Author_01669,1,3.0,2,26547
1999,Author_01999,1,3.0,2,26548
2020,Author_02020,1,3.0,1,26549
2532,Author_02532,1,3.0,1,26550
2694,Author_02694,1,3.0,1,26551
2738,Author_02738,1,3.0,1,26552
2928,Author_02928,1,3.0,1,26553
3141,Author_03141,1,3.0,1,26554
3268,Author_03268,1,3.0,2,26555
3400,Author_03400,1,3.0,1,26556
3448,Author_03448,1,3.0,1,26557
3702,Author_03702,1,3.0,1,26558
3888,Author_03888,1,3.0,3,26559
3913,Author_03913,1,3.0,2,26560
4189,Author_04189,1,3.0,1,26561
4485,Author_04485,1,3.0,1,26562
4519,Author_04519,1,3.0,1,26563
4650,Author_04650,1,3.0,1,26564
4850,Author_04850,1,3.0,1,26565
4970,Author_04970,1,3.0,1,26566
5141,Author_05141,1,3.0,1,26567
5209,Author_05209,1,3.0,2,26568
5611,Author_05611,1,3.0,1,26569
5698,Author_05698,1,3.0,1,26570
5726,Author_05726,1,3.0,1,26571
5853,Author_05853,1,3.0,1,26572
6176,Author_06176,1,3.0,2,26573
6284,Author_06284,1,3.0,1,26574
6761,Author_06761,1,3.0,2,26575
6775,Author_06775,1,3.0,1,26576
6981,Author_06981,1,3.0,1,26577
6991,Author_06991,1,3.0,2,26578
7314,Author_07314,1,3.0,1,26579
7354,Author_07354,1,3.0,1,26580
7566,Author_07566,1,3.0,2,26581
7732,Author_07732,1,3.0,1,26582
7837,Author_07837,1,3.0,1,26583
7859,Author_07859,1,3.0,1,26584
8145,Author_08145,1,3.0,1,26585
8244,Author_08244,1,3.0,2,26586
8378,Author_08378,1,3.0,1,26587
8431,Author_08431,1,3.0,2,26588
8724,Author_08724,1,3.0,1,26589
8814,Author_08814,1,3.0,1,26590
8892,Author_08892,1,3.0,1,26591
8966,Author_08966,1,3.0,1,26592
9195,Author_09195,1,3.0,1,26593
9254,Author_09254,1,3.0,3,26594
9548,Author_09548,1,3.0,1,26595
9562,Author_09562,1,3.0,1,26596
9641,Author_09641,1,3.0,1,26597
9837,Author_09837,1,3.0,1,26598
9979,Author_09979,1,3.0,1,26599
10419,Author_10419,1,3.0,1,26600
10653,Author_10653,1,3.0,1,26601
10824,Author_10824,1,3.0,1,26602
10892,Author_10892,1,3.0,1,26603
11008,Author_11008,1,3.0,1,26604
11027,Author_11027,1,3.0,4,26605
11093,Author_11093,1,3.0,1,26606
11101,Author_11101,1,3.0,1,26607
11184,Author_11184,1,3.0,1,26608
11223,Author_11223,1,3.0,3,26609
11808,Author_11808,1,3.0,1,26610
12094,Author_12094,1,3.0,1,26611
12108,Author_12108,1,3.0,2,26612
12164,Author_12164,1,3.0,1,26613
12345,Author_12345,1,3.0,1,26614
12988,Author_12988,1,3.0,1,26615
13055,Author_13055,1,3.0,1,26616
13180,Author_13180,1,3.0,2,26617
13190,Author_13190,1,3.0,2,26618
13332,Author_13332,1,3.0,1,26619
13500,Author_13500,1,3.0,2,26620
13659,Author_13659,1,3.0,1,26621
14144,Author_14144,1,3.0,2,26622
14614,Author_14614,1,3.0,6,26623
14818,Author_14818,1,3.0,3,26624
14907,Author_14907,1,3.0,1,26625
15010,Author_15010,1,3.0,1,26626
15132,Author_15132,1,3.0,1,26627
15219,Author_15219,1,3.0,1,26628
15539,Author_15539,1,3.0,1,26629
15556,Author_15556,1,3.0,3,26630
15572,Author_15572,1,3.0,1,26631
15577,Author_15577,1,3.0,2,26632
15727,Author_15727,1,3.0,1,26633
16032,Author_16032,1,3.0,5,26634
16173,Author_16173,1,3.0,1,26635
16307,Author_16307,1,3.0,2,26636
16330,Author_16330,1,3.0,1,26637
16733,Author_16733,1,3.0,1,26638
16734,Author_16734,1,3.0,3,26639
16740,Author_16740,1,3.0,2,26640
16846,Author_16846,1,3.0,1,26641
16900,Author_16900,1,3.0,2,26642
17505,Author_17505,1,3.0,1,26643
17722,Author_17722,1,3.0,1,26644
17939,Author_17939,1,3.0,1,26645
18062,Author_18062,1,3.0,1,26646
18073,Author_18073,1,3.0,2,26647
18144,Author_18144,1,3.0,1,26648
18145,Author_18145,1,3.0,1,26649
18733,Author_18733,1,3.0,1,26650
18788,Author_18788,1,3.0,1,26651
18991,Author_18991,1,3.0,1,26652
19282,Author_19282,1,3.0,3,26653
19427,Author_19427,1,3.0,1,26654
19461,Author_19461,1,3.0,2,26655
19627,Author_19627,1,3.0,2,26656
19673,Author_19673,1,3.0,1,26657
19859,Author_19859,1,3.0,1,26658
19873,Author_19873,1,3.0,1,26659
19930,Author_19930,1,3.0,1,26660
20016,Author_20016,1,3.0,1,26661
20080,Author_20080,1,3.0,1,26662
20147,Author_20147,1,3.0,1,26663
20265,Author_20265,1,3.0,2,26664
20384,Author_20384,1,3.0,1,26665
20612,Author_20612,1,3.0,2,26666
20646,Author_20646,1,3.0,1,26667
20800,Author_20800,1,3.0,1,26668
21450,Author_21450,1,3.0,2,26669
21513,Author_21513,1,3.0,2,26670
21782,Author_21782,1,3.0,1,26671
21818,Author_21818,1,3.0,1,26672
21996,Author_21996,1,3.0,3,26673
22000,Author_22000,1,3.0,1,26674
22605,Author_22605,1,3.0,1,26675
22686,Author_22686,1,3.0,1,26676
22742,Author_22742,1,3.0,1,26677
22868,Author_22868,1,3.0,1,26678
22871,Author_22871,1,3.0,1,26679
23535,Author_23535,1,3.0,2,26680
23567,Author_23567,1,3.0,3,26681
23570,Author_23570,1,3.0,1,26682
23590,Author_23590,1,3.0,1,26683
23717,Author_23717,1,3.0,1,26684
23772,Author_23772,1,3.0,1,26685
24047,Author_24047,1,3.0,1,26686
24199,Author_24199,1,3.0,1,26687
24626,Author_24626,1,3.0,2,26688
24763,Author_24763,1,3.0,1,26689
25113,Author_25113,1,3.0,1,26690
25720,Author_25720,1,3.0,2,26691
25827,Author_25827,1,3.0,2,26692
25855,Author_25855,1,3.0,2,26693
25864,Author_25864,1,3.0,1,26694
26001,Author_26001,1,3.0,1,26695
26175,Author_26175,1,3.0,2,26696
26189,Author_26189,1,3.0,3,26697
26255,Author_26255,1,3.0,1,26698
26262,Author_26262,1,3.0,1,26699
26264,Author_26264,1,3.0,1,26700
26446,Author_26446,1,3.0,1,26701
26549,Author_26549,1,3.0,1,26702
26558,Author_26558,1,3.0,1,26703
26686,Author_26686,1,3.0,1,26704
26721,Author_26721,1,3.0,2,26705
26729,Author_26729,1,3.0,1,26706
26743,Author_26743,1,3.0,2,26707
26925,Author_26925,1,3.0,2,26708
26990,Author_26990,1,3.0,1,26709
27333,Author_27333,1,3.0,1,26710
27524,Author_27524,1,3.0,1,26711
27721,Author_27721,1,3.0,2,26712
28196,Author_28196,1,3.0,2,26713
28364,Author_28364,1,3.0,1,26714
28422,Author_28422,1,3.0,1,26715
28707,Author_28707,1,3.0,2,26716
28876,Author_28876,1,3.0,1,26717
29291,Author_29291,1,3.0,2,26718
29543,Author_29543,1,3.0,1,26719
29688,Author_29688,1,3.0,1,26720
29750,Author_29750,1,3.0,1,26721
16,Author_00016,1,2.0,1,26722
99,Author_00099,1,2.0,1,26723
146,Author_00146,1,2.0,1,26724
335,Author_00335,1,2.0,2,26725
368,Author_00368,1,2.0,1,26726
436,Author_00436,1,2.0,1,26727
531,Author_00531,1,2.0,1,26728
592,Author_00592,1,2.0,1,26729
706,Author_00706,1,2.0,2,26730
907,Author_00907,1,2.0,2,26731
931,Author_00931,1,2.0,1,26732
1324,Author_01324,1,2.0,1,26733
1344,Author_01344,1,2.0,1,26734
1372,Author_01372,1,2.0,1,26735
1430,Author_01430,1,2.0,1,26736
1435,Author_01435,1,2.0,1,26737
1473,Author_01473,1,2.0,2,26738
1524,Author_01524,1,2.0,1,26739
1566,Author_01566,1,2.0,1,26740
1623,Author_01623,1,2.0,2,26741
1657,Author_01657,1,2.0,2,26742
1670,Author_01670,1,2.0,1,26743
1696,Author_01696,1,2.0,1,26744
1777,Author_01777,1,2.0,4,26745
2111,Author_02111,1,2.0,1,26746
2200,Author_02200,1,2.0,2,26747
2391,Author_02391,1,2.0,2,26748
2507,Author_02507,1,2.0,1,26749
2534,Author_02534,1,2.0,3,26750
2559,Author_02559,1,2.0,2,26751
2574,Author_02574,1,2.0,1,26752
2710,Author_02710,1,2.0,2,26753
2725,Author_02725,1,2.0,1,26754
2852,Author_02852,1,2.0,1,26755
2904,Author_02904,1,2.0,1,26756
2951,Author_02951,1,2.0,1,26757
3203,Author_03203,1,2.0,1,26758
3402,Author_03402,1,2.0,1,26759
3579,Author_03579,1,2.0,1,26760
3652,Author_03652,1,2.0,1,26761
3793,Author_03793,1,2.0,1,26762
4131,Author_04131,1,2.0,1,26763
4184,Author_04184,1,2.0,1,26764
4265,Author_04265,1,2.0,1,26765
4340,Author_04340,1,2.0,1,26766
4460,Author_04460,1,2.0,1,26767
4553,Author_04553,1,2.0,1,26768
4570,Author_04570,1,2.0,1,26769
4761,Author_04761,1,2.0,3,26770
4793,Author_04793,1,2.0,1,26771
4817,Author_04817,1,2.0,1,26772
4842,Author_04842,1,2.0,1,26773
5026,Author_05026,1,2.0,1,26774
5058,Author_05058,1,2.0,4,26775
5102,Author_05102,1,2.0,1,26776
5197,Author_05197,1,2.0,1,26777
5199,Author_05199,1,2.0,2,26778
5283,Author_05283,1,2.0,1,26779
5443,Author_05443,1,2.0,1,26780
5461,Author_05461,1,2.0,1,26781
5549,Author_05549,1,2.0,1,26782
5835,Author_05835,1,2.0,1,26783
5901,Author_05901,1,2.0,1,26784
6728,Author_06728,1,2.0,1,26785
7045,Author_07045,1,2.0,1,26786
7075,Author_07075,1,2.0,3,26787
7137,Author_07137,1,2.0,1,26788
7210,Author_07210,1,2.0,1,26789
7300,Author_07300,1,2.0,1,26790
7384,Author_07384,1,2.0,1,26791
7751,Author_07751,1,2.0,3,26792
8037,Author_08037,1,2.0,1,26793
8047,Author_08047,1,2.0,1,26794
8618,Author_08618,1,2.0,3,26795
8964,Author_08964,1,2.0,2,26796
9020,Author_09020,1,2.0,1,26797
9028,Author_09028,1,2.0,1,26798
9133,Author_09133,1,2.0,2,26799
9281,Author_09281,1,2.0,1,26800
9328,Author_09328,1,2.0,1,26801
9423,Author_09423,1,2.0,1,26802
9430,Author_09430,1,2.0,1,26803
9854,Author_09854,1,2.0,2,26804
9951,Author_09951,1,2.0,1,26805
10011,Author_10011,1,2.0,1,26806
10507,Author_10507,1,2.0,1,26807
10630,Author_10630,1,2.0,1,26808
10690,Author_10690,1,2.0,1,26809
10730,Author_10730,1,2.0,1,26810
10842,Author_10842,1,2.0,1,26811
11058,Author_11058,1,2.0,1,26812
11174,Author_11174,1,2.0,1,26813
11247,Author_11247,1,2.0,1,26814
11416,Author_11416,1,2.0,1,26815
11435,Author_11435,1,2.0,3,26816
11659,Author_11659,1,2.0,1,26817
11699,Author_11699,1,2.0,2,26818
11803,Author_11803,1,2.0,1,26819
12032,Author_12032,1,2.0,1,26820
12262,Author_12262,1,2.0,1,26821
12458,Author_12458,1,2.0,1,26822
12466,Author_12466,1,2.0,1,26823
12791,Author_12791,1,2.0,1,26824
12792,Author_12792,1,2.0,1,26825
12933,Author_12933,1,2.0,2,26826
12961,Author_12961,1,2.0,1,26827
13182,Author_13182,1,2.0,1,26828
13282,Author_13282,1,2.0,1,26829
13461,Author_13461,1,2.0,1,26830
14083,Author_14083,1,2.0,1,26831
14117,Author_14117,1,2.0,2,26832
14124,Author_14124,1,2.0,1,26833
14167,Author_14167,1,2.0,1,26834
14218,Author_14218,1,2.0,1,26835
14245,Author_14245,1,2.0,1,26836
14262,Author_14262,1,2.0,3,26837
14276,Author_14276,1,2.0,1,26838
14674,Author_14674,1,2.0,1,26839
14683,Author_14683,1,2.0,1,26840
14714,Author_14714,1,2.0,1,26841
14920,Author_14920,1,2.0,1,26842
14940,Author_14940,1,2.0,1,26843
14951,Author_14951,1,2.0,1,26844
15210,Author_15210,1,2.0,2,26845
15316,Author_15316,1,2.0,1,26846
15363,Author_15363,1,2.0,1,26847
15393,Author_15393,1,2.0,1,26848
15527,Author_15527,1,2.0,1,26849
15842,Author_15842,1,2.0,1,26850
15942,Author_15942,1,2.0,1,26851
16017,Author_16017,1,2.0,1,26852
16268,Author_16268,1,2.0,1,26853
16289,Author_16289,1,2.0,1,26854
16360,Author_16360,1,2.0,1,26855
16477,Author_16477,1,2.0,2,26856
16609,Author_16609,1,2.0,1,26857
16701,Author_16701,1,2.0,2,26858
16868,Author_16868,1,2.0,1,26859
16946,Author_16946,1,2.0,1,26860
17249,Author_17249,1,2.0,2,26861
17538,Author_17538,1,2.0,1,26862
17980,Author_17980,1,2.0,2,26863
18031,Author_18031,1,2.0,1,26864
18035,Author_18035,1,2.0,1,26865
18098,Author_18098,1,2.0,1,26866
18269,Author_18269,1,2.0,1,26867
18329,Author_18329,1,2.0,1,26868
18341,Author_18341,1,2.0,1,26869
18387,Author_18387,1,2.0,2,26870
18957,Author_18957,1,2.0,1,26871
19025,Author_19025,1,2.0,3,26872
19065,Author_19065,1,2.0,1,26873
19128,Author_19128,1,2.0,1,26874
19496,Author_19496,1,2.0,1,26875
19692,Author_19692,1,2.0,2,26876
19702,Author_19702,1,2.0,1,26877
19722,Author_19722,1,2.0,1,26878
19959,Author_19959,1,2.0,1,26879
20050,Author_20050,1,2.0,1,26880
20239,Author_20239,1,2.0,4,26881
20634,Author_20634,1,2.0,1,26882
20654,Author_20654,1,2.0,1,26883
20936,Author_20936,1,2.0,1,26884
21165,Author_21165,1,2.0,2,26885
21181,Author_21181,1,2.0,1,26886
21369,Author_21369,1,2.0,1,26887
21579,Author_21579,1,2.0,1,26888
21583,Author_21583,1,2.0,1,26889
21659,Author_21659,1,2.0,2,26890
21808,Author_21808,1,2.0,1,26891
21934,Author_21934,1,2.0,1,26892
21984,Author_21984,1,2.0,1,26893
22026,Author_22026,1,2.0,3,26894
22030,Author_22030,1,2.0,2,26895
22210,Author_22210,1,2.0,1,26896
22264,Author_22264,1,2.0,1,26897
22287,Author_22287,1,2.0,1,26898
22362,Author_22362,1,2.0,4,26899
22515,Author_22515,1,2.0,1,26900
22542,Author_22542,1,2.0,1,26901
22801,Author_22801,1,2.0,1,26902
22965,Author_22965,1,2.0,3,26903
22996,Author_22996,1,2.0,1,26904
23039,Author_23039,1,2.0,1,26905
23208,Author_23208,1,2.0,2,26906
23242,Author_23242,1,2.0,1,26907
23483,Author_23483,1,2.0,1,26908
23513,Author_23513,1,2.0,1,26909
23574,Author_23574,1,2.0,1,26910
24018,Author_24018,1,2.0,1,26911
24374,Author_24374,1,2.0,4,26912
24478,Author_24478,1,2.0,1,26913
24515,Author_24515,1,2.0,1,26914
24602,Author_24602,1,2.0,1,26915
24676,Author_24676,1,2.0,4,26916
24796,Author_24796,1,2.0,1,26917
25011,Author_25011,1,2.0,1,26918
25300,Author_25300,1,2.0,1,26919
25597,Author_25597,1,2.0,2,26920
25691,Author_25691,1,2.0,1,26921
25694,Author_25694,1,2.0,2,26922
25818,Author_25818,1,2.0,1,26923
26222,Author_26222,1,2.0,1,26924
26391,Author_26391,1,2.0,2,26925
26439,Author_26439,1,2.0,1,26926
26620,Author_26620,1,2.0,1,26927
26655,Author_26655,1,2.0,1,26928
26796,Author_26796,1,2.0,1,26929
26846,Author_26846,1,2.0,2,26930
26945,Author_26945,1,2.0,1,26931
26953,Author_26953,1,2.0,1,26932
27114,Author_27114,1,2.0,1,26933
27215,Author_27215,1,2.0,2,26934
27341,Author_27341,1,2.0,1,26935
27363,Author_27363,1,2.0,1,26936
27559,Author_27559,1,2.0,1,26937
27631,Author_27631,1,2.0,1,26938
27640,Author_27640,1,2.0,1,26939
27655,Author_27655,1,2.0,2,26940
27775,Author_27775,1,2.0,1,26941
27776,Author_27776,1,2.0,1,26942
28130,Author_28130,1,2.0,1,26943
28187,Author_28187,1,2.0,1,26944
28635,Author_28635,1,2.0,1,26945
28678,Author_28678,1,2.0,1,26946
28838,Author_28838,1,2.0,1,26947
29127,Author_29127,1,2.0,2,26948
29203,Author_29203,1,2.0,1,26949
29215,Author_29215,1,2.0,1,26950
29277,Author_29277,1,2.0,1,26951
29293,Author_29293,1,2.0,1,26952
29562,Author_29562,1,2.0,3,26953
29575,Author_29575,1,2.0,1,26954
29871,Author_29871,1,2.0,2,26955
29964,Author_29964,1,2.0,1,26956
9,Author_00009,1,1.0,1,26957
183,Author_00183,1,1.0,1,26958
263,Author_00263,1,1.0,1,26959
348,Author_00348,1,1.0,2,26960
352,Author_00352,1,1.0,3,26961
534,Author_00534,1,1.0,1,26962
561,Author_00561,1,1.0,1,26963
638,Author_00638,1,1.0,1,26964
752,Author_00752,1,1.0,1,26965
764,Author_00764,1,1.0,1,26966
804,Author_00804,1,1.0,2,26967
847,Author_00847,1,1.0,1,26968
856,Author_00856,1,1.0,1,26969
898,Author_00898,1,1.0,1,26970
1046,Author_01046,1,1.0,2,26971
1087,Author_01087,1,1.0,1,26972
1253,Author_01253,1,1.0,1,26973
1355,Author_01355,1,1.0,1,26974
1442,Author_01442,1,1.0,1,26975
1501,Author_01501,1,1.0,1,26976
1857,Author_01857,1,1.0,1,26977
1912,Author_01912,1,1.0,1,26978
1970,Author_01970,1,1.0,1,26979
2167,Author_02167,1,1.0,1,26980
2177,Author_02177,1,1.0,1,26981
2301,Author_02301,1,1.0,1,26982
2612,Author_02612,1,1.0,1,26983
2665,Author_02665,1,1.0,1,26984
3109,Author_03109,1,1.0,1,26985
3188,Author_03188,1,1.0,1,26986
3190,Author_03190,1,1.0,2,26987
3284,Author_03284,1,1.0,1,26988
3559,Author_03559,1,1.0,3,26989
3729,Author_03729,1,1.0,1,26990
3933,Author_03933,1,1.0,1,26991
4056,Author_04056,1,1.0,1,26992
4090,Author_04090,1,1.0,1,26993
4175,Author_04175,1,1.0,1,26994
4198,Author_04198,1,1.0,1,26995
4218,Author_04218,1,1.0,1,26996
4445,Author_04445,1,1.0,2,26997
4487,Author_04487,1,1.0,1,26998
4557,Author_04557,1,1.0,1,26999
4565,Author_04565,1,1.0,1,27000
4635,Author_04635,1,1.0,2,27001
4904,Author_04904,1,1.0,1,27002
4943,Author_04943,1,1.0,2,27003
4944,Author_04944,1,1.0,1,27004
5005,Author_05005,1,1.0,1,27005
5036,Author_05036,1,1.0,1,27006
5205,Author_05205,1,1.0,1,27007
5272,Author_05272,1,1.0,1,27008
5310,Author_05310,1,1.0,1,27009
5566,Author_05566,1,1.0,1,27010
5668,Author_05668,1,1.0,1,27011
5711,Author_05711,1,1.0,1,27012
5735,Author_05735,1,1.0,1,27013
6017,Author_06017,1,1.0,1,27014
6146,Author_06146,1,1.0,1,27015
6289,Author_06289,1,1.0,1,27016
6306,Author_06306,1,1.0,2,27017
6562,Author_06562,1,1.0,1,27018
6606,Author_06606,1,1.0,1,27019
6901,Author_06901,1,1.0,1,27020
6906,Author_06906,1,1.0,1,27021
7020,Author_07020,1,1.0,1,27022
7025,Author_07025,1,1.0,1,27023
7244,Author_07244,1,1.0,1,27024
7431,Author_07431,1,1.0,2,27025
7447,Author_07447,1,1.0,1,27026
7595,Author_07595,1,1.0,1,27027
7705,Author_07705,1,1.0,1,27028
7718,Author_07718,1,1.0,2,27029
8007,Author_08007,1,1.0,2,27030
8093,Author_08093,1,1.0,1,27031
8159,Author_08159,1,1.0,1,27032
8469,Author_08469,1,1.0,1,27033
8478,Author_08478,1,1.0,1,27034
8778,Author_08778,1,1.0,1,27035
8902,Author_08902,1,1.0,1,27036
8952,Author_08952,1,1.0,1,27037
8967,Author_08967,1,1.0,1,27038
9081,Author_09081,1,1.0,1,27039
9193,Author_09193,1,1.0,1,27040
9214,Author_09214,1,1.0,1,27041
9517,Author_09517,1,1.0,1,27042
9546,Author_09546,1,1.0,1,27043
9724,Author_09724,1,1.0,1,27044
9840,Author_09840,1,1.0,1,27045
9859,Author_09859,1,1.0,1,27046
10353,Author_10353,1,1.0,1,27047
10497,Author_10497,1,1.0,2,27048
10510,Author_10510,1,1.0,1,27049
10574,Author_10574,1,1.0,1,27050
10593,Author_10593,1,1.0,2,27051
10732,Author_10732,1,1.0,1,27052
10778,Author_10778,1,1.0,1,27053
10866,Author_10866,1,1.0,1,27054
10966,Author_10966,1,1.0,1,27055
11084,Author_11084,1,1.0,1,27056
11119,Author_11119,1,1.0,1,27057
11458,Author_11458,1,1.0,1,27058
11517,Author_11517,1,1.0,1,27059
11634,Author_11634,1,1.0,1,27060
11827,Author_11827,1,1.0,1,27061
11893,Author_11893,1,1.0,2,27062
12372,Author_12372,1,1.0,1,27063
12586,Author_12586,1,1.0,2,27064
12677,Author_12677,1,1.0,1,27065
12692,Author_12692,1,1.0,1,27066
12774,Author_12774,1,1.0,1,27067
12892,Author_12892,1,1.0,1,27068
12911,Author_12911,1,1.0,2,27069
12972,Author_12972,1,1.0,1,27070
12974,Author_12974,1,1.0,2,27071
13052,Author_13052,1,1.0,1,27072
13355,Author_13355,1,1.0,2,27073
13471,Author_13471,1,1.0,3,27074
13672,Author_13672,1,1.0,1,27075
13706,Author_13706,1,1.0,1,27076
13872,Author_13872,1,1.0,2,27077
13990,Author_13990,1,1.0,2,27078
14001,Author_14001,1,1.0,1,27079
14050,Author_14050,1,1.0,1,27080
14192,Author_14192,1,1.0,1,27081
14266,Author_14266,1,1.0,2,27082
14297,Author_14297,1,1.0,1,27083
14521,Author_14521,1,1.0,1,27084
14596,Author_14596,1,1.0,1,27085
14613,Author_14613,1,1.0,1,27086
14681,Author_14681,1,1.0,1,27087
14752,Author_14752,1,1.0,1,27088
14774,Author_14774,1,1.0,1,27089
14817,Author_14817,1,1.0,1,27090
14819,Author_14819,1,1.0,1,27091
14871,Author_14871,1,1.0,1,27092
15202,Author_15202,1,1.0,1,27093
15344,Author_15344,1,1.0,1,27094
15367,Author_15367,1,1.0,1,27095
15385,Author_15385,1,1.0,1,27096
15396,Author_15396,1,1.0,1,27097
15470,Author_15470,1,1.0,1,27098
15557,Author_15557,1,1.0,1,27099
15666,Author_15666,1,1.0,1,27100
15811,Author_15811,1,1.0,1,27101
15864,Author_15864,1,1.0,1,27102
15885,Author_15885,1,1.0,1,27103
16030,Author_16030,1,1.0,2,27104
16064,Author_16064,1,1.0,2,27105
16365,Author_16365,1,1.0,2,27106
16543,Author_16543,1,1.0,1,27107
16600,Author_16600,1,1.0,1,27108
16661,Author_16661,1,1.0,1,27109
16691,Author_16691,1,1.0,1,27110
16698,Author_16698,1,1.0,2,27111
16750,Author_16750,1,1.0,1,27112
17001,Author_17001,1,1.0,2,27113
17028,Author_17028,1,1.0,1,27114
17279,Author_17279,1,1.0,1,27115
17581,Author_17581,1,1.0,1,27116
17740,Author_17740,1,1.0,1,27117
18003,Author_18003,1,1.0,1,27118
18014,Author_18014,1,1.0,1,27119
18045,Author_18045,1,1.0,1,27120
18068,Author_18068,1,1.0,1,27121
18090,Author_18090,1,1.0,1,27122
18109,Author_18109,1,1.0,1,27123
18244,Author_18244,1,1.0,1,27124
18569,Author_18569,1,1.0,1,27125
18797,Author_18797,1,1.0,1,27126
18950,Author_18950,1,1.0,1,27127
19052,Author_19052,1,1.0,2,27128
19057,Author_19057,1,1.0,1,27129
19148,Author_19148,1,1.0,1,27130
19740,Author_19740,1,1.0,1,27131
19745,Author_19745,1,1.0,1,27132
19820,Author_19820,1,1.0,1,27133
20029,Author_20029,1,1.0,1,27134
20171,Author_20171,1,1.0,2,27135
20183,Author_20183,1,1.0,1,27136
20227,Author_20227,1,1.0,1,27137
20414,Author_20414,1,1.0,1,27138
20596,Author_20596,1,1.0,1,27139
20605,Author_20605,1,1.0,1,27140
20607,Author_20607,1,1.0,1,27141
20736,Author_20736,1,1.0,1,27142
20738,Author_20738,1,1.0,1,27143
20868,Author_20868,1,1.0,1,27144
21010,Author_21010,1,1.0,1,27145
21050,Author_21050,1,1.0,1,27146
21079,Author_21079,1,1.0,1,27147
21115,Author_21115,1,1.0,1,27148
21153,Author_21153,1,1.0,3,27149
21338,Author_21338,1,1.0,1,27150
21345,Author_21345,1,1.0,1,27151
21352,Author_21352,1,1.0,1,27152
21406,Author_21406,1,1.0,1,27153
21487,Author_21487,1,1.0,1,27154
21626,Author_21626,1,1.0,1,27155
21856,Author_21856,1,1.0,1,27156
21967,Author_21967,1,1.0,1,27157
22180,Author_22180,1,1.0,1,27158
22511,Author_22511,1,1.0,2,27159
22688,Author_22688,1,1.0,1,27160
22779,Author_22779,1,1.0,1,27161
22941,Author_22941,1,1.0,1,27162
22950,Author_22950,1,1.0,1,27163
22959,Author_22959,1,1.0,1,27164
23056,Author_23056,1,1.0,1,27165
23173,Author_23173,1,1.0,1,27166
23407,Author_23407,1,1.0,1,27167
23852,Author_23852,1,1.0,1,27168
24266,Author_24266,1,1.0,1,27169
24323,Author_24323,1,1.0,1,27170
24510,Author_24510,1,1.0,1,27171
24574,Author_24574,1,1.0,2,27172
25148,Author_25148,1,1.0,1,27173
25260,Author_25260,1,1.0,1,27174
25301,Author_25301,1,1.0,1,27175
25568,Author_25568,1,1.0,1,27176
25591,Author_25591,1,1.0,1,27177
25770,Author_25770,1,1.0,1,27178
25894,Author_25894,1,1.0,1,27179
25904,Author_25904,1,1.0,1,27180
26318,Author_26318,1,1.0,3,27181
26441,Author_26441,1,1.0,1,27182
26608,Author_26608,1,1.0,1,27183
26892,Author_26892,1,1.0,1,27184
26908,Author_26908,1,1.0,1,27185
27244,Author_27244,1,1.0,2,27186
27278,Author_27278,1,1.0,1,27187
27345,Author_27345,1,1.0,1,27188
27522,Author_27522,1,1.0,1,27189
27597,Author_27597,1,1.0,1,27190
27664,Author_27664,1,1.0,1,27191
28033,Author_28033,1,1.0,1,27192
28429,Author_28429,1,1.0,1,27193
28609,Author_28609,1,1.0,2,27194
28743,Author_28743,1,1.0,4,27195
29268,Author_29268,1,1.0,1,27196
29462,Author_29462,1,1.0,1,27197
29545,Author_29545,1,1.0,1,27198
29811,Author_29811,1,1.0,1,27199
29897,Author_29897,1,1.0,2,27200
29928,Author_29928,1,1.0,1,27201
29943,Author_29943,1,1.0,1,27202
205,Author_00205,0,0.0,1,27203
321,Author_00321,0,0.0,1,27204
521,Author_00521,0,0.0,1,27205
595,Author_00595,0,0.0,1,27206
807,Author_00807,0,0.0,1,27207
977,Author_00977,0,0.0,2,27208
1008,Author_01008,0,0.0,1,27209
1071,Author_01071,0,0.0,1,27210
1295,Author_01295,0,0.0,1,27211
1557,Author_01557,0,0.0,1,27212
1882,Author_01882,0,0.0,1,27213
2109,Author_02109,0,0.0,1,27214
2122,Author_02122,0,0.0,1,27215
2128,Author_02128,0,0.0,1,27216
2238,Author_02238,0,0.0,1,27217
2320,Author_02320,0,0.0,1,27218
2332,Author_02332,0,0.0,1,27219
2433,Author_02433,0,0.0,1,27220
2486,Author_02486,0,0.0,1,27221
2614,Author_02614,0,0.0,1,27222
2848,Author_02848,0,0.0,2,27223
2956,Author_02956,0,0.0,1,27224
3123,Author_03123,0,0.0,1,27225
3129,Author_03129,0,0.0,1,27226
3143,Author_03143,0,0.0,2,27227
3225,Author_03225,0,0.0,2,27228
3307,Author_03307,0,0.0,1,27229
3356,Author_03356,0,0.0,1,27230
3377,Author_03377,0,0.0,1,27231
3709,Author_03709,0,0.0,1,27232
3722,Author_03722,0,0.0,1,27233
3816,Author_03816,0,0.0,1,27234
3822,Author_03822,0,0.0,1,27235
4115,Author_04115,0,0.0,1,27236
4495,Author_04495,0,0.0,1,27237
4638,Author_04638,0,0.0,1,27238
4677,Author_04677,0,0.0,1,27239
4694,Author_04694,0,0.0,1,27240
4972,Author_04972,0,0.0,1,27241
5055,Author_05055,0,0.0,1,27242
5131,Author_05131,0,0.0,1,27243
5135,Author_05135,0,0.0,1,27244
5241,Author_05241,0,0.0,1,27245
5351,Author_05351,0,0.0,1,27246
5789,Author_05789,0,0.0,1,27247
5804,Author_05804,0,0.0,2,27248
5924,Author_05924,0,0.0,1,27249
5966,Author_05966,0,0.0,1,27250
6031,Author_06031,0,0.0,1,27251
6181,Author_06181,0,0.0,1,27252
6203,Author_06203,0,0.0,1,27253
6698,Author_06698,0,0.0,1,27254
6944,Author_06944,0,0.0,1,27255
6947,Author_06947,0,0.0,1,27256
6996,Author_06996,0,0.0,1,27257
7017,Author_07017,0,0.0,1,27258
7501,Author_07501,0,0.0,1,27259
7680,Author_07680,0,0.0,2,27260
7716,Author_07716,0,0.0,1,27261
7744,Author_07744,0,0.0,1,27262
7813,Author_07813,0,0.0,1,27263
7847,Author_07847,0,0.0,1,27264
7866,Author_07866,0,0.0,1,27265
8029,Author_08029,0,0.0,1,27266
8099,Author_08099,0,0.0,1,27267
8107,Author_08107,0,0.0,1,27268
8262,Author_08262,0,0.0,1,27269
8494,Author_08494,0,0.0,1,27270
8525,Author_08525,0,0.0,1,27271
8914,Author_08914,0,0.0,1,27272
9002,Author_09002,0,0.0,1,27273
9194,Author_09194,0,0.0,2,27274
9344,Author_09344,0,0.0,1,27275
9402,Author_09402,0,0.0,1,27276
9518,Author_09518,0,0.0,1,27277
9748,Author_09748,0,0.0,1,27278
9917,Author_09917,0,0.0,1,27279
9965,Author_09965,0,0.0,1,27280
10050,Author_10050,0,0.0,2,27281
10581,Author_10581,0,0.0,1,27282
10601,Author_10601,0,0.0,1,27283
10610,Author_10610,0,0.0,1,27284
10764,Author_10764,0,0.0,1,27285
10982,Author_10982,0,0.0,1,27286
11097,Author_11097,0,0.0,1,27287
11123,Author_11123,0,0.0,1,27288
11388,Author_11388,0,0.0,2,27289
11453,Author_11453,0,0.0,1,27290
11594,Author_11594,0,0.0,1,27291
11693,Author_11693,0,0.0,1,27292
11853,Author_11853,0,0.0,1,27293
11881,Author_11881,0,0.0,3,27294
11904,Author_11904,0,0.0,1,27295
12061,Author_12061,0,0.0,1,27296
12165,Author_12165,0,0.0,1,27297
12288,Author_12288,0,0.0,1,27298
12388,Author_12388,0,0.0,1,27299
12870,Author_12870,0,0.0,1,27300
12993,Author_12993,0,0.0,2,27301
13039,Author_13039,0,0.0,1,27302
13071,Author_13071,0,0.0,1,27303
13122,Author_13122,0,0.0,1,27304
13191,Author_13191,0,0.0,1,27305
13247,Author_13247,0,0.0,1,27306
13306,Author_13306,0,0.0,1,27307
13503,Author_13503,0,0.0,1,27308
13641,Author_13641,0,0.0,1,27309
13711,Author_13711,0,0.0,1,27310
13745,Author_13745,0,0.0,1,27311
13768,Author_13768,0,0.0,1,27312
13791,Author_13791,0,0.0,1,27313
13989,Author_13989,0,0.0,1,27314
14018,Author_14018,0,0.0,1,27315
14225,Author_14225,0,0.0,1,27316
14270,Author_14270,0,0.0,1,27317
14504,Author_14504,0,0.0,1,27318
14529,Author_14529,0,0.0,1,27319
14600,Author_14600,0,0.0,1,27320
14802,Author_14802,0,0.0,1,27321
14863,Author_14863,0,0.0,1,27322
14942,Author_14942,0,0.0,1,27323
15055,Author_15055,0,0.0,1,27324
15094,Author_15094,0,0.0,1,27325
15174,Author_15174,0,0.0,1,27326
15378,Author_15378,0,0.0,1,27327
15395,Author_15395,0,0.0,1,27328
15622,Author_15622,0,0.0,1,27329
15718,Author_15718,0,0.0,1,27330
15768,Author_15768,0,0.0,1,27331
15837,Author_15837,0,0.0,1,27332
16031,Author_16031,0,0.0,1,27333
16249,Author_16249,0,0.0,1,27334
16318,Author_16318,0,0.0,1,27335
16381,Author_16381,0,0.0,1,27336
16502,Author_16502,0,0.0,1,27337
16547,Author_16547,0,0.0,1,27338
16580,Author_16580,0,0.0,1,27339
16582,Author_16582,0,0.0,1,27340
16720,Author_16720,0,0.0,1,27341
16721,Author_16721,0,0.0,1,27342
16755,Author_16755,0,0.0,2,27343
16904,Author_16904,0,0.0,1,27344
16922,Author_16922,0,0.0,2,27345
17188,Author_17188,0,0.0,1,27346
17284,Author_17284,0,0.0,1,27347
17342,Author_17342,0,0.0,1,27348
17579,Author_17579,0,0.0,1,27349
17853,Author_17853,0,0.0,1,27350
17895,Author_17895,0,0.0,1,27351
18363,Author_18363,0,0.0,1,27352
18542,Author_18542,0,0.0,1,27353
18689,Author_18689,0,0.0,1,27354
18814,Author_18814,0,0.0,1,27355
18898,Author_18898,0,0.0,1,27356
19079,Author_19079,0,0.0,1,27357
19258,Author_19258,0,0.0,1,27358
19340,Author_19340,0,0.0,1,27359
19407,Author_19407,0,0.0,1,27360
19431,Author_19431,0,0.0,1,27361
19523,Author_19523,0,0.0,1,27362
19719,Author_19719,0,0.0,1,27363
19736,Author_19736,0,0.0,1,27364
19798,Author_19798,0,0.0,1,27365
19928,Author_19928,0,0.0,1,27366
19954,Author_19954,0,0.0,1,27367
19998,Author_19998,0,0.0,1,27368
20252,Author_20252,0,0.0,1,27369
20306,Author_20306,0,0.0,1,27370
20461,Author_20461,0,0.0,1,27371
20505,Author_20505,0,0.0,1,27372
20558,Author_20558,0,0.0,1,27373
20561,Author_20561,0,0.0,1,27374
20624,Author_20624,0,0.0,1,27375
20651,Author_20651,0,0.0,1,27376
21067,Author_21067,0,0.0,1,27377
21096,Author_21096,0,0.0,1,27378
21275,Author_21275,0,0.0,1,27379
21500,Author_21500,0,0.0,1,27380
21682,Author_21682,0,0.0,1,27381
21765,Author_21765,0,0.0,2,27382
21794,Author_21794,0,0.0,1,27383
21925,Author_21925,0,0.0,1,27384
21959,Author_21959,0,0.0,1,27385
22031,Author_22031,0,0.0,1,27386
22291,Author_22291,0,0.0,1,27387
22316,Author_22316,0,0.0,1,27388
22341,Author_22341,0,0.0,2,27389
22537,Author_22537,0,0.0,1,27390
22587,Author_22587,0,0.0,1,27391
22600,Author_22600,0,0.0,1,27392
22957,Author_22957,0,0.0,2,27393
23158,Author_23158,0,0.0,1,27394
23179,Author_23179,0,0.0,1,27395
23363,Author_23363,0,0.0,1,27396
23466,Author_23466,0,0.0,1,27397
23592,Author_23592,0,0.0,1,27398
23698,Author_23698,0,0.0,1,27399
23865,Author_23865,0,0.0,1,27400
24023,Author_24023,0,0.0,1,27401
24185,Author_24185,0,0.0,1,27402
24398,Author_24398,0,0.0,1,27403
24874,Author_24874,0,0.0,2,27404
25040,Author_25040,0,0.0,1,27405
25046,Author_25046,0,0.0,2,27406
25120,Author_25120,0,0.0,1,27407
25391,Author_25391,0,0.0,1,27408
25417,Author_25417,0,0.0,2,27409
25479,Author_25479,0,0.0,1,27410
25644,Author_25644,0,0.0,1,27411
25661,Author_25661,0,0.0,1,27412
25949,Author_25949,0,0.0,1,27413
25950,Author_25950,0,0.0,1,27414
26067,Author_26067,0,0.0,1,27415
26173,Author_26173,0,0.0,1,27416
26195,Author_26195,0,0.0,1,27417
26324,Author_26324,0,0.0,1,27418
26400,Author_26400,0,0.0,1,27419
26587,Author_26587,0,0.0,1,27420
26633,Author_26633,0,0.0,1,27421
26643,Author_26643,0,0.0,1,27422
26807,Author_26807,0,0.0,1,27423
26854,Author_26854,0,0.0,1,27424
27085,Author_27085,0,0.0,1,27425
27155,Author_27155,0,0.0,1,27426
27291,Author_27291,0,0.0,2,27427
27334,Author_27334,0,0.0,1,27428
27456,Author_27456,0,0.0,1,27429
27622,Author_27622,0,0.0,1,27430
27758,Author_27758,0,0.0,1,27431
27798,Author_27798,0,0.0,1,27432
27848,Author_27848,0,0.0,1,27433
27887,Author_27887,0,0.0,1,27434
27891,Author_27891,0,0.0,1,27435
28003,Author_28003,0,0.0,1,27436
28126,Author_28126,0,0.0,1,27437
28253,Author_28253,0,0.0,2,27438
28326,Author_28326,0,0.0,1,27439
28447,Author_28447,0,0.0,4,27440
28590,Author_28590,0,0.0,1,27441
28753,Author_28753,0,0.0,3,27442
28779,Author_28779,0,0.0,1,27443
28783,Author_28783,0,0.0,1,27444
28935,Author_28935,0,0.0,1,27445
28975,Author_28975,0,0.0,1,27446
28995,Author_28995,0,0.0,1,27447
29003,Author_29003,0,0.0,1,27448
29412,Author_29412,0,0.0,1,27449
29439,Author_29439,0,0.0,1,27450
29592,Author_29592,0,0.0,1,27451
29660,Author_29660,0,0.0,1,27452
29847,Author_29847,0,0.0,1,27453
29877,Author_29877,0,0.0,1,27454
29918,Author_29918,0,0.0,1,27455
29961,Author_29961,0,0.0,1,27456
29972,Author_29972,0,0.0,1,27457
