H-index change r=1.0 → r=0.50 - Top-10,000
==========================================

 rank_baseline  author_id  h_index_r1.00  h_index_r0.50  delta_h  delta_rank  num_publications
             1    2909828            288            299       11           0              2173
             2    2036634            252            263       11          -2               927
             3    3118255            252            256        4          -4               584
             4    3905565            249            255        6          -6              1253
             5    6558419            248            260       12          -1               849
             6    9772016            245            232      -13         -14              2466
             7    6795552            245            262       17           2              1273
             8    8784928            242            256       14           0               735
             9   11384487            241            227      -14         -12              1653
            10    3566237            235            233       -2          -9              1805
            11    5187963            234            211      -23         -25              1527
            12   12709842            233            248       15          -2              1288
            13    3078355            230            276       46          11              1202
            14    9516779            228            251       23           2              1307
            15   10683466            222            224        2          -8              1024
            16    3546501            222            244       22          -1              1350
            17   13091167            220            220        0          -8              1337
            18    2986463            218            248       30           5              1599
            19    7019150            216            216        0         -11               783
            20    6990667            215            210       -5         -18              1341
            21   11922989            214            215        1         -12              1322
            22    8815400            213            217        4          -6               681
            23    4498000            211            202       -9         -24              1065
            24   13120003            211            224       13           2              1405
            25    6009653            211            244       33           9              1045
            26   12239711            211            199      -12         -27               878
            27    4013524            211            247       36          12               839
            28    9642557            209            218        9           1              1728
            29     101090            209            271       62          26               782
            30    3303308            206            224       18           6              1152
            31    1127410            206            193      -13         -43              1004
            32   12452097            205            189      -16         -57              1157
            33    9964935            205            198       -7         -24               885
            34    1497768            204            201       -3         -17              1155
            35    7811568            203            192      -11         -41               817
            36    7945633            203            219       16          10              1028
            37     908173            202            191      -11         -41              2535
            38    4226882            202            256       54          29               556
            39   10928932            201            198       -3         -16              2036
            40    7708141            201            211       10           5               651
            41    2132626            201            207        6          -1               679
            42   10020021            200            206        6          -1              1093
            43    1898713            200            254       54          32               474
            44   13391059            198            174      -24         -88              1825
            45    2752276            198            187      -11         -50               953
            46    5802147            198            198        0         -10              1087
            47   12064581            198            184      -14         -57               983
            48    3443989            197            201        4          -1               727
            49    1787155            195            210       15          10               683
            50   12885095            194            208       14           9               639
            51   13718786            194            178      -16         -67               734
            52    2398791            194            209       15          12               537
            53    8375151            194            194        0         -15               921
            54    3653795            193            217       24          25              1097
            55   12504769            192            196        4          -6              1075
            56    8169729            190            204       14          11               978
            57    3063839            190            180      -10         -56              1271
            58    8077292            190            172      -18         -89              1254
            59   12977538            190            187       -3         -38               687
            60    5639696            189            210       21          23               442
            61   12709092            189            173      -16         -78              1597
            62    9553359            189            172      -17         -83               796
            63   13103046            189            213       24          29               974
            64   13032220            188            179       -9         -52               561
            65    2579314            188            180       -8         -47              1433
            66    6826428            188            172      -16         -78              1667
            67   11083570            188            188        0         -25               854
            68    8456779            188            205       17          24               370
            69   12943379            187            167      -20        -105              1525
            70   13673999            187            171      -16         -82              1147
            71    8649812            186            190        4         -11              1278
            72    8435304            185            194        9           7              1414
            73   12537065            185            193        8           1              1103
            74    2563296            185            181       -4         -36               654
            75    9665806            185            197       12          16               636
            76    7733186            184            169      -15         -84              1148
            77    7738768            184            237       53          59               613
            78    6755308            184            170      -14         -79              1258
            79    5031730            183            186        3         -19              1482
            80    1204811            183            156      -27        -186              1141
            81   12792640            183            195       12          18               724
            82    9252184            182            175       -7         -46               641
            83    8555229            181            178       -3         -36              1015
            84    3232452            181            189        8          -6              1282
            85    8567115            180            164      -16        -116              1573
            86   11758319            179            162      -17        -127              1479
            87    3052931            179            189       10           2               365
            88     985018            179            179        0         -29               916
            89    3653221            179            172       -7         -59              1547
            90   12748302            178            193       15          20               763
            91   11062698            177            190       13           7               705
            92    1690800            176            180        4         -19              2763
            93    4220000            176            163      -13        -116              1060
            94    7898192            176            216       40          63              1277
            95    6358547            176            189       13           7              1348
            96      66436            176            191       15          15               807
            97    4824452            175            165      -10         -94               555
            98    9663796            175            167       -8         -80               964
            99    2049097            174            149      -25        -252              1853
           100    2879564            174            192       18          25               645
           101    1414397            174            196       22          41               793
           102    6853236            174            204       30          56               581
           103    8197217            174            184       10           0               498
           104   12580511            173            182        9          -2               743
           105     821788            173            154      -19        -185               721
           106   11237548            173            175        2         -25              1109
           107   11095942            173            169       -4         -55              1268
           108    3234892            173            159      -14        -126              1227
           109    6500557            172            158      -14        -136              1258
           110     105101            172            170       -2         -46              1232
           111   11615886            172            199       27          57               896
           112    7703871            172            157      -15        -145               711
           113    9238635            172            174        2         -22               791
           114    1644939            171            156      -15        -151               719
           115    6671105            171            177        6         -10               604
           116    4479236            170            167       -3         -57               489
           117    8463126            170            149      -21        -236              2121
           118    9799654            170            177        7          -5               514
           119    3966887            170            163       -7         -88               458
           120    1816213            169            161       -8         -99              1285
           121     472781            169            166       -3         -63               798
           122    1360463            169            162       -7         -92               868
           123    4801700            169            151      -18        -209              1358
           124    4468912            169            168       -1         -41               620
           125   13229925            169            168       -1         -42               994
           126     671306            169            169        0         -37              1056
           127   11831050            169            193       24          56               676
           128    2260002            169            185       16          29               536
           129    9886262            169            194       25          63               473
           130    8066685            168            160       -8         -93               928
           131   12237274            168            215       47          99              1038
           132    5422420            168            201       33          80               465
           133   11081471            168            188       20          40              1253
           134    2960952            168            166       -2         -53               767
           135    7909688            168            174        6          -1               541
           136   11891718            167            151      -16        -192               858
           137    2885945            167            159       -8         -93               472
           138    2460564            167            187       20          44               499
           139    2465983            167            163       -4         -69              1355
           140    8614840            167            194       27          76               558
           141   11789899            167            188       21          50              1071
           142    9427293            167            191       24          62               544
           143    5312840            167            153      -14        -168               500
           144    5165833            166            164       -2         -54               988
           145   10987843            166            189       23          59               613
           146    3154408            166            156      -10        -125              1853
           147    4898397            166            149      -17        -210               773
           148    6680173            166            152      -14        -173              1479
           149   13690353            166            189       23          62               447
           150    2027962            166            175        9          21               906
           151   11188688            166            149      -17        -214               683
           152    7425343            166            183       17          47               575
           153    9067721            165            172        7          11               855
           154    6724779            165            184       19          52               733
           155    6312414            165            141      -24        -322              1277
           156    2701585            165            153      -12        -149              1031
           157    1549041            165            148      -17        -216               962
           158    9635713            165            167        2         -17               377
           159    5181920            164            140      -24        -333              3865
           160    7961189            164            167        3         -11               383
           161   12611655            164            140      -24        -335               482
           162   13248739            164            146      -18        -231              1172
           163    4995275            164            154      -10        -125               394
           164    1178692            164            171        7          13               367
           165   11751146            164            164        0         -38               698
           166    5306143            164            172        8          17              1036
           167    6837858            164            158       -6         -81              1188
           168    3427110            164            148      -16        -204               792
           169    4074180            164            153      -11        -134               687
           170    7978331            164            172        8          20               697
           171   13104577            164            154      -10        -128               719
           172   11214711            164            155       -9        -113              1075
           173   10627261            164            187       23          77               548
           174     237762            163            201       38         124               836
           175    7798789            163            164        1         -27              1380
           176    7805689            163            178       15          56              1266
           177    6003655            163            162       -1         -40              1190
           178    4861431            163            158       -5         -74               412
           179    2776191            162            143      -19        -250              1777
           180    8755657            162            152      -10        -136              1029
           181    3421764            162            147      -15        -201              1383
           182    3251246            162            165        3         -12               928
           183   11718556            162            177       15          59               844
           184    1560583            162            156       -6         -89               572
           185    5181155            162            155       -7        -101               912
           186    5835021            162            158       -4         -61               482
           187    8860077            161            197       36         129               888
           188   12887932            161            159       -2         -51               669
           189    1809847            161            139      -22        -333               719
           190    1181300            161            185       24          90               592
           191    2483920            160            193       33         122               492
           192    8005973            160            150      -10        -146               340
           193     556651            160            151       -9        -138              1366
           194    7493207            160            173       13          54              1793
           195   10794292            160            151       -9        -138              1595
           196    3479577            160            166        6          13               776
           197    6225476            160            149      -11        -162               922
           198   11172599            160            157       -3         -56               553
           199   10118333            160            170       10          41               539
           200    5089676            159            144      -15        -215               289
           201     582870            159            149      -10        -148               329
           202   11465499            159            164        5           5               435
           203    4101466            159            191       32         126               552
           204    3459958            159            160        1         -18               837
           205    3809384            159            167        8          29               443
           206    8041858            159            142      -17        -252              1645
           207   11001177            159            159        0         -31              1550
           208    9171307            159            172       13          65               815
           209    7813478            159            162        3          -6               405
           210    8017595            159            158       -1         -39               826
           211     135874            159            148      -11        -164               601
           212    9624370            158            138      -20        -328              2081
           213   11723599            158            149       -9        -143              1410
           214    4774013            158            158        0         -30               729
           215   11041206            158            154       -4         -78               669
           216     490297            158            147      -11        -170               874
           217    7014758            158            151       -7        -117               833
           218    4961259            158            163        5           8               908
           219    6088022            158            152       -6        -105               600
           220   10586408            157            170       13          65               542
           221    4935977            157            140      -17        -277              1098
           222    7569995            157            144      -13        -198              1094
           223    9725375            157            156       -1         -41               745
           224    4740827            157            194       37         157               523
           225    4709876            157            149       -8        -136               824
           226     169530            157            150       -7        -119              1281
           227   10370425            157            181       24         119              1297
           228    4088575            157            165        8          33              1680
           229    2325531            157            174       17          95               625
           230   10128707            157            150       -7        -112               624
           231    9054802            157            153       -4         -70               391
           232    7104680            157            182       25         125               585
           233    6731879            156            155       -1         -46               380
           234   11514652            156            156        0         -28              1490
           235    8679580            156            155       -1         -46               563
           236   11012791            156            135      -21        -372              1124
           237    6870015            156            156        0         -35               938
           238    6052377            156            149       -7        -116               401
           239   11055524            156            150       -6        -102               835
           240     801139            156            154       -2         -49               408
           241    7463923            156            143      -13        -197              1091
           242    4415660            156            173       17         104               402
           243    9043796            156            150       -6        -104               959
           244   10509641            156            167       11          64               923
           245    3981634            156            168       12          76               500
           246    6470877            156            158        2          -7              1067
           247    2745601            156            157        1         -11               440
           248   10218082            156            155       -1         -39               438
           249    7512878            155            144      -11        -168              3258
           250    8693805            155            125      -30        -670              2021
           251    8879664            155            128      -27        -564              1720
           252    4161887            155            160        5          31               538
           253     594134            155            164        9          54               428
           254   10542938            155            158        3           8              1658
           255    4856924            155            153       -2         -49              1376
           256   11337892            155            140      -15        -250               970
           257     322195            155            143      -12        -179               564
           258    3869622            155            143      -12        -183               657
           259    4892116            155            173       18         118               731
           260    1975725            155            145      -10        -154               718
           261   11521821            155            157        2           2               402
           262    3983375            154            154        0         -29               672
           263    8686107            154            150       -4         -80              1050
           264   13684795            154            139      -15        -259              1309
           265   10209666            154            142      -12        -201               959
           266    7204989            154            154        0         -32               897
           267    5331423            154            133      -21        -419               783
           268    8570362            154            171       17         114               426
           269    7159174            154            163        9          58               641
           270    6585549            154            168       14         100               382
           271    3180855            153            161        8          53               445
           272   12069290            153            137      -16        -285              2128
           273    2658409            153            140      -13        -228              1137
           274    4711920            153            151       -2         -56               658
           275     865370            153            196       43         213               903
           276    7480960            153            142      -11        -185              1236
           277    6453968            153            135      -18        -342               433
           278   11776138            153            143      -10        -165              1130
           279    4024057            153            166       13          93               506
           280     746540            153            178       25         158               837
           281   13491348            153            150       -3         -65               828
           282    9731660            152            140      -12        -212              1026
           283    6535423            152            137      -15        -269               539
           284   10015265            152            141      -11        -196               711
           285   12555196            152            137      -15        -271              1119
           286     166990            152            136      -16        -295               606
           287    1242573            152            138      -14        -252               633
           288    6424941            152            149       -3         -67               700
           289   13659634            152            136      -16        -294               364
           290    4849823            152            151       -1         -46               644
           291   12629806            152            167       15         114               441
           292    6505239            152            142      -10        -181               724
           293    5078543            151            143       -8        -132               404
           294   10222543            151            133      -18        -384              1316
           295   12675874            151            145       -6        -108               999
           296     934687            151            169       18         135               882
           297   10851275            151            185       34         196              1087
           298    7170358            151            143       -8        -142               534
           299    1464061            151            149       -2         -61               578
           300    7899061            151            168       17         132               845
           301    6977461            151            153        2          -8               429
           302   12017134            151            141      -10        -182               517
           303    9338435            151            160        9          74               637
           304   13491536            150            146       -4         -86               486
           305    8794486            150            143       -7        -122               652
           306    8736088            150            142       -8        -147               719
           307   12036667            150            156        6          44               439
           308    2031834            150            136      -14        -274              1053
           309    1922765            150            159        9          77               380
           310   13039147            150            155        5          27               473
           311   13235419            150            137      -13        -255               992
           312    1648624            150            145       -5        -100               552
           313    5380972            149            138      -11        -224              1372
           314    8140432            149            132      -17        -388               538
           315    3829461            149            123      -26        -699              2048
           316    9891695            149            141       -8        -169               828
           317   12248926            149            134      -15        -318               910
           318    1091390            149            143       -6        -116              1040
           319    2795506            149            178       29         198              1105
           320   11706030            149            153        4          13               872
           321    5023184            149            154        5          25               977
           322    5024671            149            150        1         -26               920
           323    9693135            149            161       12         103               459
           324     581753            149            168       19         158               627
           325     634539            149            164       15         121               482
           326     969703            149            142       -7        -139               729
           327    2980459            149            156        7          58               363
           328    5572671            148            151        3           1               553
           329    4447470            148            144       -4         -87               715
           330    9308643            148            165       17         141               433
           331   10476158            148            148        0         -38               633
           332   11202602            148            142       -6        -116               856
           333   11011273            148            166       18         151               391
           334    8360480            148            135      -13        -269              1121
           335    7297836            148            163       15         129               338
           336    9457498            148            139       -9        -181               428
           337   10318924            148            193       45         264              1877
           338    3414669            148            151        3           9               451
           339     813880            148            133      -15        -348               577
           340   11788229            148            136      -12        -247               870
           341   13046665            148            143       -5         -89               654
           342   10579853            148            137      -11        -232               910
           343   10099792            148            136      -12        -249               805
           344   10801873            148            136      -12        -249               875
           345     799233            148            142       -6        -123               492
           346    3978719            148            139       -9        -187               721
           347    8086929            148            142       -6        -123               680
           348   12995966            148            153        5          36               533
           349    2468788            147            139       -8        -166              1190
           350    5660226            147            134      -13        -288              1272
           351   10761065            147            156        9          81               974
           352    8085036            147            145       -2         -50              1126
           353   12203369            147            121      -26        -755              1274
           354    2840520            147            129      -18        -436              1066
           355    9683503            147            154        7          60              1202
           356     773954            147            157       10         101               395
           357    8542601            147            138       -9        -187               596
           358    4463879            147            152        5          43               336
           359    1862434            147            134      -13        -290               662
           360    3358870            147            134      -13        -299               750
           361    4323104            147            140       -7        -142               456
           362    4101734            147            202       55         314               517
           363    8738144            146            164       18         167               379
           364    8115288            146            158       12         123               495
           365   11063113            146            131      -15        -362              1239
           366    6568216            146            148        2          -4               789
           367    5054989            146            139       -7        -152              1319
           368    6722165            146            139       -7        -152              1007
           369    6922052            146            167       21         197               618
           370    8894253            146            143       -3         -65              1179
           371    6880726            146            137       -9        -194               579
           372    6639896            146            135      -11        -237               489
           373    5231410            146            139       -7        -154               908
           374    9424666            146            133      -13        -315               530
           375    6563944            146            145       -1         -36               657
           376   13163956            146            166       20         188               541
           377   10062121            146            156       10          99               623
           378    2295401            146            174       28         241               746
           379    9625704            145            155       10          99               461
           380   12169351            145            152        7          67               695
           381   13458359            145            146        1         -10               943
           382    3332484            145            137       -8        -172              1632
           383   12929157            145            123      -22        -625              1510
           384   12637545            145            132      -13        -323              1502
           385    9969692            145            156       11         117               646
           386    3437423            145            159       14         155               409
           387     850749            145            159       14         154               349
           388    4359941            145            148        3          21               577
           389    7634095            145            140       -5        -111               677
           390   10272637            145            137       -8        -163              1017
           391    1502835            145            143       -2         -40               728
           392    8156850            145            152        7          75               521
           393   13566595            145            147        2          12               378
           394   10206442            145            169       24         235               302
           395    7248794            145            145        0         -10               504
           396    3183171            145            139       -6        -133               625
           397    8346761            145            160       15         171               413
           398   13149009            144            127      -17        -447               648
           399    1822010            144            158       14         157               475
           400    5383568            144            131      -13        -331              1000
           401   13120868            144            132      -12        -303              1728
           402   11044805            144            135       -9        -204              1085
           403   10762827            144            141       -3         -80              1002
           404   11691208            144            131      -13        -330               914
           405   11016824            144            129      -15        -383              1174
           406    4517289            144            132      -12        -308               610
           407    5016052            144            134      -10        -244               971
           408    3234457            144            129      -15        -390               699
           409    6872121            144            190       46         326               556
           410    6354336            144            155       11         126               725
           411    7599636            144            142       -2         -53               310
           412    7588114            144            133      -11        -279              1293
           413     131737            143            141       -2         -62               346
           414    4808180            143            142       -1         -42              1012
           415    9974429            143            127      -16        -438               778
           416    5490285            143            146        3          24               438
           417    5882197            143            142       -1         -37               809
           418   12751751            143            128      -15        -402               656
           419    9386249            143            137       -6        -140               710
           420   11208733            143            140       -3         -84               523
           421    4921825            143            167       24         242               740
           422   11064177            143            139       -4        -108               752
           423    7987482            143            124      -19        -561              1304
           424   11151604            143            137       -6        -145               376
           425    9945717            143            150        7          81               848
           426    4753887            143            160       17         202               778
           427     257160            143            134       -9        -229               549
           428    7048619            143            133      -10        -262               544
           429    6953248            143            115      -28       -1056               822
           430    8233431            143            142       -1         -32               281
           431     239806            142            121      -21        -665              1727
           432    6632154            142            146        4          37               748
           433    8382816            142            134       -8        -196              1026
           434    2699514            142            126      -16        -457              1522
           435    6306647            142            127      -15        -413               692
           436     102068            142            130      -12        -320               903
           437    8456786            142            134       -8        -195               739
           438    4596262            142            153       11         136              1217
           439    9477860            142            141       -1         -37               341
           440    1783126            142            125      -17        -487               470
           441    2275911            142            132      -10        -268              1082
           442    3936543            142            144        2          21              1323
           443   10935129            142            142        0         -17              1571
           444    3646933            142            134       -8        -201               617
           445    3850817            142            127      -15        -412               916
           446   11013929            142            191       49         367               354
           447    3092815            142            175       33         317               558
           448    1860982            142            134       -8        -206               415
           449    2268676            142            160       18         222               581
           450    4901910            142            153       11         144               663
           451    1784073            141            129      -12        -330              1152
           452   10263596            141            142        1           6               277
           453    5570238            141            127      -14        -399              1186
           454    5644017            141            134       -7        -182               997
           455    8882255            141            162       21         239               636
           456   11955484            141            139       -2         -70              1151
           457    2850933            141            139       -2         -57               776
           458   12105080            141            127      -14        -401               776
           459     471248            141            159       18         222               384
           460    6269580            141            137       -4        -104              1035
           461    1293946            141            133       -8        -219               342
           462    5858883            141            120      -21        -732              1158
           463   11731890            141            137       -4        -100               700
           464    7719400            141            138       -3         -84              1179
           465    7617876            141            152       11         146               506
           466   11389780            141            144        3          43               689
           467    1503385            141            136       -5        -129               313
           468     689225            140            138       -2         -67               840
           469    2526199            140            138       -2         -67               580
           470    3766688            140            147        7          91               242
           471    9315732            140            146        6          73               796
           472   11520814            140            125      -15        -465              1133
           473    9738976            140            135       -5        -137              1615
           474    1125251            140            133       -7        -209               729
           475    8041099            140            130      -10        -288              1696
           476    2851955            140            152       12         153               640
           477    1447564            140            147        7          93               794
           478    6102629            140            128      -12        -360               607
           479     104283            140            158       18         236               350
           480    6189194            140            135       -5        -135               904
           481    5755120            139            140        1          -9               281
           482    2380914            139            142        3          37              1391
           483    8283744            139            122      -17        -567              1365
           484   11721204            139            124      -15        -482               905
           485    6476519            139            118      -21        -793              1359
           486    9600895            139            149       10         134               874
           487    6576341            139            134       -5        -143               671
           488    6795558            139            129      -10        -296               809
           489    2319621            139            138       -1         -54               837
           490    5238027            139            134       -5        -144               538
           491    1158410            139            128      -11        -336               626
           492    6305099            139            131       -8        -246              1093
           493    1938122            139            145        6          87               969
           494    5336568            139            137       -2         -74               893
           495    8068019            139            137       -2         -76               847
           496    2893288            139            129      -10        -299               997
           497    4216435            139            121      -18        -625               741
           498   11196681            139            124      -15        -495               858
           499    3051726            139            140        1         -11               659
           500     250147            139            152       13         174               493
           501    3218548            138            133       -5        -174               294
           502    8169855            138            131       -7        -227              1312
           503   11343707            138            121      -17        -591               657
           504    7741716            138            156       18         243               751
           505    7411820            138            115      -23        -952               929
           506   12300358            138            129       -9        -274               478
           507    8426744            138            152       14         185               488
           508    2403426            138            134       -4        -138              1046
           509    9147425            138            138        0         -36              1094
           510    8841281            138            132       -6        -208               496
           511    8725898            138            174       36         378               637
           512    4899356            138            159       21         272               750
           513    8210896            138            142        4          46               968
           514    8912720            138            169       31         350               568
           515    6609264            137            142        5          66               933
           516   11843773            137            125      -12        -408               799
           517    6415132            137            143        6          89              1076
           518    6388574            137            144        7          99               769
           519    7943099            137            127      -10        -336               720
           520    6003788            137            122      -15        -537              1154
           521    2198854            137            117      -20        -820               607
           522    6486996            137            120      -17        -656              1093
           523    1672594            137            127      -10        -335              1523
           524    1783956            137            126      -11        -374              1225
           525   13316561            137            148       11         154               604
           526    7483890            137            126      -11        -369               871
           527    9134444            137            121      -16        -580               409
           528    2129620            137            137        0         -42               742
           529    7283332            137            124      -13        -451               982
           530    9639727            137            138        1         -12               527
           531   11788401            137            142        5          62               677
           532    5417754            137            143        6         100               425
           533    5520576            137            138        1         -13               604
           534   12621161            137            156       19         258               407
           535    9605283            137            122      -15        -549               610
           536     509816            137            153       16         226               592
           537    8890940            137            134       -3        -130               734
           538     811427            137            165       28         345               384
           539    2269569            137            156       19         262               556
           540    6051957            136            140        4          49               452
           541    3090533            136            126      -10        -351              1108
           542    3808824            136            135       -1         -63               590
           543    8744064            136            128       -8        -268               348
           544     587808            136            119      -17        -689               752
           545    7459416            136            120      -16        -618               508
           546    2572999            136            119      -17        -680               695
           547   13002384            136            122      -14        -506               558
           548   13080812            136            119      -17        -688              1075
           549    1706702            136            123      -13        -466               612
           550    7140362            136            139        3          25               627
           551    1969242            136            125      -11        -381               484
           552   11441644            136            126      -10        -342               532
           553    9322610            136            131       -5        -180               374
           554    2397923            136            137        1          -4               505
           555    6608535            136            180       44         441               440
           556   11462600            136            134       -2        -104               663
           557    4576087            136            140        4          58               305
           558   12515950            136            120      -16        -639               810
           559    7053596            136            150       14         219               333
           560    3870569            136            130       -6        -209               612
           561    6019599            136            145        9         154               588
           562   12398209            136            151       15         225               694
           563   11647755            136            136        0         -31               761
           564    6779401            136            155       19         282               688
           565    8693252            136            131       -5        -177               389
           566    3072389            136            180       44         451               492
           567    7857947            135            120      -15        -589              1223
           568   12120479            135            140        5          73               468
           569    4183247            135            134       -1         -62               868
           570    5007106            135            141        6          92               720
           571    6410157            135            124      -11        -396              1154
           572    4944262            135            134       -1         -53               904
           573    1341896            135            150       15         234               382
           574    8471580            135            129       -6        -213               797
           575    1647272            135            140        5          73              1275
           576   13608647            135            136        1         -10              1053
           577   11130391            135            149       14         219               724
           578   10449702            135            118      -17        -705               696
           579    5999551            135            121      -14        -526              1481
           580    8810744            135            152       17         262               744
           581    4838563            135            116      -19        -827               799
           582   12865354            135            141        6          95               737
           583    3144174            135            134       -1         -65               879
           584    2715773            135            129       -6        -213               594
           585   10091561            135            132       -3        -134               780
           586    8268352            135            129       -6        -205               583
           587    1425678            135            141        6         101               414
           588   10047510            135            134       -1         -73               442
           589    6040369            135            140        5          80               436
           590    7452949            135            139        4          58               549
           591    1868219            134            125       -9        -326               481
           592     657676            134            142        8         141              2383
           593   11078591            134            114      -20        -925               919
           594    9993404            134            120      -14        -559               350
           595   10491551            134            119      -15        -632              1873
           596    7251705            134            127       -7        -251               643
           597    8063411            134            131       -3        -135               445
           598    3955749            134            165       31         408              1347
           599    9289760            134            114      -20        -930               677
           600    8708204            134            139        5          76               755
           601    4529787            134            132       -2        -116               669
           602    8316946            134            129       -5        -187               583
           603   11583021            134            120      -14        -587               527
           604    2697635            134            138        4          63               449
           605    5271961            134            166       32         420               580
           606      84410            134            132       -2        -107               649
           607   11015496            134            127       -7        -256               528
           608   10187361            134            147       13         220               721
           609    8837594            134            151       17         274               640
           610   13332980            134            131       -3        -129               330
           611    6975392            134            133       -1         -74               524
           612     985750            134            137        3          45               429
           613   13715733            134            123      -11        -421               728
           614    7736586            134            130       -4        -161               612
           615    3245386            134            119      -15        -654               541
           616    3666024            134            135        1          -4               410
           617    7225928            134            131       -3        -128               540
           618    7689763            134            143        9         176               275
           619    7350785            133            132       -1         -81               818
           620    2655698            133            129       -4        -165               698
           621   12154668            133            125       -8        -305               569
           622    7594496            133            108      -25       -1384               899
           623    9738056            133            130       -3        -127               586
           624    9377906            133            121      -12        -482              1400
           625    6299425            133            119      -14        -609               867
           626   13707061            133            122      -11        -435               660
           627    4810416            133            166       33         446               381
           628    4867277            133            140        7         120               650
           629    7036534            133            124       -9        -347               419
           630    1742796            133            136        3          41               714
           631    7938681            133            131       -2         -97               508
           632   11370404            133            126       -7        -273               829
           633    7903380            133            139        6         112               395
           634    8170244            133            142        9         177               695
           635    8668512            133            125       -8        -288               306
           636    1713627            133            160       27         411              1397
           637    3486995            133            142        9         174               589
           638    9422404            133            154       21         344               554
           639    9221051            133            153       20         331               583
           640    5483222            133            137        4          68               719
           641    4764454            133            134        1         -14               895
           642    6435505            133            122      -11        -441               932
           643   11380201            133            124       -9        -338               712
           644    5210112            133            128       -5        -190               582
           645    3217749            133            120      -13        -569               624
           646    3609906            133            117      -16        -737               432
           647   11499573            133            146       13         250               298
           648    5371014            133            124       -9        -351               469
           649     579225            132            126       -6        -232               449
           650   11680030            132            126       -6        -232               474
           651   13567623            132            130       -2        -102               722
           652    6688301            132            154       22         360               640
           653     391440            132            140        8         160               382
           654    4399470            132            143       11         217              1289
           655    2076644            132            122      -10        -387               510
           656    4787608            132            124       -8        -309               785
           657   11882341            132            126       -6        -233               712
           658    7821394            132            139        7         130               553
           659   11396879            132            117      -15        -680              1022
           660   10677432            132            133        1         -12               268
           661    7508360            132            123       -9        -358               458
           662    2509027            132            171       39         509               678
           663   13066778            132            127       -5        -191               510
           664    8426727            132            123       -9        -362               673
           665    3937506            132            143       11         226              1041
           666   10380431            132            124       -8        -320               706
           667   11487689            132            121      -11        -450               822
           668    3730327            132            141        9         179               590
           669    6182612            132            120      -12        -534               687
           670    4253050            132            158       26         420               586
           671    2452123            132            109      -23       -1297               731
           672    5927536            132            159       27         437               442
           673    7167783            132            149       17         307               483
           674    9043785            132            124       -8        -320               310
           675   13606153            132            160       28         447               295
           676    6971465            132            133        1         -20               677
           677    4599122            132            118      -14        -642               550
           678    6019391            132            127       -5        -199               403
           679   12669591            131            134        3          55               425
           680   11995675            131            122       -9        -371               341
           681    6596282            131            137        6         126              2200
           682    2379844            131            175       44         555               598
           683    9753501            131            128       -3        -135              1306
           684    4904211            131            142       11         229               891
           685   12564436            131            121      -10        -418              1017
           686    3880529            131            119      -12        -546               271
           687    8740419            131            125       -6        -243               871
           688    1429883            131            129       -2         -95               556
           689   11770271            131            120      -11        -493               860
           690    9656186            131            119      -12        -541               280
           691   11895628            131            113      -18        -920              1281
           692    9361395            131            140        9         187               424
           693    6221490            131            141       10         214               511
           694    1133516            131            120      -11        -490               523
           695    2077437            131            132        1         -21               720
           696    3988361            131            124       -7        -282               835
           697       9991            131            126       -5        -200               522
           698   11472473            131            117      -14        -662               965
           699      25449            131            113      -18        -919               927
           700   11467445            131            120      -11        -485               722
           701    4358691            131            116      -15        -719               754
           702   10260030            131            121      -10        -427               923
           703    2632386            131            145       14         294               643
           704   12130158            131            132        1         -19               920
           705    3927147            131            149       18         342               667
           706    8345627            131            146       15         307               754
           707    1874524            131            126       -5        -194               678
           708    7199561            131            118      -13        -581               493
           709    4335098            131            129       -2         -90               697
           710     990085            131            145       14         300               368
           711    2955818            131            146       15         315               416
           712     395965            131            125       -6        -229               399
           713     406144            131            134        3          45               411
           714    1245724            130            123       -7        -288               505
           715    8285378            130            117      -13        -614               826
           716   12712539            130            122       -8        -323               383
           717      21780            130            119      -11        -506               417
           718    4072474            130            120      -10        -439              1233
           719    2685968            130            119      -11        -510              1124
           720    3478498            130            125       -5        -202               268
           721    4520608            130            118      -12        -555               311
           722    3444327            130            134        4          95               669
           723     976485            130            117      -13        -614               564
           724    3728019            130            147       17         344               673
           725    6510018            130            123       -7        -292              1442
           726    1397447            130            156       26         466               527
           727   11027930            130            114      -16        -803               584
           728    8931330            130            118      -12        -557              1223
           729    6571422            130            127       -3        -121               551
           730    9737076            130            177       47         604              1549
           731    6073771            130            114      -16        -811               528
           732    9291623            130            118      -12        -556              1157
           733   10596173            130            124       -6        -229               973
           734    3509005            130            121       -9        -375              1265
           735   11411812            130            128       -2         -81               294
           736    2952352            130            136        6         151               299
           737    6344469            130            116      -14        -682              1050
           738    5156997            130            116      -14        -689               560
           739   10385651            130            122       -8        -333              1013
           740    9782620            130            139        9         209               848
           741   11849987            130            121       -9        -390               973
           742    2420057            130            134        4          77               435
           743   11428558            130            114      -16        -823               724
           744    8298423            130            119      -11        -521               408
           745    7969179            130            119      -11        -521               696
           746   13105952            130            119      -11        -509               620
           747   12605497            130            132        2          23               560
           748   12690907            130            135        5         130               266
           749     636206            130            136        6         151               441
           750    9695651            130            112      -18        -965               386
           751    5481038            130            125       -5        -204               657
           752    5588476            130            126       -4        -159               424
           753    1433696            130            122       -8        -332               371
           754   11269239            129            122       -7        -286               719
           755    6830458            129            126       -3        -128               298
           756    9622700            129            115      -14        -690               539
           757    1267647            129            123       -6        -248               920
           758    3040717            129            128       -1         -51               426
           759    2208801            129            116      -13        -642               785
           760    6967526            129            117      -12        -582               996
           761    1594974            129            128       -1         -64               685
           762    7069433            129            128       -1         -57               635
           763    9990259            129            116      -13        -634               608
           764   10535537            129            135        6         153               727
           765   10917883            129            128       -1         -58               453
           766   10814448            129            130        1           7              1064
           767    3788772            129            118      -11        -515               359
           768    6511959            129            116      -13        -661               756
           769    3130258            129            114      -15        -776               834
           770    6314658            129            127       -2         -96               888
           771    5001251            129            152       23         451               471
           772   10832345            129            120       -9        -397               479
           773    5712434            129            114      -15        -782               778
           774    9728608            129            120       -9        -407               600
           775    1290653            129            108      -21       -1283              1043
           776   11249458            129            121       -8        -354               746
           777    7150427            129            134        5         115               704
           778    3803677            129            115      -14        -727               692
           779    2440090            129            120       -9        -431               782
           780    3305779            129            115      -14        -711               716
           781    9524778            129            131        2          45               343
           782   10870100            129            127       -2         -92               594
           783    9320498            129            142       13         312               606
           784    1454352            129            163       34         572               705
           785     408222            129            120       -9        -428               738
           786    2538282            129            142       13         314               552
           787    2584088            129            131        2          41               478
           788    9116865            129            132        3          67               336
           789   12619922            129            121       -8        -356               566
           790   10499135            128            115      -13        -655               989
           791   13637563            128            115      -13        -658               542
           792    9277283            128            131        3          66               743
           793   11342748            128            121       -7        -307               672
           794    5619654            128            114      -14        -726               344
           795    2227225            128            117      -11        -540               575
           796    2612731            128            133        5         119              1037
           797    4895726            128            115      -13        -669              1438
           798   11808652            128            113      -15        -798              1137
           799     500274            128            109      -19       -1120               509
           800    7815137            128            118      -10        -481               699
           801    8135221            128            112      -16        -892               689
           802   11505053            128            122       -6        -244               864
           803    3172048            128            132        4         102               769
           804   13660475            128            125       -3        -124               491
           805    1410714            128            111      -17        -968               884
           806   12530533            128            135        7         193               942
           807   11296668            128            156       28         533               826
           808    4882351            128            137        9         247               467
           809    3508551            128            126       -2         -87               498
           810   13259303            128            108      -20       -1205               789
           811     596415            128            103      -25       -1747               702
           812    2424602            128            120       -8        -356               466
           813   12343624            128            118      -10        -491               869
           814    3745999            128            117      -11        -543               848
           815   12304779            128            135        7         203               499
           816    2634882            128            125       -3        -138               763
           817     740183            128            107      -21       -1302               858
           818    3824259            128            111      -17        -959               440
           819    3004300            128            114      -14        -720               496
           820    8143029            128            131        3          79               673
           821   10095171            128            154       26         524               607
           822    7777100            128            116      -12        -585               350
           823   11035696            128            118      -10        -473               703
           824   10252367            128            121       -7        -300               501
           825   12537528            128            136        8         230               689
           826    7182010            128            138       10         279               667
           827    8810443            128            122       -6        -251               482
           828   11655654            128            124       -4        -155               379
           829    4775284            128            118      -10        -488               800
           830    3560594            128            135        7         214               524
           831    1224157            128            123       -5        -199               332
           832    7331556            128            135        7         210               490
           833     769038            128            147       19         448               301
           834      96145            128            121       -7        -307               402
           835     832205            127            117      -10        -491               925
           836    5492909            127            123       -4        -180               666
           837    9441118            127            115      -12        -616               533
           838    7889002            127            121       -6        -264               678
           839   12460383            127            108      -19       -1157              2112
           840    3572607            127            113      -14        -752               631
           841    9514755            127            118       -9        -438               908
           842    5014355            127            114      -13        -682               563
           843    2955806            127            108      -19       -1166              1049
           844    9290537            127            110      -17       -1004               843
           845    6282057            127            125       -2         -76               328
           846    5145934            127            108      -19       -1161              1389
           847   11124262            127            114      -13        -679               681
           848    8175108            127            119       -8        -392               519
           849    4004552            127            141       14         367               630
           850   10590428            127            116      -11        -566               525
           851    2344650            127            127        0         -10              1018
           852   10898128            127            128        1          21              1140
           853    4326566            127            118       -9        -447               470
           854   13697333            127            120       -7        -335               615
           855   12115946            127            123       -4        -158               560
           856    2618186            127            123       -4        -177               432
           857     508737            127            120       -7        -341               750
           858    2990579            127            120       -7        -325               304
           859    3292817            127            113      -14        -774               538
           860    9835674            127            115      -12        -624               381
           861    3881870            127            119       -8        -399               723
           862    7036424            127            117      -10        -501               784
           863   13659730            127            141       14         375               368
           864   10659035            127            119       -8        -398               548
           865    1122115            127            118       -9        -446               410
           866   12287851            127            134        7         223               364
           867    3206448            127            116      -11        -556               425
           868    9735122            127            133        6         180               495
           869     700529            127            130        3         104               387
           870   10539140            127            145       18         462               513
           871   10447246            127            120       -7        -337               596
           872    8290022            127            124       -3         -96               267
           873   12248322            127            136        9         282               294
           874   11235872            127            125       -2         -78               255
           875    2172662            127            129        2          70               510
           876    7765894            127            130        3         106               562
           877    8188613            127            122       -5        -204               229
           878   11841679            126            127        1          35               313
           879    5674740            126            115      -11        -565               406
           880   12605113            126            130        4         131               261
           881    2574707            126            118       -8        -394               256
           882   10532608            126            117       -9        -450               436
           883    1706195            126            122       -4        -161               641
           884   11890810            126            133        7         208               899
           885    7431009            126            122       -4        -163               495
           886    4962179            126            117       -9        -450               415
           887     767860            126            125       -1         -38               692
           888   10034794            126            122       -4        -157               333
           889    5800261            126            113      -13        -705              1427
           890    9583892            126            130        4         132               675
           891   13566611            126            122       -4        -164               975
           892     464294            126            135        9         288               537
           893    7548048            126            114      -12        -628               463
           894    7169167            126            113      -13        -697               359
           895    3026506            126            117       -9        -443               845
           896    7011580            126            118       -8        -381              1166
           897   11641614            126            139       13         381               672
           898    5857436            126            122       -4        -161               770
           899    8772248            126            181       55         790              1051
           900   10116933            126            126        0          14               415
           901    5787191            126            108      -18       -1107               788
           902    2235509            126            125       -1         -31               584
           903    4608569            126            110      -16        -943              1173
           904    3061623            126            115      -11        -574               751
           905    6757536            126            135        9         303               627
           906     356321            126            112      -14        -801               738
           907    3866805            126            136       10         323               988
           908    8556261            126            120       -6        -288               424
           909    1675658            126            124       -2         -62               314
           910   12262873            126            107      -19       -1204              1121
           911    4204636            126            118       -8        -379               551
           912    3511630            126            122       -4        -163               604
           913   12253965            126            130        4         145              1093
           914   11012191            126            135        9         300               453
           915   12393602            126            111      -15        -864               312
           916   12896556            126            116      -10        -516               444
           917     665405            126            121       -5        -206               455
           918   12474728            126            128        2          78               560
           919   11546360            126            120       -6        -297               750
           920   11414057            126            114      -12        -643               454
           921    2325905            126            107      -19       -1249               878
           922   12014636            126            116      -10        -517               493
           923    5182974            126            137       11         346               415
           924    7454613            126            146       20         523               594
           925    6884285            126            110      -16        -965               565
           926    4036002            126            114      -12        -651               397
           927    9944882            125            114      -11        -585               253
           928   11659910            125            132        7         229               397
           929     996312            125            125        0          13              1265
           930   10535657            125            139       14         419               323
           931    2658184            125            131        6         201               665
           932    1928397            125            120       -5        -227               689
           933    2135951            125            121       -4        -165               336
           934    8118071            125            115      -10        -529               824
           935    8789330            125            114      -11        -597               724
           936   10259888            125            120       -5        -218               383
           937    7061204            125            116       -9        -469               768
           938    7084073            125            116       -9        -457               242
           939    4902525            125            104      -21       -1481              1461
           940    9413168            125            112      -13        -756              1115
           941     292677            125            108      -17       -1092               908
           942    1464206            125            148       23         568              1267
           943   10891976            125            120       -5        -257              1242
           944    9854245            125            112      -13        -754               987
           945   11255820            125            123       -2         -78               750
           946   12803450            125            126        1          37               588
           947     356373            125            119       -6        -316               784
           948    3365189            125            117       -8        -407               840
           949    1967658            125            108      -17       -1094               759
           950     813620            125            113      -12        -687               633
           951    1892797            125            111      -14        -824               724
           952    1189659            125            124       -1         -27               852
           953   12994913            125            113      -12        -673               575
           954   13577331            125            107      -18       -1161              1000
           955    4680226            125            118       -7        -358               524
           956    5849019            125            125        0           7               381
           957    9562642            125            107      -18       -1171               643
           958    7290163            125            127        2         107               353
           959     890273            125            109      -16        -987               278
           960    1244577            125            124       -1         -31               711
           961    3664185            125            138       13         412               377
           962    1220795            125            119       -6        -306               463
           963   13301996            125            111      -14        -836               399
           964     397582            125            126        1          50               638
           965    7437741            125            148       23         588               764
           966    5214505            125            145       20         553               532
           967    4047855            125            154       29         667               557
           968    1563838            124            149       25         618               264
           969    4185804            124            126        2          82               660
           970   11996570            124            115       -9        -485               625
           971   13321205            124            124        0           7               765
           972    4630214            124            115       -9        -495               763
           973    3636331            124            119       -5        -251               400
           974    3057981            124            119       -5        -263               549
           975    6461321            124            108      -16       -1020               567
           976   12077016            124            120       -4        -219               462
           977   12673125            124            130        6         226               290
           978    9734522            124            124        0           5               779
           979   11044059            124            122       -2         -81              1030
           980   10981971            124            129        5         188               325
           981    8966626            124            114      -10        -560              1258
           982    1317443            124            120       -4        -189               480
           983     739196            124            111      -13        -776               764
           984    1187512            124            122       -2         -85               656
           985    3685474            124            134       10         346               270
           986    6887457            124            108      -16       -1066               545
           987    6021265            124            146       22         593               420
           988    1894177            124            100      -24       -1922               955
           989    7440739            124            142       18         537               421
           990    8891041            124            123       -1         -34               550
           991   11968750            124            134       10         344               419
           992    9521931            124            107      -17       -1135               606
           993    4558383            124            127        3         117               808
           994    1748681            124            121       -3        -132               576
           995    8178937            124            125        1          52               401
           996    3829502            124            135       11         379               562
           997   12480811            124            120       -4        -202               308
           998   10466891            124            119       -5        -240               261
           999    1835531            124            149       25         635               368
          1000    2522634            124            122       -2         -66               517
          1001   10061335            124            116       -8        -430               351
          1002    4998111            124            144       20         578               672
          1003     655953            124            118       -6        -315               308
          1004   12268612            124            115       -9        -494               400
          1005    6392432            124            137       13         430               318
          1006   11441969            124            146       22         606               453
          1007    7849560            124            138       14         456               395
          1008    1715701            123            105      -18       -1278               827
          1009    9917710            123            110      -13        -823               486
          1010   11520281            123            111      -12        -733              1096
          1011   10049955            123            120       -3        -140               351
          1012   13550762            123            123        0           0               906
          1013    7301616            123            104      -19       -1381              2075
          1014   10642843            123            134       11         388               415
          1015   10802141            123            120       -3        -165               764
          1016    8263919            123            115       -8        -455               963
          1017    4438625            123            120       -3        -159               580
          1018     700521            123            112      -11        -672               638
          1019    4245592            123            134       11         382               355
          1020    4762161            123            110      -13        -829               470
          1021   13410044            123            111      -12        -746               658
          1022    7767222            123            116       -7        -382               230
          1023    1144802            123            104      -19       -1400              1093
          1024    6106258            123            144       21         602               910
          1025    7659204            123            130        7         271               231
          1026    2790742            123            115       -8        -443              1216
          1027    4239620            123            111      -12        -741               522
          1028    5239712            123            122       -1         -35               876
          1029    2967842            123            128        5         208               528
          1030    8781280            123            108      -15        -984               521
          1031   12541096            123            129        6         245               359
          1032   10600885            123            121       -2         -95               796
          1033    8189092            123            112      -11        -675               981
          1034    9672660            123            121       -2         -91              1027
          1035    8235390            123            126        3         136               281
          1036    5965719            123             99      -24       -2030              1168
          1037   11217710            123            125        2          87               904
          1038    5708095            123            113      -10        -591               720
          1039    1469072            123            172       49         893               376
          1040    1671647            123            107      -16       -1093               864
          1041    2208266            123            114       -9        -517               741
          1042    9626651            123            110      -13        -816               592
          1043   10723751            123            118       -5        -252               757
          1044    4123817            123            112      -11        -670               715
          1045    1176101            123            134       11         393               423
          1046    9787277            123            111      -12        -755               439
          1047    6888095            123            105      -18       -1292               772
          1048   12479112            123            114       -9        -508               597
          1049   13180452            123            134       11         383               443
          1050    8280410            123            112      -11        -656               446
          1051    8008396            123            122       -1         -36               545
          1052    9063030            123            106      -17       -1179               343
          1053    7520532            123            129        6         260               478
          1054   12868174            123            105      -18       -1303               683
          1055    4152850            123            123        0          18               373
          1056    6882062            123            133       10         358               711
          1057    8535139            123            110      -13        -813               530
          1058   13065867            123            120       -3        -157               655
          1059   11298802            123            128        5         217               497
          1060    2166348            123            120       -3        -160               483
          1061    6629732            123            120       -3        -157               500
          1062   11450010            123            134       11         405               381
          1063    6283088            123            124        1          65               478
          1064    8772760            123            132        9         339               310
          1065    4370292            122            134       12         442               270
          1066   12719509            122            113       -9        -516               434
          1067   10813706            122            121       -1         -28               354
          1068    9656017            122            115       -7        -394               557
          1069   12144570            122            108      -14        -928              1138
          1070    1248479            122            104      -18       -1323               702
          1071    5502455            122            107      -15       -1020              1043
          1072     431721            122            110      -12        -762               260
          1073    9494010            122            120       -2        -101              1064
          1074   13203563            122            113       -9        -524              1472
          1075    4008390            122            118       -4        -205               654
          1076   12926869            122            113       -9        -527               751
          1077   11079537            122            117       -5        -263               917
          1078    2152980            122            115       -7        -392               233
          1079   12610157            122            106      -16       -1127               802
          1080    5249834            122            116       -6        -322               618
          1081    7359589            122            113       -9        -503               512
          1082    3445028            122            108      -14        -931               854
          1083    8879588            122            128        6         261               303
          1084   10572868            122            120       -2         -95              1419
          1085    5312142            122            112      -10        -614              1168
          1086    9890581            122            136       14         507               297
          1087   12424665            122            129        7         293               719
          1088   13148924            122            102      -20       -1570              1940
          1089   11759039            122            110      -12        -771              1128
          1090    7233653            122            145       23         686               706
          1091    4037918            122            104      -18       -1341               997
          1092     641717            122            118       -4        -220               680
          1093     178122            122            109      -13        -844               710
          1094    2761062            122            121       -1         -26               792
          1095   11731495            122            134       12         437               864
          1096   10497814            122            118       -4        -195               322
          1097    2563587            122            110      -12        -772               997
          1098    4765919            122            119       -3        -143               317
          1099    3500055            122            113       -9        -490               446
          1100    3561375            122            113       -9        -536               673
          1101    5694646            122            108      -14        -943               754
          1102    3729300            122            110      -12        -761               734
          1103    4852636            122            109      -13        -828               519
          1104    8902401            122            107      -15       -1020               846
          1105   13653781            122            125        3         158               629
          1106    4998479            122            115       -7        -384               791
          1107   12267893            122            121       -1         -26               693
          1108   10415086            122            124        2         131               332
          1109    2370667            122            111      -11        -688               399
          1110     576664            122            125        3         171               441
          1111   13005961            122            131        9         367               728
          1112   11394403            122            133       11         418               616
          1113     898067            122            133       11         416               351
          1114    6281154            122            107      -15       -1037               734
          1115   10766527            122            126        4         200               432
          1116    3014503            122            148       26         738               472
          1117    1632775            122            122        0          46               453
          1118    5818700            122            121       -1         -20               691
          1119    1957526            122            120       -2         -92               376
          1120    6069486            122            124        2         124               376
          1121    8381641            122            159       37         885               308
          1122     190458            122            111      -11        -700               472
          1123    6521015            121            124        3         165               321
          1124      48276            121            125        4         205               399
          1125   12297296            121            114       -7        -391               314
          1126   12091099            121            108      -13        -879               906
          1127   10927353            121            113       -8        -468              1030
          1128   11740222            121            123        2         117               692
          1129   12138887            121            121        0          30               487
          1130    1527028            121            107      -14        -974              1102
          1131    1237316            121            130        9         370               884
          1132     848577            121            115       -6        -340               735
          1133    4558458            121            109      -12        -782               790
          1134    6063608            121            107      -14        -973              1293
          1135   12184045            121            112       -9        -554               602
          1136    4157024            121            113       -8        -452               191
          1137   10183122            121            111      -10        -628               541
          1138    6029282            121            115       -6        -339               832
          1139    3087824            121            100      -21       -1752              1972
          1140    7494931            121            103      -18       -1407               610
          1141    2486332            121            128        7         309               695
          1142   11943090            121            118       -3        -155               703
          1143   13029611            121            116       -5        -267               752
          1144     352326            121            136       15         556               423
          1145    7122190            121            111      -10        -629               636
          1146    8511356            121            152       31         832               723
          1147    6083850            121            125        4         199               817
          1148   11839082            121            120       -1         -25               292
          1149    4020961            121            105      -16       -1185               751
          1150     638877            121            114       -7        -402              1147
          1151    7709741            121            108      -13        -884               918
          1152    8492899            121            107      -14        -950               484
          1153   12999959            121            112       -9        -560               774
          1154    2371503            121            134       13         491              1079
          1155   13215047            121            126        5         248               736
          1156    1477448            121            102      -19       -1531               901
          1157    1686604            121            119       -2        -113               390
          1158     688531            121            119       -2         -91               580
          1159    2489160            121            120       -1         -48               299
          1160    8853118            121            132       11         454               308
          1161    9013659            121            130        9         395               351
          1162   13311174            121            111      -10        -616               618
          1163   10299677            121            119       -2        -101               756
          1164     755009            121            113       -8        -464               704
          1165   11460531            121            147       26         776              1284
          1166    7943671            121            133       12         474               446
          1167    9365542            121            103      -18       -1407               322
          1168    9757946            121            109      -12        -792               414
          1169    4075915            121            120       -1         -40               377
          1170    6783396            121            114       -7        -408               465
          1171    4188609            121            105      -16       -1193               846
          1172   10032151            121            109      -12        -797               446
          1173   12563418            121            127        6         293               279
          1174   12570955            121            111      -10        -649               436
          1175   11579522            121            129        8         374               445
          1176    6871192            121            128        7         343               380
          1177   10303591            120            121        1          80               374
          1178    5133685            120            114       -6        -335               356
          1179     537673            120            109      -11        -731               366
          1180    5215769            120            120        0          20               385
          1181    1150543            120            105      -15       -1098               648
          1182    8363537            120            103      -17       -1333               951
          1183    8775865            120            114       -6        -351               491
          1184   10200815            120            108      -12        -815               840
          1185   12903726            120            108      -12        -819              1201
          1186   12499332            120            104      -16       -1205              1057
          1187   10829354            120            126        6         298               573
          1188   10537264            120            156       36         913              1503
          1189    7892735            120            156       36         922               592
          1190   10010205            120            105      -15       -1098               757
          1191    9014020            120            110      -10        -660               631
          1192   11532582            120            102      -18       -1439              1088
          1193    4835217            120            110      -10        -660               446
          1194   10857118            120            128        8         380               470
          1195    6521191            120            127        7         333               479
          1196   11837410            120            117       -3        -162              1818
          1197   13178304            120            103      -17       -1338              1030
          1198   11461200            120            110      -10        -649               484
          1199    1558914            120            103      -17       -1362               769
          1200   13184412            120            132       12         490               421
          1201    3367313            120            130       10         449               253
          1202    2323151            120            108      -12        -800               815
          1203    4340730            120            119       -1         -49               295
          1204    4929379            120            109      -11        -737               701
          1205    1874529            120            111       -9        -577               885
          1206   10587955            120            117       -3        -144               418
          1207    9086106            120            122        2         145               347
          1208   10121813            120            120        0          17               706
          1209    8290941            120            116       -4        -219               826
          1210   13401339            120            102      -18       -1450               625
          1211     469343            120            116       -4        -204               428
          1212   11924257            120            124        4         223               801
          1213    5797552            120            134       14         585               214
          1214     763316            120            124        4         255               336
          1215   12000208            120            138       18         677               490
          1216    3455003            120            109      -11        -727               492
          1217   10846453            120            115       -5        -276               594
          1218    4674878            120            121        1         114               391
          1219    6856447            120            109      -11        -745               645
          1220   12524511            120            108      -12        -839               994
          1221   11408426            120            102      -18       -1450               726
          1222   10946433            120            132       12         502               365
          1223    8215271            120            117       -3        -156               776
          1224    1387017            120            101      -19       -1573               577
          1225    5832862            120            111       -9        -565               777
          1226   10474557            120            127        7         357               462
          1227    3229469            120            109      -11        -738               446
          1228    9058568            120             96      -24       -2321               664
          1229    9716632            120            133       13         547               358
          1230    3619855            120            113       -7        -428               535
          1231   11677282            120            120        0          44               368
          1232    8450478            120            115       -5        -268               471
          1233     917015            120            122        2         151               396
          1234    3312347            120            123        3         198               309
          1235    2286837            120            123        3         200               455
          1236    9877690            120            127        7         372               458
          1237     840740            120            164       44        1032               545
          1238   13258390            120            116       -4        -202               276
          1239    2899761            120            164       44        1039               383
          1240    9372571            119            122        3         202               440
          1241   12679451            119            116       -3        -149               561
          1242   11035594            119            100      -19       -1615               950
          1243    6297325            119            105      -14       -1034               978
          1244   11441791            119            104      -15       -1140              1586
          1245    9063836            119            133       14         572               657
          1246    3579843            119            124        5         283               647
          1247   12581325            119            122        3         193               575
          1248   12802697            119            115       -4        -213              1325
          1249    3426870            119            128        9         437               585
          1250    5081651            119            116       -3        -149               503
          1251    6306931            119            112       -7        -434               541
          1252   10411770            119            125        6         314               636
          1253    9516178            119            114       -5        -266               669
          1254    9424198            119            109      -10        -673              1085
          1255   13205926            119            128        9         425               611
          1256    3508747            119            132       13         553               298
          1257    2903900            119            135       16         650               723
          1258    5766929            119            120        1          81               602
          1259    9797177            119            103      -16       -1283               931
          1260     436293            119            108      -11        -767               737
          1261    6993588            119            120        1         111               273
          1262     486090            119            101      -18       -1529               600
          1263    4108038            119             93      -26       -2750              1165
          1264    3285106            119            104      -15       -1137               618
          1265    6965114            119            133       14         591               336
          1266    6908840            119            109      -10        -667               966
          1267    5080835            119            127        8         397               533
          1268    6928749            119            123        4         240               632
          1269    2499173            119            113       -6        -376               731
          1270    1327132            119            104      -15       -1169               448
          1271    7066547            119            109      -10        -647               327
          1272     101497            119            114       -5        -272               431
          1273    9412648            119            117       -2         -80               613
          1274    3487337            119            114       -5        -275               572
          1275   11451082            119            117       -2         -91              1116
          1276    5965135            119            105      -14       -1045               810
          1277    9762871            119            112       -7        -420               456
          1278    4411326            119            111       -8        -508               628
          1279    4666632            119            100      -19       -1648               806
          1280   12959153            119            121        2         136               579
          1281     539937            119            117       -2         -89               434
          1282    3735671            119            109      -10        -676               474
          1283    8952263            119            125        6         339               648
          1284    2293321            119            117       -2         -91               449
          1285    3606276            119            122        3         205               655
          1286   10446600            119            128        9         458               325
          1287    2200336            119            148       29         911               444
          1288    3374427            119            118       -1         -19               373
          1289    9636869            119            124        5         315               307
          1290    8949494            119            108      -11        -781               608
          1291   11170552            119            117       -2         -55               343
          1292     147785            119            109      -10        -679               443
          1293    6076664            119            121        2         151               383
          1294   10866287            119            138       19         744               299
          1295    5869257            119            110       -9        -587               468
          1296    7398962            119            112       -7        -436               564
          1297    8744566            119            127        8         419               440
          1298    5244991            119            116       -3        -144               608
          1299    4926331            119            117       -2         -89               278
          1300     757708            118            112       -6        -367               565
          1301    6619881            118            133       15         630               472
          1302     733660            118             96      -22       -2154               560
          1303    8241999            118            108      -10        -686               411
          1304    2855523            118            117       -1         -23               283
          1305   10708463            118            103      -15       -1208               768
          1306    4207331            118            101      -17       -1429               772
          1307     676215            118            113       -5        -286               924
          1308    6161888            118            114       -4        -209               274
          1309   13452224            118            129       11         530               439
          1310   13356965            118            111       -7        -431               350
          1311    8896539            118            108      -10        -674               310
          1312    8000240            118            127        9         463               524
          1313     962654            118            101      -17       -1424               635
          1314   10919337            118            107      -11        -779              1027
          1315   11071011            118            111       -7        -438               809
          1316    4016510            118            107      -11        -778               308
          1317    2642294            118            109       -9        -597               598
          1318   10409983            118            106      -12        -883               710
          1319   11590103            118            106      -12        -886               280
          1320    8264434            118            107      -11        -785               627
          1321    6708026            118            106      -12        -893               657
          1322   10559139            118            108      -10        -697              1161
          1323     933325            118            125        7         387               773
          1324    4217427            118            127        9         451               864
          1325   11222915            118            105      -13        -997               630
          1326    7838821            118            111       -7        -435               528
          1327    6451848            118            127        9         471               400
          1328     238914            118            112       -6        -382               539
          1329    1323533            118            119        1          71               482
          1330   12662701            118            100      -18       -1565              1184
          1331    4652604            118            108      -10        -706               690
          1332   11793659            118            118        0          40               541
          1333     962068            118            109       -9        -592               814
          1334    3735608            118            105      -13       -1001               810
          1335    2482785            118            111       -7        -417               410
          1336   13345359            118            139       21         823               224
          1337    3603465            118            104      -14       -1069               519
          1338      96389            118            112       -6        -365               338
          1339    3079155            118            111       -7        -454               718
          1340    2591950            118            102      -16       -1334               914
          1341   10343291            118            121        3         223              1061
          1342     208012            118            118        0          39               527
          1343     204462            118            120        2         139               614
          1344    9164869            118            133       15         665               267
          1345   13294379            118            104      -14       -1142               755
          1346    3573696            118            147       29         959               851
          1347    4294252            118            123        5         315               576
          1348   10043192            118            120        2         155               466
          1349   12133276            118             95      -23       -2351              1030
          1350   12541546            118            128       10         526               446
          1351    8291323            118            135       17         730               412
          1352    9183876            118            130       12         597               209
          1353    7290430            118            111       -7        -461               429
          1354    2979219            118            121        3         235               354
          1355    3871786            118            111       -7        -464               708
          1356    7795460            118            118        0          40               395
          1357    5033958            118            116       -2         -79               322
          1358    9146179            118            129       11         555               244
          1359      94748            118            133       15         664               508
          1360   12764317            118            108      -10        -716               388
          1361    9773849            117            128       11         553               269
          1362    5066448            117            123        6         358               977
          1363    5178935            117            106      -11        -824              1048
          1364   12947173            117            106      -11        -820               440
          1365    8206644            117            106      -11        -829               840
          1366    6423842            117            113       -4        -233               365
          1367   11053972            117            111       -6        -383               461
          1368    2705218            117            112       -5        -296               324
          1369    6832898            117            113       -4        -231               420
          1370    1566902            117            105      -12        -921               811
          1371   12046441            117            112       -5        -315               406
          1372     299812            117            116       -1         -20               307
          1373   11414068            117            105      -12        -914               365
          1374    1519190            117            104      -13       -1038               936
          1375    2727534            117            142       25         925               448
          1376    9421176            117            110       -7        -479               749
          1377    3485564            117            133       16         693               657
          1378    1537385            117            102      -15       -1278               487
          1379    4063816            117            108       -9        -638               523
          1380    2069751            117            109       -8        -554               716
          1381    1477997            117            103      -14       -1163              1327
          1382    6742153            117            106      -11        -826              1032
          1383   13157760            117            101      -16       -1370               814
          1384   10315037            117            122        5         319               387
          1385    6982424            117            113       -4        -239               796
          1386     104136            117            104      -13       -1032               748
          1387    5327197            117            109       -8        -545               795
          1388    4430257            117            111       -6        -375               303
          1389     183310            117            110       -7        -473              1310
          1390   11357187            117            126        9         484               395
          1391    1485912            117             98      -19       -1811               604
          1392    5296611            117            134       17         742               633
          1393    1475624            117            118        1         106               343
          1394   11275592            117            110       -7        -473               619
          1395    9852686            117            132       15         673               719
          1396   11243223            117            116       -1         -30               650
          1397    5456253            117            125        8         452               526
          1398    7233323            117            132       15         683               571
          1399    7707064            117            134       17         759               324
          1400    5298627            117            109       -8        -523               418
          1401   10501443            117            113       -4        -234               498
          1402    9281365            117            117        0          46               587
          1403   12829936            117            115       -2         -79               469
          1404    5591640            117            116       -1         -14               631
          1405    9392849            117            126        9         517               309
          1406     223237            117            113       -4        -235               844
          1407    9974904            117            100      -17       -1510               484
          1408    1198562            117            112       -5        -303               483
          1409    3728453            117            111       -6        -402               479
          1410    4880638            117            112       -5        -308               467
          1411    9980324            117            130       13         654               487
          1412    5991192            117            109       -8        -541               336
          1413    2891171            117             99      -18       -1672               565
          1414    9508508            117            102      -15       -1281               563
          1415     586734            117            104      -13       -1061               696
          1416     912103            117            126        9         512               579
          1417   12602282            117            106      -11        -803               513
          1418   13019693            117            113       -4        -239               414
          1419    3315898            117            137       20         843               393
          1420    5550508            117            125        8         469               486
          1421    1688986            117            123        6         396               389
          1422   13619590            117            119        2         155               425
          1423   11179052            117            131       14         676               552
          1424   11475490            116            110       -6        -406               670
          1425    2118729            116            102      -14       -1188              1348
          1426    8328857            116            112       -4        -239               385
          1427   11468801            116            102      -14       -1197               301
          1428    1243201            116            112       -4        -260               396
          1429    7269973            116            110       -6        -411               772
          1430    6489687            116            110       -6        -401               323
          1431    5066731            116            107       -9        -670               557
          1432    3915585            116            103      -13       -1084               408
          1433    5101959            116            104      -12        -964              1508
          1434    9481939            116            115       -1         -30               730
          1435   10573729            116            112       -4        -238               470
          1436    7409521            116            102      -14       -1178               429
          1437    6813852            116            118        2         153               434
          1438    8623374            116            104      -12        -954               635
          1439    7822403            116            101      -15       -1308               750
          1440    2565018            116            123        7         431               409
          1441    4580292            116            101      -15       -1308               728
          1442   12522036            116            100      -16       -1431               753
          1443    3526632            116            105      -11        -857               970
          1444    3046837            116            112       -4        -228               457
          1445    9945100            116            108       -8        -555               355
          1446   11199825            116            112       -4        -231               623
          1447    6398081            116            124        8         486               664
          1448    1991228            116            115       -1         -25              1087
          1449   12215124            116            109       -7        -467               573
          1450   10734897            116            107       -9        -649               451
          1451    3836571            116            105      -11        -845               672
          1452    5517485            116            102      -14       -1198               937
          1453    5657953            116            117        1         122               407
          1454   10502852            116            105      -11        -861               718
          1455    4437984            116            100      -16       -1422               552
          1456   13119976            116            137       21         894               583
          1457   13447666            116            108       -8        -544               412
          1458    8321358            116            104      -12        -970               378
          1459    5190812            116            135       19         858               379
          1460    5580481            116            105      -11        -863               883
          1461    7559150            116            119        3         218               906
          1462    8806556            116            118        2         176               594
          1463    9332907            116            112       -4        -239               821
          1464   10229909            116            139       23         946               391
          1465    1603218            116            104      -12        -979               491
          1466    4661834            116            107       -9        -650              1002
          1467     987999            116            119        3         228               314
          1468    2351522            116            115       -1           8               455
          1469    2362167            116            115       -1         -27               427
          1470    3929009            116            121        5         358              1013
          1471   10378973            116            116        0          36               869
          1472    9928325            116            102      -14       -1219              1068
          1473    6155379            116             98      -18       -1732               540
          1474    4936803            116            120        4         269               548
          1475    6094140            116            116        0          37               783
          1476    9577627            116            110       -6        -410               645
          1477    8777904            116            102      -14       -1228               443
          1478   10351500            116            107       -9        -639               280
          1479   11351545            116            126       10         569               641
          1480     680845            116            109       -7        -470               696
          1481    7385170            116            128       12         644               430
          1482    8613304            116            119        3         211               587
          1483    2104858            116            134       18         842               360
          1484   11590406            116            132       16         772               275
          1485   13597435            116            106      -10        -764               632
          1486     640837            116            105      -11        -862               441
          1487    1865739            116            107       -9        -652               585
          1488   12181746            116            127       11         616               445
          1489    1906865            116            130       14         717               602
          1490   12277490            116            102      -14       -1218               401
          1491   13407284            116            109       -7        -465               559
          1492    3711523            116            120        4         327               288
          1493   10575422            116            110       -6        -392               583
          1494    2482917            116            114       -2         -80               659
          1495    3008615            116            114       -2         -76               535
          1496   10512219            116            117        1         116               523
          1497   10311209            116            108       -8        -571               417
          1498    8356928            116            125        9         545               356
          1499    2511468            116            112       -4        -232               590
          1500   10421128            116            118        2         179               647
          1501    8797076            116            102      -14       -1221               336
          1502     166580            116             99      -17       -1624               297
          1503    9273529            115            101      -14       -1229               507
          1504   10883531            115            116        1         115               371
          1505   13165025            115            104      -11        -878               807
          1506   12395992            115             99      -16       -1482               715
          1507    2504632            115            111       -4        -244               627
          1508    2202623            115            101      -14       -1231               492
          1509    6919022            115            120        5         348               433
          1510    6686390            115            107       -8        -571               259
          1511   11457083            115             97      -18       -1800              1599
          1512    6925870            115            116        1         109               328
          1513     437984            115            104      -11        -882               389
          1514    3680393            115             99      -16       -1497               705
          1515     937249            115            103      -12       -1007               862
          1516    7161623            115            122        7         452               419
          1517   11889130            115            129       14         739               226
          1518    3206803            115            112       -3        -169               886
          1519    4770644            115            101      -14       -1225               315
          1520    2482416            115            139       24        1008               478
          1521    8608611            115            106       -9        -688               973
          1522    7369868            115            100      -15       -1362              1343
          1523    7286836            115            105      -10        -782               597
          1524    3005735            115            109       -6        -402               433
          1525    6328132            115            107       -8        -565               318
          1526     958315            115            101      -14       -1241               358
          1527   10199032            115            105      -10        -784               691
          1528   11451275            115            111       -4        -226               356
          1529   11764202            115            100      -15       -1354               418
          1530    5645987            115            117        2         200               352
          1531    4669393            115            102      -13       -1115               849
          1532    4015792            115             92      -23       -2686              1237
          1533   10638710            115            120        5         332               585
          1534    1723313            115            115        0          59               412
          1535    8510590            115             98      -17       -1656               641
          1536   11014544            115            102      -13       -1097               459
          1537    4541457            115            132       17         829               359
          1538     910178            115            103      -12       -1002               437
          1539    8281506            115            100      -15       -1348               290
          1540   11346057            115            107       -8        -596               644
          1541    8473232            115            117        2         179               750
          1542    6556287            115            113       -2        -105               502
          1543   12909855            115            119        4         282               591
          1544    2461938            115            111       -4        -262               686
          1545    8102625            115            108       -7        -483               344
          1546    9387765            115            114       -1         -16               592
          1547   12724013            115            108       -7        -495               594
          1548    6251805            115            122        7         474               712
          1549    5187358            115            114       -1         -18               555
          1550    2825363            115            126       11         637               667
          1551    5849657            115            107       -8        -613               502
          1552    6270844            115            117        2         209               580
          1553   10101533            115            106       -9        -676               498
          1554    2211200            115            105      -10        -799               284
          1555     432337            115            118        3         250               297
          1556    1740233            115            124        9         559               431
          1557   11781289            115            104      -11        -929               475
          1558    6037185            115            103      -12       -1032              1125
          1559    5980183            115            121        6         413               426
          1560   11871473            115            106       -9        -697               522
          1561    5317349            115            158       43        1310               332
          1562    3945690            114            126       12         677               719
          1563   10205683            114            105       -9        -707               205
          1564    3256844            114            105       -9        -714               760
          1565    4071008            114            117        3         240               349
          1566    9926635            114            105       -9        -718              1012
          1567   11926944            114            100      -14       -1294               509
          1568   11410770            114            103      -11        -953               997
          1569    6034807            114            100      -14       -1300              1342
          1570   12373230            114            120        6         406               534
          1571    3491640            114            113       -1         -26               522
          1572   10983493            114            122        8         516               807
          1573    8451280            114            102      -12       -1059               806
          1574     761319            114            108       -6        -420               252
          1575   12285007            114            108       -6        -448               678
          1576    1522726            114            106       -8        -624               853
          1577   10004905            114            110       -4        -280               419
          1578   12988801            114            104      -10        -857              1346
          1579   13405349            114            100      -14       -1310               532
          1580   12402157            114            114        0          47               276
          1581   10307184            114            144       30        1163               393
          1582    6679491            114             98      -16       -1598              1044
          1583    3232731            114            105       -9        -734               679
          1584    5988181            114            103      -11        -964               876
          1585   13720441            114            114        0          60               308
          1586    1256184            114            123        9         579               299
          1587    4808268            114            127       13         720               875
          1588    7120545            114            117        3         237               374
          1589   11299126            114            119        5         342               553
          1590    4673858            114            125       11         672               300
          1591    1992608            114            127       13         745               615
          1592    6691003            114            124       10         620               837
          1593    9114055            114            108       -6        -438               667
          1594    6620897            114            119        5         338              1109
          1595    8060333            114            101      -13       -1185               566
          1596    3637113            114            134       20         963               424
          1597    6026746            114            109       -5        -355               822
          1598    6662848            114            110       -4        -244               502
          1599    7927095            114            102      -12       -1070               899
          1600    1760734            114            101      -13       -1194               911
          1601    3793292            114            123        9         574               477
          1602    6337169            114            107       -7        -547               317
          1603    5099243            114            102      -12       -1067               371
          1604    4686772            114            111       -3        -190               505
          1605    5959242            114            105       -9        -735               865
          1606    3119403            114             98      -16       -1594               341
          1607    8218082            114            107       -7        -540               618
          1608    1941515            114            116        2         184               742
          1609     358073            114            124       10         640               352
          1610    2327537            114            118        4         317               396
          1611    7142825            114            104      -10        -854               436
          1612    8851672            114            113       -1          -3               847
          1613    5101807            114            117        3         285               313
          1614    2992249            114            118        4         308               588
          1615    1273728            114            106       -8        -580               358
          1616    9284622            114            101      -13       -1186               549
          1617   12077409            114            104      -10        -861               506
          1618    7062597            114            121        7         508               263
          1619   10465221            114            129       15         819               546
          1620   10390434            114            110       -4        -259               493
          1621   11780923            114            113       -1         -39               481
          1622   13210057            114            106       -8        -618               352
          1623     944431            114            105       -9        -724               683
          1624   12160795            114            143       29        1191               483
          1625    5693584            114            107       -7        -509               317
          1626    7435019            114            107       -7        -535               651
          1627   11701696            114            106       -8        -601               522
          1628    3279054            114            105       -9        -709               243
          1629   13425946            114            103      -11        -974               510
          1630    7937908            114            101      -13       -1190               513
          1631   13123254            114            107       -7        -522               360
          1632    5990476            114            112       -2        -102               418
          1633   13635144            114            101      -13       -1195               522
          1634    5358705            114            107       -7        -537               557
          1635    9492894            114            127       13         760               508
          1636    8394737            114            109       -5        -318               373
          1637    3123618            114            111       -3        -175               424
          1638    6752925            114            130       16         864               217
          1639    4103200            114            121        7         492               331
          1640    4733375            113            109       -4        -261               309
          1641     781510            113            104       -9        -740               591
          1642    5718028            113            108       -5        -339               228
          1643    2290167            113            108       -5        -336               237
          1644     857536            113            100      -13       -1216              1069
          1645    4823440            113            101      -12       -1091               694
          1646    8186116            113            111       -2         -96               494
          1647    8096016            113            107       -6        -436               464
          1648   12875761            113            108       -5        -332               341
          1649   10853490            113            108       -5        -334               222
          1650    1278146            113            123       10         647               375
          1651    8498523            113             94      -19       -2149              2357
          1652    3312983            113            103      -10        -859               302
          1653    2243846            113             93      -20       -2337               810
          1654    3807637            113            102      -11        -982               506
          1655    6105109            113            106       -7        -534               555
          1656   12737159            113            109       -4        -255               514
          1657    7612271            113            102      -11        -977               672
          1658      92860            113            107       -6        -448               696
          1659    7491754            113            117        4         315               658
          1660    6934747            113            100      -13       -1205               449
          1661     470547            113            113        0          51               590
          1662   11015402            113            100      -13       -1231               523
          1663    6124500            113            111       -2         -86               351
          1664    6332937            113            106       -7        -543               826
          1665    5819648            113            116        3         265               254
          1666     770179            113            113        0          53               729
          1667    6144563            113            134       21        1025               549
          1668    5141983            113            111       -2        -101               467
          1669   10066910            113            113        0          64               759
          1670    5188124            113            104       -9        -757               552
          1671   12234605            113             95      -18       -2000               939
          1672    9372573            113            104       -9        -730               351
          1673    3380508            113             99      -14       -1381              1063
          1674    5667798            113            134       21        1030               464
          1675     381663            113             88      -25       -3404              1228
          1676   11205932            113             94      -19       -2154               928
          1677   11684234            113            104       -9        -778               449
          1678    2970324            113             95      -18       -1980               652
          1679   11584468            113            116        3         258               562
          1680    6211615            113            116        3         263               540
          1681    9896963            113            107       -6        -448               523
          1682    6450747            113            122        9         609               911
          1683    8885257            113            110       -3        -158               441
          1684    3657835            113            102      -11        -964               430
          1685    4721792            113            103      -10        -888               782
          1686    1138134            113             99      -14       -1385               823
          1687    7982155            113            115        2         228               313
          1688    2944294            113            106       -7        -547               772
          1689    2259535            113             99      -14       -1332               449
          1690    9344235            113            117        4         321               691
          1691   11872253            113            107       -6        -447               404
          1692    4195915            113            107       -6        -463               578
          1693   10567908            113            105       -8        -636               800
          1694    5323029            113             95      -18       -2010               259
          1695   10633507            113            131       18         955               486
          1696    1849980            113            118        5         388               413
          1697   11350850            113            104       -9        -785               492
          1698    8852987            113            105       -8        -662               657
          1699   12039482            113            102      -11        -983               483
          1700     415401            113            101      -12       -1111               572
          1701    7279536            113            101      -12       -1128               540
          1702   10234851            113            102      -11        -984               490
          1703   11167127            113            107       -6        -462               512
          1704    6116835            113            130       17         931               619
          1705    8762221            113            104       -9        -712               637
          1706    5679255            113            104       -9        -760               372
          1707    9953402            113            108       -5        -368               462
          1708    9672074            113            136       23        1118               658
          1709   12584325            113            129       16         913               529
          1710    5188146            113            128       15         874               395
          1711    3381761            113            105       -8        -654               515
          1712    4546767            113            118        5         397               529
          1713    3029635            113            149       36        1351               280
          1714    5279856            113            114        1         150               606
          1715    1046052            113            108       -5        -339               521
          1716    2307276            113            116        3         275               474
          1717   10874827            113            105       -8        -637               285
          1718   12852845            113            104       -9        -766               620
          1719    6964218            113            104       -9        -766               534
          1720    9241877            113            121        8         585               420
          1721    9811390            113            111       -2         -95               479
          1722    3680267            113            110       -3        -151               284
          1723    8141152            113            106       -7        -522               265
          1724   10701426            113            111       -2         -80               470
          1725    9539228            113            108       -5        -342               402
          1726    1501889            113            106       -7        -533               602
          1727    6579295            113            105       -8        -646               414
          1728   12662648            112            117        5         406               232
          1729    3934193            112            102      -10        -882               321
          1730    1083023            112            120        8         582               293
          1731    1646236            112            127       15         887               285
          1732    3477122            112            106       -6        -450               461
          1733    1793088            112            100      -12       -1126               494
          1734    8470707            112            112        0          63               448
          1735    5561380            112            117        5         401               562
          1736   10102797            112            109       -3        -171               545
          1737   10695977            112            115        3         285               605
          1738    3140265            112            106       -6        -445               232
          1739   11232910            112             95      -17       -1887              1507
          1740    8915577            112            117        5         407               780
          1741    2476676            112            105       -7        -562               906
          1742    1819155            112            108       -4        -270              1102
          1743    1023781            112             98      -14       -1429               794
          1744    4872638            112            115        3         290               384
          1745    6133877            112            104       -8        -659               386
          1746   13662082            112             93      -19       -2268               879
          1747    2023547            112            116        4         349               300
          1748    2809367            112            128       16         935               490
          1749    2979295            112             94      -18       -2059               359
          1750    7273154            112             99      -13       -1277               699
          1751    4404561            112            108       -4        -259               434
          1752   11114539            112             95      -17       -1907              1274
          1753   11417313            112             99      -13       -1299               829
          1754    7093574            112             98      -14       -1447               888
          1755    8442069            112            141       29        1274               359
          1756    5240481            112            108       -4        -266               527
          1757    1464745            112             90      -22       -2878               782
          1758    8932019            112            124       12         770               723
          1759   13461977            112            108       -4        -277               570
          1760   10302351            112            106       -6        -461               323
          1761    4890321            112             98      -14       -1426              1082
          1762   11676123            112             94      -18       -2081               944
          1763   11019253            112            103       -9        -809               885
          1764    1428991            112            119        7         513               588
          1765    7514944            112            117        5         404               693
          1766    6193863            112            126       14         863               523
          1767    4466270            112            109       -3        -172               527
          1768    1455567            112             97      -15       -1579               558
          1769     909493            112            112        0          64               385
          1770    4401925            112            105       -7        -539               767
          1771    1411664            112             96      -16       -1771               331
          1772    8585926            112            115        3         264               538
          1773   13430355            112            111       -1          -3               486
          1774    2829142            112            117        5         402               399
          1775   10250869            112            111       -1         -28               416
          1776    8056294            112            113        1         133               814
          1777    7670162            112            111       -1          -8               742
          1778    9382006            112            127       15         910               765
          1779    8023545            112            103       -9        -775               671
          1780    4453258            112            118        6         470               570
          1781    2534354            112             93      -19       -2256              1180
          1782    8250206            112            107       -5        -330               389
          1783    5729451            112            101      -11        -986               343
          1784   13329607            112            113        1         140               343
          1785   10492108            112             92      -20       -2440               353
          1786    3703740            112            113        1         148              1012
          1787    8669450            112            105       -7        -549               584
          1788    6331649            112            106       -6        -436               423
          1789    1057214            112             95      -17       -1928               607
          1790    6754367            112            114        2         253               323
          1791    9439490            112             95      -17       -1895               566
          1792    3676206            112            106       -6        -461               684
          1793    2839800            112            113        1         140               277
          1794    4947118            112            111       -1          -8               424
          1795   11768343            112            107       -5        -349               290
          1796    3246500            112            115        3         287               601
          1797      29232            112            108       -4        -256               581
          1798   10907068            112            110       -2         -76               461
          1799   12890600            112            130       18        1028               545
          1800    5353006            112            117        5         424               301
          1801    7406712            112            105       -7        -542               365
          1802    3228990            112            111       -1         -15               420
          1803   10766683            112            106       -6        -464               431
          1804   11373572            112            112        0          88               425
          1805     105929            112            134       22        1141               427
          1806    6999993            112            108       -4        -271               264
          1807   10224000            111            104       -7        -569               294
          1808    7936974            111            110       -1         -19               210
          1809     469848            111            117        6         485               363
          1810     371010            111            105       -6        -461               354
          1811   10749212            111            108       -3        -171               321
          1812    3221123            111             96      -15       -1650               760
          1813    8080269            111             97      -14       -1485               727
          1814    5660455            111            111        0          67               292
          1815    5543096            111            111        0          58               663
          1816    5730081            111            143       32        1390               440
          1817    4435704            111            114        3         303               328
          1818     839104            111            100      -11       -1049               392
          1819    4540335            111             98      -13       -1331              1263
          1820   10487800            111            103       -8        -703               560
          1821     333219            111            121       10         728               293
          1822    2535477            111             99      -12       -1177               597
          1823    1235286            111            106       -5        -362               403
          1824    9565405            111            128       17        1014               629
          1825   13583214            111            101      -10        -923               322
          1826    6106942            111             99      -12       -1184               849
          1827    8868931            111            100      -11       -1045              1879
          1828   10189611            111            107       -4        -256               446
          1829   11896907            111            140       29        1332               473
          1830    5403139            111            102       -9        -793               935
          1831     751135            111            157       46        1575              1199
          1832    4172085            111            112        1         132               723
          1833    9650273            111            122       11         790               550
          1834    7773070            111            106       -5        -370               860
          1835    4876442            111            105       -6        -471              1499
          1836    7526596            111            112        1         160               571
          1837    9904199            111             95      -16       -1808               654
          1838   10610530            111            114        3         298              1116
          1839   10816493            111            107       -4        -253               463
          1840    5703593            111             99      -12       -1198               678
          1841    7077766            111            103       -8        -668               603
          1842     643487            111            101      -10        -934               490
          1843    2480495            111            142       31        1396               402
          1844   10661178            111            105       -6        -466               543
          1845    9869113            111            102       -9        -839              1076
          1846   12566422            111             95      -16       -1817               609
          1847   13372717            111            100      -11       -1062               915
          1848    7786046            111             93      -18       -2161               932
          1849    3437103            111            117        6         502               496
          1850   10603838            111            110       -1          -2               606
          1851    4519166            111             96      -15       -1647               524
          1852    3705671            111             94      -17       -2032              1018
          1853    5272287            111            101      -10        -926               621
          1854    5178120            111            134       23        1201               976
          1855   11697919            111             99      -12       -1210               864
          1856    9029967            111             95      -16       -1839              1142
          1857   11970028            111            113        2         240               469
          1858    2831583            111             98      -13       -1348               531
          1859    1174957            111            111        0          61               699
          1860   13619733            111             95      -16       -1810               679
          1861      17764            111            110       -1           0               751
          1862    4917693            111            106       -5        -371               827
          1863    6616197            111             91      -20       -2580               633
          1864   13146843            111             99      -12       -1191               401
          1865    9702895            111            113        2         263               405
          1866    3501672            111             97      -14       -1508               601
          1867   12240540            111            117        6         499              1109
          1868    3899113            111            114        3         337               416
          1869    3195953            111            120        9         681               458
          1870    2293973            111            123       12         852               651
          1871    1108655            111            107       -4        -242               396
          1872    8863771            111            105       -6        -472               626
          1873    4491874            111             98      -13       -1347               599
          1874    9247122            111             96      -15       -1656               805
          1875   12198991            111            104       -7        -567               752
          1876   13195243            111            122       11         806               387
          1877   10552817            111            100      -11       -1042               494
          1878     977899            111            116        5         464               389
          1879    6604654            111            130       19        1112               722
          1880   13705875            111            107       -4        -251               508
          1881   13248886            111            112        1         162               735
          1882    1155388            111            103       -8        -689               592
          1883    3464918            111            106       -5        -339               667
          1884    5786158            111             92      -19       -2411               665
          1885    4284549            111            102       -9        -803               503
          1886    8093384            111            118        7         584               435
          1887    4530302            111            107       -4        -265               436
          1888    1657757            111            127       16        1017               278
          1889    8425497            111            110       -1          -2               624
          1890   12560097            111            112        1         165               530
          1891    7551550            111            117        6         526               375
          1892    1958826            111            122       11         824               691
          1893   12682081            111            147       36        1510               350
          1894    2674400            111            117        6         521               428
          1895    6853709            111            103       -8        -704               509
          1896    6485086            111            101      -10        -940               412
          1897    7527708            111            122       11         830               462
          1898    3476341            111            104       -7        -561               384
          1899    6721830            111            113        2         245               335
          1900    3929973            111             97      -14       -1539               656
          1901     529594            111            102       -9        -824               545
          1902    6465364            111            121       10         791               267
          1903   12533617            111            112        1         182               511
          1904    5945188            111            121       10         761               324
          1905    7359621            111            122       11         817               344
          1906    9527566            111            111        0          97               447
          1907   11444961            110             99      -11       -1072               929
          1908    7845224            110            115        5         465               420
          1909    1724912            110            114        4         394               372
          1910    3192211            110            142       32        1466               337
          1911   11335968            110            120       10         762               206
          1912    4940948            110            105       -5        -362               200
          1913    1848305            110            122       12         866               261
          1914   13277114            110            107       -3        -189               885
          1915    1641604            110            103       -7        -642               575
          1916     513291            110             99      -11       -1070               488
          1917    8802712            110            113        3         305               466
          1918    7116262            110             93      -17       -2076              1239
          1919   10300670            110            107       -3        -178               320
          1920    6628168            110            108       -2         -83               632
          1921    1527910            110            110        0          53               362
          1922   13651025            110            114        4         368               696
          1923    9814245            110            125       15         994               592
          1924    6326845            110            101       -9        -862               439
          1925    7675968            110             91      -19       -2471               382
          1926    2157549            110            126       16        1024               918
          1927   10706369            110             99      -11       -1131              1482
          1928   11966102            110             96      -14       -1580               611
          1929    1877127            110             97      -13       -1415              1088
          1930   11427095            110            101       -9        -876               628
          1931      99937            110            101       -9        -827               576
          1932    2132177            110            102       -8        -725               496
          1933    6606326            110            108       -2        -107               721
          1934    8200784            110            113        3         320               589
          1935   13363568            110             89      -21       -2903              1155
          1936    9645929            110             96      -14       -1576               964
          1937    1565447            110             97      -13       -1423              1121
          1938    4090133            110            118        8         640               451
          1939   13115475            110             96      -14       -1576               605
          1940    1258328            110             96      -14       -1576               550
          1941   13551084            110            115        5         461               655
          1942    3735480            110             99      -11       -1114               352
          1943   10106689            110            137       27        1383               608
          1944    9891657            110            108       -2         -88               732
          1945   12873710            110             95      -15       -1733               852
          1946     673598            110            115        5         458               448
          1947    8404842            110             98      -12       -1243              1038
          1948    2307855            110            100      -10        -960               780
          1949   10743901            110            100      -10        -937               522
          1950     122180            110            117        7         591               398
          1951    8122176            110             80      -30       -5764              1842
          1952    8810062            110             94      -16       -1905               397
          1953   12371272            110            136       26        1375               236
          1954   10595216            110            121       11         833               451
          1955   13073897            110            125       15        1013               480
          1956    7615243            110            104       -6        -477               531
          1957     466100            110            113        3         337               553
          1958     234845            110            125       15        1018               404
          1959   12822183            110            101       -9        -830               742
          1960   13641787            110            100      -10        -960               752
          1961    3687995            110            100      -10        -961               514
          1962     941207            110             97      -13       -1420               918
          1963     128322            110            115        5         477               721
          1964    5497417            110            103       -7        -587               421
          1965      93802            110             98      -12       -1272               388
          1966    1380250            110            100      -10        -949               712
          1967    2180320            110             94      -16       -1928               654
          1968     433320            110            106       -4        -279               518
          1969    6192905            110             95      -15       -1724               479
          1970     577828            110             92      -18       -2310               528
          1971    5371643            110            106       -4        -289               628
          1972   11883666            110            108       -2         -16               248
          1973    6089991            110            105       -5        -343               368
          1974    5708531            110            113        3         365               209
          1975   10786546            110            105       -5        -374               490
          1976   11547762            110            101       -9        -840               437
          1977     136718            110             96      -14       -1530               480
          1978    7963785            110            113        3         336               529
          1979   11228022            110            102       -8        -732               769
          1980   11658966            110            108       -2         -82               233
          1981    8900964            110            104       -6        -466               406
          1982    8738406            110            121       11         850               364
          1983    8906453            110            113        3         362               578
          1984   10164616            110            123       13         953               315
          1985   13085077            110            109       -1          26               340
          1986    7138518            110            108       -2         -79               441
          1987    6244426            110            106       -4        -271               376
          1988    3672757            110            117        7         602               327
          1989    7123888            110             97      -13       -1443               417
          1990   11304027            110            106       -4        -278               437
          1991     105674            110            108       -2         -72               434
          1992    9532224            110            108       -2         -81               587
          1993   12769542            110            107       -3        -179               472
          1994    6318313            110            100      -10        -951               466
          1995    8567215            110             92      -18       -2322               610
          1996   12366688            110            115        5         486               418
          1997    1851105            110            129       19        1190               389
          1998    5761168            110            117        7         614               429
          1999    3021339            109            100       -9        -853               402
          2000    9906427            109             96      -13       -1461               305
          2001    1576763            109             88      -21       -3032              1036
          2002    8514283            109            109        0          93               957
          2003    5621423            109            112        3         322               289
          2004   11489712            109             93      -16       -1983              1282
          2005    6333338            109            123       14         999               642
          2006    1883148            109            111        2         248              1092
          2007    2969748            109            112        3         338               344
          2008    6067884            109             99      -10        -981               322
          2009    3184537            109            104       -5        -377               261
          2010   11763714            109             95      -14       -1617               525
          2011    3971905            109            107       -2         -97               532
          2012    3427979            109            101       -8        -753               320
          2013    5361052            109            108       -1          21               447
          2014    8088751            109             93      -16       -1986               859
          2015    8536712            109            105       -4        -279              1470
          2016    6156420            109             89      -20       -2808               735
          2017    7281494            109            115        6         567               469
          2018    3818812            109            114        5         483               482
          2019    5164890            109             96      -13       -1475               951
          2020    5290874            109             98      -11       -1165               581
          2021    5992815            109            104       -5        -388               300
          2022    8548648            109             98      -11       -1159              1101
          2023    2037852            109            105       -4        -272               507
          2024    9184229            109             99      -10        -990               332
          2025   12633616            109             94      -15       -1810               374
          2026    9568129            109             97      -12       -1288               624
          2027    8428368            109            105       -4        -280               600
          2028    3150249            109            109        0         120               423
          2029    3000435            109            114        5         479               722
          2030   13312502            109             97      -12       -1326               367
          2031    9075753            109            107       -2         -78               432
          2032    9261081            109             93      -16       -1990               538
          2033    7257387            109             92      -17       -2210               859
          2034    3943923            109             99      -10       -1030               338
          2035    4320906            109            124       15        1043               733
          2036    6426834            109            105       -4        -276               208
          2037   11331485            109             93      -16       -1986               785
          2038   10818838            109             95      -14       -1645               833
          2039    9388660            109            108       -1          21               235
          2040    9730179            109            123       14        1020               852
          2041    6915518            109             96      -13       -1463               905
          2042    8622748            109            100       -9        -862               679
          2043     132963            109            116        7         630               410
          2044   10284757            109            101       -8        -749               524
          2045    9940590            109            100       -9        -881               986
          2046   11248393            109            101       -8        -750               800
          2047   12133892            109            132       23        1336               457
          2048    7108803            109            106       -3        -190               780
          2049     431104            109            111        2         268               737
          2050    4558491            109            114        5         489               634
          2051    3191335            109            103       -6        -495               484
          2052   12316518            109             95      -14       -1691               674
          2053    9661091            109             91      -18       -2413               842
          2054    9552234            109            117        8         683               458
          2055    4960270            109             93      -16       -2013               599
          2056    7303203            109            102       -7        -629               444
          2057    5667316            109            101       -8        -698               362
          2058    6231180            109             93      -16       -1992               423
          2059   10685003            109            110        1         181               388
          2060   10194827            109             96      -13       -1461               555
          2061    8397322            109            104       -5        -412               588
          2062    2501729            109             97      -12       -1336               684
          2063     321062            109            104       -5        -383               232
          2064    2968853            109            102       -7        -648               640
          2065    3350148            109             91      -18       -2402               676
          2066    9772894            109            100       -9        -855               346
          2067    1651384            109             91      -18       -2354               412
          2068    6520196            109            105       -4        -263               402
          2069   10269508            109            110        1         175               624
          2070    5115845            109            102       -7        -613               545
          2071    4916561            109            123       14        1050               305
          2072    6828398            109            103       -6        -517               269
          2073    4099084            109             94      -15       -1835               671
          2074    8144880            109            129       20        1272               281
          2075    5619938            109             87      -22       -3355               935
          2076    3874248            109            102       -7        -634               749
          2077    4560631            109             94      -15       -1837               708
          2078    9699262            109            121       12         941               532
          2079    1506850            109            110        1         207               246
          2080    8372486            109             92      -17       -2194               530
          2081    4940890            109            104       -5        -368               289
          2082    7608237            109            107       -2         -44               307
          2083   12405417            109             98      -11       -1176               436
          2084    5962226            109             95      -14       -1649               537
          2085    1128747            109             93      -16       -2004               433
          2086    1878772            109            103       -6        -508               493
          2087    9843933            109            116        7         675               359
          2088   12951613            109            109        0         115               465
          2089   11829305            109            129       20        1283               344
          2090    5178378            109            112        3         355               374
          2091    3967787            109             96      -13       -1515               419
          2092    3512564            108            106       -2         -88               636
          2093    3619486            108            129       21        1317               349
          2094    1010172            108            102       -6        -518               218
          2095    8148855            108            105       -3        -186               690
          2096    6737540            108            105       -3        -176               229
          2097   13003340            108             96      -12       -1370               315
          2098    3427361            108            112        4         428               506
          2099    9373608            108            114        6         577               551
          2100    8859900            108             99       -9        -931               533
          2101    2064245            108            101       -7        -645               517
          2102    6202500            108             99       -9        -918              1936
          2103    1871735            108            105       -3        -189               539
          2104   10178877            108            111        3         358               203
          2105   10913941            108            107       -1          19               181
          2106     721865            108             96      -12       -1371               722
          2107    4077871            108             97      -11       -1219               273
          2108    1812522            108            116        8         703               481
          2109    9666272            108            121       13         996              1469
          2110   11158708            108             87      -21       -3201              1202
          2111    9680195            108            106       -2         -79               488
          2112    6940732            108            112        4         446               244
          2113     208653            108            116        8         702              1963
          2114    6079208            108            120       12         948               422
          2115    9279980            108             98      -10       -1037               356
          2116    1304139            108             90      -18       -2494              1196
          2117    1928561            108            109        1         188               700
          2118    4786177            108             92      -16       -2069               449
          2119    8066939            108             94      -14       -1700              1120
          2120    1545323            108            101       -7        -661               628
          2121   10254107            108             96      -12       -1388               801
          2122    6587146            108            102       -6        -520               209
          2123    1921709            108            102       -6        -557               601
          2124    3790896            108            110        2         288               283
          2125    6159451            108            107       -1          38               329
          2126     825802            108            110        2         282               427
          2127   13099206            108             91      -17       -2300               689
          2128    2853524            108            105       -3        -186               670
          2129   11146802            108             95      -13       -1521               557
          2130    6645061            108            103       -5        -435               507
          2131   13218611            108            133       25        1450               517
          2132     540385            108             99       -9        -891               715
          2133    1862719            108             99       -9        -911               790
          2134    9456289            108             94      -14       -1727               772
          2135    6080464            108             94      -14       -1676               309
          2136    2842523            108            110        2         280               528
          2137    1566613            108             95      -13       -1532               460
          2138    8608254            108            109        1         191               404
          2139    6759306            108            106       -2         -72               270
          2140    7634240            108            102       -6        -519               376
          2141      37390            108             97      -11       -1230               738
          2142    5552453            108             97      -11       -1199               611
          2143    1210638            108            104       -4        -305               555
          2144    5663114            108            120       12         958               451
          2145    5753118            108            108        0          97               694
          2146    3317346            108            116        8         737               256
          2147   10276004            108             97      -11       -1222               358
          2148     523461            108             97      -11       -1274               681
          2149    5023413            108            107       -1           9               376
          2150   11263617            108            131       23        1407               810
          2151    6348456            108             92      -16       -2090               518
          2152    4762640            108            111        3         404               290
          2153    2575485            108            106       -2         -83               602
          2154   11171974            108             99       -9        -940               588
          2155    5968510            108             95      -13       -1563               810
          2156     295086            108             95      -13       -1568               844
          2157   10858307            108             98      -10       -1083               600
          2158    8037295            108             99       -9        -926               485
          2159    3386612            108            137       29        1586               427
          2160   11929314            108             85      -23       -3954               880
          2161    5298658            108             88      -20       -3025               485
          2162   12885694            108            115        7         681               445
          2163   10255244            108            115        7         674               526
          2164    8204061            108            105       -3        -191               391
          2165    1016331            108            111        3         382               352
          2166   10756777            108             97      -11       -1248               343
          2167    4861184            108             99       -9        -939               681
          2168    2312617            108            120       12        1010               401
          2169    3894480            108            120       12         967               676
          2170   11625011            108             91      -17       -2292               332
          2171    9717941            108            103       -5        -363               264
          2172    8710222            108            110        2         280               616
          2173     211825            108            113        5         539               434
          2174    7554019            108            112        4         451               429
          2175   13605710            108             98      -10       -1064               491
          2176    7550233            108            104       -4        -316               532
          2177     402439            108            100       -8        -789               495
          2178    8250967            108            102       -6        -546               630
          2179    4229137            108            112        4         451               639
          2180   12227083            108             97      -11       -1271               672
          2181    2156423            108            113        5         530               581
          2182    9740400            108            102       -6        -544               573
          2183   11874318            108            102       -6        -538               483
          2184    7052535            108            102       -6        -534               554
          2185    1600435            108            115        7         686               508
          2186    9782324            108             98      -10       -1064               330
          2187   13404983            108             93      -15       -1917               464
          2188    9501056            108             95      -13       -1548               654
          2189     524719            108             94      -14       -1714               508
          2190    2479117            108            112        4         461               460
          2191    5869212            108             99       -9        -916               434
          2192    9610616            108            104       -4        -288               464
          2193     917529            108             98      -10       -1077               440
          2194     624166            108             82      -26       -4994               482
          2195    5910000            108            139       31        1661               467
          2196    5561137            108            115        7         695               308
          2197    6882059            108            106       -2         -58               350
          2198   12452979            107             97      -10       -1089               459
          2199    4074269            107             99       -8        -786              1055
          2200   13605967            107            105       -2         -73               580
          2201    6529378            107            102       -5        -415               441
          2202   10679649            107            110        3         364               963
          2203   13422994            107            129       22        1426               299
          2204    9691913            107            103       -4        -300               432
          2205   12045015            107             96      -11       -1258               466
          2206    1839219            107             98       -9        -936               441
          2207    6588481            107             98       -9        -940               444
          2208    1668662            107             98       -9        -928               468
          2209   10214769            107            102       -5        -410               250
          2210    4439305            107            120       13        1055               336
          2211    3074090            107             94      -13       -1594               620
          2212   10222202            107             95      -12       -1420               781
          2213     722753            107             98       -9        -945               315
          2214    1845427            107             90      -17       -2370               857
          2215    3891594            107             95      -12       -1410               434
          2216     571692            107             91      -16       -2166              1200
          2217   10558830            107            113        6         616               328
          2218   11702138            107            101       -6        -524               488
          2219    3479707            107             97      -10       -1093               465
          2220    6966947            107             95      -12       -1419               569
          2221   13622606            107            105       -2         -83               833
          2222    4996520            107             94      -13       -1594               690
          2223    9578602            107             99       -8        -771               243
          2224     179309            107             88      -19       -2830               868
          2225    1226272            107             99       -8        -788               294
          2226   11771794            107             93      -14       -1770               645
          2227   12638808            107            114        7         704               236
          2228    1491810            107            102       -5        -413               597
          2229   10927751            107             93      -14       -1775               743
          2230    1425331            107            108        1         214               411
          2231    3934940            107            101       -6        -537               468
          2232    4034823            107             95      -12       -1421               681
          2233    2510963            107            100       -7        -659               372
          2234    5436206            107             97      -10       -1086               235
          2235    2498569            107             94      -13       -1606               860
          2236    8437906            107            102       -5        -432               570
          2237     268184            107             97      -10       -1092               723
          2238   11478884            107            116        9         842               444
          2239    4079644            107            103       -4        -291               343
          2240    4490600            107            107        0         145               277
          2241    3866754            107            104       -3        -164               458
          2242    2689380            107             89      -18       -2576               550
          2243    7972054            107            103       -4        -300               989
          2244    5407431            107             94      -13       -1584               903
          2245    9057816            107             91      -16       -2167               479
          2246    8098629            107            107        0         121               472
          2247    4459073            107             96      -11       -1293               993
          2248   13266352            107            105       -2         -49               556
          2249    8040996            107             98       -9        -939               627
          2250       2053            107             98       -9        -948               457
          2251    6477906            107            100       -7        -648               628
          2252   13689428            107             96      -11       -1277               431
          2253    4121993            107            107        0         142               241
          2254   10674288            107             99       -8        -774               717
          2255      11206            107             99       -8        -819               516
          2256    1660001            107            114        7         687               649
          2257    9500176            107            104       -3        -165               334
          2258    5152488            107            101       -6        -513               491
          2259    6238844            107            107        0         163               283
          2260   10534734            107            101       -6        -525               433
          2261    5588199            107            103       -4        -280               551
          2262    1760762            107            106       -1          35               594
          2263    3370957            107             91      -16       -2166              1077
          2264   10124805            107             89      -18       -2601               722
          2265    5229641            107             97      -10       -1113               648
          2266    2349671            107            130       23        1506               532
          2267    2042830            107            112        5         587               365
          2268    9406011            107             98       -9        -909               566
          2269    7097984            107            100       -7        -609               228
          2270   10924615            107            128       21        1444               644
          2271    6552450            107            104       -3        -181               677
          2272    3389889            107             97      -10       -1081               606
          2273    2922097            107            106       -1          55               455
          2274   10113875            107             96      -11       -1229               604
          2275    3633943            107            102       -5        -376               245
          2276   10023840            107            107        0         144               571
          2277   10416247            107            104       -3        -192               489
          2278    2847955            107            111        4         489               542
          2279    4645661            107            117       10         912               389
          2280    6518328            107            110        3         430               240
          2281   13352176            107            102       -5        -396               818
          2282    5306934            107             95      -12       -1462               770
          2283    7610463            107            133       26        1590               820
          2284   10164231            107            110        3         420               430
          2285    6884926            107            100       -7        -640               846
          2286    4570466            107             99       -8        -762               448
          2287    5817947            107             93      -14       -1797               697
          2288    4989368            107            100       -7        -655               791
          2289   10025533            107            107        0         148               779
          2290    6585709            107            114        7         737               683
          2291    6581458            107             92      -15       -1972               722
          2292   13028463            107             97      -10       -1098               289
          2293   11195780            107            100       -7        -649               389
          2294    3094887            107            103       -4        -289               517
          2295     522298            107             98       -9        -956               629
          2296    8572190            107            102       -5        -413               453
          2297    9920597            107            101       -6        -525               702
          2298    5028307            107            104       -3        -176               501
          2299   12474854            107            115        8         816               257
          2300    2575469            107            107        0         179               317
          2301    7536486            107            107        0         166               577
          2302    8786433            107            101       -6        -533               503
          2303    9521222            107             99       -8        -787               290
          2304     757108            107            101       -6        -494               336
          2305   10744173            107            110        3         422               414
          2306    3552115            107             88      -19       -2853               437
          2307   11880178            107            122       15        1221               427
          2308    3289744            107            104       -3        -155               413
          2309    4310566            107            108        1         240               538
          2310   10123685            107             96      -11       -1258               568
          2311    8206618            107            123       16        1282               372
          2312    4049195            107            101       -6        -512               567
          2313    7965064            107             97      -10       -1114               344
          2314    3212319            107            100       -7        -614               780
          2315   13045751            107            116        9         882               271
          2316    2773860            107            102       -5        -383               286
          2317   10260977            107             89      -18       -2656               601
          2318    8230537            107            117       10         966               350
          2319   12833812            107            103       -4        -273               496
          2320    8884200            107            107        0         157               305
          2321    4104894            107            102       -5        -395               696
          2322    9187276            107            126       19        1414               431
          2323    3112189            107            117       10         969               437
          2324   12610223            107            100       -7        -612               379
          2325   13278669            107             97      -10       -1115               690
          2326    8571644            107            101       -6        -508               305
          2327   10863285            107            107        0         160               464
          2328    6576376            107             97      -10       -1088               493
          2329    6177574            107            121       14        1201               321
          2330    4376798            107             91      -16       -2205               421
          2331   10799859            107             99       -8        -787               298
          2332   11313138            107             95      -12       -1445               427
          2333   13540197            107            121       14        1197               407
          2334    3811287            107            112        5         607               479
          2335    8351052            107            115        8         824               444
          2336    1251647            107            109        2         360               308
          2337    3805509            106            109        3         435               348
          2338   10432536            106            103       -3        -167               475
          2339   11432786            106            113        7         758               445
          2340   11776031            106            100       -6        -513               660
          2341    1599074            106            103       -3        -162               781
          2342   10462008            106             99       -7        -649               476
          2343    7796651            106            104       -2         -42               327
          2344    4602470            106             98       -8        -793               280
          2345    1959842            106             99       -7        -656               648
          2346    7824186            106            104       -2         -52               950
          2347    6444856            106            122       16        1295               482
          2348    1206884            106            103       -3        -181               739
          2349   11302153            106            104       -2         -64               805
          2350    2900445            106            104       -2         -38               617
          2351    3695482            106             97       -9        -976               530
          2352    6840331            106            104       -2         -55               563
          2353    1325045            106            112        6         669               899
          2354    1134597            106             99       -7        -668               480
          2355    2665454            106             93      -13       -1628               737
          2356     678244            106            115        9         888               703
          2357    1270554            106            102       -4        -263               305
          2358   12407182            106            107        1         248               702
          2359    4985164            106            115        9         901               346
          2360   12754312            106             89      -17       -2446              1463
          2361    1227317            106            106        0         145               927
          2362   13479191            106             88      -18       -2734               638
          2363   11212834            106             94      -12       -1491               534
          2364   11536517            106             98       -8        -785               217
          2365     659503            106            101       -5        -409               700
          2366    8221067            106            115        9         901               603
          2367     630263            106             98       -8        -827               419
          2368   10473216            106            118       12        1067               656
          2369    1031772            106             86      -20       -3303              1017
          2370    9186457            106            100       -6        -510               286
          2371     359707            106             91      -15       -2030               494
          2372    8079200            106            119       13        1119               825
          2373    9231929            106            107        1         236               451
          2374   10317474            106             94      -12       -1451               424
          2375   12628099            106             97       -9        -986               579
          2376   10710734            106            102       -4        -239               237
          2377    1826125            106             97       -9        -996              1428
          2378    5789845            106             97       -9        -981               499
          2379    4046362            106            108        2         355               369
          2380    2972362            106             97       -9        -975               776
          2381    4939325            106            108        2         332               961
          2382    5835663            106            109        3         437               378
          2383    9259927            106            101       -5        -418               497
          2384    6535195            106            109        3         442               695
          2385   13340153            106            102       -4        -294               455
          2386    2549091            106             99       -7        -691               844
          2387    2709708            106            100       -6        -559               400
          2388    9086539            106             93      -13       -1687               437
          2389   11826693            106             89      -17       -2438               467
          2390    2659799            106            112        6         681               870
          2391    2366742            106            106        0         172               513
          2392   10906951            106            119       13        1144               248
          2393   10035984            106            101       -5        -366               245
          2394     206809            106            101       -5        -410               358
          2395    6177904            106            122       16        1337               201
          2396    4455157            106             92      -14       -1852               596
          2397     707605            106            115        9         893               618
          2398    7397459            106             92      -14       -1852               547
          2399    8451385            106            103       -3        -138               203
          2400   10021664            106             97       -9        -970               858
          2401    1549978            106            112        6         719               291
          2402     917704            106            106        0         158               738
          2403   13560534            106             96      -10       -1087               233
          2404    3013092            106             84      -22       -4012               769
          2405   12266001            106             93      -13       -1662               461
          2406   12440339            106             89      -17       -2497               398
          2407    6811273            106            102       -4        -308               392
          2408    2811750            106             91      -15       -2092               618
          2409    6480635            106            100       -6        -543               421
          2410    6613808            106             90      -16       -2300               374
          2411    5858326            106            110        4         527               526
          2412   11506127            106             94      -12       -1458               693
          2413    3866553            106            111        5         613               284
          2414    8125593            106            106        0         152               560
          2415    9223924            106             89      -17       -2459               348
          2416    6868623            106            106        0         165               567
          2417    9372956            106            108        2         367               430
          2418   13333602            106            121       15        1284               399
          2419   10996844            106             89      -17       -2550               662
          2420    7250107            106             98       -8        -802               701
          2421    6835383            106             89      -17       -2489               589
          2422    2543816            106            117       11        1045               514
          2423    6161768            106            115        9         949               332
          2424    5555224            106            105       -1          74               236
          2425    8806111            106            114        8         850               278
          2426   11953061            106            104       -2          -8               442
          2427    4032102            106            118       12        1128               274
          2428   10755104            106            113        7         779               319
          2429    2837862            106            134       28        1759               370
          2430   12713190            106            102       -4        -290               353
          2431    8430349            106            107        1         272               432
          2432    7413691            106            142       36        1958               528
          2433    4478205            106             90      -16       -2295               453
          2434    5114462            106            104       -2         -38               343
          2435    9520188            106             95      -11       -1306               415
          2436   13226768            106             93      -13       -1693               331
          2437     993015            106             95      -11       -1334               457
          2438    8839226            106            110        4         549               213
          2439    1600919            106            100       -6        -505               250
          2440   10081910            106            105       -1         139               290
          2441    8589519            106             92      -14       -1875               257
          2442    7999124            105            109        4         542               285
          2443    3916837            105            118       13        1170               317
          2444   12925190            105             98       -7        -688               292
          2445    1585689            105             96       -9       -1012               489
          2446    2596823            105             98       -7        -689               300
          2447   13328302            105            110        5         612               358
          2448    5050636            105            103       -2         -60               520
          2449    3425304            105             99       -6        -559               677
          2450    3417344            105             92      -13       -1720               843
          2451    2644742            105            108        3         465               223
          2452   13497513            105            108        3         459               780
          2453    7636576            105             92      -13       -1721               548
          2454    9660144            105            101       -4        -302              1323
          2455    4505483            105            109        4         549               231
          2456     642816            105             87      -18       -2860               360
          2457    6032880            105             99       -6        -549               571
          2458    9495127            105            109        4         541               447
          2459    9136956            105            100       -5        -416               641
          2460    6248168            105             99       -6        -555              1424
          2461    9941707            105             94      -11       -1341               676
          2462    3377198            105            100       -5        -414               787
          2463     229119            105            112        7         795               211
          2464    9225884            105             92      -13       -1716               300
          2465   12383660            105             97       -8        -871               969
          2466   12910661            105             98       -7        -698               434
          2467   10598603            105             91      -14       -1938               585
          2468     320140            105            102       -3        -159               468
          2469    1025984            105             96       -9       -1013               481
          2470    1791635            105            120       15        1278               605
          2471   12035582            105             90      -15       -2121               689
          2472    6845127            105             98       -7        -707               592
          2473    9784822            105             94      -11       -1331               477
          2474    2832928            105            103       -2         -78               591
          2475    5664514            105            119       14        1233               439
          2476    5726971            105            105        0         178               504
          2477      60448            105            101       -4        -283               754
          2478    3529184            105             90      -15       -2120               336
          2479    6967691            105             95      -10       -1200               587
          2480   12348109            105            105        0         167               877
          2481     839875            105             88      -17       -2597               896
          2482    6893816            105             95      -10       -1183               988
          2483   10891318            105             86      -19       -3172               561
          2484    3936139            105            102       -3        -142               334
          2485    3905524            105             99       -6        -561               535
          2486    9498324            105             96       -9       -1032               517
          2487   13019973            105            103       -2         -73               654
          2488   10583442            105            103       -2         -80               303
          2489    7954772            105             98       -7        -687               245
          2490    2183456            105             90      -15       -2147               608
          2491   12325690            105             92      -13       -1695               503
          2492    1236422            105             97       -8        -836               548
          2493    9764634            105            103       -2         -66               541
          2494   12323321            105             93      -12       -1570               719
          2495    7811842            105             84      -21       -3849               884
          2496   12597237            105             99       -6        -565               744
          2497    1705418            105            104       -1          52               758
          2498    9139101            105            109        4         554               688
          2499    2262947            105             88      -17       -2624               930
          2500    8499104            105             95      -10       -1174               562
          2501    5626225            105             95      -10       -1156               559
          2502       4299            105             96       -9       -1009               343
          2503   10706675            105             99       -6        -537               343
          2504    8053939            105             93      -12       -1529               731
          2505    9788446            105            102       -3        -158               763
          2506     265346            105             99       -6        -587               571
          2507    9754574            105            100       -5        -396               563
          2508   13203062            105            122       17        1459               265
          2509    5416035            105             97       -8        -845               517
          2510    3777107            105             89      -16       -2374               632
          2511    8320609            105             96       -9        -995               387
          2512     578935            105            103       -2         -58               909
          2513    1866018            105             86      -19       -3136               788
          2514    2307067            105             91      -14       -1914               496
          2515    7879253            105             94      -11       -1353               923
          2516      92776            105             92      -13       -1736               927
          2517    3816806            105             91      -14       -1925               511
          2518   10450321            105            113        8         895               973
          2519    5879390            105             96       -9       -1009               793
          2520     593164            105            165       60        2328               410
          2521    1253089            105             86      -19       -3200               733
          2522   10287475            105             96       -9        -992               383
          2523   12351031            105             94      -11       -1377               295
          2524    6572712            105            108        3         490               586
          2525   12805962            105             99       -6        -574               809
          2526    3468172            105             98       -7        -656               328
          2527   10595615            105             93      -12       -1491               881
          2528    2184386            105            100       -5        -386               805
          2529    1678590            105             93      -12       -1527               375
          2530    4121218            105            103       -2         -57               409
          2531    3924318            105             95      -10       -1160               437
          2532   13681318            105            109        4         594               423
          2533    3181173            105            111        6         737               371
          2534    6533847            105            100       -5        -390               639
          2535    5249037            105             98       -7        -651               345
          2536    4803751            105            112        7         824               557
          2537    6052543            105             98       -7        -670               581
          2538   10490493            105            116       11        1108               319
          2539    2983226            105             95      -10       -1157               486
          2540    3209347            105            109        4         589               457
          2541   11140618            105             92      -13       -1706               575
          2542   12020144            105            142       37        2083               373
          2543    2557349            105             97       -8        -857               387
          2544    9680630            105            114        9         993               471
          2545   10896602            105             96       -9       -1033               637
          2546   13143491            105            107        2         396               578
          2547    9312027            105            128       23        1718               324
          2548    5005712            105            104       -1          92               210
          2549     929202            105            113        8         894               509
          2550    2970081            105            130       25        1788               318
          2551    2041541            105             90      -15       -2137               678
          2552    6018686            105            136       31        1955               588
          2553    2014286            105            100       -5        -385               464
          2554   10595716            105            114        9         995               294
          2555   13522362            105            111        6         764               405
          2556   13287544            105             85      -20       -3573               505
          2557    8658988            105            100       -5        -361               374
          2558    7736469            105             93      -12       -1532               779
          2559      42530            105             93      -12       -1558               496
          2560   10430553            105            115       10        1063               448
          2561    6874860            105            102       -3        -145               283
          2562    3307610            105             99       -6        -535               440
          2563    6560061            105            105        0         211               582
          2564    5157772            105            104       -1          76               272
          2565    9865689            105             89      -16       -2390               474
          2566   11124880            105             98       -7        -706               447
          2567   10123886            105            106        1         304               567
          2568    2586463            105            119       14        1324               493
          2569   12564018            105             98       -7        -677               312
          2570   12537745            105             96       -9       -1018               510
          2571    8767622            105             94      -11       -1366               545
          2572   10553857            105            109        4         598               303
          2573    7203433            105             87      -18       -2957               540
          2574    7620923            105             91      -14       -1962               397
          2575    3256186            105             97       -8        -874               427
          2576    1118834            105            117       12        1189               334
          2577    4904550            105            108        3         498               494
          2578   10726818            104             94      -10       -1207               185
          2579    9521438            104            116       12        1186               873
          2580   13219903            104            113        9         990               750
          2581    3576139            104             99       -5        -411               321
          2582    3157035            104            110        6         753               235
          2583    7474226            104             92      -12       -1586               425
          2584    5506759            104             98       -6        -561               230
          2585    4874089            104             97       -7        -717               697
          2586    5093451            104             95       -9       -1034               377
          2587    5020544            104             91      -13       -1768               251
          2588    2088500            104            110        6         755               413
          2589    3784403            104             96       -8        -883               631
          2590   10807723            104            113        9        1007               166
          2591     535058            104             92      -12       -1585               597
          2592    9402073            104            100       -4        -264               222
          2593    1102549            104             96       -8        -899               555
          2594    3246202            104            100       -4        -272               322
          2595   12556212            104             97       -7        -697               225
          2596    2441186            104             94      -10       -1230               308
          2597    6535447            104            109        5         673               334
          2598   11494037            104            109        5         695               199
          2599   10130510            104             94      -10       -1225              1043
          2600   11553779            104             96       -8        -888               515
          2601   13491667            104            104        0         186               619
          2602    8715496            104             86      -18       -3018              1022
          2603   11561559            104             92      -12       -1564               164
          2604   13283897            104             90      -14       -2002               554
          2605    9884864            104             92      -12       -1594               432
          2606    7785396            104             94      -10       -1232               368
          2607    7401899            104             89      -15       -2215               547
          2608     161574            104            114       10        1062               351
          2609    4147486            104             93      -11       -1399               593
          2610    6855394            104             88      -16       -2464              1196
          2611    9266478            104            100       -4        -326               345
          2612     120783            104             85      -19       -3373               976
          2613    8481546            104             87      -17       -2719              1276
          2614   13551621            104            126       22        1721               439
          2615    3151279            104            116       12        1224               310
          2616   12747657            104            102       -2         -23               356
          2617    9439827            104            101       -3        -202               769
          2618    1124555            104            110        6         764               494
          2619     149264            104            102       -2         -11               434
          2620    9312667            104            105        1         292               421
          2621   12166786            104             98       -6        -557               282
          2622   10079340            104            114       10        1057               420
          2623    4075729            104            104        0         223               297
          2624     503729            104            106        2         425               242
          2625    7669922            104            112        8         950               262
          2626    5040158            104             97       -7        -706               700
          2627    5199619            104            130       26        1863               387
          2628    1814339            104            109        5         716               340
          2629    8176646            104             89      -15       -2248              1450
          2630   10012750            104             97       -7        -759               872
          2631    8686688            104             95       -9       -1056               987
          2632    6599635            104            121       17        1531               251
          2633    4890493            104             92      -12       -1611               641
          2634    5170220            104             98       -6        -535               304
          2635     797712            104             92      -12       -1604               540
          2636    8788960            104             99       -5        -409               278
          2637    7611830            104            105        1         313               309
          2638     214798            104            105        1         306               949
          2639    5029507            104            107        3         521               365
          2640     646595            104            123       19        1618               436
          2641    5178264            104            102       -2         -62               502
          2642    8642795            104             91      -13       -1811               410
          2643    7221904            104             92      -12       -1628               606
          2644    6641929            104            117       13        1299               328
          2645    5068095            104             94      -10       -1254               717
          2646    3415297            104            104        0         236               320
          2647     690625            104             96       -8        -887               678
          2648    9330194            104             97       -7        -760               638
          2649    9681664            104            100       -4        -285               667
          2650    5732795            104             95       -9       -1052               447
          2651    4203980            104            109        5         690               651
          2652   13108760            104            105        1         307               410
          2653    6200972            104            103       -1          98               413
          2654    3577306            104             93      -11       -1403               489
          2655    4389456            104             99       -5        -449               622
          2656    7672097            104            120       16        1494               247
          2657   10148837            104            101       -3        -157               427
          2658    1583092            104             91      -13       -1815               492
          2659   12496830            104            100       -4        -300               528
          2660    9040376            104             98       -6        -556               364
          2661   10929172            104            100       -4        -309               365
          2662    5133357            104            113        9        1006               300
          2663    9985480            104            101       -3        -137               478
          2664   13445579            104            121       17        1524               772
          2665    4158340            104            110        6         769               491
          2666   10014329            104             89      -15       -2295               500
          2667    7818823            104             94      -10       -1240               729
          2668   12338047            104             89      -15       -2269               741
          2669    1430298            104             93      -11       -1431               768
          2670     859106            104            103       -1          90               379
          2671   12498069            104            119       15        1421               366
          2672   10499255            104             98       -6        -591               621
          2673    2395085            104            107        3         513               457
          2674    3492120            104            102       -2         -26               448
          2675   12050691            104            109        5         727               397
          2676    5469562            104            104        0         226               397
          2677    3445714            104            104        0         216               286
          2678   13357800            104            140       36        2171               412
          2679    9910771            104            102       -2         -44               463
          2680    1177605            104            116       12        1246               482
          2681   11208080            104             93      -11       -1412               333
          2682    2025405            104             91      -13       -1807               785
          2683    8393729            104             98       -6        -545               290
          2684    5219065            104            106        2         432               508
          2685    6107101            104            111        7         865               380
          2686    6696155            104             93      -11       -1445               327
          2687    4710649            104             97       -7        -761               536
          2688   11403002            104            101       -3        -135               267
          2689   11756626            104            110        6         812               295
          2690    7069928            104            101       -3        -155               446
          2691   11404998            104             94      -10       -1263               230
          2692    9070421            104            109        5         717               389
          2693      66398            104            120       16        1474               365
          2694    4007479            104             98       -6        -572               301
          2695   10170086            103             95       -8        -919               185
          2696     830084            103             99       -4        -287               907
          2697    8885239            103             92      -11       -1464               647
          2698   11288479            103             93      -10       -1264               197
          2699    4881377            103             89      -14       -2080               978
          2700    9506218            103             93      -10       -1277               178
          2701   12837598            103             92      -11       -1472               540
          2702   12944103            103             88      -15       -2359              1075
          2703    9912816            103            113       10        1084              1400
          2704    8845423            103             94       -9       -1087               270
          2705    1648265            103             91      -12       -1649               366
          2706   13716054            103            105        2         421               445
          2707    1024539            103             92      -11       -1482               420
          2708    3752530            103             96       -7        -763               293
          2709   10605544            103             94       -9       -1106               611
          2710    1824001            103            100       -3        -164               538
          2711   11538531            103             87      -16       -2577               297
          2712   13055028            103             94       -9       -1105               901
          2713    6227227            103             87      -16       -2601               321
          2714    8119530            103            105        2         438               437
          2715    6623949            103            103        0         195               219
          2716     274746            103            103        0         197               342
          2717     513832            103             99       -4        -281               408
          2718     675824            103             93      -10       -1262               396
          2719    6333914            103             83      -20       -3891              1649
          2720   13455379            103             88      -15       -2339               947
          2721    2469481            103            109        6         808               429
          2722    5342348            103            105        2         404               501
          2723   11314671            103             93      -10       -1288               574
          2724   11581492            103             96       -7        -767               597
          2725    8943975            103             90      -13       -1860               691
          2726    5918038            103             91      -12       -1677               624
          2727   11946806            103             92      -11       -1486               257
          2728    3850620            103             95       -8        -936               506
          2729    4455632            103             91      -12       -1649               516
          2730    5225005            103             91      -12       -1651               347
          2731    7529945            103             97       -6        -657               507
          2732    3875778            103             97       -6        -643              1244
          2733    1860289            103            102       -1         104               450
          2734    4457566            103             93      -10       -1301               592
          2735    1871828            103             88      -15       -2352              1148
          2736    7523288            103            108        5         745               408
          2737   12257498            103            103        0         198               372
          2738    2808610            103            104        1         285               773
          2739    7152408            103            124       21        1779               417
          2740    9274208            103             96       -7        -753               502
          2741   12008409            103            103        0         185               583
          2742    7253393            103             90      -13       -1891              1243
          2743   12364714            103            102       -1          96              1165
          2744     843948            103             88      -15       -2365               483
          2745    7794917            103            113       10        1158               234
          2746    3558570            103            104        1         305               380
          2747    8298487            103            103        0         180               291
          2748   11913436            103             85      -18       -3297              1130
          2749    3080438            103            103        0         237               317
          2750    2539109            103             99       -4        -292               382
          2751   13655753            103             95       -8        -941               752
          2752     886305            103             88      -15       -2321               733
          2753    7280215            103             88      -15       -2340               691
          2754   12246953            103             87      -16       -2607               404
          2755    7749873            103             97       -6        -609               588
          2756     408294            103             83      -20       -3943               812
          2757    9080942            103            112        9        1079               351
          2758    7660934            103             92      -11       -1500               662
          2759    7284651            103             90      -13       -1846               493
          2760    5048535            103             98       -5        -408               440
          2761    3390361            103             86      -17       -2958               915
          2762    6901288            103             86      -17       -2985               714
          2763    9532280            103             94       -9       -1081               507
          2764    5534063            103            109        6         807               289
          2765    2092309            103             88      -15       -2327               560
          2766    6994221            103            103        0         187               535
          2767    8564620            103             86      -17       -2985               682
          2768    3025891            103             94       -9       -1106               429
          2769   11271845            103             96       -7        -744               360
          2770    3362995            103             92      -11       -1487               322
          2771     326804            103             97       -6        -632               569
          2772   13603382            103             93      -10       -1309               721
          2773    9528857            103             89      -14       -2132               586
          2774    5426515            103            108        5         748               455
          2775    7760167            103            107        4         633               300
          2776   12593556            103            100       -3        -124               191
          2777    6034150            103            100       -3        -117               414
          2778   10284177            103             94       -9       -1143               560
          2779    8901018            103            115       12        1287               544
          2780   13416106            103             94       -9       -1080               684
          2781     555335            103             93      -10       -1302               444
          2782    9857928            103            124       21        1797               453
          2783    9092526            103             99       -4        -306               390
          2784    7083063            103            125       22        1838               634
          2785    9183368            103             88      -15       -2364               631
          2786    3191939            103             88      -15       -2359               598
          2787   12154309            103            107        4         633               623
          2788    7076101            103            105        2         420               684
          2789     270711            103             99       -4        -299               466
          2790    9231807            103             92      -11       -1515               497
          2791   11442864            103             87      -16       -2648               619
          2792    1178351            103            103        0         192               523
          2793     935724            103            122       19        1714               356
          2794    8299537            103            100       -3        -107               412
          2795    4596120            103             94       -9       -1135               440
          2796    9763585            103             98       -5        -461               339
          2797    9372277            103             98       -5        -468               775
          2798   11000783            103            106        3         575               324
          2799   12945756            103             93      -10       -1277               221
          2800    2770782            103             97       -6        -605               338
          2801   10657958            103            100       -3        -122               539
          2802    1045245            103            108        5         755               557
          2803     571647            103            118       15        1494               442
          2804    9724470            103             88      -15       -2324               440
          2805    6117909            103             91      -12       -1636               378
          2806   12914697            103             86      -17       -2994               806
          2807    9489983            103            107        4         650               480
          2808     118115            103             94       -9       -1111               435
          2809    8049858            103             96       -7        -764               339
          2810    5967208            103            114       11        1238               377
          2811   12483324            103            128       25        1972               508
          2812     140706            103             85      -18       -3284               347
          2813   13290909            103            120       17        1607               535
          2814    4488355            103            134       31        2145               653
          2815    5922563            103            105        2         464               377
          2816    1831643            103            124       21        1846               352
          2817     219296            103             91      -12       -1637               458
          2818    5673054            103            106        3         630               192
          2819    8467684            103             95       -8        -940               332
          2820    8274196            103            106        3         555               327
          2821    3511643            103             98       -5        -406               293
          2822    5194182            103             98       -5        -427               511
          2823    3227543            103             90      -13       -1867               578
          2824    5144463            103            106        3         583               334
          2825     353677            103             99       -4        -278               349
          2826    4918391            103             88      -15       -2417               492
          2827    2503126            103             99       -4        -298               514
          2828   11228217            103             97       -6        -539               271
          2829    1720242            103             97       -6        -605               265
          2830   12687809            103             94       -9       -1116               311
          2831    3991513            103             87      -16       -2657               515
          2832    1961328            103            110        7         933               335
          2833    1697592            103            109        6         884               300
          2834   11728665            103             98       -5        -444               452
          2835   10851979            103            101       -2         -15               274
          2836    5846055            103             89      -14       -2152               274
          2837    6115201            103            125       22        1880               262
          2838    4928048            102             95       -7        -775               393
          2839    8178250            102            119       17        1617               236
          2840    5138167            102             93       -9       -1123               359
          2841    9566314            102             91      -11       -1508               293
          2842    1623363            102            104        2         465               264
          2843    3322075            102             98       -4        -287               265
          2844   12173874            102             96       -6        -622              1094
          2845    5648688            102             86      -16       -2729               686
          2846    9503756            102             97       -5        -445               294
          2847   10320082            102            111        9        1107               236
          2848    2742335            102             94       -8        -950               500
          2849    7899175            102             98       -4        -302               334
          2850    7606433            102             94       -8        -947               281
          2851    1795593            102             85      -17       -3079               727
          2852   12427742            102             91      -11       -1507               325
          2853    2528311            102             95       -7        -799               634
          2854     334153            102             90      -12       -1703               319
          2855    8103385            102            101       -1         110               262
          2856    8931081            102             97       -5        -461               409
          2857   13214023            102            105        3         575               411
          2858    8886498            102             87      -15       -2446               414
          2859    7049321            102            101       -1         121               426
          2860    3543221            102             97       -5        -461               229
          2861    9597797            102             99       -3        -156              1495
          2862    5948493            102             90      -12       -1729               352
          2863    7336412            102             97       -5        -453               649
          2864    6522696            102            104        2         474               286
          2865    8545974            102             98       -4        -298               615
          2866    1119143            102            120       18        1691               575
          2867    9233488            102             84      -18       -3435               555
          2868    7563572            102             86      -16       -2756               831
          2869   13709718            102             94       -8        -989               402
          2870    7416131            102             87      -15       -2457               260
          2871    3088083            102             97       -5        -460               338
          2872    1241572            102             91      -11       -1513               303
          2873    2695962            102            112       10        1194               399
          2874    8996994            102             96       -6        -600               217
          2875    7755811            102             96       -6        -606               582
          2876     258702            102             99       -3        -173               381
          2877    7285020            102             92      -10       -1337               433
          2878    7744104            102             94       -8        -931               449
          2879   10238389            102             93       -9       -1150               788
          2880     338306            102             99       -3        -149               195
          2881    8258347            102             96       -6        -646               304
          2882   11557652            102             94       -8        -960              1345
          2883    5254707            102            125       23        1948               278
          2884    1538005            102            104        2         485               753
          2885    6849861            102            101       -1          78               378
          2886    4209063            102             99       -3        -151               516
          2887    4568872            102             89      -13       -1942               395
          2888     832849            102            114       12        1341               355
          2889    1227196            102             92      -10       -1322               606
          2890    8807268            102            108        6         906               338
          2891   12438373            102             87      -15       -2486              1004
          2892    8781915            102             94       -8       -1004               405
          2893    1005299            102             95       -7        -795              1051
          2894    2361382            102            103        1         325               680
          2895    6726937            102             89      -13       -1978               563
          2896     483885            102             93       -9       -1167               519
          2897    3306581            102             92      -10       -1364               573
          2898    6067885            102             93       -9       -1162               981
          2899    6697669            102             93       -9       -1122               383
          2900     485375            102             98       -4        -330               492
          2901    4898885            102            102        0         247               569
          2902    2973905            102             84      -18       -3457               977
          2903    5774488            102            100       -2         -37               580
          2904    7407591            102             93       -9       -1134               230
          2905    4196593            102            113       11        1301               278
          2906    8130211            102             99       -3        -151               395
          2907    6667052            102             91      -11       -1583               588
          2908   13238354            102             88      -14       -2275               526
          2909    7631935            102             96       -6        -643               816
          2910     646206            102             87      -15       -2503               387
          2911   12607278            102             86      -16       -2764               509
          2912   10045441            102             88      -14       -2192               662
          2913    2487233            102            111        9        1141               378
          2914      82987            102            112       10        1188               490
          2915    7879488            102             88      -14       -2205               706
          2916   10428569            102            110        8        1041               589
          2917     596105            102            103        1         340               489
          2918    4135792            102             92      -10       -1335               867
          2919   10114634            102             95       -7        -780               641
          2920    7117143            102            107        5         774               695
          2921    4926280            102             88      -14       -2213               380
          2922    8865118            102             94       -8        -998               393
          2923    4041027            102            102        0         233               497
          2924    1977887            102            105        3         568               439
          2925    6066995            102             97       -5        -490               369
          2926   10661276            102            104        2         468               364
          2927    8455171            102             93       -9       -1165               609
          2928    7753717            102             99       -3        -154               483
          2929    4562364            102            124       22        1934               564
          2930    8630391            102            101       -1         157               236
          2931    6432921            102            109        7        1001               354
          2932    3430410            102            101       -1         100               589
          2933    5578251            102             89      -13       -1994               451
          2934    3897068            102             91      -11       -1561               531
          2935   12204465            102            102        0         241               523
          2936    2985828            102             87      -15       -2547               567
          2937    9096471            102             96       -6        -616               395
          2938    8031494            102            110        8        1050               408
          2939    2893766            102             87      -15       -2563               777
          2940    9626792            102             92      -10       -1344               358
          2941    7799564            102             87      -15       -2550               457
          2942   12496859            102             98       -4        -302               552
          2943    5328685            102             90      -12       -1714               253
          2944    7760640            102             97       -5        -468               273
          2945    1550375            102             97       -5        -405               301
          2946    4509924            102             92      -10       -1350               499
          2947   11901385            102            108        6         890               330
          2948   10344417            102            103        1         367               455
          2949    9918385            102             93       -9       -1175               611
          2950    5249853            102             86      -16       -2793               416
          2951    8444238            102            104        2         525               297
          2952    8935301            102             94       -8        -975               403
          2953   13059182            102             98       -4        -271               449
          2954    8310945            102             98       -4        -315               302
          2955    1591977            102            122       20        1865               635
          2956      52674            102             79      -23       -5333               524
          2957     220756            102             94       -8        -981               503
          2958   11851747            102            117       15        1576               488
          2959    5228731            102             94       -8        -947               797
          2960   11087252            102            103        1         407               218
          2961    1137930            102            100       -2          -4               377
          2962    7229824            102             96       -6        -615               257
          2963     451041            102            110        8        1076               471
          2964   12681649            102             89      -13       -2022               324
          2965     448729            102             92      -10       -1341               464
          2966     347331            102            106        4         723               228
          2967    3193758            102             99       -3        -154               514
          2968   12489709            102            122       20        1877               547
          2969   12921604            102            111        9        1144               394
          2970    1627712            102             89      -13       -2029               410
          2971    7797348            102            102        0         244               319
          2972   13359804            102            128       26        2131               267
          2973    4246482            102            106        4         704               289
          2974    8302256            102            108        6         896               421
          2975   12344345            101             98       -3        -164               421
          2976    3550354            101             93       -8        -991               534
          2977   10490506            101             83      -18       -3602              3618
          2978   11176178            101             90      -11       -1581               519
          2979    9399014            101             90      -11       -1571               475
          2980   10640920            101             92       -9       -1192               740
          2981    1118901            101            126       25        2097               265
          2982    9540285            101             85      -16       -2924               719
          2983   11078298            101             91      -10       -1378               222
          2984    5431721            101             93       -8        -986               217
          2985    6328404            101             88      -13       -2037               350
          2986    4796087            101            102        1         361               447
          2987    9320704            101            120       19        1815               701
          2988    5281095            101             90      -11       -1579               408
          2989    2557182            101             92       -9       -1174               706
          2990    3566917            101             85      -16       -2934               642
          2991    8493564            101            110        9        1163               274
          2992   13233997            101             82      -19       -3927               709
          2993   12335879            101            118       17        1719               378
          2994     174868            101            103        2         488               260
          2995   12132317            101             84      -17       -3279               773
          2996    1334876            101             97       -4        -305               221
          2997    9716992            101            100       -1         118               351
          2998    8104551            101            131       30        2261               944
          2999    5729701            101             88      -13       -2061               693
          3000    5336603            101             89      -12       -1814               804
          3001    1157951            101             96       -5        -479               374
          3002    1378549            101             93       -8       -1005               912
          3003   10555904            101            113       12        1397               622
          3004    3924074            101             90      -11       -1574               608
          3005    2239310            101            105        4         703               674
          3006    4063749            101             97       -4        -288               246
          3007   11677215            101             97       -4        -316               504
          3008    6564313            101             88      -13       -2056               719
          3009   11409693            101            102        1         387               254
          3010    8047752            101             79      -22       -5069              1198
          3011    7437173            101             96       -5        -468               641
          3012    9700042            101            100       -1         116               495
          3013    3662318            101             98       -3        -143               348
          3014    6597995            101             99       -2         -18               347
          3015    5031780            101            100       -1         144               288
          3016   10318750            101            100       -1         135               685
          3017   11968911            101            101        0         214               402
          3018    8818161            101             89      -12       -1857               476
          3019    6413195            101            104        3         600               533
          3020    3985404            101             93       -8        -997               661
          3021    8070615            101            112       11        1330               286
          3022    9358794            101             81      -20       -4350              1023
          3023    9194640            101             87      -14       -2400               663
          3024    8284429            101            100       -1         117               680
          3025    8208882            101             94       -7        -861               494
          3026    8111678            101             91      -10       -1413               691
          3027    4750880            101             98       -3        -205               367
          3028   13388251            101             94       -7        -794               293
          3029   13715908            101             92       -9       -1175               755
          3030   11549421            101             92       -9       -1182               695
          3031    5458741            101             86      -15       -2637               583
          3032    1526461            101             92       -9       -1214               619
          3033   11463948            101             98       -3        -196               468
          3034   10653208            101            101        0         252               586
          3035   11819733            101             87      -14       -2366               969
          3036    4291377            101             87      -14       -2330               505
          3037    2253107            101            106        5         822               472
          3038     650377            101            112       11        1337               482
          3039     486117            101             88      -13       -2049               564
          3040     203476            101             86      -15       -2641               678
          3041   12622213            101             86      -15       -2682               440
          3042    8846333            101            105        4         716               450
          3043     437295            101             85      -16       -2992               936
          3044   12101946            101            108        7         999               507
          3045    4519779            101             90      -11       -1554               397
          3046    2524270            101            101        0         238               716
          3047    5633386            101             90      -11       -1599               225
          3048    8872597            101             97       -4        -286               381
          3049    7369939            101            103        2         456               476
          3050    7234426            101            108        7        1012               898
          3051   12941300            101             87      -14       -2396               780
          3052    8009139            101             86      -15       -2648               385
          3053    3832923            101             99       -2         -45               723
          3054   11664436            101             86      -15       -2702               519
          3055    4570287            101             93       -8        -989               424
          3056   11669333            101            114       13        1488               642
          3057    3746492            101            110        9        1186               678
          3058    8380409            101            106        5         810               733
          3059    1647045            101            105        4         751               401
          3060    2721359            101             99       -2          13               234
          3061    6234902            101             86      -15       -2706               581
          3062    9984874            101             94       -7        -809               435
          3063   10848010            101             98       -3        -171               523
          3064    3171995            101             98       -3        -133               432
          3065    2877204            101            100       -1         112               508
          3066     122408            101            152       51        2741               534
          3067    1616297            101             92       -9       -1242               361
          3068    3935447            101            113       12        1461               425
          3069   11678795            101             83      -18       -3684               727
          3070   13299255            101             96       -5        -480               532
          3071    9788168            101             90      -11       -1632               726
          3072    2558144            101             90      -11       -1622               745
          3073   10584435            101             94       -7        -806               493
          3074    4748040            101             91      -10       -1410               370
          3075    7447248            101             94       -7        -812               495
          3076    7898461            101             85      -16       -3013               612
          3077    1657774            101             91      -10       -1408               657
          3078    1145734            101             96       -5        -460               552
          3079   10831987            101             94       -7        -783               640
          3080    2652768            101             91      -10       -1384               285
          3081    3838369            101            103        2         506               701
          3082    7603462            101            113       12        1442               421
          3083    9192866            101             98       -3        -135               521
          3084    2592778            101            121       20        1945               297
          3085    7940943            101             97       -4        -333               425
          3086   10363204            101            106        5         852               447
          3087    3317758            101            101        0         261               327
          3088    6000364            101             96       -5        -491               525
          3089   11459028            101            102        1         382               376
          3090   12653785            101            102        1         417               267
          3091   11807562            101             88      -13       -2070               490
          3092    4878567            101             84      -17       -3372               528
          3093    5738425            101             91      -10       -1401               551
          3094    6062588            101            111       10        1324               242
          3095    3618282            101            101        0         262               518
          3096    2902009            101            101        0         286               507
          3097    6803234            101             86      -15       -2707               784
          3098    9723530            101            105        4         778               417
          3099   11674613            101             98       -3        -127               259
          3100    7534393            101             87      -14       -2341               238
          3101     342075            101             97       -4        -323               632
          3102    9105382            101            102        1         388               705
          3103    1093429            101             84      -17       -3384               544
          3104    4257586            101             93       -8       -1017               434
          3105   12077378            101            112       11        1369               591
          3106   12513232            101             96       -5        -399               387
          3107    1340505            101             92       -9       -1157               410
          3108   13592659            101            107        6         935               608
          3109   10456032            101            103        2         518               482
          3110    6513790            101             96       -5        -462               372
          3111    4270231            101            104        3         649               223
          3112     750265            101            113       12        1449               448
          3113    9016676            101            105        4         743               560
          3114     418504            101             95       -6        -617               227
          3115    6805766            101             94       -7        -841               243
          3116   11180622            101            103        2         506               379
          3117    8724172            101            113       12        1458               290
          3118    8643180            101             96       -5        -480               359
          3119     338016            101             98       -3        -152               476
          3120   10919069            101             91      -10       -1424               509
          3121   10944519            101            103        2         517               288
          3122    6335444            101             96       -5        -472               317
          3123   12965343            101            105        4         752               407
          3124      34252            100             91       -9       -1221               373
          3125    6520963            100             94       -6        -662               297
          3126    1940176            100             89      -11       -1638               287
          3127   12398143            100             86      -14       -2436               246
          3128     672182            100             85      -15       -2783               797
          3129    7398846            100             99       -1         142               227
          3130    6066465            100            104        4         748               373
          3131   12078962            100             87      -13       -2142               463
          3132    6653977            100             93       -7        -836               345
          3133    3539260            100             84      -16       -3110               469
          3134   10799154            100             88      -12       -1889               238
          3135     875442            100             89      -11       -1633               255
          3136    9122964            100             87      -13       -2139               273
          3137    9054494            100            108        8        1147               415
          3138    8591496            100             88      -12       -1906               385
          3139     221509            100             98       -2         -14               665
          3140   11749899            100             94       -6        -659               231
          3141   13204143            100            107        7        1059               763
          3142    9849355            100            115       15        1691               492
          3143    3341080            100             95       -5        -474               326
          3144    2772435            100             90      -10       -1424               178
          3145    1145988            100            102        2         528               504
          3146    4286196            100             95       -5        -483               628
          3147    9548734            100             87      -13       -2166               448
          3148    7332521            100             91       -9       -1215               219
          3149    8373768            100            100        0         264               322
          3150    1064788            100             86      -14       -2476               500
          3151    2368943            100             99       -1         135               458
          3152   12836890            100             85      -15       -2795               455
          3153    3372621            100             81      -19       -4121              1369
          3154   11677580            100             94       -6        -698               508
          3155    8739532            100            107        7        1070               260
          3156   13601654            100             95       -5        -479               314
          3157    2108136            100             86      -14       -2473               695
          3158   12401805            100             91       -9       -1252               647
          3159    1106334            100             90      -10       -1477               333
          3160    2464454            100             81      -19       -4131              1177
          3161    2354694            100             90      -10       -1426               335
          3162     385909            100             91       -9       -1227               342
          3163    1465913            100             92       -8       -1053               432
          3164   10742026            100             91       -9       -1227               467
          3165   10432718            100            112       12        1461               439
          3166   11604618            100             85      -15       -2815               357
          3167    2174426            100            105        5         868               321
          3168    8305466            100            101        1         425               309
          3169   10629509            100            105        5         880               567
          3170    9347290            100            101        1         409               619
          3171    3762820            100             92       -8       -1064               843
          3172    5098394            100             94       -6        -695               707
          3173    9555627            100             84      -16       -3184               379
          3174    7430705            100             89      -11       -1647               993
          3175    6423364            100            103        3         637               330
          3176    3985613            100             95       -5        -506               294
          3177    8728266            100             97       -3        -195               544
          3178    1184386            100             99       -1         194               333
          3179    1247428            100             91       -9       -1223               697
          3180    6833912            100             87      -13       -2230               667
          3181    6908835            100             91       -9       -1252               586
          3182   10192321            100             88      -12       -1932               430
          3183    6602155            100             90      -10       -1461               554
          3184   11906715            100             91       -9       -1225               462
          3185    6483077            100            105        5         860               759
          3186    6541930            100            110       10        1349               408
          3187    6979635            100             89      -11       -1674               775
          3188    6962879            100            106        6         992               326
          3189    2348493            100             95       -5        -524               657
          3190    7330464            100             92       -8       -1055               450
          3191   12230340            100             95       -5        -428               240
          3192    3855747            100             98       -2         -19               763
          3193    9811547            100             97       -3        -198               518
          3194    2279248            100            105        5         875               242
          3195    9146543            100             90      -10       -1478               446
          3196    5327916            100             87      -13       -2219               570
          3197   11498341            100             90      -10       -1466               525
          3198    6974156            100             96       -4        -272               300
          3199    1725155            100             97       -3        -208               506
          3200    7190069            100            106        6         974               322
          3201   10401421            100            102        2         508               309
          3202    5193256            100            109        9        1280               806
          3203     781593            100             87      -13       -2123               299
          3204     883585            100             93       -7        -827               341
          3205   10313175            100             84      -16       -3196               683
          3206   12557411            100             90      -10       -1465               377
          3207    3394473            100             81      -19       -4119               819
          3208     745229            100             82      -18       -3857               804
          3209    3867124            100             91       -9       -1262               475
          3210   11218188            100            111       11        1448               246
          3211   12291874            100             92       -8       -1048               501
          3212    1296314            100             91       -9       -1207               770
          3213    6996849            100             90      -10       -1516               545
          3214    7363179            100             89      -11       -1620               186
          3215    2410291            100             98       -2          31               417
          3216    9870693            100             88      -12       -1939               394
          3217    5777622            100             81      -19       -4213               510
          3218    6137455            100             90      -10       -1450               614
          3219    3880831            100            104        4         748               408
          3220    3918628            100            111       11        1410               394
          3221    3510517            100             99       -1         146               595
          3222   10456002            100             87      -13       -2222               237
          3223    4088303            100            106        6         969               572
          3224    9106183            100            125       25        2290               390
          3225   11905703            100             94       -6        -640               367
          3226    1799537            100             92       -8       -1005               586
          3227   10707138            100            148       48        2859               283
          3228    9962117            100            102        2         552               345
          3229    4085624            100             98       -2         -14               722
          3230    2687292            100             92       -8       -1047               615
          3231    3588641            100             88      -12       -1963               784
          3232    3081391            100             82      -18       -3844               574
          3233    3985029            100            115       15        1731               306
          3234    1399869            100            104        4         804               404
          3235    3935170            100             76      -24       -6188               536
          3236   13052815            100             92       -8       -1058               544
          3237    2272913            100             95       -5        -502               535
          3238    3408584            100            100        0         287               559
          3239    4985531            100             97       -3        -198               501
          3240     264840            100            100        0         350               313
          3241    1849381            100             82      -18       -3797               328
          3242    4763482            100             88      -12       -1861               421
          3243    2284393            100            103        3         658               457
          3244    1906111            100             92       -8       -1047               424
          3245   11586200            100             91       -9       -1273               434
          3246    9285940            100             98       -2          54               344
          3247     449709            100             84      -16       -3111               730
          3248   10605856            100             77      -23       -5789               507
          3249    5084197            100             87      -13       -2254               535
          3250   13084836            100             91       -9       -1229               655
          3251   10398174            100            116       16        1814               522
          3252    8827473            100             92       -8       -1031               445
          3253    4658284            100             91       -9       -1234               508
          3254    5568992            100             93       -7        -828               319
          3255     727483            100             90      -10       -1477               422
          3256    7591785            100            104        4         792               279
          3257   12428451            100             98       -2           9               454
          3258    5788273            100             87      -13       -2238               627
          3259    7220044            100            115       15        1752               425
          3260    1925566            100             97       -3        -144               290
          3261    3017642            100            117       17        1880               384
          3262   12522800            100            101        1         422               553
          3263    2636361            100            111       11        1492               354
          3264    7737265            100             94       -6        -581               239
          3265   11721032            100            111       11        1501               428
          3266   12242211            100            109        9        1331               349
          3267   13547659            100             93       -7        -860               606
          3268    4150560            100             95       -5        -486               620
          3269   11344112            100            115       15        1774               563
          3270    9921212            100             89      -11       -1655               390
          3271    2378949            100             87      -13       -2188               237
          3272    9325372            100             81      -19       -4181               485
          3273    2921227            100            102        2         560               398
          3274   10623960            100            110       10        1379               524
          3275    4028132            100             96       -4        -281               444
          3276    5904499            100             92       -8       -1031               417
          3277    8259560            100             99       -1         197               267
          3278    8540573            100             85      -15       -2880               404
          3279   10540221            100            105        5         941               398
          3280    2775578            100            112       12        1558               535
          3281     752336            100             86      -14       -2587               237
          3282   11457587            100             91       -9       -1220               288
          3283    9016466            100            102        2         591               304
          3284   13123235            100            118       18        1970               298
          3285    4622620            100             99       -1         172               448
          3286    2258406            100            108        8        1226               250
          3287    6437874            100            104        4         819               314
          3288    8277273            100             91       -9       -1231               530
          3289   10921197            100             87      -13       -2254               441
          3290   11729124            100            111       11        1466               396
          3291   10796673            100            101        1         473               307
          3292    4615822            100            104        4         802               445
          3293     827703            100             83      -17       -3560               459
          3294    4580493            100             91       -9       -1221               555
          3295    7326052            100            124       24        2295               460
          3296    5716832            100             94       -6        -653               378
          3297   13079407            100             84      -16       -3246               361
          3298    7351555            100             91       -9       -1227               359
          3299   12652832            100            102        2         569               356
          3300   12445439            100            107        7        1126               305
          3301   11249823            100            107        7        1122               266
          3302    1217942            100             95       -5        -474               267
          3303    3369843            100             93       -7        -853               307
          3304   10619486            100             95       -5        -475               280
          3305   13367326            100             98       -2          20               311
          3306    4041335             99            108        9        1328               180
          3307    5931059             99             91       -8       -1040               228
          3308    3671109             99             94       -5        -480               188
          3309   11033554             99             88      -11       -1711               418
          3310   11888337             99             86      -13       -2262               352
          3311   12497569             99             89      -10       -1462               402
          3312    9229336             99             95       -4        -304               347
          3313    6222322             99             99        0         323               243
          3314   12604319             99             88      -11       -1714               318
          3315   11467587             99             89      -10       -1484               592
          3316    5071219             99             88      -11       -1727               466
          3317    5254134             99            115       16        1861               221
          3318    2877884             99            102        3         675               296
          3319    6405031             99             92       -7        -877               493
          3320    1708004             99            103        4         813               297
          3321   12547998             99             87      -12       -1996               711
          3322   13251968             99             90       -9       -1264               235
          3323    2682331             99             81      -18       -3950               985
          3324    6338566             99             86      -13       -2279               587
          3325   13277985             99             88      -11       -1727               480
          3326   10047697             99             94       -5        -513               340
          3327    6517586             99            104        5         911               714
          3328    6440642             99             92       -7        -849               421
          3329   10038766             99             87      -12       -2005               308
          3330    4504913             99             86      -13       -2287               692
          3331    6432028             99            107        8        1208               527
          3332    7266440             99             88      -11       -1724               510
          3333    7015952             99             90       -9       -1284               606
          3334   11163136             99             91       -8       -1019               266
          3335   11976589             99             89      -10       -1480              1104
          3336   13036034             99             96       -3        -148               533
          3337    5672541             99             98       -1         175               907
          3338    6736485             99             85      -14       -2629              1051
          3339     655619             99            113       14        1707               605
          3340   12839646             99             82      -17       -3636               490
          3341    5433207             99             86      -13       -2277               305
          3342    2259290             99             85      -14       -2644               663
          3343    7573304             99             91       -8       -1055               489
          3344     145309             99             98       -1         177               287
          3345    8905039             99             90       -9       -1257               410
          3346   12172878             99             92       -7        -863               935
          3347    7921344             99            102        3         650               476
          3348   12377888             99             85      -14       -2653               449
          3349    4597191             99             91       -8       -1035               701
          3350    9348662             99             90       -9       -1275               416
          3351    2763516             99             90       -9       -1265               570
          3352    5923198             99             88      -11       -1749               667
          3353    3954275             99             92       -7        -869               339
          3354    9959476             99             91       -8       -1070               722
          3355    8755334             99             99        0         316               405
          3356    9858742             99             95       -4        -353               553
          3357   12733416             99             88      -11       -1692               610
          3358    1055250             99             91       -8       -1011               472
          3359     695911             99             99        0         355               362
          3360    3450013             99             97       -2         -42               717
          3361    9889309             99            103        4         812               349
          3362    4308607             99             99        0         321               465
          3363    6942467             99             80      -19       -4308               325
          3364    2387453             99            115       16        1870               717
          3365    1815666             99             93       -6        -660               378
          3366   12512717             99             86      -13       -2293               568
          3367     740198             99             89      -10       -1482               392
          3368    6784252             99             91       -8       -1091               287
          3369    2994202             99             85      -14       -2686               732
          3370    9625695             99            101        2         586               737
          3371     589198             99             96       -3        -125               313
          3372   12644594             99             91       -8       -1097               442
          3373   10536063             99             95       -4        -287               480
          3374    7870155             99             89      -10       -1533               900
          3375     685094             99             89      -10       -1527               856
          3376     652351             99             96       -3        -178               487
          3377    6286079             99            110       11        1538               205
          3378     838304             99             93       -6        -593               278
          3379    3411846             99             91       -8       -1059               584
          3380    9396708             99             86      -13       -2305               921
          3381    9183118             99             94       -5        -465               423
          3382    6883979             99             86      -13       -2373               573
          3383   13549394             99             93       -6        -660               485
          3384    1171088             99            108        9        1359               339
          3385    4583101             99             96       -3        -115               543
          3386   10151280             99             91       -8       -1036               207
          3387   11066400             99             93       -6        -666               526
          3388   11395678             99            119       20        2153               324
          3389   10139450             99            135       36        2789               312
          3390    4828371             99             99        0         282               417
          3391    1953975             99             91       -8       -1013               572
          3392   10922726             99             95       -4        -314               388
          3393   10820099             99             88      -11       -1764               238
          3394    6552220             99             87      -12       -2033               496
          3395   11609634             99             94       -5        -456               252
          3396    8369964             99             86      -13       -2324               328
          3397    6806522             99            102        3         753               427
          3398   10388761             99             86      -13       -2317               550
          3399   11700059             99             95       -4        -243               358
          3400    1820946             99             94       -5        -502               451
          3401    6593207             99             98       -1         193               303
          3402      80670             99             92       -7        -831               244
          3403   12264976             99             84      -15       -2950               881
          3404    8671981             99            119       20        2145               291
          3405    6860998             99             89      -10       -1450               376
          3406     713037             99             96       -3        -126               418
          3407    3072739             99            102        3         709               514
          3408   10348932             99             88      -11       -1785               573
          3409   12740516             99             97       -2          26               418
          3410     697049             99             87      -12       -1996               431
          3411   10961425             99             83      -16       -3336               695
          3412    6558606             99             89      -10       -1501               671
          3413    2049514             99             83      -16       -3328               458
          3414   13005485             99            106        7        1204               443
          3415    1070032             99             87      -12       -2019               538
          3416    9684976             99             90       -9       -1256               583
          3417   13512776             99             97       -2          51               313
          3418   12800872             99            103        4         823               515
          3419    1672355             99            108        9        1347               319
          3420    5602616             99            106        7        1203               280
          3421    6121354             99             86      -13       -2352               455
          3422   13548318             99             93       -6        -633               361
          3423    5710504             99            108        9        1372               332
          3424   11647347             99             93       -6        -688               595
          3425    7858217             99             90       -9       -1215               506
          3426    4806844             99            110       11        1560               379
          3427     610491             99            101        2         650               354
          3428    1923524             99             94       -5        -500               671
          3429   12808562             99             89      -10       -1514               494
          3430    4461185             99             81      -18       -3978               697
          3431    7371800             99            101        2         594               466
          3432   12794009             99             95       -4        -258               287
          3433    2359626             99            102        3         732               715
          3434    3076846             99             88      -11       -1757               405
          3435   11553006             99             95       -4        -295               370
          3436     663155             99             89      -10       -1492               259
          3437    1713685             99             95       -4        -282               401
          3438    7587662             99             95       -4        -238               188
          3439    6779944             99             96       -3        -107               316
          3440   10070458             99             94       -5        -483               377
          3441   10273851             99             91       -8       -1051               544
          3442    8474273             99             96       -3        -158               573
          3443   12930218             99            113       14        1793               504
          3444    1167707             99             90       -9       -1255               609
          3445   13279689             99            105        6        1112               214
          3446   13170008             99            104        5         963               386
          3447    2775735             99             90       -9       -1269               530
          3448    2959595             99            106        7        1184               721
          3449    8965631             99             86      -13       -2275               476
          3450    5067219             99             90       -9       -1287               354
          3451   10689773             99             88      -11       -1755               507
          3452    6047284             99            109       10        1486               264
          3453    7494683             99             88      -11       -1786               280
          3454    3286418             99             95       -4        -311               541
          3455   13314996             99            105        6        1097               352
          3456    1776100             99             90       -9       -1256               326
          3457    4145886             99            131       32        2709               366
          3458    2313950             99             88      -11       -1767               207
          3459    1847602             99            105        6        1090               458
          3460    7870536             99             88      -11       -1795               465
          3461   12680918             99            105        6        1094               235
          3462    8841150             99            115       16        1956               372
          3463    2000438             99             91       -8       -1025               268
          3464     636152             99             99        0         342               280
          3465    4905156             99             91       -8        -993               220
          3466    1877773             99            120       21        2254               458
          3467    3327693             99             85      -14       -2754               554
          3468   13239957             99            110       11        1625               243
          3469    8177450             99            103        4         862               301
          3470    6171736             98             88      -10       -1541               315
          3471    9932448             98            100        2         617               447
          3472    1620785             98             95       -3        -139               300
          3473     403846             98             96       -2          18               196
          3474    5040903             98             90       -8       -1075               217
          3475    9215831             98             87      -11       -1810               760
          3476    1641513             98             81      -17       -3772               443
          3477    4297671             98            103        5         975               359
          3478    6280536             98             98        0         349               238
          3479    6599562             98             86      -12       -2104              1498
          3480    9332398             98            101        3         746               317
          3481    7556106             98             87      -11       -1801               268
          3482    5785733             98             89       -9       -1290               241
          3483     939277             98             89       -9       -1299               611
          3484     131338             98            108       10        1486               348
          3485     635356             98             87      -11       -1812               400
          3486    2512609             98             93       -5        -502               492
          3487    9678879             98             94       -4        -320               761
          3488    4526175             98             88      -10       -1554               775
          3489    4039024             98             81      -17       -3766               230
          3490   13091953             98             85      -13       -2450               808
          3491   12329400             98             91       -7        -883               697
          3492    5206262             98             90       -8       -1090               645
          3493    7764495             98            102        4         872               363
          3494    9451477             98             85      -13       -2475               365
          3495   11222642             98             86      -12       -2109               455
          3496    5858347             98             93       -5        -502               437
          3497   10969124             98            111       13        1753               348
          3498    5278132             98             93       -5        -471               194
          3499    3241572             98             91       -7        -896               557
          3500   10459384             98             94       -4        -303               486
          3501    8873727             98             92       -6        -681               534
          3502   11439789             98             90       -8       -1053               247
          3503   12324127             98             91       -7        -912               762
          3504   13333350             98             98        0         350               297
          3505   10803391             98             83      -15       -3157               329
          3506    6572176             98             93       -5        -483               447
          3507    5413358             98             85      -13       -2437               396
          3508    2843925             98             91       -7        -885               257
          3509    2280642             98             93       -5        -506               496
          3510    9953856             98             92       -6        -691               976
          3511    9629597             98             94       -4        -326               700
          3512   13627349             98            104        6        1116               231
          3513    8938642             98             95       -3        -148              1537
          3514    9733528             98            101        3         744               237
          3515    3111203             98             81      -17       -3797               326
          3516    5121411             98             92       -6        -699               958
          3517    6634954             98             89       -9       -1314               710
          3518    4902397             98             95       -3        -116               241
          3519   11982902             98            102        4         884               341
          3520    2231030             98             84      -14       -2795               661
          3521    2567803             98            109       11        1601               842
          3522   12786544             98             87      -11       -1859               428
          3523    2071534             98             86      -12       -2147               847
          3524   12384434             98             88      -10       -1538               501
          3525    4276998             98             84      -14       -2801               378
          3526    5861632             98            105        7        1236               303
          3527    7286862             98             85      -13       -2428               530
          3528    7162907             98             95       -3        -110               242
          3529    4166485             98             95       -3        -133               438
          3530    1338423             98             82      -16       -3459               563
          3531    5979863             98            107        9        1443               243
          3532    4447197             98             89       -9       -1307               481
          3533     241591             98             93       -5        -499               549
          3534   12209293             98             96       -2          32               637
          3535    7417170             98            101        3         752               554
          3536    7408586             98             94       -4        -260               377
          3537    9989681             98             84      -14       -2806              1505
          3538    6843807             98             85      -13       -2473               571
          3539    7141007             98             99        1         466               619
          3540   10158737             98            101        3         762               517
          3541    3849881             98             98        0         397               259
          3542    8324598             98             95       -3        -126               391
          3543    2455035             98             89       -9       -1276               432
          3544    7767086             98             89       -9       -1320               611
          3545    1509493             98             89       -9       -1318               782
          3546   13069110             98             88      -10       -1560               575
          3547    9813492             98             85      -13       -2462               828
          3548   10566797             98            113       15        1900              1071
          3549    5271109             98            102        4         900               620
          3550    4520409             98            109       11        1622               234
          3551    4761635             98             91       -7        -867               306
          3552    4054475             98            111       13        1786               334
          3553    4339320             98            109       11        1613               468
          3554    9189759             98            102        4         917               284
          3555    6671843             98             86      -12       -2141               727
          3556   11185402             98             84      -14       -2847               669
          3557    8605968             98             90       -8       -1094               215
          3558    9605701             98             97       -1         200               584
          3559   12635279             98             93       -5        -433               350
          3560   10549611             98             80      -18       -4202               948
          3561    6745638             98             89       -9       -1335               767
          3562    6035565             98            104        6        1137               316
          3563    7152657             98             87      -11       -1784               376
          3564    2796926             98             99        1         497               688
          3565   10417091             98             92       -6        -710               574
          3566    2542296             98             90       -8       -1035               497
          3567    5170066             98             79      -19       -4571               570
          3568     882508             98             85      -13       -2508               318
          3569     697053             98             87      -11       -1750               346
          3570   12361625             98             83      -15       -3140               582
          3571   13311233             98             84      -14       -2859               667
          3572      58800             98             92       -6        -704               399
          3573    7168863             98             87      -11       -1853               463
          3574     715265             98             98        0         333               427
          3575    1816586             98             95       -3         -80               467
          3576    9596060             98             86      -12       -2173               799
          3577   13508225             98             83      -15       -3169               709
          3578   11364610             98             95       -3        -130               524
          3579    2763488             98             91       -7        -867               506
          3580     314547             98            107        9        1460               366
          3581    6077903             98             85      -13       -2520               684
          3582    6470566             98            109       11        1677               220
          3583    7403437             98             99        1         496               390
          3584   10324322             98             98        0         329               545
          3585   11916217             98             98        0         364               442
          3586    6179725             98             90       -8       -1094               556
          3587    9006637             98             96       -2         112               211
          3588    3581874             98             87      -11       -1845               528
          3589   12456155             98            102        4         911               545
          3590    4281582             98            102        4         909               216
          3591    4279918             98             99        1         523               380
          3592      43833             98             92       -6        -705               268
          3593    5955962             98             89       -9       -1348               339
          3594     428335             98             87      -11       -1877               652
          3595    9488451             98             95       -3        -112               440
          3596   11315025             98             88      -10       -1582               470
          3597    4118390             98             88      -10       -1598               659
          3598    3422375             98             89       -9       -1328               291
          3599    7724377             98            104        6        1162               367
          3600    1126669             98            104        6        1140               642
          3601    7001896             98             97       -1         221               361
          3602    8619466             98             98        0         360               327
          3603    3164307             98             84      -14       -2820               693
          3604   11436775             98             98        0         431               377
          3605     646463             98             95       -3        -137               423
          3606      12517             98            112       14        1912               383
          3607   11259534             98             90       -8       -1074               372
          3608    3793467             98             92       -6        -661               485
          3609    9795845             98            108       10        1539               319
          3610    2257027             98             91       -7        -902               435
          3611    3326291             98             79      -19       -4566               426
          3612    1794039             98             85      -13       -2479               496
          3613   12974109             98             83      -15       -3186               327
          3614    1159617             98             86      -12       -2171               387
          3615    5897387             98             87      -11       -1804               270
          3616    2482213             98             84      -14       -2844               757
          3617     972111             98            101        3         774               552
          3618    7273024             98            102        4         922               320
          3619    3857455             98             87      -11       -1845               568
          3620   12634322             98             92       -6        -640               394
          3621    3739512             98             89       -9       -1290               379
          3622    6906553             98             84      -14       -2728               566
          3623    3509374             98             93       -5        -483               495
          3624    1088652             98             93       -5        -510               525
          3625   13291983             98             88      -10       -1556               457
          3626    3310993             98             91       -7        -810               291
          3627   10675771             98             96       -2          44               620
          3628    1538219             98             96       -2          59               493
          3629   12009864             98             93       -5        -509               495
          3630   12170923             98            122       24        2541               518
          3631    5441484             98             89       -9       -1284               422
          3632     522414             98             98        0         415               282
          3633   10553614             98             90       -8       -1027               545
          3634    6770590             98             85      -13       -2514               560
          3635    4566653             98             93       -5        -481               674
          3636    8959985             98             89       -9       -1358               469
          3637    7256738             98             95       -3        -138               525
          3638    7373726             98             89       -9       -1315               440
          3639    7716440             98            108       10        1584               366
          3640    3997079             98            114       16        2092               270
          3641    9334043             98             98        0         374               316
          3642    6899962             98             94       -4        -299               478
          3643    4570568             98             92       -6        -624               478
          3644    4056890             98             92       -6        -678               351
          3645    2314014             98             86      -12       -2148               356
          3646    7277530             98             95       -3        -109               479
          3647     691728             98             82      -16       -3509               631
          3648    5710047             98             98        0         417               233
          3649   12593748             98             93       -5        -487               458
          3650    2424933             98             90       -8       -1085               390
          3651    9250978             98             90       -8       -1058               443
          3652    1878442             98             98        0         457               332
          3653    4159761             98             94       -4        -287               365
          3654    1803686             98             87      -11       -1867               450
          3655    4848402             98            102        4         926               375
          3656    8032333             98            106        8        1417               252
          3657    6163373             98             88      -10       -1514               276
          3658    9032204             98             82      -16       -3544               412
          3659    5484959             98             92       -6        -662               328
          3660    3681051             98            107        9        1482               469
          3661    7107501             98             88      -10       -1595               318
          3662    2647943             98            100        2         687               363
          3663    6301579             98            107        9        1488               254
          3664    4975552             98             80      -18       -4284               365
          3665    2767578             98            111       13        1850               303
          3666   11716231             98             94       -4        -268               315
          3667    5692729             98             92       -6        -669               230
          3668     643181             98             91       -7        -854               294
          3669    3825105             98             93       -5        -483               369
          3670    8757533             98             96       -2          61               315
          3671   11164538             98             90       -8       -1048               272
          3672    5439408             98             98        0         388               303
          3673    1702500             98            105        7        1314               259
          3674   13020541             98            100        2         697               232
          3675   12715461             98             95       -3         -85               267
          3676    6579809             98             90       -8       -1082               391
          3677   10996840             98             97       -1         224               219
          3678    9145291             98             96       -2          70               244
          3679   10670733             97             87      -10       -1583               532
          3680   10508667             97            103        6        1181               314
          3681    4302364             97             89       -8       -1085               384
          3682     602116             97             96       -1         217               943
          3683    3839810             97             98        1         545               198
          3684    2201224             97             88       -9       -1345               454
          3685   10074983             97             96       -1         225               389
          3686    4020694             97             82      -15       -3219               769
          3687    3079693             97             91       -6        -664               302
          3688   12249804             97             92       -5        -496               319
          3689    8764020             97             85      -12       -2234               667
          3690    4552686             97             89       -8       -1094               592
          3691   10033446             97             98        1         536               279
          3692    5431321             97             97        0         384               757
          3693   11257999             97             89       -8       -1090               621
          3694    4768232             97             93       -4        -291               316
          3695    2967003             97            103        6        1194               205
          3696    6579359             97             87      -10       -1619               682
          3697    5394602             97             95       -2          75              1061
          3698    8685642             97             84      -13       -2570               287
          3699    8181352             97             88       -9       -1349               658
          3700   13443375             97             92       -5        -493               503
          3701   10425331             97             98        1         542               505
          3702    2823638             97            100        3         844               259
          3703   10554179             97             85      -12       -2234               684
          3704    5951201             97             92       -5        -501               691
          3705   10218727             97             87      -10       -1631               802
          3706    4639569             97             99        2         670               230
          3707   13295814             97             89       -8       -1139              1291
          3708   11442392             97             98        1         551               435
          3709   12195929             97            102        5        1091               159
          3710    8964709             97            103        6        1196               349
          3711    2646030             97             93       -4        -275               450
          3712    3725592             97             80      -17       -3960              1241
          3713    6176238             97            102        5        1052               654
          3714    3162777             97             94       -3         -80               401
          3715   13638930             97            101        4         963               713
          3716    7294125             97             82      -15       -3255              1089
          3717    5006236             97             93       -4        -293              1287
          3718   10279786             97             90       -7        -870               273
          3719     850115             97             85      -12       -2295               595
          3720    3662111             97             91       -6        -647               325
          3721    4925305             97            100        3         810               491
          3722    2973254             97            104        7        1301               343
          3723    7759772             97             85      -12       -2279               569
          3724    2880715             97            101        4         967               252
          3725   11760532             97             90       -7        -884               535
          3726     618905             97             86      -11       -1914               595
          3727    6128071             97             83      -14       -2946               909
          3728    7640441             97             93       -4        -302              1221
          3729    5157980             97             94       -3        -121               745
          3730   12144790             97             86      -11       -1968               551
          3731    3400184             97             91       -6        -648               350
          3732   13431017             97             82      -15       -3220               457
          3733    6164187             97             85      -12       -2287               441
          3734    3339123             97             94       -3         -84               334
          3735    4515576             97             91       -6        -682               536
          3736    6854241             97             94       -3        -120               609
          3737   12816611             97            104        7        1334               233
          3738    8372530             97             81      -16       -3577               353
          3739    8615252             97             86      -11       -1927               398
          3740     646437             97            122       25        2699               352
          3741    3783195             97            113       16        2095               462
          3742    8746569             97             87      -10       -1675               585
          3743     234284             97             96       -1         217               755
          3744   12540042             97             83      -14       -2940               496
          3745    5755649             97             77      -20       -5205               831
          3746    1841592             97            100        3         799               533
          3747    6390043             97            103        6        1221               291
          3748    1338573             97             99        2         736               207
          3749    3981814             97             86      -11       -1992               592
          3750   13635823             97             88       -9       -1347               415
          3751    4895919             97             90       -7        -862               309
          3752     944903             97             79      -18       -4451              1037
          3753    8087934             97            129       32        2971               285
          3754     283782             97             86      -11       -1971               583
          3755    6956097             97             93       -4        -303               546
          3756    6319712             97            106        9        1554               302
          3757    1368422             97             82      -15       -3279               388
          3758   10700280             97            104        7        1283               558
          3759    8073950             97             94       -3         -47               180
          3760    3958346             97             82      -15       -3281               449
          3761    6526302             97             87      -10       -1625               485
          3762   11135348             97            107       10        1632               758
          3763    1338550             97             88       -9       -1367               549
          3764    1668043             97             93       -4        -316               745
          3765    2709172             97             85      -12       -2242               373
          3766    1735520             97             95       -2          43               466
          3767   12375350             97             90       -7        -854               296
          3768   12424285             97             88       -9       -1399               558
          3769   11946397             97             86      -11       -1953               644
          3770   12333259             97            101        4         980               425
          3771    2890487             97             90       -7        -881               358
          3772     793569             97            112       15        2089               327
          3773    1519828             97             89       -8       -1040               295
          3774    3044783             97             98        1         561               341
          3775    2694858             97             84      -13       -2598               740
          3776    1820027             97             84      -13       -2544               454
          3777    7098996             97             94       -3         -24               216
          3778      24221             97             96       -1         247               308
          3779   13237884             97             86      -11       -1914               622
          3780   10706499             97             96       -1         261               404
          3781     470781             97            100        3         850               258
          3782    4228485             97             91       -6        -716               778
          3783    6625782             97             93       -4        -269               356
          3784    2116084             97             99        2         705               379
          3785    3195493             97             84      -13       -2563               474
          3786   12405884             97             78      -19       -4798               391
          3787    4202872             97             93       -4        -278               277
          3788    7170814             97             83      -14       -2954               881
          3789    1081437             97            113       16        2159               414
          3790    6456118             97             91       -6        -675               479
          3791    1885274             97             86      -11       -1903               313
          3792     904541             97             99        2         692               551
          3793    6416232             97             88       -9       -1345               325
          3794    3978561             97             96       -1         223               657
          3795   10560565             97             86      -11       -1951               619
          3796    1842909             97             82      -15       -3289               380
          3797     957967             97             95       -2          63               648
          3798    6000418             97             96       -1         251               311
          3799    6953037             97             87      -10       -1674               598
          3800   12179578             97             90       -7        -931               502
          3801   10082089             97             81      -16       -3656               407
          3802    6846754             97             91       -6        -709               313
          3803    7710008             97             90       -7        -880               525
          3804    1458846             97             92       -5        -484               449
          3805   10906146             97             83      -14       -2971               517
          3806    5700090             97            108       11        1742               476
          3807    8474420             97             92       -5        -459               263
          3808    9525566             97            113       16        2181               274
          3809    1441729             97             88       -9       -1343               536
          3810    4318263             97             88       -9       -1344               550
          3811    8037572             97            103        6        1286               249
          3812    6331905             97             95       -2         131               306
          3813    4622829             97            100        3         911               512
          3814    3183509             97             99        2         700               631
          3815    3542627             97             96       -1         231               555
          3816    7521730             97             95       -2         104               342
          3817   12842158             97             99        2         705               531
          3818   10516396             97             87      -10       -1579               287
          3819    2356458             97             91       -6        -615               338
          3820    9081576             97             85      -12       -2359               504
          3821    9135666             97             91       -6        -683               573
          3822    6335648             97             91       -6        -679               373
          3823   11447892             97             84      -13       -2579               414
          3824    7112993             97             89       -8       -1150               408
          3825    6472271             97             81      -16       -3656               552
          3826    9670665             97            100        3         885               402
          3827    3184956             97             88       -9       -1374               663
          3828    6172615             97             96       -1         266               362
          3829    1238802             97             89       -8       -1134               535
          3830     678949             97             81      -16       -3645               377
          3831    5774195             97            108       11        1765               534
          3832   12232456             97             89       -8       -1082               478
          3833    6186842             97            102        5        1116               469
          3834   11704346             97             98        1         578               397
          3835    5660978             97             92       -5        -475               445
          3836    4769253             97             93       -4        -292               428
          3837   10812381             97            109       12        1875               549
          3838    8161374             97             82      -15       -3304               639
          3839    1200558             97             95       -2         112               248
          3840    8803038             97             98        1         564               337
          3841    1406716             97             99        2         725               484
          3842   10413528             97             94       -3         -48               409
          3843    5508967             97             99        2         760               303
          3844   10729718             97             95       -2         112               444
          3845    1487660             97             88       -9       -1347               433
          3846    5295550             97            106        9        1614               203
          3847    7272608             97             79      -18       -4489               530
          3848    4340557             97             84      -13       -2647               473
          3849    6223405             97            111       14        2036               302
          3850    5541449             97             86      -11       -1939               300
          3851    3780388             97             81      -16       -3723               282
          3852    3761804             97             85      -12       -2160               338
          3853   10059937             97             93       -4        -265               232
          3854    3150262             97             88       -9       -1372               458
          3855   10259468             97             95       -2         133               246
          3856    5314983             97            112       15        2123               386
          3857   13217147             97             78      -19       -4859               475
          3858    6677069             97             86      -11       -2013               294
          3859    1491654             97            106        9        1603               314
          3860   11060653             97             94       -3        -101               381
          3861    7462630             97            111       14        2053               268
          3862    4760029             97            111       14        2044               376
          3863    8583976             97            111       14        2037               515
          3864   13626814             97             85      -12       -2351               400
          3865    3935107             97             95       -2          96               312
          3866    7604280             96            111       15        2128               416
          3867    9421339             96             88       -8       -1146               428
          3868    1810237             96             91       -5        -482               347
          3869    8691832             96             88       -8       -1149               405
          3870    1457794             96             92       -4        -292               434
          3871    8136923             96             93       -3         -94               501
          3872    5503209             96             83      -13       -2710               623
          3873   12688941             96             84      -12       -2369               469
          3874    3600381             96             84      -12       -2376               601
          3875   13451057             96             99        3         894               866
          3876   12008645             96            113       17        2290               427
          3877    9333933             96             85      -11       -2021               438
          3878    5691105             96             84      -12       -2368               979
          3879    3321559             96             97        1         593               303
          3880    2175087             96             86      -10       -1702               560
          3881    7320192             96             86      -10       -1705               569
          3882    1858165             96             94       -2          89               369
          3883    7150084             96            103        7        1359               682
          3884    5538419             96             90       -6        -682               296
          3885    5669155             96             84      -12       -2372               274
          3886    1727441             96             90       -6        -691              1438
          3887    7151837             96             82      -14       -3031               558
          3888    1310475             96             89       -7        -913               716
          3889    4155953             96             96        0         411               320
          3890   12403819             96             97        1         585               348
          3891    3646997             96             93       -3         -81               500
          3892    4618267             96             90       -6        -677               632
          3893    2071791             96            101        5        1142               244
          3894    6939213             96             85      -11       -2072              1481
          3895     239133             96             85      -11       -2053               923
          3896    8980240             96             87       -9       -1399               522
          3897   10768960             96             90       -6        -715               797
          3898    2063673             96             89       -7        -909               388
          3899   12043925             96             94       -2          89               446
          3900    7973923             96            136       40        3320               470
          3901     819310             96             84      -12       -2397               502
          3902   11025266             96             81      -15       -3380               655
          3903    2798396             96             82      -14       -3042               889
          3904   11292249             96             82      -14       -3038               782
          3905    6158372             96            115       19        2457               412
          3906    4204931             96             86      -10       -1704               566
          3907    2716808             96             86      -10       -1700               428
          3908   13344846             96             93       -3         -98               698
          3909   11445215             96             89       -7        -901               771
          3910    1442292             96             87       -9       -1432               669
          3911    8256955             96             79      -17       -4181              1002
          3912    1327359             96             87       -9       -1389               494
          3913   10872199             96             82      -14       -3064               567
          3914   12130339             96             83      -13       -2707               660
          3915    6118671             96             93       -3         -80               190
          3916    2243506             96             90       -6        -678               707
          3917    4922189             96             83      -13       -2689               692
          3918   12909672             96             87       -9       -1437               899
          3919    6223251             96             94       -2          70               889
          3920    8941605             96             92       -4        -282               685
          3921    1804188             96             78      -18       -4584               797
          3922    6218028             96             79      -17       -4267               574
          3923    4526772             96             83      -13       -2712               344
          3924    7439831             96            111       15        2144               367
          3925   12955389             96             84      -12       -2398               294
          3926    6154229             96            100        4        1021               265
          3927   11164536             96             92       -4        -294               248
          3928    7903882             96             98        2         739               515
          3929   11111943             96             97        1         548               773
          3930    9745455             96            119       23        2684               228
          3931    1667116             96             91       -5        -440               236
          3932    8325178             96             90       -6        -679               633
          3933    3628271             96             85      -11       -2017               327
          3934    7187243             96            107       11        1786               354
          3935    6053135             96             81      -15       -3401               812
          3936   13045848             96             95       -1         289               255
          3937    9505593             96             80      -16       -3774               928
          3938    2080052             96            106       10        1725               785
          3939    4027278             96             88       -8       -1130               340
          3940    4578086             96             85      -11       -2127               516
          3941   11140630             96             94       -2          82               644
          3942     669773             96             79      -17       -4188               550
          3943    5219157             96             94       -2          52               400
          3944     479756             96             80      -16       -3779               400
          3945    6638239             96             83      -13       -2668               450
          3946    2151458             96             86      -10       -1767               771
          3947   11179743             96             91       -5        -467               734
          3948    8019616             96             86      -10       -1685               205
          3949   12651276             96             81      -15       -3404               486
          3950    8859677             96             86      -10       -1782               621
          3951    2281036             96             86      -10       -1750               874
          3952   10439860             96             90       -6        -695               996
          3953   10787926             96             82      -14       -3098               723
          3954    7987678             96             92       -4        -263               412
          3955    9245274             96             93       -3         -69               486
          3956    2034977             96             83      -13       -2683               744
          3957    4495136             96             88       -8       -1100               411
          3958   12269942             96             83      -13       -2723               581
          3959   12018459             96             96        0         426               701
          3960    8754471             96             89       -7        -896               229
          3961     549243             96            102        6        1308               291
          3962    4061699             96            107       11        1804               550
          3963    6040870             96             99        3         933               349
          3964    5900534             96             88       -8       -1171               395
          3965    7725850             96             94       -2          89               378
          3966    1270018             96             92       -4        -319               761
          3967    8195153             96             94       -2         103               239
          3968    8579616             96             84      -12       -2419               659
          3969   13013676             96             81      -15       -3435               666
          3970    5145374             96             81      -15       -3409               377
          3971   10007459             96            102        6        1306               520
          3972    1377035             96             96        0         477               275
          3973    3295289             96             81      -15       -3350               391
          3974    9607184             96             82      -14       -3048               446
          3975    1063565             96            116       20        2550               414
          3976   10512848             96             91       -5        -487               494
          3977    5942067             96             83      -13       -2727               881
          3978   10004403             96             91       -5        -477               606
          3979     877216             96             85      -11       -2083               597
          3980   13243590             96             89       -7        -864               512
          3981   11822587             96             89       -7        -931               326
          3982    7664201             96             91       -5        -405               380
          3983    1200549             96             89       -7        -902               892
          3984    2130700             96             90       -6        -624               447
          3985   10176189             96             85      -11       -1994               315
          3986    6179082             96             94       -2         103               370
          3987    6851551             96             80      -16       -3801               626
          3988   13032245             96             86      -10       -1787               248
          3989    7091837             96             88       -8       -1123               464
          3990    5595229             96             85      -11       -2122               596
          3991    9521442             96             93       -3         -25               359
          3992    8654027             96             99        3         930               466
          3993   12598502             96             97        1         617               470
          3994    9333649             96             91       -5        -516               362
          3995    6584122             96            111       15        2211               318
          3996    6395863             96             97        1         583               509
          3997    3187148             96            119       23        2772               482
          3998     796793             96             88       -8       -1110               296
          3999     522579             96             93       -3         -21               342
          4000    9432911             96             90       -6        -674               807
          4001    6928861             96             94       -2          92               307
          4002   10662011             96             98        2         749               394
          4003   12003450             96            117       21        2655               552
          4004   11034272             96             93       -3         -74               620
          4005    2771123             96             92       -4        -294               345
          4006   11707327             96             99        3         936               394
          4007   11222345             96             93       -3         -65               556
          4008     420947             96             83      -13       -2686               502
          4009   10270606             96             92       -4        -273               546
          4010    8182462             96             84      -12       -2476               422
          4011    4628641             96             97        1         583               327
          4012   11401333             96             83      -13       -2717               502
          4013    5471306             96            113       17        2374               394
          4014    8083391             96             87       -9       -1453               388
          4015    8102936             96             85      -11       -2123               470
          4016   12327939             96             94       -2         169               382
          4017    1862184             96             85      -11       -2087               456
          4018   13267014             96            101        5        1231               465
          4019   11964123             96             84      -12       -2374               526
          4020   12871071             96            103        7        1470               177
          4021    9892965             96             89       -7        -878               502
          4022    2412035             96            113       17        2391               419
          4023     990819             96             94       -2          99               411
          4024   10337568             96            103        7        1460               271
          4025    6282086             96            100        4        1112               288
          4026    6537546             96             82      -14       -3112               446
          4027    7129172             96             90       -6        -671               320
          4028   10505196             96             86      -10       -1706               265
          4029    1681091             96             98        2         755               398
          4030     369470             96             80      -16       -3778               721
          4031    4926117             96             88       -8       -1102               367
          4032   10193859             96             99        3         963               243
          4033   11314077             96             88       -8       -1111               515
          4034    2271561             96             98        2         873               213
          4035   10112757             96            108       12        1961               462
          4036   13678174             96             92       -4        -204               351
          4037   11504977             96             95       -1         381               194
          4038    4579954             96            104        8        1609               196
          4039    7511884             96             85      -11       -2136               433
          4040    1355887             96             89       -7        -877               420
          4041   12432151             96             80      -16       -3820               556
          4042    2147765             96             99        3         927               212
          4043    7218602             96            113       17        2382               760
          4044    1883478             96             85      -11       -2124               419
          4045    2233617             96             86      -10       -1714               513
          4046    5964278             96             98        2         799               256
          4047     396568             96            103        7        1441               386
          4048   12624554             96             95       -1         299               290
          4049    2565965             96             89       -7        -874               287
          4050    9140173             96            126       30        3138               603
          4051    9148389             96             88       -8       -1136               353
          4052   11458245             96            117       21        2688               333
          4053     282806             96             94       -2         131               253
          4054    2156314             96             92       -4        -261               560
          4055    4144026             96             86      -10       -1723               354
          4056    7129322             96             86      -10       -1769               532
          4057   10106769             96             85      -11       -2124               444
          4058   12942183             96            106       10        1816               320
          4059    8553164             96             95       -1         334               279
          4060    9758644             96             87       -9       -1478               580
          4061   12244346             96            116       20        2639               227
          4062    3263297             96            102        6        1343               344
          4063   10167809             96             95       -1         315               351
          4064     662880             96             82      -14       -3125               427
          4065    2840992             96            108       12        2009               313
          4066    3994099             96             95       -1         313               335
          4067   10607498             96            102        6        1400               181
          4068    4839828             96            102        6        1337               383
          4069    5832889             96             96        0         487               477
          4070    8010811             96             97        1         624               527
          4071   10886742             96             93       -3         -76               432
          4072    4162494             96             88       -8       -1136               302
          4073   12101377             96             98        2         835               393
          4074    7699519             96             91       -5        -423               186
          4075    6069787             96             94       -2         123               308
          4076    1194929             96             79      -17       -4274               398
          4077    9162767             96             91       -5        -431               298
          4078    4548742             96             84      -12       -2475               423
          4079   13086723             96            113       17        2417               384
          4080   10727938             96             95       -1         317               475
          4081    3978093             96             82      -14       -3059               525
          4082    5577114             96             87       -9       -1397               245
          4083    6445689             96             86      -10       -1743               289
          4084    9371585             96             92       -4        -257               392
          4085    6120558             96             90       -6        -670               373
          4086     506965             96            104        8        1595               353
          4087    1274070             96             84      -12       -2432               364
          4088    5137878             96             89       -7        -813               214
          4089    6039916             96            104        8        1594               358
          4090    9113528             96             96        0         524               349
          4091    7399445             96             89       -7        -905               420
          4092    5489659             96             79      -17       -4261               262
          4093   13515948             96            107       11        1931               286
          4094   13562488             96             90       -6        -657               275
          4095    6634332             96            104        8        1599               277
          4096   12256713             96             90       -6        -664               313
          4097    8646601             95             86       -9       -1468               226
          4098    4703865             95             93       -2         134               222
          4099     633536             95             86       -9       -1469               172
          4100    6144087             95            103        8        1590               704
          4101    4207949             95             87       -8       -1170               359
          4102   11885128             95             77      -18       -4762               859
          4103    6925252             95             85      -10       -1815               792
          4104    7895514             95             88       -7        -913               262
          4105    5815838             95             79      -16       -3901               639
          4106    8007722             95             89       -6        -671               407
          4107     368461             95             87       -8       -1186               492
          4108    9226887             95             79      -16       -3937               479
          4109    8418510             95             88       -7        -928               240
          4110    6219158             95             97        2         813               232
          4111    9772749             95             84      -11       -2129               180
          4112    7419242             95            101        6        1371               429
          4113    4576822             95             93       -2         132               303
          4114   13077265             95             92       -3         -64               634
          4115   12784636             95             83      -12       -2480               664
          4116    6252972             95             79      -16       -3911              1502
          4117    8442958             95             98        3         983               230
          4118    9624693             95             82      -13       -2799               219
          4119    2045814             95             92       -3         -46               267
          4120    6056235             95             88       -7        -926               448
          4121    4922266             95             86       -9       -1515               438
          4122    6705393             95            100        5        1259               291
          4123    8949095             95             86       -9       -1505               766
          4124   12940756             95             92       -3         -55               634
          4125    8738378             95             87       -8       -1178               240
          4126    3241940             95             83      -12       -2473               470
          4127   10479479             95             83      -12       -2503              1254
          4128    3576011             95             83      -12       -2470               743
          4129    9884036             95             77      -18       -4757              1495
          4130   13288232             95             93       -2         157               240
          4131   11026788             95             88       -7        -944               864
          4132    8294735             95             97        2         790               650
          4133    9967491             95             82      -13       -2834               704
          4134   11533534             95             87       -8       -1155               243
          4135    9618043             95             82      -13       -2800               865
          4136    6396656             95            103        8        1591               560
          4137    1181371             95             92       -3         -69               522
          4138    8060152             95             81      -14       -3173               319
          4139    4401578             95             89       -6        -703               486
          4140    6518746             95            105       10        1857               226
          4141    2131159             95             85      -10       -1847               410
          4142    5044612             95             86       -9       -1541               582
          4143     203061             95             89       -6        -685               374
          4144    7224594             95             89       -6        -644               177
          4145   10388770             95             87       -8       -1238              1020
          4146   12977167             95            109       14        2225               433
          4147    4189461             95             85      -10       -1835               606
          4148    5739796             95             88       -7        -998               378
          4149    4727653             95            108       13        2129               409
          4150    8214855             95            104        9        1707               451
          4151   12917452             95             78      -17       -4336               742
          4152     415882             95            103        8        1625               411
          4153    4163888             95             93       -2         151               564
          4154   10488004             95             92       -3         -88               423
          4155    2592255             95             78      -17       -4333               396
          4156    2345840             95             96        1         659               313
          4157    2647923             95             80      -15       -3564               746
          4158    9018383             95             87       -8       -1251               456
          4159    5499369             95             89       -6        -731               737
          4160    1682516             95             89       -6        -723               691
          4161    8890517             95             85      -10       -1903               720
          4162   12141311             95             85      -10       -1815               247
          4163    1402077             95             86       -9       -1519               605
          4164    2874137             95             89       -6        -698               499
          4165   11670162             95             85      -10       -1824               450
          4166    6456069             95             88       -7        -918               258
          4167   11601599             95            113       18        2551               547
          4168    5321157             95             83      -12       -2558               536
          4169     867196             95             82      -13       -2866               700
          4170    9555393             95             98        3        1010               713
          4171    9879840             95             84      -11       -2192               782
          4172    2443312             95            106       11        1980               317
          4173    8221267             95             91       -4        -279               644
          4174    2100350             95            106       11        1937               609
          4175    3379235             95             80      -15       -3554               494
          4176    2240820             95             81      -14       -3198               809
          4177      93592             95             84      -11       -2193               617
          4178   10151133             95             92       -3         -77               716
          4179    6254322             95             92       -3        -122               293
          4180    2288330             95             83      -12       -2475               213
          4181    3098235             95             86       -9       -1463               243
          4182    5577004             95             85      -10       -1908               462
          4183    5035118             95            106       11        1992               327
          4184    6451306             95             98        3         980               433
          4185   11763244             95             74      -21       -6286              1057
          4186    8895354             95             80      -15       -3558               687
          4187   12843090             95             87       -8       -1151               355
          4188    8777518             95             86       -9       -1540               478
          4189    2709219             95             94       -1         279               485
          4190   10042115             95             79      -16       -3993               740
          4191    8017581             95            101        6        1437               396
          4192    3846123             95             91       -4        -255               452
          4193    9460615             95             78      -17       -4367               277
          4194    6725041             95             78      -17       -4420               634
          4195    9972872             95             81      -14       -3129               500
          4196    1200960             95            103        8        1664               532
          4197    6502701             95             86       -9       -1508               380
          4198    7288472             95             90       -5        -495               633
          4199    6051622             95             90       -5        -451               549
          4200   12454454             95             89       -6        -697              1025
          4201     570450             95             84      -11       -2145               477
          4202    5663195             95             86       -9       -1569               546
          4203    3854723             95             99        4        1094               225
          4204    4035155             95            112       17        2480               454
          4205    8330191             95             79      -16       -4005               645
          4206   13245805             95            127       32        3341               389
          4207     512672             95             96        1         682               351
          4208    1481200             95            115       20        2761               210
          4209    5872322             95             89       -6        -763               357
          4210   10830784             95            110       15        2329               802
          4211    6209049             95            102        7        1573               240
          4212    7072309             95             85      -10       -1920               535
          4213    8400253             95             91       -4        -222               509
          4214    8891082             95            102        7        1574               206
          4215   13123730             95            100        5        1283               272
          4216    6477573             95             93       -2         142               646
          4217    7313491             95             98        3        1002               595
          4218    5885653             95             87       -8       -1227               467
          4219   11072023             95            101        6        1456               214
          4220   10215904             95            100        5        1259               518
          4221     196704             95             84      -11       -2256               649
          4222    9120338             95            103        8        1656               482
          4223    2197126             95             79      -16       -4026               762
          4224   10223681             95             92       -3         -65               523
          4225   10336634             95             77      -18       -4837               623
          4226    4578377             95             90       -5        -461               640
          4227    9524868             95             86       -9       -1451               415
          4228    6156859             95             84      -11       -2211               476
          4229   12948395             95             90       -5        -393               606
          4230    9197944             95             88       -7        -856               590
          4231    2380830             95             78      -17       -4350               710
          4232   12833559             95             97        2         835               510
          4233   13116075             95             74      -21       -6264               487
          4234     229922             95             81      -14       -3141               460
          4235   12354012             95             89       -6        -619               382
          4236    3371442             95             95        0         526               753
          4237     488112             95             79      -16       -4011               526
          4238    3175189             95             86       -9       -1541               566
          4239    6108990             95             85      -10       -1832               411
          4240   10355525             95             86       -9       -1462               345
          4241      96284             95             86       -9       -1564               486
          4242    4711983             95             95        0         569               270
          4243   10919311             95             83      -12       -2548               694
          4244     853221             95             85      -10       -1816               470
          4245    7927761             95             77      -18       -4854               463
          4246    2802079             95             88       -7        -924               603
          4247    4234041             95             81      -14       -3098               610
          4248    8145643             95             87       -8       -1140               402
          4249    2153123             95             94       -1         426               187
          4250   10402254             95             77      -18       -4793               472
          4251   10799048             95             81      -14       -3188               678
          4252    5316580             95             83      -12       -2571               743
          4253   10239588             95             82      -13       -2845               353
          4254    3110324             95             82      -13       -2870               473
          4255   12017712             95             94       -1         323               547
          4256    5879609             95             96        1         691               392
          4257    5988658             95             97        2         873               329
          4258     643869             95             84      -11       -2235               864
          4259     731352             95             83      -12       -2506               306
          4260    5561207             95             95        0         566               631
          4261    4937923             95             85      -10       -1778               332
          4262    9021174             95             87       -8       -1275               597
          4263   12270440             95             91       -4        -215               679
          4264    5374670             95             79      -16       -3960               546
          4265    3209594             95             85      -10       -1832               427
          4266   10708491             95             82      -13       -2848               669
          4267    2786114             95             90       -5        -424               512
          4268   12277060             95             82      -13       -2871               394
          4269    8974341             95             90       -5        -478               582
          4270    4421746             95             81      -14       -3186               818
          4271    9432103             95             84      -11       -2190               569
          4272    7631978             95             88       -7        -897               273
          4273   10977696             95             94       -1         357               560
          4274   12622954             95             85      -10       -1844               598
          4275    1744530             95             76      -19       -5356               545
          4276    7470650             95            101        6        1467               299
          4277    3475517             95            100        5        1313               441
          4278   12347683             95             90       -5        -456               513
          4279   10822479             95             83      -12       -2487               507
          4280   10725574             95             85      -10       -1914               607
          4281    6625026             95            126       31        3381               569
          4282    2005269             95             75      -20       -5828               617
          4283    9634601             95             94       -1         389               395
          4284    6413153             95             87       -8       -1221               434
          4285   12056314             95            107       12        2116               374
          4286    8646072             95             93       -2         179               421
          4287   11302797             95            114       19        2708               505
          4288   11485656             95            100        5        1340               239
          4289    9559850             95             96        1         728               426
          4290     591171             95             88       -7        -907               772
          4291    4389318             95             87       -8       -1225               338
          4292    1018416             95             94       -1         439               190
          4293    8632502             95             96        1         708               324
          4294    7739919             95             90       -5        -433               284
          4295    6671592             95             79      -16       -4016               733
          4296   11760230             95             87       -8       -1254               516
          4297     395071             95             95        0         559               438
          4298    7999172             95            120       25        3081               474
          4299    5424910             95             85      -10       -1894               487
          4300    3964017             95            100        5        1340               284
          4301   13164890             95             83      -12       -2460               298
          4302   10352369             95             73      -22       -6994               325
          4303    5772154             95             86       -9       -1512               217
          4304   10336764             95            100        5        1341               392
          4305    5814537             95             89       -6        -666               456
          4306   10416812             95            104        9        1855               252
          4307    4487262             95             95        0         581               300
          4308    4705582             95             85      -10       -1916               285
          4309    9573319             95             84      -11       -2208               332
          4310    4945603             95            104        9        1840               261
          4311   13463753             95             98        3        1057               291
          4312    1508580             95             92       -3           4               282
          4313   12175559             95            120       25        3146               277
          4314    8182939             95            110       15        2421               313
          4315   12306036             95            107       12        2138               404
          4316    9877789             95             95        0         569               265
          4317    2974502             95             98        3        1040               414
          4318    1514905             95             96        1         738               210
          4319    5904095             95             92       -3          -9               459
          4320     575083             95             94       -1         361               230
          4321    7529471             95            136       41        3722               405
          4322     621880             95            117       22        2937               327
          4323    7781423             95             86       -9       -1557               260
          4324     392806             94             88       -6        -688               233
          4325   11032954             94             98        4        1197               393
          4326    6023676             94             96        2         872               199
          4327    6275543             94             87       -7        -940               458
          4328    6229710             94             78      -16       -4097               691
          4329    1805241             94             81      -13       -2920               215
          4330    3068654             94             85       -9       -1579               503
          4331    9397740             94             89       -5        -436               235
          4332    5917348             94             90       -4        -240               563
          4333    3460065             94             87       -7        -933               315
          4334   10196811             94             80      -14       -3297               472
          4335    4759261             94             91       -3         -59               310
          4336    5806648             94            106       12        2155               197
          4337    1723077             94             83      -11       -2268               735
          4338    2123131             94             80      -14       -3304               531
          4339    1626441             94             77      -17       -4534               480
          4340    1864019             94             90       -4        -224               363
          4341    7667031             94             91       -3         -45               605
          4342    9417573             94             95        1         688               607
          4343    5372844             94             79      -15       -3730               474
          4344   12357785             94             86       -8       -1258               586
          4345    6846991             94             80      -14       -3275               378
          4346    3057517             94             86       -8       -1277               373
          4347    3113522             94            100        6        1479               366
          4348   10879241             94             87       -7        -981               485
          4349   12055072             94             87       -7        -941               268
          4350    7956073             94             79      -15       -3713               287
          4351   10708470             94             82      -12       -2633               788
          4352     771618             94             84      -10       -1953               515
          4353   12030680             94             89       -5        -463               658
          4354    5532197             94             97        3        1044              1545
          4355    2470113             94             80      -14       -3303               944
          4356    4697566             94             89       -5        -464               391
          4357    2490385             94             84      -10       -1916               479
          4358   11459420             94             85       -9       -1635               268
          4359    7686668             94             89       -5        -478               739
          4360    9367613             94             78      -16       -4130              1052
          4361   12052416             94             78      -16       -4089               433
          4362   12895058             94             82      -12       -2596               533
          4363    9123459             94             85       -9       -1674               479
          4364     745379             94             85       -9       -1611               473
          4365    6359578             94             92       -2         162               921
          4366    2652031             94             81      -13       -2968               456
          4367    1763757             94             79      -15       -3756               885
          4368    4588034             94            108       14        2381               147
          4369   12510021             94             85       -9       -1625               480
          4370    6525855             94            107       13        2281               477
          4371   10723197             94             87       -7        -986               724
          4372   11055504             94             89       -5        -408               240
          4373     524688             94             88       -6        -740               335
          4374    4811969             94             97        3        1052               423
          4375   10395532             94            104       10        1988               327
          4376   12449093             94             87       -7        -954               316
          4377    3477034             94             99        5        1359               363
          4378    8249217             94             90       -4        -249               364
          4379   13515685             94             96        2         910               161
          4380   13351761             94             80      -14       -3309               400
          4381   12554808             94             82      -12       -2591               313
          4382    8808214             94             81      -13       -2939              1066
          4383    6289606             94             74      -20       -5988               814
          4384    9714820             94             85       -9       -1677               866
          4385    4203067             94             82      -12       -2616               419
          4386    5925526             94             83      -11       -2336               625
          4387    8910202             94            108       14        2357               379
          4388     807423             94             99        5        1364               472
          4389    9354930             94             92       -2         159               419
          4390    6449330             94             81      -13       -2962               579
          4391   11039299             94             87       -7       -1001               566
          4392   11959352             94             87       -7       -1015              1001
          4393   12710145             94             76      -18       -5016               958
          4394    2854192             94             86       -8       -1318               620
          4395   13061459             94             85       -9       -1537               244
          4396    5556336             94             86       -8       -1223               260
          4397    5240537             94             91       -3          33               230
          4398   10633313             94             85       -9       -1665               452
          4399    2633778             94             80      -14       -3320               503
          4400    2969330             94             90       -4        -230               358
          4401    8703145             94            100        6        1504               416
          4402    5854266             94             80      -14       -3341               825
          4403   11810618             94             87       -7       -1017               418
          4404    4996979             94             78      -16       -4119               754
          4405    7706485             94             76      -18       -5040               568
          4406    4526327             94             70      -24       -8467               784
          4407    7011264             94             91       -3         -16               474
          4408    5550332             94             89       -5        -462              1005
          4409    9197252             94            103        9        1881               299
          4410    6625583             94             97        3        1067               354
          4411    5391154             94            113       19        2789               494
          4412    8672034             94             87       -7        -967               339
          4413    1556663             94             97        3        1100               213
          4414    8074796             94             95        1         781               205
          4415    3326441             94             94        0         538               510
          4416   10778927             94             95        1         768               266
          4417    5198860             94             92       -2         236               218
          4418    4237354             94             80      -14       -3341               913
          4419    4459693             94             89       -5        -393               176
          4420    8528913             94             87       -7        -952               541
          4421    6008783             94            102        8        1759               380
          4422    5958124             94             74      -20       -6041               705
          4423   11096912             94             90       -4        -243               481
          4424    6012269             94             88       -6        -749               315
          4425    3200613             94             77      -17       -4577               924
          4426    3778006             94             96        2         881               708
          4427    1867877             94             95        1         687               363
          4428    1385282             94             82      -12       -2677               707
          4429   12611200             94             84      -10       -1862               329
          4430    4524616             94             97        3        1081               286
          4431    1360236             94             82      -12       -2609               927
          4432    6291099             94             90       -4        -164               211
          4433    4942016             94             80      -14       -3313               710
          4434    2782581             94             90       -4        -245               569
          4435    3879221             94            106       12        2232               229
          4436    8420032             94            104       10        2047               185
          4437     912436             94             98        4        1289               171
          4438    8963183             94             88       -6        -775               358
          4439     919119             94             89       -5        -419               702
          4440    9513203             94            119       25        3186               318
          4441    1161806             94             81      -13       -2927               280
          4442    8065672             94             96        2         875               667
          4443    9000884             94             78      -16       -4154               450
          4444     845935             94             95        1         807               224
          4445    4742313             94             90       -4        -220               473
          4446    3311191             94            115       21        2959               357
          4447   12873006             94             78      -16       -4154               643
          4448   12043965             94             98        4        1277               218
          4449    3919008             94            103        9        1861               651
          4450   12050556             94             88       -6        -730               565
          4451    5000971             94             84      -10       -1931               333
          4452    3703001             94             81      -13       -3077               332
          4453    6421275             94             92       -2         150               358
          4454     553563             94            111       17        2694               343
          4455    4482731             94             86       -8       -1327               363
          4456   10111840             94             77      -17       -4595               633
          4457   13134622             94             97        3        1037               500
          4458   11779179             94            100        6        1519               615
          4459   12034903             94             90       -4        -202               424
          4460   13640274             94            107       13        2338               189
          4461    6118728             94             91       -3          71               364
          4462   11773573             94             86       -8       -1218               423
          4463    9691091             94             87       -7        -937               310
          4464   10681421             94             83      -11       -2249               270
          4465   10325439             94             77      -17       -4616               480
          4466    3387763             94            124       30        3476               846
          4467    5062853             94             81      -13       -2903               250
          4468    5757522             94             88       -6        -642               419
          4469    7965913             94             85       -9       -1630               540
          4470   10551236             94             94        0         607               366
          4471    9378403             94            100        6        1522               345
          4472    1929135             94            105       11        2142               329
          4473     313334             94             88       -6        -712               314
          4474    1818192             94             93       -1         434               436
          4475    4955817             94             97        3        1032               233
          4476    2883998             94             89       -5        -458               440
          4477   10618938             94             81      -13       -3022               472
          4478   10275905             94            103        9        1882               542
          4479      25241             94             90       -4        -264               470
          4480    8852193             94             82      -12       -2655               461
          4481    7341093             94             85       -9       -1718               421
          4482   10449005             94            105       11        2121               394
          4483    9224872             94            101        7        1658               458
          4484   10021538             94             83      -11       -2266               429
          4485   10946243             94             98        4        1252               506
          4486    3475042             94             81      -13       -3036               664
          4487    6485124             94             78      -16       -4107               381
          4488    1159033             94             94        0         619               484
          4489   12378656             94             94        0         544               357
          4490   12506363             94             92       -2         293               238
          4491   11235330             94             89       -5        -473               353
          4492    2046075             94             88       -6        -737               617
          4493    5934496             94             78      -16       -4240               260
          4494    9254654             94             91       -3          57               455
          4495    8099957             94             85       -9       -1682               312
          4496    3960697             94             99        5        1436               251
          4497    6344170             94             84      -10       -2038               267
          4498     227815             94             94        0         573               327
          4499      31071             94            103        9        1898               500
          4500    4270263             94             89       -5        -378               342
          4501   12367945             94             88       -6        -695               455
          4502    8035184             94             99        5        1426               233
          4503     844804             94             95        1         729               401
          4504   11841117             94            127       33        3644               383
          4505    7947223             94             97        3        1060               208
          4506    6831185             94             87       -7        -978               304
          4507      37865             94             92       -2         181               399
          4508    4911808             94             81      -13       -2996               616
          4509    8034384             94             83      -11       -2342               232
          4510    9351030             94             89       -5        -442               383
          4511    5968416             94             97        3        1069               318
          4512    4994076             94             86       -8       -1351               362
          4513    1724507             94             97        3        1080               443
          4514    6168412             94             82      -12       -2715               303
          4515    4994588             94             84      -10       -1911               326
          4516    1612474             94             77      -17       -4685               458
          4517     488000             94             93       -1         418               410
          4518    5051144             94             82      -12       -2691               414
          4519   11335289             94            114       20        2981               242
          4520     707819             94             87       -7        -989               410
          4521    6535391             94             96        2         931               463
          4522    2576267             94            104       10        2029               283
          4523    5840536             94             80      -14       -3369               383
          4524    7568719             94             88       -6        -691               397
          4525    5718404             94             90       -4        -205               455
          4526   13596828             94            100        6        1550               372
          4527   11036588             94             93       -1         379               395
          4528   11388694             94             90       -4        -220               365
          4529    5555017             94             88       -6        -691               226
          4530    8799767             94             87       -7       -1022               390
          4531    5431747             94             95        1         750               276
          4532    1947309             94            109       15        2596               213
          4533    5465211             94             99        5        1410               296
          4534    5429406             94             99        5        1407               272
          4535     205128             94            122       28        3459               282
          4536     691645             94             81      -13       -3013               292
          4537   13085156             93            119       26        3316               254
          4538   12341087             93             98        5        1405               516
          4539    9023162             93             82      -11       -2345               297
          4540   12542056             93             82      -11       -2350               252
          4541   11207839             93             85       -8       -1369               812
          4542     822006             93             80      -13       -3067               437
          4543   13543386             93             82      -11       -2348               366
          4544   10005491             93             88       -5        -480               404
          4545    4024483             93             88       -5        -494               508
          4546    5228766             93             87       -6        -724               263
          4547    1809987             93             99        6        1554               293
          4548   11571041             93            104       11        2168               158
          4549   11397115             93             80      -13       -3069               234
          4550    5440168             93             97        4        1254               274
          4551    6514109             93             85       -8       -1378               585
          4552    6484137             93             99        6        1517               629
          4553    6867985             93             84       -9       -1706               443
          4554    8199515             93             99        6        1551               311
          4555    9321955             93             85       -8       -1370               455
          4556     735138             93             82      -11       -2370               270
          4557    6550546             93             86       -7       -1028               338
          4558    5601277             93             89       -4        -246               446
          4559   11042570             93             79      -14       -3479               291
          4560    8455280             93             91       -2         168               330
          4561    3138381             93             78      -15       -3903               842
          4562    6676311             93             95        2         922               251
          4563    1738858             93             97        4        1245               418
          4564    4546259             93             79      -14       -3497               404
          4565    5296253             93             83      -10       -2052               199
          4566    1598394             93             85       -8       -1392               460
          4567    1752962             93             83      -10       -2075               862
          4568    1534490             93             84       -9       -1738               913
          4569   12126143             93            103       10        2051               385
          4570   12428539             93             85       -8       -1386               342
          4571   13070063             93             80      -13       -3122               715
          4572     765871             93             89       -4        -245               363
          4573    5444485             93             85       -8       -1373               541
          4574   13482272             93             87       -6        -770               410
          4575    9251100             93             78      -15       -3891               276
          4576   10038862             93             85       -8       -1392               620
          4577    8798046             93             87       -6        -729               392
          4578     276935             93             78      -15       -3900               308
          4579   10523344             93             92       -1         408               191
          4580   10737211             93             93        0         554               387
          4581    4997197             93             76      -17       -4770               318
          4582     571172             93             85       -8       -1367               432
          4583    9228541             93             88       -5        -470               426
          4584    9307176             93             83      -10       -2056               331
          4585    3037512             93            107       14        2487               479
          4586    6927521             93             78      -15       -3958               749
          4587   10621100             93             89       -4        -209               673
          4588    6473764             93            120       27        3436               219
          4589    7531426             93             76      -17       -4788              1342
          4590    2159467             93            115       22        3114               309
          4591    3264678             93             88       -5        -479              1053
          4592    2218977             93             88       -5        -525               513
          4593    1957496             93             87       -6        -812               282
          4594    7763817             93             97        4        1226               526
          4595   13044489             93             81      -12       -2698               445
          4596    5500390             93             87       -6        -711               197
          4597    6537256             93             90       -3          37               263
          4598    1166920             93             87       -6        -778               528
          4599   10283601             93             97        4        1251               658
          4600   13702347             93             82      -11       -2344               410
          4601    5039137             93             85       -8       -1423               368
          4602   10678094             93             87       -6        -733               371
          4603    8698610             93             84       -9       -1714               440
          4604    4077019             93             83      -10       -2083               738
          4605    4148628             93             79      -14       -3545               801
          4606    1929341             93             88       -5        -474               563
          4607    3183843             93             75      -18       -5288               837
          4608    2008051             93             97        4        1262               433
          4609   12510974             93             85       -8       -1356               248
          4610    2225483             93             82      -11       -2396               411
          4611    4990986             93             80      -13       -3091               800
          4612    2653121             93             81      -12       -2705               665
          4613    9494802             93             83      -10       -2076              1033
          4614    8352697             93             89       -4        -236               529
          4615   12442097             93             87       -6        -752               483
          4616    3273768             93             77      -16       -4355               414
          4617   12872117             93             97        4        1280               360
          4618    9961961             93             85       -8       -1412               617
          4619    6422918             93             81      -12       -2687               762
          4620    7333353             93             81      -12       -2787               792
          4621   12562573             93             77      -16       -4342               541
          4622    3275984             93             84       -9       -1767               417
          4623    1099360             93             92       -1         440               228
          4624    2965242             93             91       -2         216               469
          4625     895579             93            100        7        1695               497
          4626    2366214             93             90       -3         -43               267
          4627     837754             93             78      -15       -3869               408
          4628   11525283             93             95        2         925               407
          4629    7339497             93             90       -3         -10               301
          4630    1278796             93             84       -9       -1742               539
          4631   10393308             93            114       21        3095               301
          4632   11148955             93             81      -12       -2827               636
          4633    5707745             93             79      -14       -3575              1189
          4634   12473580             93             75      -18       -5253               872
          4635    3082994             93             94        1         804               204
          4636    9139435             93             80      -13       -3157               471
          4637    3500810             93            128       35        3820               259
          4638    5094302             93             84       -9       -1731               458
          4639   11773063             93             84       -9       -1789               688
          4640    8177725             93             77      -16       -4381               752
          4641   10907369             93            114       21        3081               999
          4642   10048484             93            101        8        1902               220
          4643   13195010             93             81      -12       -2797               627
          4644    4678183             93             87       -6        -794               618
          4645   10746244             93             87       -6        -792               459
          4646    1647428             93             78      -15       -3927               300
          4647    8834606             93             85       -8       -1407               300
          4648    3703844             93            107       14        2505               236
          4649    9187145             93             85       -8       -1408               204
          4650   10821811             93             75      -18       -5296               479
          4651   13695997             93             81      -12       -2797               654
          4652    7876421             93             84       -9       -1761               772
          4653    2961049             93             87       -6        -652               393
          4654    6589306             93             82      -11       -2417               509
          4655     153120             93             94        1         823               233
          4656    8988048             93             87       -6        -746               500
          4657   10407055             93             85       -8       -1495               517
          4658    9321204             93             79      -14       -3506               585
          4659    9082263             93             84       -9       -1759               403
          4660   11142496             93             95        2        1017               317
          4661    6646696             93             86       -7       -1013               447
          4662   13004302             93             76      -17       -4851               686
          4663    2438523             93             80      -13       -3175               598
          4664    3662800             93             97        4        1270               599
          4665    1542609             93             74      -19       -5811               993
          4666   10873181             93            104       11        2209               391
          4667    2268553             93             85       -8       -1382               570
          4668    3118594             93             96        3        1092               502
          4669   10187542             93             78      -15       -3953               345
          4670    6800592             93             81      -12       -2820               581
          4671    6946116             93             85       -8       -1424               647
          4672    9979563             93             83      -10       -1993               277
          4673    4385061             93            106       13        2448               255
          4674   13197541             93             94        1         777               704
          4675    8346947             93             86       -7       -1156               735
          4676    2542709             93             94        1         842               220
          4677   10236682             93             84       -9       -1752               351
          4678   13386710             93             91       -2         218               301
          4679    7520602             93             97        4        1270               275
          4680    8003849             93             92       -1         461               328
          4681    4448926             93             87       -6        -679               152
          4682    2143569             93             91       -2         212               529
          4683     166860             93             94        1         794               278
          4684    2985225             93             93        0         593               260
          4685   12176010             93             92       -1         415               402
          4686   10150794             93            101        8        1922               334
          4687    9650447             93             94        1         806               198
          4688   11809431             93             96        3        1113               319
          4689    8531653             93             84       -9       -1765               562
          4690    8264210             93             84       -9       -1735               402
          4691    4391113             93             85       -8       -1443               587
          4692     949485             93             86       -7       -1149               400
          4693    3929156             93             85       -8       -1453               548
          4694   13576787             93            121       28        3579               433
          4695     610595             93             83      -10       -2048               393
          4696    7955207             93             76      -17       -4879               469
          4697    5323756             93             85       -8       -1341               402
          4698    1411358             93             87       -6        -760               473
          4699    5641008             93             85       -8       -1451               525
          4700    9770254             93             98        5        1504               192
          4701   11464224             93             81      -12       -2775               372
          4702    8632903             93             86       -7       -1075               352
          4703   12877992             93            112       19        2973               439
          4704    5404306             93             82      -11       -2338               271
          4705    2745136             93             76      -17       -4884               472
          4706    9409375             93             90       -3          83               203
          4707    9402875             93             85       -8       -1404               295
          4708   12302419             93             88       -5        -408               302
          4709    7742735             93             80      -13       -3153               385
          4710    1479458             93             77      -16       -4490               605
          4711   12804385             93             87       -6        -671               179
          4712     833855             93             90       -3          70               489
          4713    6496101             93             90       -3          72               269
          4714   13498609             93            101        8        1887               444
          4715    5680928             93             81      -12       -2767               636
          4716    6073735             93             87       -6        -727               420
          4717   12120299             93             90       -3           0               320
          4718    5352994             93             92       -1         456               406
          4719   12084031             93             85       -8       -1425               311
          4720   10263267             93             95        2        1035               224
          4721   10741198             93             90       -3          29               325
          4722   10897493             93             82      -11       -2351               226
          4723   11026242             93             80      -13       -3204               526
          4724    8696252             93             82      -11       -2323               197
          4725    6832184             93             99        6        1633               241
          4726    4106010             93             79      -14       -3476               304
          4727    6503763             93             89       -4        -166               176
          4728    8440751             93             79      -14       -3564               496
          4729    5693529             93             98        5        1454               549
          4730    3295250             93            124       31        3755               387
          4731    4105100             93             82      -11       -2362               478
          4732    6743616             93             87       -6        -693               340
          4733   12635522             93             91       -2         285               284
          4734    5517158             93             96        3        1170               238
          4735    5532468             93            113       20        3127               349
          4736     798659             93             91       -2         223               468
          4737    7656782             93             86       -7       -1014               362
          4738     101061             93             83      -10       -2013               232
          4739    6745263             93             84       -9       -1785               641
          4740    8276628             93             83      -10       -2052               312
          4741    6725665             93             96        3        1148               384
          4742    7607211             93             90       -3           6               387
          4743   12561192             93            101        8        1926               249
          4744    4585518             93             83      -10       -2049               553
          4745     216810             93            115       22        3242               415
          4746   11270386             93             85       -8       -1445               370
          4747    5123420             93             90       -3          39               259
          4748    8996471             93             95        2        1011               484
          4749    7682044             93             83      -10       -2100               407
          4750    2152180             93             86       -7       -1088               597
          4751   10535829             93             94        1         804               387
          4752     253510             93             87       -6        -779               360
          4753     180771             93             81      -12       -2726               292
          4754   13319233             93             90       -3          30               323
          4755    5316707             93             81      -12       -2821               547
          4756   12068514             93            105       12        2410               294
          4757    9723019             93             79      -14       -3617               423
          4758    9353997             93            105       12        2383               239
          4759   12666079             93             84       -9       -1700               361
          4760    6992544             93             98        5        1481               401
          4761   12735897             93             97        4        1317               528
          4762    4083666             93             93        0         636               391
          4763    1123587             93             84       -9       -1764               440
          4764   12735975             93             92       -1         508               275
          4765   12155459             93            112       19        3045               257
          4766   12276380             93             91       -2         267               174
          4767    2704292             93             81      -12       -2799               272
          4768    9837116             93            107       14        2600               368
          4769    3519309             93             89       -4        -215               276
          4770    7055505             93            104       11        2362               296
          4771   12209191             93             80      -13       -3070               238
          4772    3965082             93             91       -2         311               218
          4773   11077167             93             83      -10       -2034               291
          4774    8792227             93            112       19        3057               370
          4775   10303142             93             91       -2         242               287
          4776    7673246             93             88       -5        -459               318
          4777    5163217             93             89       -4        -223               314
          4778   10460967             93             86       -7       -1106               282
          4779   13660783             93             98        5        1498               384
          4780    3693005             92            121       29        3688               276
          4781   10231902             92             78      -14       -3638               497
          4782    5256970             92             80      -12       -2842               267
          4783   12794562             92             79      -13       -3241               738
          4784    9756287             92             96        4        1326               230
          4785    8273112             92             82      -10       -2136              1474
          4786     398411             92             83       -9       -1806              1855
          4787    7444707             92             85       -7       -1116               240
          4788   13569134             92             73      -19       -6098              1917
          4789    1596773             92             84       -8       -1455               220
          4790    6855830             92            108       16        2813               361
          4791    4227695             92             88       -4        -245               348
          4792    2322993             92             87       -5        -487               377
          4793    4325644             92             85       -7       -1126               427
          4794    3202069             92             79      -13       -3225               981
          4795     507615             92             80      -12       -2844               815
          4796    3153642             92             76      -16       -4538               627
          4797    6129848             92             91       -1         427               540
          4798    4365288             92             99        7        1789               332
          4799    2239387             92             80      -12       -2844               437
          4800    6940935             92             84       -8       -1456               509
          4801    5541130             92             80      -12       -2848              1911
          4802    1638634             92             84       -8       -1485               454
          4803    2978661             92             84       -8       -1445               524
          4804   12392668             92             97        5        1466               567
          4805    1453048             92             79      -13       -3264               746
          4806   13381046             92             96        4        1320               563
          4807   13039066             92            105       13        2527               452
          4808    5496875             92             80      -12       -2858               737
          4809    6763882             92             95        3        1168               365
          4810    9974448             92             86       -6        -844               518
          4811    9016746             92             85       -7       -1151              1239
          4812   10001710             92             90       -2         208               229
          4813    1235469             92             81      -11       -2485               249
          4814    2457981             92             86       -6        -792               500
          4815    4922657             92             88       -4        -256               228
          4816    5523930             92             86       -6        -811               692
          4817   11647740             92             85       -7       -1155               329
          4818    9953748             92             87       -5        -506               380
          4819    6002593             92             87       -5        -509               532
          4820    6729890             92             87       -5        -532              1201
          4821    3512234             92             78      -14       -3648               351
          4822    1119516             92             78      -14       -3702               547
          4823   12719328             92             90       -2         192               972
          4824    2123995             92             82      -10       -2150               320
          4825    6761578             92             90       -2         245               831
          4826   10292367             92            103       11        2293               260
          4827    5945429             92             93        1         780               434
          4828   13461123             92             77      -15       -4176               484
          4829    6288873             92             86       -6        -806               302
          4830   12844018             92            101        9        2068               285
          4831    4539114             92             99        7        1745               398
          4832    1334860             92            123       31        3822               378
          4833    1236166             92             88       -4        -244               391
          4834    4068334             92             95        3        1150               348
          4835   12476906             92             85       -7       -1168               944
          4836     250037             92             86       -6        -828               914
          4837    9171757             92             90       -2         199               783
          4838    1501537             92             88       -4        -283               359
          4839    7776207             92             78      -14       -3696               238
          4840    2762069             92             85       -7       -1136               525
          4841   12248397             92             77      -15       -4073               285
          4842   10071120             92             79      -13       -3279               249
          4843   10793025             92             86       -6        -866               438
          4844    3029117             92            111       19        3088               273
          4845    3744509             92             90       -2         231              1320
          4846    6378224             92             95        3        1215               313
          4847    9994223             92             86       -6        -818               380
          4848    6224123             92             84       -8       -1453               318
          4849    9424445             92             84       -8       -1472               250
          4850    8188546             92             85       -7       -1203               396
          4851    2415323             92             84       -8       -1501               331
          4852    4927927             92             93        1         840               430
          4853   13220496             92             79      -13       -3348               499
          4854    8851290             92             93        1         827               442
          4855    7233710             92            103       11        2293               250
          4856    9572551             92             82      -10       -2157               497
          4857    3965514             92             92        0         584               872
          4858    9318990             92             97        5        1507               422
          4859    6394938             92             87       -5        -487               458
          4860   11459903             92             75      -17       -5031               388
          4861   11624646             92            104       12        2423               761
          4862    1667057             92             81      -11       -2430               480
          4863   11523254             92             87       -5        -476               413
          4864   11692181             92             81      -11       -2482               479
          4865    4989574             92             87       -5        -506               300
          4866   10789633             92             87       -5        -532               836
          4867    6941626             92             81      -11       -2409               391
          4868    6403048             92             81      -11       -2489               243
          4869    8807933             92             76      -16       -4566               378
          4870    9667071             92            106       14        2640               348
          4871    6177675             92             98        6        1648               566
          4872    2967553             92             83       -9       -1732               350
          4873    7895861             92             88       -4        -174               306
          4874   10755357             92             87       -5        -434               594
          4875   13111929             92            110       18        3016               369
          4876   11854451             92             87       -5        -575               491
          4877   11613408             92             84       -8       -1455               375
          4878    3228643             92             76      -16       -4599               818
          4879    3685106             92             96        4        1340               639
          4880    7624228             92             91       -1         440               832
          4881    9859816             92             89       -3           5               409
          4882    3493048             92             84       -8       -1585               536
          4883    2997147             92             90       -2         227               325
          4884    9812263             92             84       -8       -1432               208
          4885   11115015             92             79      -13       -3256               476
          4886   11488377             92             99        7        1891               276
          4887    2310461             92             80      -12       -2871               533
          4888    4284415             92             85       -7       -1255               602
          4889   12912905             92             90       -2         231               320
          4890    9499662             92             84       -8       -1542               585
          4891    5440088             92             83       -9       -1732               275
          4892    7985317             92             85       -7       -1166               510
          4893    1286753             92             86       -6        -755               230
          4894    7160553             92             76      -16       -4574               875
          4895    9407250             92             81      -11       -2499               608
          4896    8186178             92             98        6        1697               225
          4897    9527696             92             92        0         663               449
          4898    6383644             92             92        0         672               644
          4899    3657568             92             87       -5        -519               280
          4900    8636075             92             85       -7       -1141               298
          4901    8533390             92             91       -1         475               259
          4902   12933005             92             83       -9       -1799               394
          4903   10264160             92             86       -6        -785               209
          4904    3124139             92             77      -15       -4190               754
          4905   13487153             92            118       26        3611               592
          4906    6119320             92             93        1         867               274
          4907    1148675             92             77      -15       -4045               560
          4908    1555163             92            108       16        2867               417
          4909    8549057             92             94        2        1054               269
          4910    1720117             92             75      -17       -5099               571
          4911    1010006             92             79      -13       -3178               320
          4912     310966             92             86       -6        -875               438
          4913    6238694             92             84       -8       -1588               468
          4914    7378638             92             78      -14       -3693               584
          4915    6335168             92             92        0         705               222
          4916   13484802             92             98        6        1691               523
          4917    2196215             92             77      -15       -4101               315
          4918    6327455             92             83       -9       -1853               442
          4919    6698044             92             96        4        1382               818
          4920   13696970             92             97        5        1533               151
          4921    6601259             92             98        6        1660               746
          4922    2567877             92             82      -10       -2074               247
          4923    9818187             92             95        3        1212               497
          4924   11829877             92             82      -10       -2132               398
          4925    3415269             92             86       -6        -863               646
          4926    7435278             92             76      -16       -4581               434
          4927   10606835             92             81      -11       -2450               387
          4928    2893869             92             87       -5        -493               425
          4929   12072367             92             85       -7       -1235               357
          4930    5255596             92             96        4        1441               359
          4931    6473075             92             78      -14       -3623               330
          4932   13477267             92             86       -6        -798               461
          4933    7744562             92             90       -2         256               551
          4934    2459950             92             78      -14       -3658               556
          4935   11902895             92             81      -11       -2414               441
          4936    6004905             92             84       -8       -1476               423
          4937    8648392             92             80      -12       -2930               718
          4938     918730             92             85       -7       -1238               498
          4939    8847931             92             84       -8       -1397               461
          4940   10589663             92             85       -7       -1195               507
          4941     661678             92             94        2        1008               518
          4942   11161326             92             87       -5        -568               311
          4943    5666184             92             97        5        1637               238
          4944    9078750             92             89       -3         136               221
          4945    4748228             92            106       14        2699               495
          4946    8467706             92             85       -7       -1185               694
          4947     593546             92             80      -12       -2911               345
          4948    2718829             92             89       -3          24               536
          4949   11734897             92             82      -10       -2194               519
          4950   10235976             92             93        1         931               202
          4951    2159522             92             87       -5        -555               604
          4952    2408977             92             97        5        1566               625
          4953    9698975             92             82      -10       -2200               296
          4954   12561736             92             84       -8       -1518               384
          4955    6018427             92            113       21        3330               366
          4956    8361651             92             90       -2         274               288
          4957    6182005             92             96        4        1394               364
          4958    9472591             92             92        0         658               517
          4959    5964316             92            105       13        2618               460
          4960     162744             92            101        9        2139               331
          4961    9413176             92             91       -1         564               383
          4962    4740125             92             90       -2         300               337
          4963    3897902             92             78      -14       -3752               373
          4964   11953071             92             78      -14       -3798               315
          4965   11820241             92             79      -13       -3330               515
          4966    3111009             92            111       19        3178               218
          4967   11409161             92             85       -7       -1223               354
          4968    2855812             92            104       12        2537               311
          4969    4596759             92             84       -8       -1489               766
          4970    4560857             92             83       -9       -1862               627
          4971    7938358             92             83       -9       -1827               536
          4972    3863464             92             80      -12       -2913               434
          4973    5305044             92             79      -13       -3364               672
          4974    7448177             92             83       -9       -1836               526
          4975    6719308             92             91       -1         466               345
          4976   12519387             92             79      -13       -3328               464
          4977    8404432             92             90       -2         281               282
          4978    7239011             92             83       -9       -1771               283
          4979   12387491             92            104       12        2568               356
          4980    7456373             92             90       -2         241               404
          4981    9651839             92             78      -14       -3630               326
          4982   10714411             92             72      -20       -6670               560
          4983     235098             92             94        2        1108               280
          4984    2112518             92             85       -7       -1178               407
          4985   12017154             92             91       -1         510               451
          4986   13067276             92             88       -4        -248               390
          4987    5923836             92             86       -6        -860               538
          4988    6657204             92             87       -5        -506               388
          4989   11118656             92             79      -13       -3237               380
          4990    3520711             92             84       -8       -1523               428
          4991    7185548             92             88       -4        -160               296
          4992    9859250             92            100        8        2035               350
          4993   12486608             92             93        1         844               265
          4994    7192127             92             87       -5        -525               530
          4995   10128674             92             88       -4        -189               492
          4996    9620424             92             83       -9       -1867               271
          4997    2529534             92             75      -17       -5160               521
          4998    7026122             92             75      -17       -5078               392
          4999    3437951             92             91       -1         482               290
          5000    7848849             92             80      -12       -2926               455
          5001    1343516             92             82      -10       -2126               385
          5002    1854161             92             90       -2         258               411
          5003     339280             92             77      -15       -4063               381
          5004   11734560             92             81      -11       -2560               443
          5005   11849329             92             86       -6        -839               234
          5006    7098412             92            102       10        2317               405
          5007    4371570             92             97        5        1569               260
          5008    8753352             92             85       -7       -1143               336
          5009   10665651             92             92        0         707               249
          5010    9536230             92            100        8        2036               541
          5011    1738830             92             96        4        1410               382
          5012   10997016             92            100        8        2034               399
          5013    4624741             92             88       -4        -161               600
          5014   12342798             92            125       33        4083               349
          5015   11674176             92             92        0         711               257
          5016    3266011             92            100        8        2044               383
          5017    5886961             92            100        8        2055               258
          5018    7032651             92             93        1         933               269
          5019   12246891             92             87       -5        -505               335
          5020    2941216             92             84       -8       -1490               379
          5021   13462450             92             82      -10       -2115               231
          5022    9671946             92             87       -5        -475               291
          5023    3340940             92             81      -11       -2538               435
          5024    7864156             92             87       -5        -512               399
          5025    8003862             92             90       -2         284               198
          5026     876675             92            114       22        3446               326
          5027    3522392             92             84       -8       -1413               351
          5028    5220708             92            101        9        2197               211
          5029   13076334             92             98        6        1765               332
          5030    1639000             92             90       -2         297               410
          5031    7173930             92             81      -11       -2541               320
          5032    7706063             92             95        3        1276               304
          5033    6595138             92             85       -7       -1155               412
          5034     995702             92             94        2        1074               244
          5035    5970016             92             79      -13       -3299               368
          5036    6740395             92            101        9        2189               303
          5037    2631077             92             87       -5        -516               285
          5038   11459237             92             83       -9       -1796               424
          5039    3548129             92             82      -10       -2185               289
          5040   12404631             92             80      -12       -2873               267
          5041    7945124             92             87       -5        -517               294
          5042    4132142             92             89       -3          39               451
          5043    6590497             92            111       19        3256               233
          5044   12643764             92             98        6        1761               351
          5045    3792303             92             99        7        1921               227
          5046    9273291             92             98        6        1766               315
          5047    9886612             92             87       -5        -435               192
          5048    9858528             92             93        1         946               290
          5049     417592             92             86       -6        -716               243
          5050    4530277             92             79      -13       -3346               300
          5051   10908833             92             89       -3          43               318
          5052   13141529             92            105       13        2678               230
          5053   10489703             92             91       -1         506               183
          5054     864383             92             86       -6        -835               217
          5055   13305494             91             85       -6        -847               476
          5056    5572653             91            103       12        2558               177
          5057    9562123             91             82       -9       -1844               549
          5058    8611030             91             78      -13       -3368               460
          5059    2499541             91             82       -9       -1837               199
          5060    8527238             91             82       -9       -1829               284
          5061    4137420             91             94        3        1271               403
          5062    1566609             91             90       -1         499               673
          5063    7426413             91            109       18        3159               430
          5064   12743247             91             81      -10       -2180               207
          5065   12643625             91             83       -8       -1516               230
          5066   11463264             91             95        4        1451               429
          5067    7837988             91             81      -10       -2176               144
          5068     423117             91             82       -9       -1831               279
          5069    1019361             91             78      -13       -3360               255
          5070   11039919             91             79      -12       -2933              1018
          5071    4359768             91            117       26        3748               213
          5072    6187465             91             78      -13       -3367               587
          5073    8749770             91            100        9        2211               478
          5074   13531009             91             83       -8       -1522               544
          5075    5863978             91             76      -15       -4249               502
          5076    1209064             91             76      -15       -4221               457
          5077   11543580             91             85       -6        -844               317
          5078    1952433             91             83       -8       -1513               315
          5079    3999148             91             99        8        2046               758
          5080     505826             91             83       -8       -1534               233
          5081    3956863             91             97        6        1778               318
          5082    3222319             91             83       -8       -1536              1437
          5083   10885368             91            100        9        2219               257
          5084    4724661             91             74      -17       -5254              1276
          5085    6381337             91             85       -6        -885               537
          5086    5772715             91             79      -12       -2960               283
          5087    2644630             91             91        0         739               223
          5088   12329839             91             83       -8       -1544               295
          5089   10070233             91             81      -10       -2183               384
          5090    6804601             91             89       -2         267               401
          5091    7294370             91             90       -1         459               590
          5092    3696546             91             87       -4        -256               799
          5093    3277539             91             81      -10       -2208               628
          5094     495632             91             84       -7       -1191               381
          5095    2228889             91             75      -16       -4734               565
          5096    3431506             91             80      -11       -2572               810
          5097    1031113             91             82       -9       -1890               688
          5098    7196761             91             87       -4        -298               269
          5099    2472215             91             79      -12       -3018               429
          5100    8202323             91             76      -15       -4321               754
          5101    4961675             91             83       -8       -1551               432
          5102    1029813             91             79      -12       -3000               372
          5103    6908683             91             87       -4        -196               614
          5104    8371244             91             86       -5        -543               613
          5105   10886677             91             84       -7       -1190               635
          5106    4216730             91             87       -4        -225               341
          5107    7874967             91            101       10        2341               415
          5108    6325866             91             98        7        1872               388
          5109    6299013             91             95        4        1485               255
          5110    9410540             91             89       -2         284               580
          5111    4971172             91             76      -15       -4294               431
          5112    1333107             91             71      -20       -7026               972
          5113    1227516             91             97        6        1756               308
          5114    7603465             91             83       -8       -1540               427
          5115   13092749             91             77      -14       -3811               553
          5116   12344367             91             98        7        1923               651
          5117    1844749             91             86       -5        -556               434
          5118    2161374             91             85       -6        -820               259
          5119     400178             91             76      -15       -4239               527
          5120    4358679             91             78      -13       -3422               643
          5121    4559513             91             79      -12       -2983              1379
          5122    6507534             91             83       -8       -1541               259
          5123     580931             91             86       -5        -518              1350
          5124    7678345             91             79      -12       -2944               294
          5125    7297482             91             78      -13       -3427               773
          5126    4813023             91             80      -11       -2572               775
          5127    5133857             91             87       -4        -253               674
          5128    6238270             91             91        0         703               215
          5129    7710476             91             72      -19       -6403               986
          5130    7907791             91             82       -9       -1851               350
          5131     947613             91             94        3        1283               758
          5132    2475737             91             80      -11       -2603               408
          5133    8344242             91             81      -10       -2144               198
          5134    3959105             91             86       -5        -574               885
          5135    6111564             91             93        2        1130               320
          5136    6175419             91             77      -14       -3812               688
          5137   10336963             91             86       -5        -508               439
          5138   12245780             91             86       -5        -552               671
          5139    8560612             91             81      -10       -2189               707
          5140    6938300             91             83       -8       -1531               320
          5141     400040             91             91        0         765               314
          5142    7368197             91             83       -8       -1487               271
          5143    9666362             91             82       -9       -1917               540
          5144   10182026             91             87       -4        -165               235
          5145    6564888             91             79      -12       -3034               886
          5146    4237908             91             86       -5        -572               577
          5147    6694506             91             84       -7       -1204               221
          5148    8564796             91             86       -5        -523               916
          5149    1681024             91             73      -18       -5926               624
          5150    8807633             91             84       -7       -1270               614
          5151   12006455             91             97        6        1816               579
          5152    6653900             91             92        1         916               482
          5153    2724720             91             79      -12       -3028               499
          5154    7887163             91            119       28        3926               391
          5155    3132641             91             99        8        2074               683
          5156    4928344             91             83       -8       -1582               455
          5157   13603081             91             86       -5        -596               751
          5158    4291232             91             89       -2         229               527
          5159    8161823             91             91        0         786               204
          5160    6896570             91             80      -11       -2578               584
          5161   10479895             91             77      -14       -3818               883
          5162    9969736             91             89       -2         317               744
          5163    8282315             91             93        2        1118               245
          5164   11855208             91             96        5        1616               764
          5165    4272635             91             80      -11       -2621               585
          5166   11140737             91             89       -2         280               530
          5167   12942263             91             84       -7       -1187               274
          5168    8102571             91             80      -11       -2588               617
          5169    4245987             91             97        6        1792               465
          5170   11033775             91             83       -8       -1585               588
          5171    2561506             91             78      -13       -3428               655
          5172    1006573             91             78      -13       -3499               305
          5173   10791164             91             85       -6        -932               387
          5174    1057007             91             98        7        1955               280
          5175    6519059             91             99        8        2116               877
          5176    8271850             91            106       15        2983               246
          5177    1736111             91             84       -7       -1294               659
          5178   10667019             91             83       -8       -1649               395
          5179   13133226             91             85       -6        -905               514
          5180    9428342             91             81      -10       -2203               635
          5181   11450139             91             84       -7       -1119               248
          5182    4627593             91             84       -7       -1271               605
          5183    7745608             91             74      -17       -5315               583
          5184    4714523             91             81      -10       -2319               491
          5185    9450796             91             94        3        1345               384
          5186    2431551             91             96        5        1628               290
          5187    1982434             91             74      -17       -5384               729
          5188    8306727             91             87       -4        -260               522
          5189   11910121             91             81      -10       -2239               256
          5190    3544003             91             78      -13       -3408               515
          5191   10628628             91             83       -8       -1578               274
          5192    6389218             91             86       -5        -571               485
          5193    3819709             91             86       -5        -565               417
          5194   13425051             91             81      -10       -2267               455
          5195    8226583             91             83       -8       -1540               356
          5196   11252979             91             83       -8       -1516               637
          5197   12361193             91             84       -7       -1250               503
          5198   10182595             91             94        3        1332               379
          5199   13389735             91             91        0         768               218
          5200    4302872             91             89       -2         269               235
          5201    5216474             91             80      -11       -2569               419
          5202    2246692             91             84       -7       -1207               607
          5203    9003134             91             99        8        2101               577
          5204    6856154             91             78      -13       -3483               374
          5205   10146812             91             77      -14       -3763               397
          5206     695681             91             72      -19       -6471               870
          5207   12450986             91            110       19        3331               357
          5208    1858974             91             91        0         725               430
          5209     911521             91             89       -2         315               824
          5210   13086218             91             85       -6        -890               426
          5211    4740994             91             79      -12       -2956               195
          5212    5247765             91             83       -8       -1599               350
          5213   10998474             91             90       -1         585               248
          5214   12552334             91             76      -15       -4311               616
          5215    5135969             91             81      -10       -2144               417
          5216    1120981             91            121       30        4102               289
          5217    4784716             91             89       -2         328               320
          5218    8912898             91             84       -7       -1267               497
          5219    8703445             91             80      -11       -2632               545
          5220   13325042             91            124       33        4219               461
          5221    9531957             91             94        3        1290               665
          5222   11974389             91             90       -1         517               350
          5223    7605402             91             89       -2         257               562
          5224   10709535             91             78      -13       -3426               854
          5225    4086858             91             80      -11       -2542               449
          5226   12708742             91             97        6        1831               466
          5227    1907037             91             88       -3          87               678
          5228    5988565             91             78      -13       -3380               479
          5229    1382141             91             98        7        2019               607
          5230    7521755             91             79      -12       -3064               614
          5231    7820644             91             81      -10       -2231               599
          5232   12740883             91             77      -14       -3800               376
          5233   10219563             91             81      -10       -2294               505
          5234   12080434             91             91        0         710               595
          5235    4768650             91             92        1         957               487
          5236    1812689             91             94        3        1293               404
          5237   10082095             91             79      -12       -3005               622
          5238    3408852             91            108       17        3177               334
          5239   13560774             91             86       -5        -569               561
          5240    4072480             91             94        3        1325               505
          5241   11785525             91             79      -12       -3073               352
          5242    9826164             91             93        2        1193               346
          5243    8573385             91             99        8        2142               486
          5244   11839470             91            127       36        4365               625
          5245     879738             91             76      -15       -4302               525
          5246     489899             91             96        5        1689               365
          5247     995762             91             76      -15       -4338               453
          5248   12736562             91             90       -1         547               424
          5249   12210950             91             85       -6        -934               421
          5250    1663437             91             84       -7       -1187               372
          5251   12264481             91             82       -9       -1764               266
          5252    7184109             91             81      -10       -2296               375
          5253    4025604             91             88       -3          36               320
          5254    3971990             91             84       -7       -1189               338
          5255   12699440             91             86       -5        -515               384
          5256    3139651             91             81      -10       -2224               341
          5257   11645525             91             96        5        1714               243
          5258   12391447             91             81      -10       -2228               461
          5259     476420             91             95        4        1514               346
          5260   12813071             91             97        6        1819               607
          5261     203828             91             96        5        1706               320
          5262     651109             91             82       -9       -1860               202
          5263   12887023             91            103       12        2679               318
          5264   11099977             91             83       -8       -1513               260
          5265    1596865             91             83       -8       -1557               641
          5266    4316317             91             74      -17       -5292               256
          5267   11398535             91             83       -8       -1522               226
          5268    3031362             91             85       -6        -897               372
          5269    9179236             91             89       -2         267               464
          5270    5194814             91             91        0         784               259
          5271   12564444             91             78      -13       -3441               402
          5272    7335346             91             87       -4        -243               343
          5273    6066345             91            113       22        3621               349
          5274   13441313             91             82       -9       -1890               587
          5275   11243963             91             78      -13       -3512               511
          5276    2478087             91             89       -2         356               376
          5277    2722706             91             92        1         953               347
          5278    5752828             91             81      -10       -2171               399
          5279   11622726             91             75      -16       -4767               574
          5280     999047             91             77      -14       -3843               414
          5281    2413371             91             89       -2         448               245
          5282    9918716             91             77      -14       -3876               324
          5283    3126177             91             82       -9       -1923               370
          5284    6873222             91             97        6        1905               244
          5285     844697             91             82       -9       -1888               369
          5286    4682877             91             93        2        1183               265
          5287    5046328             91             89       -2         416               265
          5288    1606723             91             89       -2         307               274
          5289    7469390             91             88       -3         114               379
          5290    7764670             91             93        2        1249               241
          5291   10893923             91             81      -10       -2196               282
          5292   11662832             91             90       -1         540               334
          5293    2126666             91             85       -6        -860               356
          5294    3645451             91             85       -6        -869               375
          5295    2002351             91             87       -4        -174               412
          5296    2029773             91             81      -10       -2237               330
          5297    1467714             91             93        2        1201               291
          5298    5382013             91             84       -7       -1129               257
          5299    1834969             91            103       12        2697               397
          5300    8839653             91             72      -19       -6536               525
          5301    6192530             91             80      -11       -2563               479
          5302    1527414             91             96        5        1715               426
          5303    1105720             91             76      -15       -4353               303
          5304    1807344             91             80      -11       -2662               514
          5305   11837088             91             85       -6        -875               210
          5306   12217889             91             83       -8       -1456               370
          5307    6829111             91            124       33        4325               273
          5308    8426626             91            103       12        2700               375
          5309   12775515             91            103       12        2711               416
          5310    1815928             91             94        3        1409               349
          5311   11995039             91             95        4        1533               483
          5312    1164868             91            106       15        3046               479
          5313    3253540             91            104       13        2836               306
          5314   12384462             91             82       -9       -1877               323
          5315   11968809             91             78      -13       -3516               409
          5316    8509495             91             80      -11       -2603               296
          5317    8378398             91             95        4        1549               440
          5318    1269344             91             77      -14       -3810               476
          5319    7432700             91             81      -10       -2256               468
          5320    5948257             91             82       -9       -1874               308
          5321    1707796             91             80      -11       -2619               454
          5322    4504350             91             78      -13       -3447               333
          5323    6250931             91             94        3        1441               181
          5324    2285586             91             84       -7       -1215               311
          5325    3680928             91             95        4        1543               369
          5326   11840220             91            103       12        2721               342
          5327   10809993             91             82       -9       -1873               276
          5328    1133020             91             96        5        1754               503
          5329   13168347             91             81      -10       -2267               329
          5330   12947715             91             95        4        1568               306
          5331    4029901             91             78      -13       -3450               212
          5332    4290886             91             85       -6        -808               493
          5333    8815340             91             89       -2         327               341
          5334    2626653             91             91        0         791               280
          5335   10970268             91             81      -10       -2258               339
          5336   10788616             90             81       -9       -1905               207
          5337    9978372             90             81       -9       -1913               865
          5338    4974239             90             81       -9       -1901               173
          5339    1914768             90             97        7        2051               300
          5340    6766097             90             85       -5        -554               480
          5341   13256508             90             83       -7       -1229               402
          5342    5468166             90             84       -6        -911               548
          5343    1512284             90             83       -7       -1231               176
          5344    3811694             90             79      -11       -2665               833
          5345    8966657             90             85       -5        -550               190
          5346    9960449             90             87       -3          78               240
          5347    3384632             90             82       -8       -1569               675
          5348   11164272             90             78      -12       -3075               448
          5349   11910902             90             88       -2         315               274
          5350    5583348             90             97        7        2055               298
          5351   11836887             90             90        0         797               371
          5352    9753651             90             90        0         796               244
          5353    6206052             90             98        8        2213               266
          5354    8132002             90             83       -7       -1235               301
          5355    8596877             90             74      -16       -4931               308
          5356   10358464             90             73      -17       -5536              1827
          5357   11292621             90             97        7        2057               401
          5358    4242954             90             93        3        1384               269
          5359   12880536             90             89       -1         583               300
          5360    8373324             90             82       -8       -1579               460
          5361    3197039             90             76      -14       -3932               454
          5362    6556162             90             75      -15       -4413               242
          5363   13601476             90             84       -6        -891               337
          5364    3394168             90             91        1         953               427
          5365   13160643             90             82       -8       -1567               456
          5366    9399062             90             79      -11       -2642               398
          5367    4768793             90             94        4        1572               515
          5368   11186989             90             83       -7       -1240               313
          5369    1928112             90             95        5        1748               194
          5370    8267479             90             77      -13       -3518              1260
          5371    7409249             90             79      -11       -2650               157
          5372    2044589             90             99        9        2376               259
          5373    4158161             90             72      -18       -6089               482
          5374    6707561             90             79      -11       -2643               490
          5375   11729322             90             97        7        2060               441
          5376   13102178             90             83       -7       -1294               625
          5377    4362722             90             88       -2         301               362
          5378   11926867             90             88       -2         338               213
          5379    4253316             90             83       -7       -1266               391
          5380    7206636             90             90        0         785               442
          5381    5245577             90             82       -8       -1550               226
          5382    6095576             90             79      -11       -2726               517
          5383    3279670             90             83       -7       -1317               411
          5384   12516747             90             82       -8       -1526               246
          5385    2567470             90             84       -6       -1001               398
          5386    6730267             90             82       -8       -1536               375
          5387    4729997             90             78      -12       -3149              1062
          5388   13109330             90             79      -11       -2698               591
          5389   13600023             90             88       -2         290               466
          5390   12206531             90             74      -16       -4997               571
          5391    1057795             90             79      -11       -2638               390
          5392    1535878             90             84       -6        -976               195
          5393    5480559             90             76      -14       -4027              1054
          5394    7518699             90             75      -15       -4453               440
          5395    1454094             90            100       10        2497               427
          5396    2078454             90             99        9        2333               289
          5397    5371152             90             83       -7       -1283               601
          5398    1173971             90             75      -15       -4496              1375
          5399    7631336             90             83       -7       -1244               332
          5400    6909951             90             84       -6        -909               322
          5401   13455884             90             76      -14       -3944               425
          5402    1351247             90             88       -2         266               216
          5403   12308609             90             82       -8       -1540               262
          5404     264053             90             94        4        1526               562
          5405    5275210             90             76      -14       -3928               827
          5406   11151577             90             80      -10       -2342               356
          5407   13669060             90             84       -6        -892               308
          5408   10249553             90             85       -5        -552               323
          5409   12184349             90             78      -12       -3088               355
          5410    8834497             90             74      -16       -5019               422
          5411    8706278             90             81       -9       -1876               388
          5412    2045404             90             74      -16       -4966               530
          5413   12232093             90             77      -13       -3510               562
          5414    1261394             90             89       -1         645               286
          5415    6629709             90             89       -1         590               322
          5416    7100489             90             81       -9       -1917               336
          5417    3335893             90             75      -15       -4500               472
          5418    9179730             90             88       -2         307               312
          5419    2182637             90             84       -6        -962               437
          5420     630926             90             76      -14       -3969               425
          5421    8158212             90             76      -14       -4054               528
          5422   13507092             90             88       -2         391               186
          5423    3326610             90             79      -11       -2738               445
          5424    6320570             90             87       -3          54               707
          5425     667869             90             83       -7       -1295               432
          5426    1173079             90             78      -12       -3146               331
          5427    3364626             90             84       -6        -906               541
          5428    5997385             90             76      -14       -3954               488
          5429    3952826             90             90        0         839               238
          5430   12752711             90             85       -5        -533               316
          5431    8921253             90             82       -8       -1622               612
          5432    5600024             90             86       -4        -182               311
          5433   13443404             90             95        5        1782               310
          5434    4219981             90             85       -5        -584               518
          5435    4001155             90             74      -16       -5000               259
          5436    3950968             90             79      -11       -2701               202
          5437    7935175             90             78      -12       -3074               257
          5438   10426312             90             77      -13       -3546               656
          5439   11204696             90             80      -10       -2275               334
          5440    2312235             90             90        0         811               573
          5441    6303286             90             80      -10       -2363               778
          5442   10741727             90             77      -13       -3610               269
          5443    2348710             90             88       -2         343               416
          5444    7692145             90             82       -8       -1601               394
          5445    7554069             90             97        7        2093               511
          5446   10852339             90            106       16        3249               502
          5447    3916129             90             80      -10       -2329               779
          5448   11934713             90             78      -12       -3084               550
          5449    1536746             90             87       -3         -23               300
          5450    4705244             90             97        7        2051               347
          5451    2573552             90             75      -15       -4456               395
          5452    7172721             90             85       -5        -564               339
          5453    8097425             90             86       -4        -127               297
          5454    4481723             90             78      -12       -3079               527
          5455    9791373             90             85       -5        -651               690
          5456    1865242             90             77      -13       -3478               383
          5457    4523975             90             88       -2         419               164
          5458    4216924             90             85       -5        -563               851
          5459   12618294             90             82       -8       -1565               312
          5460    6262724             90             86       -4        -198               417
          5461    6067745             90             92        2        1261               278
          5462   12802658             90             78      -12       -3089               831
          5463    2846967             90            119       29        4233               260
          5464    5260004             90             83       -7       -1238               503
          5465    1447212             90             98        8        2290               298
          5466    1977519             90             74      -16       -4976               821
          5467   10983311             90             85       -5        -620               483
          5468    8662166             90             84       -6        -917               655
          5469    1897057             90             73      -17       -5575               894
          5470    7270230             90             86       -4        -167               193
          5471   12609264             90             83       -7       -1205               369
          5472   11568430             90             87       -3         113               611
          5473    1688364             90             84       -6        -989               740
          5474    1912900             90             88       -2         292               377
          5475    7876180             90             84       -6        -976               827
          5476    9276031             90             93        3        1417               361
          5477   11955662             90             80      -10       -2298               480
          5478    7090702             90             89       -1         693               399
          5479   11551165             90             80      -10       -2284               453
          5480    4642251             90             90        0         783               588
          5481    3870707             90             90        0         777               557
          5482    7037355             90            105       15        3189               259
          5483    7919918             90             74      -16       -4955              1076
          5484    5292039             90             72      -18       -6164               851
          5485    3786566             90             77      -13       -3579               603
          5486    9550011             90             80      -10       -2312               646
          5487    8808879             90             82       -8       -1561              1078
          5488   10600895             90             82       -8       -1662               719
          5489   10175753             90             82       -8       -1519               263
          5490   12134579             90             82       -8       -1639               327
          5491     136353             90             83       -7       -1215               719
          5492    2180284             90             74      -16       -5095               554
          5493   11083429             90             80      -10       -2201               428
          5494    9274695             90             80      -10       -2245               376
          5495    4305710             90             86       -4        -321               507
          5496    9454321             90             75      -15       -4408               575
          5497   11136649             90             89       -1         559               338
          5498    8006639             90             84       -6        -880               254
          5499    4821622             90             78      -12       -3139               377
          5500    1977642             90             80      -10       -2250               582
          5501     959416             90             99        9        2450               286
          5502    7340700             90             84       -6        -905               292
          5503     932583             90             90        0         855               365
          5504    8316355             90             86       -4        -246               212
          5505    8191194             90             80      -10       -2284               423
          5506   13180645             90             81       -9       -1936               522
          5507    3249438             90            101       11        2694               419
          5508    2839313             90             73      -17       -5639               555
          5509    1984600             90             98        8        2300               606
          5510   11758226             90             81       -9       -1845               417
          5511   10931965             90             87       -3         121               301
          5512    9411219             90             91        1        1068               469
          5513    9716206             90             82       -8       -1579               360
          5514    5219125             90             83       -7       -1184               342
          5515    9644861             90             71      -19       -6836               341
          5516    3725560             90             88       -2         339               517
          5517    3605140             90             73      -17       -5582               370
          5518    1285212             90             81       -9       -2019               334
          5519    8830368             90             81       -9       -2023               565
          5520    8224547             90             76      -14       -4064               529
          5521    5283050             90             83       -7       -1260               570
          5522   12213406             90             77      -13       -3525               461
          5523    9534587             90             87       -3          68               308
          5524    7837446             90             86       -4        -245               559
          5525   10370665             90             98        8        2379               201
          5526   10920196             90             84       -6        -870               401
          5527    5538515             90             90        0         842               606
          5528   12553027             90             79      -11       -2730               294
          5529    7599735             90             81       -9       -1965               673
          5530    2423395             90            117       27        4181               487
          5531   12750725             90             80      -10       -2280               556
          5532    8206909             90             81       -9       -1782               301
          5533   10010345             90             88       -2         377               395
          5534    2196440             90            109       19        3571               447
          5535   11224361             90             80      -10       -2330               434
          5536    6674774             90             83       -7       -1136               247
          5537   11768426             90            101       11        2722               371
          5538    1759300             90             81       -9       -1985               341
          5539   12513343             90             80      -10       -2309               366
          5540    6997973             90             75      -15       -4571               478
          5541    7133943             90             73      -17       -5587               619
          5542   11024325             90             89       -1         592               701
          5543    1115626             90             86       -4        -223               438
          5544    2811253             90             86       -4        -247               322
          5545   11758542             90             78      -12       -3124               588
          5546    7488644             90             80      -10       -2311               402
          5547    5428047             90             95        5        1880               447
          5548   13262332             90             77      -13       -3596               450
          5549     609710             90             86       -4        -272               661
          5550    9476911             90             84       -6        -954               482
          5551    9109703             90             75      -15       -4472               635
          5552    9222411             90             88       -2         353               391
          5553    1124888             90             87       -3         101               539
          5554   12572616             90             85       -5        -531               206
          5555    1943578             90             93        3        1441               377
          5556    7094716             90            104       14        3077               329
          5557   11082866             90             82       -8       -1525               363
          5558    3265541             90             88       -2         348               539
          5559    2801757             90             78      -12       -3105               505
          5560      64942             90             83       -7       -1248               557
          5561    7099084             90             95        5        1846               365
          5562     354786             90             78      -12       -3182               334
          5563    1263766             90             79      -11       -2671               447
          5564   11387067             90             97        7        2141               515
          5565    9428485             90             83       -7       -1291               485
          5566    1727861             90             86       -4         -68               213
          5567    7047910             90            101       11        2817               173
          5568    1054204             90            114       24        4041               173
          5569    1812473             90             82       -8       -1577               516
          5570   10953793             90            114       24        3997               329
          5571      71202             90             78      -12       -3142               632
          5572     399323             90             84       -6        -925               336
          5573   12976556             90             88       -2         423               492
          5574   11701392             90             83       -7       -1240               654
          5575   13512297             90             84       -6        -880               325
          5576    9032701             90             78      -12       -3190               521
          5577    2630781             90            110       20        3712               240
          5578    5080490             90             80      -10       -2345               455
          5579    5916728             90            101       11        2741               227
          5580   12773214             90             72      -18       -6141               645
          5581    6694802             90             90        0         839               327
          5582    2678729             90             80      -10       -2325               558
          5583    4437474             90             91        1        1087               317
          5584   11085192             90             85       -5        -486               371
          5585    3063783             90             84       -6        -782               555
          5586   10478650             90             81       -9       -1933               557
          5587    1244048             90             89       -1         597               431
          5588    2093223             90             73      -17       -5726               486
          5589    3156051             90             93        3        1449               395
          5590    7338617             90             92        2        1396               274
          5591    8461122             90             87       -3         131               293
          5592    8622208             90             76      -14       -3959               265
          5593   13720866             90             87       -3          98               317
          5594   11400970             90            105       15        3222               492
          5595   13519490             90             79      -11       -2724               331
          5596    2856420             90             79      -11       -2769               368
          5597   10411197             90             89       -1         728               223
          5598    6222637             90             81       -9       -1941               261
          5599   10935436             90             79      -11       -2746               409
          5600   12709537             90             86       -4        -232               297
          5601    5986116             90             94        4        1665               302
          5602     980512             90             78      -12       -3139               463
          5603   12556169             90             93        3        1481               497
          5604   11498077             90             87       -3         129               339
          5605    3659430             90             78      -12       -3172               228
          5606    8010255             90             81       -9       -1828               329
          5607   11794564             90             73      -17       -5640               343
          5608    8987565             90             86       -4        -205               290
          5609   12843330             90             79      -11       -2641               258
          5610    6883641             90             96        6        2111               303
          5611    4796128             90             80      -10       -2319               404
          5612   11526283             90             96        6        2013               336
          5613    6239644             90             90        0         900               231
          5614    1025277             90             81       -9       -1900               295
          5615     983262             90             84       -6        -942               431
          5616    6970658             90             98        8        2334               371
          5617    6226349             90             79      -11       -2731               228
          5618    4440400             90             85       -5        -600               296
          5619   11698938             90            101       11        2777               322
          5620    4174858             90             95        5        1923               294
          5621    1923623             90             84       -6        -909               345
          5622      35246             90             78      -12       -3199               350
          5623    9118565             90             89       -1         625               498
          5624    3583027             90             97        7        2195               209
          5625   13476167             90             88       -2         373               353
          5626   12936583             90             86       -4        -232               340
          5627    7760116             90             92        2        1287               259
          5628   11183415             90             81       -9       -1969               308
          5629     756537             90             80      -10       -2335               369
          5630    1570242             90             82       -8       -1571               232
          5631   13636500             90            101       11        2783               300
          5632    5111279             90             99        9        2522               334
          5633   13244742             90             78      -12       -3160               291
          5634    7216687             90             80      -10       -2341               254
          5635    4512783             90             80      -10       -2339               305
          5636   11719823             90             82       -8       -1583               221
          5637     246506             90             91        1        1109               297
          5638   10442627             90             90        0         882               333
          5639    8390738             90             85       -5        -588               225
          5640    4094986             90             80      -10       -2336               236
          5641    7472046             89             91        2        1297               279
          5642    3505361             89             77      -12       -3202               211
          5643    2890096             89            100       11        2788               176
          5644    7175226             89            104       15        3266               348
          5645   11966106             89             85       -4        -252               750
          5646    3867654             89             76      -13       -3634               683
          5647    1842626             89             82       -7       -1259               469
          5648    9366943             89             72      -17       -5797               661
          5649    8673157             89             89        0         868               812
          5650    6106171             89             93        4        1684               203
          5651   13220064             89            116       27        4257               509
          5652    8834299             89             88       -1         607               383
          5653    3279147             89             82       -7       -1232               249
          5654    1007782             89             80       -9       -1979               225
          5655    3726446             89             83       -6        -928               383
          5656     257540             89             77      -12       -3211               796
          5657    6636618             89             80       -9       -1954               221
          5658   11847093             89             79      -10       -2355               315
          5659   11655023             89             79      -10       -2359               520
          5660   11719393             89             80       -9       -1978               683
          5661    8878646             89             83       -6        -923               319
          5662    6788589             89             81       -8       -1619               610
          5663    5121915             89             87       -2         387               234
          5664    6463688             89             86       -3          88               130
          5665    1903773             89             87       -2         381               683
          5666    8641722             89             68      -21       -8500               544
          5667    7472397             89             79      -10       -2374              2297
          5668     689350             89             72      -17       -5772               492
          5669   10551773             89             91        2        1294               201
          5670    1658105             89             82       -7       -1254               278
          5671    4015602             89             86       -3          60               302
          5672    9201812             89             73      -16       -5242               688
          5673    9252096             89             82       -7       -1238               530
          5674   11193093             89             90        1        1095               565
          5675    8336623             89             76      -13       -3660              1121
          5676    8700699             89             81       -8       -1629               467
          5677    9533340             89             76      -13       -3653               523
          5678    9481750             89             97        8        2371               470
          5679   13144213             89             99       10        2682               289
          5680     911355             89             85       -4        -272               252
          5681    5273928             89             80       -9       -2001               595
          5682    5989561             89             97        8        2389               229
          5683   10416646             89             72      -17       -5792               391
          5684    3840708             89             94        5        1863               464
          5685    8434181             89             87       -2         422               149
          5686    1716904             89             89        0         893               322
          5687    6626759             89             85       -4        -274               930
          5688   12575236             89             87       -2         347               348
          5689    2575996             89             89        0         848               328
          5690     403779             89             85       -4        -230               240
          5691   12106343             89             83       -6        -936               521
          5692    7777744             89             99       10        2692               259
          5693    9858340             89             81       -8       -1578               258
          5694    9063527             89             79      -10       -2406               467
          5695    8925160             89             85       -4        -209               279
          5696    8087126             89            112       23        4022               308
          5697    8947792             89             84       -5        -637               390
          5698    6566359             89             80       -9       -1982               225
          5699    5362807             89             89        0         867               408
          5700    6506212             89             86       -3          88               216
          5701    4990886             89             82       -7       -1235               197
          5702    9601772             89             82       -7       -1253               426
          5703   10858322             89             80       -9       -1912               360
          5704    5795324             89             82       -7       -1244               313
          5705    6385268             89             85       -4        -210               410
          5706    5720578             89             74      -15       -4682               406
          5707    1394231             89             83       -6        -957               483
          5708   10408075             89             94        5        1881               397
          5709    5122225             89             92        3        1489               316
          5710   10106465             89             86       -3         118               169
          5711    3908402             89             79      -10       -2417               769
          5712    5287191             89             80       -9       -2012               370
          5713   11855111             89             73      -16       -5255               616
          5714    9844902             89             78      -11       -2826               476
          5715   10681250             89             73      -16       -5192               284
          5716    2259600             89            112       23        4021               459
          5717    9110619             89             99       10        2691               277
          5718    9285558             89             90        1        1121               216
          5719   12830239             89             78      -11       -2761               282
          5720    2926201             89             76      -13       -3641               709
          5721     325699             89             78      -11       -2752               245
          5722   13121177             89             82       -7       -1295               436
          5723    3164970             89             79      -10       -2362               811
          5724    1691960             89             87       -2         330               826
          5725   12997874             89             83       -6        -941               471
          5726     545851             89             93        4        1698               376
          5727   12399878             89             82       -7       -1300               650
          5728   12581496             89             83       -6        -916               256
          5729    1257143             89             79      -10       -2325               670
          5730    2984984             89             84       -5        -605               638
          5731    5423230             89             89        0         934               304
          5732   12279012             89             83       -6        -906               600
          5733    1412559             89            100       11        2851               310
          5734    4367381             89             79      -10       -2296               276
          5735    2357166             89             81       -8       -1555               481
          5736   12755264             89             79      -10       -2374               345
          5737    5591012             89             78      -11       -2757               328
          5738    4491750             89             75      -14       -4196              1049
          5739     535368             89             92        3        1564               207
          5740    8336402             89             92        3        1549               196
          5741     255906             89             83       -6        -984               772
          5742    2641638             89             82       -7       -1204               268
          5743   11367136             89             80       -9       -2041               670
          5744   12128187             89             87       -2         390               408
          5745    2259253             89             78      -11       -2814               370
          5746    9397382             89             81       -8       -1627               317
          5747    3349724             89             76      -13       -3694               637
          5748   10994143             89             80       -9       -1960               302
          5749   10225304             89             75      -14       -4187               732
          5750    8166052             89             76      -13       -3656               932
          5751    1045815             89             82       -7       -1246               325
          5752    7055418             89             82       -7       -1238               466
          5753    5396367             89             81       -8       -1594               580
          5754    9786380             89             84       -5        -625               494
          5755   12001057             89             86       -3         158               313
          5756    3939066             89             83       -6        -900               495
          5757    2415828             89             85       -4        -392               574
          5758   12821503             89            101       12        2986               380
          5759   11827212             89             82       -7       -1236               341
          5760    3912248             89             91        2        1304               629
          5761   10331033             89             92        3        1507               408
          5762   11369446             89             75      -14       -4119               574
          5763    2304057             89             96        7        2278               192
          5764    1293064             89             80       -9       -1915               359
          5765    3866377             89             88       -1         626               598
          5766    8688533             89             81       -8       -1523               284
          5767    2217196             89             78      -11       -2802               297
          5768    6986671             89             83       -6        -883               573
          5769    4232430             89             80       -9       -1963               491
          5770     468563             89             80       -9       -1851               473
          5771    6198506             89             81       -8       -1587               375
          5772    8727832             89             76      -13       -3647               451
          5773    7196145             89            128       39        4938               757
          5774   12486284             89             98        9        2608               355
          5775    1518442             89             75      -14       -4060               320
          5776    5847751             89            101       12        2981               921
          5777     467678             89             77      -12       -3323               377
          5778     685117             89             71      -18       -6416               907
          5779    6206012             89             80       -9       -2026               551
          5780    7500172             89             73      -16       -5237               775
          5781   12084631             89             79      -10       -2399               493
          5782   13044372             89             77      -12       -3215               661
          5783    7407173             89             85       -4        -296               668
          5784    5041670             89             87       -2         431               271
          5785    5529243             89             78      -11       -2842               654
          5786   12771297             89             78      -11       -2800               629
          5787    4377057             89             81       -8       -1557               463
          5788   10629074             89             74      -15       -4730               734
          5789    9634437             89             75      -14       -4164               451
          5790    4207650             89             84       -5        -632               209
          5791    6351463             89             85       -4        -283               466
          5792    5506379             89             79      -10       -2368               569
          5793    7690455             89             78      -11       -2873               505
          5794   12092642             89             89        0         915               348
          5795    4228727             89             81       -8       -1597               475
          5796    9465833             89             81       -8       -1620               238
          5797    9527975             89             82       -7       -1291               201
          5798    4915627             89             93        4        1725               468
          5799    9016748             89             81       -8       -1614               277
          5800    2479142             89             82       -7       -1255               313
          5801    3771913             89             87       -2         359               614
          5802    4971499             89             81       -8       -1624               458
          5803    3222457             89             78      -11       -2763               769
          5804   13651471             89             88       -1         673               433
          5805    7465873             89             86       -3         126               333
          5806   12930762             89             86       -3         175               400
          5807   12579462             89             73      -16       -5249               453
          5808    5059429             89             92        3        1521               378
          5809    3750196             89             82       -7       -1271               592
          5810    7332977             89             81       -8       -1590               360
          5811    1087050             89             96        7        2225               498
          5812    2813940             89            108       19        3773               394
          5813    9393230             89             85       -4        -146               174
          5814    7884052             89             79      -10       -2361               572
          5815    7012073             89             85       -4        -200               254
          5816    3002141             89             94        5        1904               432
          5817    8914865             89             80       -9       -2019               428
          5818   13116429             89             87       -2         362               421
          5819    7371091             89             78      -11       -2851               502
          5820   10282686             89             87       -2         425               359
          5821     174860             89             76      -13       -3626               428
          5822    5898582             89             80       -9       -1951               502
          5823   11855385             89             85       -4        -209               273
          5824    2409977             89             83       -6        -873               314
          5825   13406355             89             83       -6        -939               435
          5826   10450203             89             91        2        1292               367
          5827    5205292             89             79      -10       -2328               281
          5828    3648422             89             82       -7       -1323               338
          5829   10932199             89             70      -19       -7163               784
          5830    8889963             89             83       -6        -906               294
          5831    9989644             89             89        0         922               318
          5832    4906593             89             86       -3          35               463
          5833    8643662             89             71      -18       -6552               818
          5834    5143490             89             88       -1         705               309
          5835    9634837             89             80       -9       -2025               390
          5836    6375102             89             79      -10       -2466               421
          5837    3241372             89             81       -8       -1656               542
          5838    2472134             89             76      -13       -3718               483
          5839   10541022             89             78      -11       -2741               570
          5840    1842880             89             74      -15       -4725               484
          5841     745524             89             78      -11       -2824               277
          5842    4603716             89            101       12        3043               349
          5843   11048213             89             89        0         875               476
          5844    8792965             89             94        5        1971               389
          5845      89198             89            122       33        4768               387
          5846    3847535             89             82       -7       -1215               432
          5847    2903251             89             77      -12       -3169               229
          5848    1778985             89             81       -8       -1683               404
          5849     561802             89             75      -14       -4207               686
          5850    5865791             89             79      -10       -2466               508
          5851    9320519             89             80       -9       -1852               267
          5852    7882337             89             96        7        2293               386
          5853    1937403             89             85       -4        -181               260
          5854    5173412             89             93        4        1756               342
          5855   11819815             89             89        0         885               470
          5856    2218837             89             82       -7       -1321               446
          5857    9808400             89             82       -7       -1291               184
          5858    5182137             89             82       -7       -1275               396
          5859    2014712             89             79      -10       -2359               214
          5860    8508200             89             88       -1         646               460
          5861    3613403             89             85       -4        -227               352
          5862    1589058             89             95        6        2112               379
          5863    1041518             89             79      -10       -2444               485
          5864    1223491             89             79      -10       -2465               441
          5865    1034181             89             90        1        1115               486
          5866   11095554             89             89        0         912               446
          5867     649124             89             78      -11       -2831               442
          5868    5697491             89             90        1        1268               254
          5869    4507442             89             81       -8       -1585               301
          5870    2890779             89             80       -9       -2039               384
          5871    7821198             89             71      -18       -6512               557
          5872    9205669             89             83       -6        -901               363
          5873     398015             89             91        2        1396               196
          5874     892635             89            117       28        4500               385
          5875   12597827             89            119       30        4618               382
          5876   11337295             89             85       -4        -297               315
          5877   10387434             89             89        0         931               399
          5878    3051404             89             91        2        1421               242
          5879    6968587             89             82       -7       -1152               261
          5880   13522531             89            104       15        3399               378
          5881    9742223             89             84       -5        -568               401
          5882    1328409             89             92        3        1674               357
          5883   11831362             89             77      -12       -3270               350
          5884    9136195             89             88       -1         630               394
          5885    7140361             89             77      -12       -3242               342
          5886   12653527             89             87       -2         440               349
          5887    6027839             89             83       -6        -939               362
          5888    2404673             89             91        2        1406               385
          5889    4589777             89             88       -1         651               415
          5890    2729345             89             88       -1         646               416
          5891    3653790             89             86       -3         110               332
          5892   13640088             89             84       -5        -637               403
          5893    2301718             89             88       -1         651               243
          5894    7697715             89             93        4        1764               431
          5895   11617156             89            105       16        3553               338
          5896    8456825             89             82       -7       -1251               220
          5897    3103980             89             79      -10       -2478               417
          5898     373278             89             85       -4        -221               290
          5899    8641004             89             84       -5        -595               565
          5900     953516             89             79      -10       -2360               359
          5901    9019462             89             84       -5        -564               278
          5902    1058146             89             84       -5        -609               526
          5903    4056012             89             80       -9       -1984               398
          5904   10645073             89             85       -4        -288               438
          5905    3245312             89             79      -10       -2417               340
          5906    3231465             89             81       -8       -1509               465
          5907    3808479             89             90        1        1205               370
          5908      32870             89             85       -4        -277               272
          5909    8887437             89             86       -3         263               222
          5910    6468827             89             80       -9       -2048               408
          5911    1202321             89             86       -3         104               243
          5912    4170313             89             82       -7       -1275               315
          5913   12117509             89             81       -8       -1639               475
          5914    2681298             89             80       -9       -1945               442
          5915   10961992             89             89        0        1033               369
          5916    7640479             89             81       -8       -1593               288
          5917   10645162             89             88       -1         686               185
          5918    9657255             89             94        5        1967               298
          5919    2807013             89            101       12        3078               198
          5920     862157             89             86       -3          65               425
          5921    5085018             89             80       -9       -1904               329
          5922   11126608             89             91        2        1448               194
          5923   10635901             89             85       -4        -297               582
          5924    3714260             89             93        4        1813               235
          5925   12402207             89             85       -4        -280               264
          5926   13186568             89            104       15        3459               187
          5927     177428             89             90        1        1189               371
          5928    2806866             89            132       43        5223               247
          5929    7517377             89             86       -3          87               456
          5930    8684209             89             81       -8       -1625               462
          5931    4165844             89             83       -6        -923               499
          5932   10321950             89             76      -13       -3735               366
          5933    7005339             89             91        2        1561               276
          5934    6068260             89             80       -9       -2015               449
          5935    4609175             89             72      -17       -5915               579
          5936   10258947             89             79      -10       -2413               369
          5937     165297             89             86       -3          67               287
          5938    1088935             89             84       -5        -612               296
          5939   12989786             89             72      -17       -5959               357
          5940    3089764             89             91        2        1437               286
          5941     208416             89             89        0         944               276
          5942     209418             89             91        2        1451               299
          5943     877903             89             68      -21       -8753               415
          5944    2826065             89             91        2        1402               326
          5945   10159910             89             74      -15       -4877               394
          5946   10989684             89             98        9        2673               237
          5947    9931448             89             86       -3         128               302
          5948    6460221             89             78      -11       -2877               242
          5949    7201786             89             80       -9       -2001               283
          5950    3612852             89             78      -11       -2786               344
          5951    4102584             89             91        2        1411               368
          5952   13209769             89             86       -3          79               230
          5953    4506020             89             92        3        1610               260
          5954   12887677             89             71      -18       -6694               425
          5955   12438873             89            110       21        4058               277
          5956    6343105             89             77      -12       -3304               250
          5957   11335605             89             85       -4        -269               283
          5958    8707994             89             95        6        2178               202
          5959    1169968             89             82       -7       -1274               250
          5960     730733             89             85       -4        -211               278
          5961   11813373             89             84       -5        -590               158
          5962   13479459             88             85       -3          71               250
          5963     145759             88             77      -11       -2884               195
          5964   12378874             88             84       -4        -277               518
          5965    1275250             88             84       -4        -280               226
          5966    4730279             88             91        3        1620               168
          5967    8165002             88             80       -8       -1638               214
          5968    1358342             88             83       -5        -609               303
          5969    4854472             88             75      -13       -3791               356
          5970   13457498             88             97        9        2671               242
          5971    3681415             88             84       -4        -281               472
          5972    3079936             88             92        4        1806               377
          5973   12768149             88             81       -7       -1280               327
          5974    9144213             88             85       -3          75               276
          5975     370676             88            103       15        3475               180
          5976     749013             88             83       -5        -614               350
          5977    8760874             88             80       -8       -1635               282
          5978   11493351             88             70      -18       -6725              2183
          5979    3348086             88             89        1        1214               226
          5980    2837169             88             80       -8       -1652               430
          5981    8380545             88             84       -4        -268               191
          5982    1529192             88             84       -4        -311               377
          5983    3285522             88             82       -6        -964               375
          5984    4611815             88             75      -13       -3796               389
          5985    4282268             88             91        3        1619               357
          5986   13360117             88             80       -8       -1660               343
          5987    2057378             88             87       -1         689               727
          5988    3576489             88             85       -3          54               466
          5989    5241858             88             76      -12       -3350               681
          5990    1138894             88             73      -15       -4949               459
          5991      39493             88             82       -6        -971               433
          5992    2459941             88             84       -4        -298               495
          5993    8426643             88             75      -13       -3809               673
          5994   11879547             88             78      -10       -2457               512
          5995    2663814             88             88        0         954               209
          5996   11106280             88             80       -8       -1661               401
          5997   10091870             88             76      -12       -3351               332
          5998    9677262             88             77      -11       -2904               586
          5999    3974803             88             76      -12       -3310               334
          6000    9016655             88             71      -17       -6061               572
          6001   12950948             88             85       -3          65               198
          6002    2140368             88             84       -4        -260               277
          6003    2250016             88             78      -10       -2499               495
          6004    9633609             88             80       -8       -1641               198
          6005    4191172             88             93        5        2008               613
          6006    3005755             88             76      -12       -3407              1454
          6007   11735340             88             89        1        1126               688
          6008    2753677             88             75      -13       -3788               277
          6009    3799938             88             78      -10       -2534               627
          6010   12377673             88             80       -8       -1673               638
          6011   11592569             88             80       -8       -1658               223
          6012   12119507             88             89        1        1210               424
          6013    1272773             88             73      -15       -4933               846
          6014   10445583             88             73      -15       -4920               969
          6015   11818218             88             84       -4        -296               464
          6016    8538335             88             87       -1         632               499
          6017   10572523             88             84       -4        -275               375
          6018    3661264             88            108       20        4007               290
          6019   13510409             88             77      -11       -2912               219
          6020    8256623             88             76      -12       -3329               852
          6021    3891752             88             76      -12       -3413               501
          6022   13231128             88             83       -5        -671               545
          6023    6381850             88             74      -14       -4297               587
          6024    3124057             88             80       -8       -1666               228
          6025    3391832             88             83       -5        -666               626
          6026    7538977             88             86       -2         374               424
          6027    6074869             88             88        0         902               317
          6028   12410139             88             86       -2         434               249
          6029    2167435             88             87       -1         684               847
          6030   11097600             88             92        4        1840               234
          6031     924495             88            111       23        4286               212
          6032   10203976             88             87       -1         629              1242
          6033   10895954             88             79       -9       -2080               483
          6034    8402296             88             83       -5        -674               524
          6035   10520599             88             73      -15       -4903               382
          6036   13069099             88             76      -12       -3382               545
          6037   10972969             88             83       -5        -623               563
          6038    5110950             88             78      -10       -2472               658
          6039    3879200             88             89        1        1135               461
          6040   10848995             88             79       -9       -2123               829
          6041    4415201             88             86       -2         381               560
          6042    8881410             88             82       -6       -1017               367
          6043    8226085             88            104       16        3619               224
          6044   12272169             88             94        6        2231               202
          6045    4472269             88             91        3        1625               593
          6046   12604704             88             94        6        2166               344
          6047    3470392             88             76      -12       -3411               808
          6048   12081435             88             80       -8       -1658               939
          6049   10429948             88             80       -8       -1731               376
          6050    9468990             88             74      -14       -4256               307
          6051   10702566             88             70      -18       -6757               587
          6052    8387236             88             95        7        2306               504
          6053   11767766             88             80       -8       -1729               989
          6054    8046835             88             86       -2         347               451
          6055    4490005             88             77      -11       -2840               239
          6056    3382970             88             80       -8       -1735               594
          6057    7741566             88             76      -12       -3374               837
          6058   11568441             88             75      -13       -3866               958
          6059    2953994             88             74      -14       -4425              1066
          6060    7140180             88             73      -15       -4999               409
          6061    1702076             88             76      -12       -3385               278
          6062    9864546             88             87       -1         693               248
          6063    4797567             88             80       -8       -1750               436
          6064    7750015             88             82       -6        -961               564
          6065     973629             88             74      -14       -4295               258
          6066    2567980             88             80       -8       -1659               886
          6067   12269778             88             78      -10       -2507               347
          6068    1380181             88             78      -10       -2463               227
          6069     354153             88             79       -9       -2131               487
          6070    4362436             88             79       -9       -2076               355
          6071    8726707             88             78      -10       -2517               768
          6072    2540379             88             84       -4        -252               327
          6073   12836150             88             79       -9       -2136               595
          6074    1106008             88             76      -12       -3398               744
          6075   10436507             88             73      -15       -4988               460
          6076     124586             88             89        1        1225               291
          6077    1834292             88             78      -10       -2579               475
          6078    2470417             88             98       10        2843               804
          6079    6357155             88             83       -5        -606               331
          6080    9812952             88             78      -10       -2426               298
          6081   11808585             88             78      -10       -2445               297
          6082    5621080             88             81       -7       -1402               535
          6083    7311078             88             89        1        1150               247
          6084    3723389             88             78      -10       -2434               190
          6085    5847801             88             75      -13       -3916               835
          6086    6770071             88             81       -7       -1315               286
          6087   12896049             88             92        4        1838               350
          6088    6839722             88             80       -8       -1718               246
          6089    7164492             88             87       -1         576               420
          6090    5618171             88             82       -6        -901               321
          6091    6381425             88             76      -12       -3427               875
          6092   13447003             88             79       -9       -2148               444
          6093   13302814             88             80       -8       -1585               185
          6094    7585197             88             82       -6        -987               501
          6095    1602339             88             79       -9       -2202               445
          6096    8130794             88             84       -4        -325               406
          6097    7758247             88             86       -2         381               512
          6098    9892081             88             80       -8       -1781               377
          6099    2370047             88             92        4        1861               623
          6100   10206148             88             72      -16       -5531               689
          6101      18830             88             85       -3         -26               266
          6102    7332633             88             77      -11       -3010               652
          6103    7377616             88             85       -3          44               475
          6104    5735370             88             75      -13       -3844               410
          6105    5261707             88             79       -9       -2131               534
          6106    1275238             88             84       -4        -260               319
          6107   13367073             88             82       -6       -1016               325
          6108    5531868             88             86       -2         273               467
          6109    1634003             88             79       -9       -2084               471
          6110    6727347             88             91        3        1703               513
          6111    6713283             88             77      -11       -2949               775
          6112    4953514             88             74      -14       -4370               432
          6113    3764494             88             83       -5        -702               394
          6114   11930578             88             82       -6        -983               467
          6115   13258980             88             79       -9       -2152               704
          6116    9774352             88             71      -17       -6117               706
          6117    4594425             88             74      -14       -4411               381
          6118   12869006             88             75      -13       -3802               553
          6119    5625250             88             82       -6       -1043               515
          6120     881713             88             86       -2         417               407
          6121      73289             88             80       -8       -1732               404
          6122    1689858             88             82       -6        -948               864
          6123    5944473             88             75      -13       -3899               643
          6124    5249430             88             73      -15       -5030               717
          6125    3906354             88             71      -17       -6135               530
          6126     303380             88             80       -8       -1584               242
          6127    8399716             88             77      -11       -3009               490
          6128    6460904             88             75      -13       -3884               523
          6129    7442673             88             78      -10       -2464               373
          6130    2612872             88             76      -12       -3272               296
          6131    8598765             88             83       -5        -584               240
          6132    1270072             88             82       -6        -989               315
          6133    5005665             88             81       -7       -1249               383
          6134    9025605             88            129       41        5330               555
          6135    3545193             88             76      -12       -3407               576
          6136      34236             88             75      -13       -3949               462
          6137    3498737             88             83       -5        -645               551
          6138   12236095             88             76      -12       -3408               520
          6139   10638886             88             80       -8       -1727               576
          6140   10258361             88             81       -7       -1292               523
          6141   11230205             88             76      -12       -3417               313
          6142    6924005             88             82       -6        -947               469
          6143    2943597             88             82       -6        -977               420
          6144    5573327             88             71      -17       -6136               376
          6145    2471645             88             75      -13       -3813               688
          6146    3228194             88             83       -5        -571               169
          6147    1770547             88             81       -7       -1359               494
          6148    1593630             88             93        5        2155               212
          6149    8094951             88             77      -11       -2921               341
          6150   11921417             88             74      -14       -4283               413
          6151   12906920             88             72      -16       -5636               535
          6152    4065992             88             81       -7       -1431               307
          6153     241310             88             86       -2         347               628
          6154     703448             88             80       -8       -1587               387
          6155     709246             88             89        1        1225               362
          6156    2195947             88             80       -8       -1752               496
          6157    1632223             88             81       -7       -1332               394
          6158    3553756             88             83       -5        -678               326
          6159    3888797             88             82       -6        -801               222
          6160    7852239             88             96        8        2619               355
          6161      99619             88             75      -13       -3917               586
          6162    1772895             88             85       -3          21               427
          6163    2656849             88             89        1        1198               376
          6164    9813383             88             71      -17       -6249               664
          6165    5278801             88             72      -16       -5522               823
          6166    9991061             88             85       -3         143               254
          6167     693742             88             78      -10       -2458               446
          6168     118148             88             77      -11       -2962               474
          6169   12316965             88             88        0         957               183
          6170   10119162             88             84       -4        -249               293
          6171    5630996             88             76      -12       -3472               374
          6172    6453495             88             70      -18       -6976               514
          6173   11221355             88             90        2        1495               213
          6174    6536818             88             78      -10       -2598               408
          6175   12213112             88             82       -6        -938               365
          6176   12513129             88             90        2        1506               351
          6177   11920602             88             75      -13       -3820               426
          6178   13472825             88             89        1        1342               206
          6179    1586418             88             83       -5        -621               388
          6180    4596826             88             75      -13       -4002               339
          6181    4056165             88             94        6        2252               233
          6182    5031342             88             87       -1         670               305
          6183    6830986             88             78      -10       -2562               365
          6184    9628599             88             77      -11       -2923               470
          6185   10971625             88             78      -10       -2542               577
          6186     573287             88             98       10        2924               384
          6187    5377139             88             87       -1         640               448
          6188   10072530             88             81       -7       -1344               309
          6189    7694705             88             78      -10       -2486               441
          6190    2136757             88             76      -12       -3489               253
          6191    9029220             88             77      -11       -2855               306
          6192   10294122             88             93        5        2121               262
          6193    1887631             88             84       -4        -310               212
          6194   12872152             88             78      -10       -2411               319
          6195   11000075             88             84       -4        -271               222
          6196   10456607             88             73      -15       -5062               536
          6197    9336124             88             81       -7       -1240               317
          6198    2061699             88             80       -8       -1757               295
          6199   10238819             88             84       -4        -322               231
          6200    8285401             88             93        5        2092               294
          6201    1828584             88             76      -12       -3364               257
          6202    1069923             88             88        0         975               279
          6203    4720502             88             85       -3          31               476
          6204    8281751             88             80       -8       -1731               465
          6205    6061462             88             83       -5        -645               447
          6206    8157361             88             77      -11       -2965               405
          6207   13478348             88             84       -4        -262               259
          6208    9372145             88             88        0        1055               236
          6209     553762             88             80       -8       -1705               288
          6210    9286413             88             72      -16       -5655               320
          6211    7331857             88             82       -6        -993               416
          6212    8910308             88             85       -3         190               354
          6213    6925383             88             97        9        2783               270
          6214   13638725             88             82       -6        -985               457
          6215   13698785             88             83       -5        -637               360
          6216    3806765             88             88        0        1005               339
          6217    8074280             88             77      -11       -2901               270
          6218     749297             88             83       -5        -606               497
          6219   11288455             88             93        5        2140               370
          6220    9209823             88             79       -9       -1925               210
          6221    3697829             88             82       -6        -937               265
          6222    6086631             88             75      -13       -3903               472
          6223    1779006             88             77      -11       -2987               413
          6224    9585884             88             91        3        1697               320
          6225    8066351             88             86       -2         360               298
          6226   11029977             88             81       -7       -1356               315
          6227    9097973             88             87       -1         728               327
          6228    3795019             88             83       -5        -629               398
          6229    2918201             88             97        9        2828               243
          6230     584992             88             80       -8       -1702               411
          6231    8829286             88             93        5        2137               228
          6232   10226152             88            104       16        3738               270
          6233    9168623             88             80       -8       -1692               425
          6234    5793324             88             86       -2         404               489
          6235    7991960             88             86       -2         387               419
          6236   12309420             88             79       -9       -2143               328
          6237    2724503             88             78      -10       -2505               233
          6238    5714080             88             86       -2         448               310
          6239   10844597             88             82       -6        -986               386
          6240     613534             88             96        8        2636               423
          6241    2129086             88             91        3        1696               393
          6242    9829677             88             86       -2         360               367
          6243   11929826             88             93        5        2097               322
          6244    8531419             88             90        2        1485               387
          6245    8477573             88             97        9        2810               309
          6246    4540372             88             74      -14       -4458               386
          6247    7464428             88             84       -4        -317               308
          6248   10693192             88             80       -8       -1721               362
          6249    5557448             88             93        5        2116               248
          6250    6414527             88             91        3        1721               344
          6251   10070347             88             76      -12       -3410               275
          6252     418062             88             86       -2         365               351
          6253   11812337             88             84       -4        -312               178
          6254    4302912             88             75      -13       -3958               367
          6255    6300928             88             93        5        2100               353
          6256   10871682             88             84       -4        -306               255
          6257    5115913             87             88        1        1248               174
          6258    5549342             87             94        7        2474               193
          6259    2423374             87             86       -1         695               372
          6260   11772396             87             73      -14       -4591               305
          6261    6520678             87             83       -4        -307               308
          6262    9673294             87             88        1        1252               242
          6263    6327465             87             83       -4        -306               205
          6264   12837608             87             79       -8       -1733               735
          6265   12216187             87             80       -7       -1364               655
          6266    3268268             87             77      -10       -2600               700
          6267   10960770             87             85       -2         355               490
          6268    3092942             87             79       -8       -1739               232
          6269    2853750             87             86       -1         671               335
          6270    7868294             87             82       -5        -633               284
          6271   12181055             87             78       -9       -2159               471
          6272    1174758             87             81       -6        -973               435
          6273     477317             87             70      -17       -6424               460
          6274    6998067             87             70      -17       -6456               629
          6275    9842783             87             79       -8       -1748               391
          6276    7830378             87            104       17        3897               267
          6277    2243915             87             88        1        1222               324
          6278    4185963             87             79       -8       -1748               403
          6279    5317003             87             76      -11       -3040               499
          6280    1827474             87             79       -8       -1735               409
          6281    6559003             87             82       -5        -642               186
          6282    8890525             87             81       -6       -1002               817
          6283    1752991             87             78       -9       -2173               355
          6284    8185997             87             76      -11       -3022               693
          6285   10172645             87             70      -17       -6436               260
          6286    1102190             87             70      -17       -6465               731
          6287    4708114             87             96        9        2804               390
          6288   13265110             87             82       -5        -681               249
          6289   13217625             87             75      -12       -3515               390
          6290    6370412             87             75      -12       -3522               682
          6291    9354589             87             79       -8       -1756               230
          6292    2317962             87             78       -9       -2191               371
          6293    5012985             87             79       -8       -1744               313
          6294   11334663             87             98       11        3151               384
          6295   11438743             87             79       -8       -1767               200
          6296    8575735             87             88        1        1245               269
          6297    6432985             87             85       -2         355               338
          6298    7342750             87             79       -8       -1754               486
          6299    8375901             87             77      -10       -2623               250
          6300    7705869             87             73      -14       -4622               545
          6301    5296438             87             79       -8       -1724               933
          6302    5393503             87             95        8        2636               501
          6303    9524768             87             88        1        1235               266
          6304   10229137             87             80       -7       -1346               444
          6305   11821307             87             86       -1         680               726
          6306    1325796             87             86       -1         698               174
          6307    1210264             87             67      -20       -8676               580
          6308   10931438             87            111       24        4569               222
          6309    8925309             87             74      -13       -4070               546
          6310    7426362             87             74      -13       -4009               564
          6311    7575127             87             75      -12       -3513               412
          6312    2099984             87             76      -11       -3068               780
          6313   12997068             87             90        3        1732               365
          6314   11967030             87             74      -13       -4150               791
          6315   10870731             87             94        7        2482               220
          6316    5232733             87             81       -6       -1062               289
          6317   13135037             87             87        0        1007               345
          6318   12458861             87             90        3        1729               271
          6319    2526879             87             74      -13       -4137               475
          6320   13510213             87             86       -1         691               310
          6321    4097937             87             90        3        1668               481
          6322   12701546             87             95        8        2686               538
          6323   11787438             87             86       -1         667               415
          6324    1880870             87             88        1        1259               238
          6325    4696950             87             73      -14       -4661               637
          6326    9762230             87             76      -11       -3118               763
          6327    7664294             87             73      -14       -4639               772
          6328   11470215             87             71      -16       -5813               993
          6329    9241237             87             79       -8       -1828               437
          6330    1907568             87             74      -13       -4121               487
          6331    3850074             87             75      -12       -3474               214
          6332    4537630             87             82       -5        -697               282
          6333   10699207             87             87        0         946               304
          6334    3860617             87             82       -5        -639               275
          6335    8015937             87             71      -16       -5853               750
          6336   12142741             87             74      -13       -4092               643
          6337   11493476             87             87        0         987               387
          6338    5544742             87            104       17        3898               579
          6339    7729002             87             82       -5        -644               278
          6340    3865569             87             76      -11       -3048               231
          6341     741889             87             82       -5        -703               639
          6342    8994237             87             73      -14       -4681               842
          6343    5737450             87             87        0         950               770
          6344   12345759             87             99       12        3319               436
          6345   11560124             87             78       -9       -2115               459
          6346    5233148             87             76      -11       -2981               188
          6347    4378559             87             82       -5        -759               187
          6348    1380449             87             72      -15       -5209               697
          6349   10176135             87             76      -11       -3055               223
          6350    6596532             87             93        6        2366               206
          6351    7972988             87             97       10        3032               314
          6352    8653979             87             90        3        1778               235
          6353   12474487             87             81       -6        -985               240
          6354    1390194             87             85       -2         279               652
          6355    7361387             87             85       -2         364               403
          6356       7813             87             74      -13       -4125               559
          6357   11514043             87             79       -8       -1699               192
          6358    1810477             87             84       -3          36               249
          6359   12065406             87             81       -6        -966               725
          6360     743278             87             77      -10       -2662               352
          6361   11223001             87             78       -9       -2110               395
          6362   10785415             87             77      -10       -2623               612
          6363    7911282             87             83       -4        -305               237
          6364     436080             87             84       -3          67               272
          6365    4988099             87             84       -3        -119               496
          6366   13086340             87             75      -12       -3540               352
          6367    6320851             87             87        0         963               465
          6368     698673             87             75      -12       -3694               575
          6369    3900391             87             84       -3           7               435
          6370    6045446             87             81       -6       -1017               385
          6371     610907             87             78       -9       -2231               340
          6372   12229514             87             85       -2         346               232
          6373    2252175             87             83       -4        -351               463
          6374   13141835             87             74      -13       -4025               236
          6375     741168             87             75      -12       -3598               353
          6376   11210286             87             85       -2         347               343
          6377    6403748             87             81       -6       -1020               430
          6378    4787220             87             75      -12       -3637               329
          6379    2003560             87             99       12        3274               288
          6380    1978810             87             66      -21       -9582               801
          6381    9263789             87             77      -10       -2650               320
          6382    7930935             87             79       -8       -1721               332
          6383   10005538             87             81       -6       -1013               322
          6384    6017624             87             77      -10       -2591               553
          6385    5727939             87             91        4        1986               375
          6386   13099306             87             86       -1         771               259
          6387    2769491             87             75      -12       -3667               369
          6388    5887408             87             91        4        2005               307
          6389   11735256             87            110       23        4544               444
          6390    2041020             87             72      -15       -5218               665
          6391    4792680             87             89        2        1531               260
          6392    1649500             87             78       -9       -2185               244
          6393   10234741             87             74      -13       -3992               270
          6394    1120724             87             73      -14       -4668               552
          6395   12991356             87             75      -12       -3520               341
          6396   10848729             87             77      -10       -2672               684
          6397    6919621             87             75      -12       -3506               388
          6398    3987417             87             76      -11       -3139               266
          6399    6599328             87             74      -13       -4089               358
          6400     287052             87             71      -16       -5840               274
          6401    7793401             87             89        2        1510               447
          6402    2279974             87             87        0         990               424
          6403   13601452             87             82       -5        -659               253
          6404    1630611             87             73      -14       -4663               511
          6405    4354020             87             92        5        2154               473
          6406    2698771             87             90        3        1791               192
          6407    7675130             87             68      -19       -7937               852
          6408    1505527             87             82       -5        -696               442
          6409   13451610             87            108       21        4388               210
          6410    7563229             87            100       13        3481               594
          6411    8092197             87             93        6        2316               578
          6412    9019904             87             90        3        1769               496
          6413    4886866             87             83       -4        -290               264
          6414     726204             87             76      -11       -3089               611
          6415   11776190             87             94        7        2523               482
          6416    2753080             87             87        0         938               440
          6417     419206             87             82       -5        -649               405
          6418    8409680             87             99       12        3413               257
          6419   10992165             87             87        0        1008               171
          6420   11568651             87             78       -9       -2206               256
          6421    9651897             87             75      -12       -3545               321
          6422    7273455             87             78       -9       -2097               228
          6423    5288023             87             77      -10       -2602               510
          6424    9167688             87             82       -5        -662               315
          6425     115663             87             82       -5        -589               160
          6426    1884616             87             73      -14       -4660               792
          6427   13507794             87             78       -9       -2202               267
          6428    8239087             87             84       -3          17               337
          6429    3959961             87             81       -6        -969               224
          6430     583677             87             71      -16       -5848               663
          6431    7218092             87             78       -9       -2215               467
          6432   10138407             87             97       10        3070               373
          6433    2209887             87             77      -10       -2639               508
          6434    3762519             87             79       -8       -1702               214
          6435    9161448             87             78       -9       -2227               597
          6436    8365502             87             73      -14       -4642               305
          6437   12259405             87             82       -5        -670               272
          6438    2214880             87             78       -9       -2181               400
          6439   12856344             87             83       -4        -365               400
          6440      22268             87             88        1        1236               313
          6441    4619301             87             84       -3         -47               304
          6442    9048424             87             84       -3          50               324
          6443    2592939             87             93        6        2401               356
          6444   13603471             87             76      -11       -3207               306
          6445   12791054             87             89        2        1458               530
          6446   12611602             87             67      -20       -8742               671
          6447   11174909             87             82       -5        -627               801
          6448    5813863             87             98       11        3236               429
          6449   10339625             87             86       -1         704               478
          6450   12616293             87             75      -12       -3487               600
          6451    8814856             87             82       -5        -661               268
          6452   11319299             87             79       -8       -1767               309
          6453    6807287             87             93        6        2328               526
          6454   10377891             87             79       -8       -1753               484
          6455   12064659             87            100       13        3522               421
          6456   10575661             87             94        7        2552               242
          6457    9389988             87             77      -10       -2536               385
          6458   10245412             87             76      -11       -3165               264
          6459    6139992             87             83       -4        -320               294
          6460   11367594             87             87        0         949               247
          6461     593012             87             83       -4        -287               207
          6462    2855151             87             89        2        1500               431
          6463   12189099             87             76      -11       -3069               548
          6464    1332595             87             75      -12       -3415               335
          6465    6473527             87             80       -7       -1361               738
          6466    8210317             87             86       -1         614               344
          6467   13597565             87             69      -18       -7225               356
          6468    1349834             87             91        4        1961               621
          6469    9349163             87            105       18        4142               453
          6470    3805085             87             85       -2         361               437
          6471    9364194             87             74      -13       -4193               481
          6472    2266975             87             79       -8       -1802               324
          6473    1549865             87             97       10        3081               163
          6474    4881909             87             88        1        1298               255
          6475      13964             87             94        7        2549               378
          6476   11714847             87             92        5        2156               452
          6477    5073010             87             84       -3          80               307
          6478      13104             87             84       -3         -31               362
          6479    8398349             87             77      -10       -2658               441
          6480   12954072             87             80       -7       -1348               286
          6481    2205334             87             84       -3         -39               692
          6482    7884781             87             77      -10       -2651               640
          6483   12086600             87             78       -9       -2278               478
          6484    2693850             87            115       28        5005               372
          6485     212524             87             80       -7       -1385               438
          6486    5792330             87             80       -7       -1316               577
          6487    5019784             87             73      -14       -4737               544
          6488    8159619             87             99       12        3410               519
          6489    5770898             87             76      -11       -3060               342
          6490   10877711             87             84       -3         106               205
          6491    4481240             87            100       13        3520               451
          6492    4637218             87             75      -12       -3620               328
          6493    2236641             87             85       -2         346               363
          6494    4521770             87             82       -5        -713               475
          6495    6105890             87             77      -10       -2704               437
          6496    9881134             87             79       -8       -1827               416
          6497   10872262             87             78       -9       -2249               566
          6498    4421353             87             74      -13       -4167               589
          6499    1053570             87             88        1        1253               327
          6500    6402846             87             74      -13       -4044               368
          6501   13683071             87             80       -7       -1374               593
          6502   10685776             87             68      -19       -8006               623
          6503    3012161             87             80       -7       -1421               419
          6504   11006076             87             76      -11       -3194               277
          6505    8127736             87             80       -7       -1232               300
          6506    7396906             87            103       16        3909               386
          6507   11433199             87             89        2        1540               512
          6508    4865519             87             91        4        2131               200
          6509    4478454             87             79       -8       -1760               294
          6510   12417690             87             78       -9       -2247               481
          6511   13311350             87             77      -10       -2603               372
          6512   13233518             87             87        0        1044               354
          6513    1801158             87             90        3        1790               474
          6514    6679619             87             75      -12       -3560               314
          6515    8176713             87             70      -17       -6607               389
          6516   10244005             87             84       -3           9               342
          6517   10276937             87             81       -6       -1039               363
          6518     419752             87             84       -3          61               252
          6519     459147             87             90        3        1794               358
          6520    7052452             87             76      -11       -2964               405
          6521     704028             87             75      -12       -3569               581
          6522    6504526             87             77      -10       -2672               406
          6523    1711160             87             88        1        1465               349
          6524    6911542             87             78       -9       -2268               349
          6525   10276169             87             78       -9       -2265               258
          6526    6758448             87             76      -11       -3013               456
          6527    8849769             87             86       -1         666               407
          6528    3808054             87             80       -7       -1433               501
          6529    3487040             87             80       -7       -1389               570
          6530    4453998             87             90        3        1846               275
          6531   11431643             87             80       -7       -1415               302
          6532    1270439             87             84       -3          16               469
          6533    8647176             87             95        8        2775               346
          6534   10453072             87             81       -6       -1024               243
          6535    4260231             87             75      -12       -3481               224
          6536   10394562             87             94        7        2601               407
          6537    4648974             87             87        0        1047               344
          6538    4929938             87             86       -1         743               352
          6539    8031069             87             86       -1         717               433
          6540    4840904             87             90        3        1895               306
          6541    8300566             87             82       -5        -639               456
          6542    7912409             87             75      -12       -3609               548
          6543    6114142             87             74      -13       -4188               493
          6544    9444771             87             79       -8       -1687               287
          6545    6809547             87             71      -16       -5922               516
          6546    7721620             87             83       -4        -298               292
          6547    4103937             87            106       19        4286               317
          6548    1990268             87             80       -7       -1276               297
          6549    9010821             87             87        0        1026               357
          6550    4959944             87             79       -8       -1802               415
          6551   12464525             87             78       -9       -2151               369
          6552    7455493             87             81       -6        -875               452
          6553    1377555             87             96        9        2964               325
          6554    9961061             87             75      -12       -3552               307
          6555    9118761             87             87        0        1014               463
          6556    4119855             87             83       -4        -303               348
          6557    1157074             87             72      -15       -5345               442
          6558    9550406             87             88        1        1321               411
          6559    1438543             87             88        1        1391               254
          6560   11060707             87            107       20        4404               461
          6561    7580527             87             75      -12       -3680               281
          6562    6283459             87             85       -2         364               339
          6563    6347320             87             88        1        1318               352
          6564   13412500             87             83       -4        -310               341
          6565    2312916             87             82       -5        -653               249
          6566    7204850             87             76      -11       -3180               307
          6567    8971426             87             72      -15       -5415               503
          6568    8088717             87             78       -9       -2202               371
          6569    4969404             87             89        2        1562               289
          6570    4140876             87             85       -2         351               322
          6571    3145357             87             88        1        1335               247
          6572   11081850             87             82       -5        -639               222
          6573    7250999             87             88        1        1343               368
          6574     194782             87             89        2        1614               278
          6575     917733             87             76      -11       -3140               242
          6576    5550226             87             85       -2         439               195
          6577    6314096             87             84       -3          16               383
          6578    9745017             87             77      -10       -2663               243
          6579    4741142             87             71      -16       -6078               252
          6580    5564859             87             75      -12       -3670               233
          6581    4205433             87             89        2        1588               178
          6582    4703426             87             71      -16       -6091               225
          6583    6052561             86             82       -4        -305               300
          6584   12651953             86             79       -7       -1412               814
          6585    4735938             86             79       -7       -1410               316
          6586    2473757             86             77       -9       -2274               279
          6587   11122789             86             77       -9       -2262               243
          6588    6110497             86             87        1        1328               205
          6589    9688286             86             72      -14       -4848               458
          6590    4158070             86             73      -13       -4282               240
          6591    8471472             86             78       -8       -1840               227
          6592    9592617             86             82       -4        -295               199
          6593    7016453             86             72      -14       -4840              1239
          6594    7505473             86             77       -9       -2277               330
          6595   11385239             86             71      -15       -5439               594
          6596    3995376             86             76      -10       -2704               176
          6597    4045794             86             88        2        1570               672
          6598    6767145             86             89        3        1787               621
          6599     524138             86             77       -9       -2273               174
          6600    3025065             86             78       -8       -1870               437
          6601   10273537             86             75      -11       -3209              1490
          6602    6708701             86             85       -1         629               488
          6603    5494702             86             78       -8       -1829               951
          6604   12364266             86             80       -6       -1059              1156
          6605   10382613             86             75      -11       -3227               497
          6606   12005239             86             87        1        1306               358
          6607    5599954             86             79       -7       -1484               176
          6608    4313708             86             78       -8       -1840               233
          6609    2553854             86             82       -4        -348               495
          6610    9175826             86             84       -2         307               472
          6611     294643             86             95        9        2993               279
          6612   11355108             86             72      -14       -4867               729
          6613   13658606             86             70      -16       -6206               729
          6614   10793891             86             75      -11       -3217               481
          6615   10672183             86             81       -5        -646               617
          6616    5143689             86             79       -7       -1449               954
          6617    1959230             86             82       -4        -387               922
          6618    6392390             86             87        1        1316               230
          6619    4180302             86             86        0        1038               208
          6620   13177640             86             88        2        1557               359
          6621    6291383             86            102       16        3993               241
          6622    5113624             86             85       -1         616               367
          6623    7293221             86             85       -1         623               422
          6624    8013091             86             73      -13       -4357               384
          6625    9331723             86             72      -14       -4904               965
          6626    9430448             86             82       -4        -338               258
          6627    3983654             86             84       -2         319               321
          6628    3761964             86             71      -15       -5499               886
          6629   10879318             86             88        2        1610               231
          6630   12531277             86             77       -9       -2280               255
          6631    7414769             86             77       -9       -2261               246
          6632   12760142             86             74      -12       -3828               413
          6633    1435121             86            101       15        3900               257
          6634    3157156             86             72      -14       -4904               536
          6635    2152429             86             77       -9       -2273               371
          6636   12082699             86             73      -13       -4305               356
          6637     938396             86             87        1        1272               434
          6638   12423145             86             86        0        1037               347
          6639    8068193             86             93        7        2588               311
          6640   13111074             86             76      -10       -2846               527
          6641    4315694             86             74      -12       -3863               293
          6642     852819             86             78       -8       -1926               380
          6643    9847086             86             69      -17       -6787               487
          6644     449048             86             69      -17       -6831               940
          6645    3413693             86             80       -6       -1046               300
          6646    9968662             86             72      -14       -4907               261
          6647   11056106             86             92        6        2424               697
          6648     969616             86             76      -10       -2876               383
          6649    4135227             86             82       -4        -445               514
          6650    2362961             86             99       13        3648               210
          6651    7909079             86             84       -2         372               428
          6652    6091753             86             69      -17       -6867               708
          6653    3681929             86             93        7        2674               222
          6654    8269413             86             74      -12       -3744               283
          6655    4257275             86             76      -10       -2801               270
          6656   11299988             86             75      -11       -3185               175
          6657     935423             86             73      -13       -4368               534
          6658   11561670             86             84       -2         340               211
          6659    3368086             86             71      -15       -5638               571
          6660   12768839             86             78       -8       -1944               289
          6661     193420             86             76      -10       -2787               277
          6662   13007708             86             78       -8       -1824               372
          6663    3511114             86             85       -1         655               449
          6664   11233378             86             96       10        3141               798
          6665    8172113             86             82       -4        -337               636
          6666    2111049             86             79       -7       -1469               356
          6667    8538186             86             72      -14       -4949               459
          6668    2649453             86             85       -1         603               377
          6669   12559954             86             91        5        2281               307
          6670   11777317             86             83       -3         -74               417
          6671       2464             86             71      -15       -5479               472
          6672    3373387             86             77       -9       -2341               326
          6673    9829877             86             98       12        3532               395
          6674   11735633             86             74      -12       -3767               748
          6675   11701938             86             87        1        1301               484
          6676    2330404             86             79       -7       -1417               285
          6677    9982267             86             79       -7       -1403               330
          6678     386941             86             70      -16       -6133               414
          6679    6754915             86             74      -12       -3660               222
          6680     417638             86             73      -13       -4372               568
          6681     153258             86             77       -9       -2315               638
          6682     828011             86             74      -12       -3856               815
          6683    8847731             86             82       -4        -354               437
          6684   10958589             86             70      -16       -6177               368
          6685    6248842             86             93        7        2709               266
          6686   13545372             86             87        1        1330               506
          6687    9368038             86             77       -9       -2358               393
          6688    2230341             86             86        0         955               630
          6689     914436             86             68      -18       -7629               437
          6690   10270087             86             96       10        3214               355
          6691    4659106             86             86        0        1038               308
          6692   11852519             86             95        9        3062               223
          6693    6247242             86             92        6        2421               267
          6694    7870698             86             72      -14       -4907               730
          6695    3177323             86             86        0         931               213
          6696    6200420             86             80       -6       -1104               369
          6697    2701448             86             80       -6       -1034               321
          6698    1267199             86             98       12        3495               385
          6699     182337             86             93        7        2630               471
          6700    6795736             86             73      -13       -4493               371
          6701    1502786             86             95        9        2966               333
          6702    6310230             86             79       -7       -1381               392
          6703    3726492             86             69      -17       -6891               713
          6704   11434745             86             85       -1         538               310
          6705    7699324             86             83       -3         -18               374
          6706    4635815             86             96       10        3171               558
          6707    6439817             86             83       -3         -94               350
          6708    6305323             86             84       -2         304               466
          6709    2138800             86             74      -12       -3826               399
          6710   12488731             86             94        8        2838               460
          6711    7321750             86             68      -18       -7663               334
          6712   13027983             86             74      -12       -3866               675
          6713    9117697             86             74      -12       -3772               337
          6714    3080817             86             76      -10       -2809               398
          6715    5177523             86             98       12        3550               332
          6716    1780045             86             87        1        1354               239
          6717    8268544             86             85       -1         594               355
          6718   12824873             86             84       -2         338               393
          6719    3742126             86             79       -7       -1463               232
          6720    3809684             86             93        7        2623               500
          6721     125481             86             85       -1         640               337
          6722    7927448             86             77       -9       -2318               556
          6723   12055209             86             79       -7       -1559               447
          6724     866956             86             83       -3         -34               708
          6725    2102282             86             79       -7       -1394               164
          6726   12778538             86             77       -9       -2357               340
          6727   11703177             86             81       -5        -794               532
          6728    5504576             86            102       16        4024               604
          6729   12764330             86             87        1        1267               508
          6730    1836332             86             96       10        3220               502
          6731    8611181             86             73      -13       -4381               670
          6732    8834010             86             72      -14       -4813               222
          6733    7670827             86             76      -10       -2819               635
          6734   11227182             86             77       -9       -2321               460
          6735    4270745             86             76      -10       -2879               918
          6736    2016821             86             78       -8       -1946               325
          6737    4224585             86             75      -11       -3267               787
          6738    5313104             86             73      -13       -4296               384
          6739     722646             86             76      -10       -2866               465
          6740   10475475             86             77       -9       -2293               427
          6741    7273462             86             90        4        2065               547
          6742   12131193             86             75      -11       -3205               667
          6743    5125456             86             83       -3         -77               583
          6744    5390020             86             88        2        1539               313
          6745    5806217             86             84       -2         328               527
          6746    6583961             86             85       -1         639               476
          6747    8514952             86             86        0         930               306
          6748    7935955             86             95        9        3068               288
          6749    9949952             86             73      -13       -4393               412
          6750     282975             86             83       -3         -80               436
          6751     496254             86             76      -10       -2836               483
          6752   12361123             86             95        9        3103               257
          6753   12663087             86             81       -5        -699               228
          6754   12581258             86             77       -9       -2365               343
          6755    8424573             86             75      -11       -3156               518
          6756    6384136             86             85       -1         663               544
          6757   13563834             86            124       38        5770               407
          6758    2293084             86             69      -17       -6993               311
          6759    4763111             86             91        5        2287               291
          6760   13276766             86             70      -16       -6250               401
          6761    2182035             86             76      -10       -2815               334
          6762    7757783             86             75      -11       -3179               358
          6763    5039873             86             74      -12       -3908               249
          6764   12088483             86             71      -15       -5480               275
          6765    7311710             86            100       14        3810               303
          6766   11029724             86             72      -14       -4968               370
          6767    7577203             86             87        1        1336               311
          6768    4066133             86             70      -16       -6311               486
          6769    8496436             86             86        0         973               443
          6770   12572484             86             89        3        1834               471
          6771    5006326             86             80       -6       -1103               358
          6772   11475819             86             72      -14       -5036               722
          6773   10138746             86             73      -13       -4519               503
          6774    5239564             86             71      -15       -5563               390
          6775    8452733             86             76      -10       -2662               539
          6776    2670046             86             72      -14       -4919               530
          6777    6262501             86             84       -2         302               319
          6778    1606123             86             97       11        3415               325
          6779    2508649             86             75      -11       -3324               571
          6780    7778113             86             73      -13       -4490               474
          6781    3793800             86             73      -13       -4485               436
          6782    6151050             86             82       -4        -390               628
          6783    5250389             86             95        9        3031               454
          6784       7570             86             89        3        1932               255
          6785    3845673             86             70      -16       -6188               206
          6786   11677547             86             74      -12       -3882               474
          6787   10872994             86             77       -9       -2201               244
          6788   10220117             86             90        4        2068               346
          6789    3638960             86             88        2        1646               189
          6790    8288806             86             75      -11       -3241               520
          6791    6817096             86             82       -4        -228               261
          6792   12950090             86             74      -12       -3921               280
          6793    5503016             86             75      -11       -3411               464
          6794    8115609             86             86        0        1127               181
          6795    1300105             86             71      -15       -5642               351
          6796      42547             86             72      -14       -4998               457
          6797    7540901             86             87        1        1334               339
          6798    9238745             86             76      -10       -2820               505
          6799    9995673             86             72      -14       -4991               538
          6800   11689838             86             88        2        1663               380
          6801   10904495             86             74      -12       -3842               267
          6802    3569117             86             95        9        3041               334
          6803    4555931             86             96       10        3243               336
          6804    7675817             86             70      -16       -6323               472
          6805   12130836             86             89        3        1889               323
          6806   13431365             86             74      -12       -3874               459
          6807    3031136             86             81       -5        -772               412
          6808   10937314             86             71      -15       -5617               202
          6809   10240554             86             83       -3          72               319
          6810     900449             86             79       -7       -1478               386
          6811    8188520             86             75      -11       -3258               243
          6812    3673289             86             74      -12       -3836               544
          6813   10312099             86             72      -14       -5050               472
          6814   12251559             86             78       -8       -1874               374
          6815    5844219             86            104       18        4361               384
          6816   11660804             86             76      -10       -2727               393
          6817    2197517             86             90        4        2077               479
          6818    9220235             86             91        5        2325               296
          6819    2602940             86             84       -2         436               181
          6820   10897874             86             72      -14       -5040               620
          6821    5003363             86             79       -7       -1523               407
          6822    4490821             86             71      -15       -5649               245
          6823   11596672             86             80       -6       -1033               297
          6824    7805876             86             85       -1         668               402
          6825   13293042             86             71      -15       -5578               395
          6826   13582386             86             88        2        1608               463
          6827   12903135             86             96       10        3246               319
          6828   12066335             86             69      -17       -6992               307
          6829     668749             86             75      -11       -3190               479
          6830    2843557             86             88        2        1670               332
          6831   11671405             86             74      -12       -3921               448
          6832    8851675             86            104       18        4418               219
          6833   10193453             86             74      -12       -3834               307
          6834    4812125             86             81       -5        -744               429
          6835   11815173             86             73      -13       -4452               307
          6836    8736072             86             92        6        2509               303
          6837    8818964             86             76      -10       -2734               295
          6838    9946404             86             77       -9       -2385               347
          6839   11275340             86             84       -2         389               175
          6840   12187968             86             84       -2         291               259
          6841    6225876             86             76      -10       -2817               329
          6842    9439887             86             80       -6       -1047               445
          6843    9788896             86             84       -2         363               243
          6844   10360446             86             78       -8       -1747               422
          6845   12644559             86             82       -4        -322               544
          6846    6313174             86             78       -8       -1891               190
          6847    9794576             86             89        3        1867               270
          6848    9515204             86             82       -4        -301               304
          6849   10953217             86             96       10        3246               449
          6850    1023234             86             81       -5        -691               341
          6851     582952             86             79       -7       -1513               336
          6852   11515588             86             83       -3          34               483
          6853    5473044             86             84       -2         322               542
          6854   13232384             86             76      -10       -2767               366
          6855    4724468             86             78       -8       -1950               461
          6856    6867366             86             87        1        1334               327
          6857   10310868             86             75      -11       -3318               472
          6858    5188174             86             78       -8       -1841               274
          6859    1273331             86             76      -10       -2771               331
          6860    4120492             86             71      -15       -5653               424
          6861    7909722             86             81       -5        -519               215
          6862    4738631             86             79       -7       -1505               525
          6863    1029271             86             93        7        2728               211
          6864    7534315             86             81       -5        -547               287
          6865    6501981             86             79       -7       -1374               166
          6866    2971064             86             86        0         985               310
          6867    6828853             86             83       -3          46               194
          6868   12420768             86             81       -5        -544               206
          6869   12843594             86             93        7        2727               730
          6870    1239819             86             87        1        1341               336
          6871    2839388             86             83       -3          -2               483
          6872   11880926             86             89        3        1887               276
          6873   10717490             86             88        2        1675               383
          6874    3484921             86             88        2        1624               492
          6875    2324175             86             88        2        1628               298
          6876    5633035             86             89        3        1893               365
          6877    1157097             86             71      -15       -5663               322
          6878    1128071             86             79       -7       -1390               278
          6879    7876957             86             74      -12       -3902               406
          6880   10020727             86            102       16        4178               260
          6881    6242609             86             78       -8       -1879               378
          6882    7581655             86             78       -8       -1857               260
          6883    8562141             86            109       23        4911               359
          6884   11165608             86             92        6        2561               365
          6885    7951636             86             82       -4        -296               463
          6886      36727             86             92        6        2574               230
          6887    2446163             86             74      -12       -3932               383
          6888   11816751             86             86        0        1051               210
          6889   10768221             86             91        5        2366               203
          6890    2376615             86             74      -12       -3846               286
          6891    2801191             86             81       -5        -669               338
          6892    1087312             86             73      -13       -4486               422
          6893    1350829             86             77       -9       -2335               298
          6894   11873015             86             91        5        2362               204
          6895   11887098             86             84       -2         337               389
          6896   13059080             86             70      -16       -6412               427
          6897    3608751             86             83       -3          57               240
          6898    6898901             86             79       -7       -1494               371
          6899   11105488             86             81       -5        -703               487
          6900    1368070             86             75      -11       -3303               342
          6901   10738435             86             85       -1         695               406
          6902    5426612             86             74      -12       -3895               275
          6903    5820601             86             80       -6       -1068               191
          6904   12380719             86             93        7        2750               303
          6905   11939959             86            112       26        5168               246
          6906    1957630             86             77       -9       -2350               240
          6907    5485869             86             88        2        1698               260
          6908    4867590             86             85       -1         674               206
          6909   12861837             85             77       -8       -1932               247
          6910   11932492             85             92        7        2751               162
          6911    6202405             85             95       10        3299               311
          6912    5749388             85             80       -5        -696               123
          6913    8909339             85             85        0        1006               267
          6914   10645574             85             77       -8       -1942               207
          6915    3190358             85             74      -11       -3353               314
          6916    1571915             85             74      -11       -3363               508
          6917    7447099             85             78       -7       -1511               625
          6918     286802             85             72      -13       -4508               873
          6919    2673448             85             77       -8       -1931               270
          6920   11437912             85             79       -6       -1067               227
          6921    2699464             85             97       12        3632               189
          6922   11069219             85             72      -13       -4519               525
          6923    8944861             85             88        3        1909               244
          6924    3174910             85             80       -5        -686               280
          6925    6895038             85             73      -12       -3986               489
          6926   13621547             85             72      -13       -4533               805
          6927    2926090             85             78       -7       -1520               381
          6928    5858056             85             84       -1         668               382
          6929   13349183             85             84       -1         660               315
          6930   13205243             85             85        0        1016               302
          6931     735342             85             76       -9       -2367               367
          6932    9288788             85             94        9        3143               147
          6933   12367142             85             81       -4        -331               355
          6934    4078443             85             79       -6       -1067               216
          6935   13309666             85             74      -11       -3413               365
          6936       1016             85             91        6        2576               265
          6937     400955             85             74      -11       -3372               602
          6938    3070632             85            103       18        4421               371
          6939   10122822             85             81       -4        -355               521
          6940   13203078             85             90        5        2367               203
          6941   12086904             85             69      -16       -6468               352
          6942    6992014             85             75      -10       -2880               889
          6943    2372313             85             74      -11       -3398              1204
          6944    7866622             85             72      -13       -4484               220
          6945   11011889             85             68      -17       -7260              1099
          6946      61191             85             78       -7       -1519               295
          6947    3834371             85             82       -3         -19               375
          6948   10279804             85             85        0        1007               158
          6949    9352667             85             90        5        2388               179
          6950   12547945             85             79       -6       -1134               499
          6951    4629550             85             71      -14       -5146              1273
          6952    1453588             85             69      -16       -6468               411
          6953     358078             85            105       20        4678               347
          6954   13641128             85             83       -2         306               485
          6955    6127258             85             73      -12       -3965               306
          6956    4857838             85             74      -11       -3424               324
          6957    7024128             85             68      -17       -7273              1069
          6958   10942086             85             77       -8       -1963               734
          6959   10888092             85             79       -6       -1174               370
          6960     699687             85             85        0        1025               141
          6961    7087994             85             78       -7       -1479               241
          6962    6847742             85             79       -6       -1132               243
          6963    2462828             85             90        5        2356               607
          6964    9043282             85             71      -14       -5143               681
          6965   12031130             85             84       -1         637               280
          6966   10008341             85             75      -10       -2859               369
          6967    4969765             85             80       -5        -734               654
          6968    4796630             85             78       -7       -1486               159
          6969   11556849             85             92        7        2745               488
          6970    6192151             85             74      -11       -3421               341
          6971    9647243             85             77       -8       -1922               661
          6972   11643779             85             88        3        1874               717
          6973    2603705             85             85        0         999               422
          6974    4976507             85             88        3        1827               231
          6975     781557             85             72      -13       -4577               590
          6976    8940203             85             70      -15       -5873               409
          6977   12626082             85             83       -2         295               416
          6978    9678326             85             86        1        1328               441
          6979    3137578             85             79       -6       -1119               216
          6980    3062174             85             81       -4        -415               517
          6981    1082130             85             72      -13       -4530               477
          6982   10435063             85             71      -14       -5116               436
          6983    6328406             85             77       -8       -1954               444
          6984    4642380             85             71      -14       -5124               468
          6985     482567             85             78       -7       -1487               197
          6986   11758973             85             84       -1         625               521
          6987    8197180             85             84       -1         648               435
          6988   11288723             85             66      -19       -8910              1077
          6989    2106065             85             70      -15       -5825               300
          6990    7752928             85             80       -5        -765               329
          6991    1391218             85             73      -12       -3996               452
          6992    7424346             85             83       -2         370               817
          6993   10231439             85             83       -2         360               352
          6994    3950981             85             84       -1         713               286
          6995    6695085             85             71      -14       -5151               540
          6996    4618974             85             83       -2         310               422
          6997   12096322             85             82       -3          -2               831
          6998    6109466             85             74      -11       -3386               170
          6999     437047             85             75      -10       -2846               501
          7000     384309             85             81       -4        -350               328
          7001    9277591             85             81       -4        -341               394
          7002   13165109             85             81       -4        -258               192
          7003    5647664             85             79       -6       -1050               351
          7004    8013640             85             80       -5        -736               509
          7005    2221179             85             79       -6       -1201               357
          7006    1326040             85             85        0         920               661
          7007   13079501             85             86        1        1364               340
          7008    1695090             85             78       -7       -1581               417
          7009     885513             85             86        1        1367               187
          7010    4916023             85             87        2        1632               227
          7011    6655938             85             71      -14       -5218               433
          7012   13417765             85             74      -11       -3422               385
          7013    7117639             85             79       -6       -1069               352
          7014    5644038             85             69      -16       -6425               652
          7015    5336948             85             95       10        3392               262
          7016   10749084             85             77       -8       -1984               406
          7017    3446814             85             82       -3          39               241
          7018   10025311             85             75      -10       -2963               632
          7019    7393793             85             81       -4        -313               444
          7020    9185419             85             82       -3          27               361
          7021    4565217             85             78       -7       -1528               670
          7022    2964385             85             72      -13       -4556               210
          7023    8690084             85             64      -21      -10801               831
          7024    3495413             85             73      -12       -3935               551
          7025   13368024             85             86        1        1336               305
          7026    3104110             85             74      -11       -3378               748
          7027    4640078             85             83       -2         331               422
          7028    6749245             85             71      -14       -5139               306
          7029    2127829             85             85        0         952               335
          7030    7657287             85             76       -9       -2457               719
          7031    5672046             85             75      -10       -2881               652
          7032    7851080             85             78       -7       -1431               230
          7033   11135748             85             85        0        1053               313
          7034   10756766             85             80       -5        -686               243
          7035   10346339             85             70      -15       -5905               368
          7036   11530676             85             74      -11       -3441               365
          7037    2152863             85             89        4        2259               237
          7038    1929859             85             72      -13       -4597               476
          7039    7428987             85             85        0         947               625
          7040    4663049             85             75      -10       -2939               326
          7041    1740075             85             78       -7       -1524               362
          7042   11654719             85             75      -10       -2949               398
          7043   10293596             85             93        8        2982               347
          7044   11285055             85             73      -12       -4007               533
          7045    3643459             85             95       10        3344               989
          7046    6401068             85             79       -6       -1126               305
          7047     390833             85             73      -12       -3942               520
          7048    7656062             85             72      -13       -4620               333
          7049    3885254             85             89        4        2254               272
          7050    5331659             85             87        2        1628               462
          7051    1317399             85             86        1        1356               745
          7052    4165557             85             85        0        1033               485
          7053    2270509             85             96       11        3531               297
          7054    5101141             85             76       -9       -2506               260
          7055    3534894             85             78       -7       -1503               440
          7056    7209880             85             67      -18       -8091               873
          7057   11922362             85             85        0        1001               214
          7058    8021621             85             84       -1         721               361
          7059    5247146             85             97       12        3640               436
          7060    9316192             85             74      -11       -3459               250
          7061   13083412             85             86        1        1384               523
          7062   12768399             85             77       -8       -1924               494
          7063    5979846             85             71      -14       -5159               750
          7064     447242             85             80       -5        -670               520
          7065   11745816             85             72      -13       -4701               678
          7066    7218751             85             71      -14       -5116               405
          7067    7540580             85             68      -17       -7300               621
          7068   12831704             85             69      -16       -6530               760
          7069    6384856             85             80       -5        -743               740
          7070    7390421             85             97       12        3677               412
          7071   12779105             85             87        2        1621               238
          7072    2319580             85             82       -3          -7               565
          7073    1065309             85             84       -1         742               205
          7074    5715611             85             83       -2         384               386
          7075    1811219             85             68      -17       -7266               647
          7076   11981462             85             82       -3           9               652
          7077     320906             85             95       10        3388               234
          7078    2694590             85             77       -8       -2038               472
          7079    9691789             85             75      -10       -2982               301
          7080   11095077             85             77       -8       -1886               486
          7081   12144625             85             71      -14       -5189               410
          7082   11470784             85             80       -5        -686               425
          7083    6177923             85             85        0         953               386
          7084    3116900             85             77       -8       -1832               279
          7085   11704229             85             94        9        3256               316
          7086   12158556             85             79       -6       -1058               477
          7087    8700836             85             81       -4        -330               616
          7088    9808255             85             93        8        3011               617
          7089    6202905             85             91        6        2608               265
          7090   10287107             85             76       -9       -2361               506
          7091    8289125             85             74      -11       -3368               567
          7092   10547348             85             81       -4        -405               328
          7093   12351628             85             75      -10       -2925               207
          7094    7031747             85             73      -12       -4035               686
          7095    3026660             85             72      -13       -4646               480
          7096    5589536             85             69      -16       -6487               305
          7097    5331027             85             79       -6       -1216               650
          7098   12900476             85             78       -7       -1422               247
          7099     380555             85             77       -8       -1879               201
          7100    5815101             85             95       10        3454               372
          7101   13626389             85             80       -5        -635               210
          7102   10724672             85             80       -5        -685               696
          7103   10540799             85             72      -13       -4472               341
          7104    2723318             85             73      -12       -3956               700
          7105    2038374             85             70      -15       -5916               445
          7106    3008607             85             79       -6       -1164               217
          7107    5937602             85             81       -4        -365               739
          7108    6113600             85             77       -8       -2012               447
          7109    2661522             85             78       -7       -1551               609
          7110    1957894             85             76       -9       -2404               278
          7111    8409380             85             78       -7       -1430               375
          7112    9453213             85             79       -6       -1144               520
          7113    7428782             85             74      -11       -3462               301
          7114    7815024             85             77       -8       -2010               519
          7115   13478063             85             88        3        1997               346
          7116   10353564             85             89        4        2250               222
          7117    9088475             85             71      -14       -5129               427
          7118    3927387             85             69      -16       -6544               354
          7119    8333650             85             79       -6       -1119               475
          7120   11172823             85             86        1        1458               212
          7121    1395359             85             73      -12       -3966               256
          7122    3880738             85             83       -2         520               231
          7123   12219606             85             84       -1         644               661
          7124    3876524             85             74      -11       -3498               437
          7125    5401032             85             70      -15       -5718               577
          7126    9612671             85             68      -17       -7320               512
          7127    3746686             85             90        5        2508               275
          7128   11332666             85             80       -5        -691               229
          7129    9400873             85             80       -5        -666               403
          7130   12975156             85             88        3        2064               167
          7131    8709115             85             73      -12       -3969               586
          7132      86565             85             76       -9       -2357               625
          7133    7078731             85             98       13        3950               278
          7134    1392453             85             84       -1         809               152
          7135    1042959             85             87        2        1855               215
          7136    7627272             85             86        1        1397               462
          7137     266441             85             93        8        3051               628
          7138    1814429             85             97       12        3773               410
          7139   12497963             85             87        2        1659               546
          7140    3264106             85             91        6        2619               523
          7141    1101792             85             89        4        2347               168
          7142     224353             85             74      -11       -3552               337
          7143     635129             85             80       -5        -611               341
          7144   12401927             85             86        1        1440               325
          7145    5457028             85             74      -11       -3550               206
          7146    8462949             85             72      -13       -4505               351
          7147    2731593             85             69      -16       -6489               866
          7148    4351119             85             83       -2         403               458
          7149    3073231             85             78       -7       -1556               437
          7150     178060             85             74      -11       -3483               718
          7151    1327206             85             85        0        1035               530
          7152    2379131             85             89        4        2213               552
          7153   10408540             85             77       -8       -1764               246
          7154    5315678             85             74      -11       -3451               423
          7155    4578197             85             83       -2         326               373
          7156   10974549             85             77       -8       -1911               257
          7157    2476685             85             95       10        3436               310
          7158    1567332             85             75      -10       -2914               404
          7159    1404328             85             77       -8       -1929               530
          7160    5420760             85             70      -15       -5650               391
          7161   12186059             85             80       -5        -717               540
          7162   10871239             85             68      -17       -7175               285
          7163   10125926             85             89        4        2185               403
          7164    8860598             85             76       -9       -2476               522
          7165    7569687             85             78       -7       -1399               254
          7166   10590676             85             79       -6       -1075               235
          7167    4123322             85             70      -15       -5919               356
          7168    4522638             85             76       -9       -2442               287
          7169     284410             85            119       34        5924               243
          7170    4571455             85            103       18        4584               425
          7171   12868584             85             65      -20       -9837               486
          7172   13256065             85             74      -11       -3411               457
          7173    3284478             85             73      -12       -4003               563
          7174    2900946             85             75      -10       -2861               462
          7175   12436735             85             76       -9       -2441               479
          7176    1898970             85             73      -12       -4018               520
          7177    2812151             85             78       -7       -1590               567
          7178    5381525             85             78       -7       -1464               452
          7179    3232524             85             70      -15       -5918               495
          7180     357923             85             73      -12       -4202               448
          7181    5138797             85             93        8        3076               523
          7182    3815537             85             85        0        1037               257
          7183   12369232             85             72      -13       -4592               422
          7184   13018297             85             75      -10       -2963               670
          7185    5714959             85             77       -8       -1940               433
          7186    7292881             85             69      -16       -6683               417
          7187   12996348             85             77       -8       -2047               482
          7188    9511725             85             85        0        1002               332
          7189    1511487             85             74      -11       -3466               412
          7190   10467754             85             73      -12       -4033               415
          7191   11383889             85             70      -15       -5901               605
          7192    3523758             85             80       -5        -685               226
          7193   13107655             85            120       35        6023               280
          7194    3300618             85             78       -7       -1523               328
          7195   13312181             85             79       -6       -1160               461
          7196   10701389             85             92        7        2878               694
          7197    1017034             85             86        1        1440               419
          7198    7637201             85             97       12        3859               186
          7199    4161783             85             77       -8       -1965               561
          7200    4062149             85             74      -11       -3520               438
          7201    1890830             85             80       -5        -685               453
          7202    1851739             85             75      -10       -2919               317
          7203     711578             85             87        2        1702               242
          7204   13183524             85             79       -6       -1101               461
          7205   10928911             85             77       -8       -1937               430
          7206    2184111             85             85        0        1098               350
          7207    3706446             85             87        2        1816               317
          7208   10876657             85             74      -11       -3349               325
          7209     474938             85             72      -13       -4522               492
          7210    3040075             85             85        0        1100               268
          7211    1776556             85             77       -8       -1803               236
          7212    5098446             85             84       -1         675               348
          7213   13019570             85             74      -11       -3431               270
          7214    4610072             85             82       -3          17               479
          7215    3826495             85             86        1        1386               331
          7216   12103556             85             69      -16       -6778               517
          7217   10035828             85             76       -9       -2470               404
          7218    5636495             85             95       10        3454               602
          7219    6899867             85             91        6        2714               307
          7220    2274167             85             78       -7       -1554               394
          7221   12386330             85             78       -7       -1463               305
          7222   12869041             85             97       12        3772               361
          7223   13462801             85             82       -3          44               242
          7224   13544753             85             74      -11       -3463               391
          7225     395013             85             87        2        1755               431
          7226    9518478             85            100       15        4259               382
          7227    3301754             85             84       -1         725               522
          7228    7050708             85             81       -4        -160               237
          7229    4587197             85             84       -1         740               582
          7230    3662477             85             78       -7       -1424               417
          7231     814532             85             81       -4        -282               191
          7232    2602746             85            109       24        5265               330
          7233    3609445             85             81       -4        -277               291
          7234    6330754             85             71      -14       -5207               435
          7235   12169210             85             93        8        3092               620
          7236    7347133             85             69      -16       -6517               406
          7237    4330364             85             84       -1         729               410
          7238    3449878             85             75      -10       -2963               337
          7239   12210847             85             78       -7       -1489               188
          7240    4548306             85             81       -4        -276               320
          7241     372083             85             95       10        3469               304
          7242    7503653             85             74      -11       -3540               374
          7243    9287265             85             76       -9       -2438               354
          7244    9577265             85             75      -10       -2633               212
          7245    6765149             85             87        2        1717               259
          7246    8499279             85             92        7        2913               246
          7247    3623284             85             74      -11       -3463               352
          7248    1596641             85             86        1        1415               413
          7249    7499279             85             86        1        1406               462
          7250   12048925             85             85        0        1043               508
          7251   10985962             85             83       -2         413               296
          7252    9997172             85             72      -13       -4690               393
          7253    9104886             85             92        7        2940               243
          7254    3540260             85             76       -9       -2423               238
          7255    2381885             85             86        1        1453               238
          7256     252659             85             92        7        2958               209
          7257    2215840             85             86        1        1398               347
          7258    2959868             85             83       -2         449               429
          7259    9454955             85             79       -6        -938               351
          7260    7211165             85             81       -4        -328               395
          7261   10240038             85             70      -15       -5934               462
          7262    5468114             85             85        0        1184               407
          7263   13313082             85             86        1        1436               234
          7264    7620924             85             87        2        1720               638
          7265   12114116             85             65      -20       -9947               345
          7266    4440813             85             76       -9       -2416               382
          7267   10629396             85             82       -3         135               287
          7268    9338513             85             71      -14       -5036               240
          7269    5709493             85             80       -5        -637               322
          7270    3094838             85             89        4        2279               454
          7271   12796958             85             82       -3          45               444
          7272     175010             85            103       18        4663               443
          7273     169528             85            105       20        4911               311
          7274     702131             85             80       -5        -580               245
          7275    8075576             85             79       -6       -1091               295
          7276    9381754             85             68      -17       -7498               339
          7277    5545994             85             73      -12       -3926               193
          7278    9838381             85            101       16        4448               317
          7279     819953             85             96       11        3682               209
          7280    2009713             85             83       -2         412               232
          7281    8029587             85             86        1        1483               215
          7282    5547218             85             81       -4        -318               202
          7283    6188408             85             77       -8       -1938               255
          7284   12065465             85             79       -6       -1036               225
          7285    1252739             85             83       -2         499               288
          7286   12715167             85             81       -4        -192               311
          7287   13642259             85             69      -16       -6679               309
          7288   10092691             85             70      -15       -5901               544
          7289    4187321             85             82       -3          75               211
          7290   10032037             85             73      -12       -3946               218
          7291   11785297             85             73      -12       -4077               219
          7292   11719972             85             91        6        2824               214
          7293   12448506             85             98       13        4033               291
          7294    5959745             85             76       -9       -2446               331
          7295    3956321             85             69      -16       -6755               325
          7296   13329185             85             77       -8       -1921               310
          7297    5807320             85             72      -13       -4638               233
          7298    8568521             85             83       -2         452               223
          7299   12456960             85             86        1        1430               296
          7300    8826188             85             74      -11       -3538               351
          7301   11512389             85             66      -19       -9181               372
          7302    9265811             85            101       16        4458               346
          7303    8552876             85             76       -9       -2404               292
          7304    8910570             85             91        6        2773               231
          7305     971936             85             84       -1         767               256
          7306    3233056             85             68      -17       -7412               454
          7307    7446841             85            101       16        4519               285
          7308    5741989             85             71      -14       -5354               397
          7309   13423317             85             75      -10       -2918               244
          7310    1156335             85             77       -8       -1949               320
          7311    3273889             85             80       -5        -669               232
          7312    7473450             84             79       -5        -676               293
          7313    1459502             84             79       -5        -672               151
          7314     392616             84             92        8        3146               325
          7315    1319503             84             70      -14       -5392               305
          7316   13618216             84             80       -4        -306               264
          7317    1548529             84             79       -5        -693               448
          7318   12349714             84             86        2        1747               224
          7319    7302083             84             76       -8       -1996               339
          7320   12299814             84             74      -10       -2957               361
          7321    5324005             84             89        5        2534               486
          7322    6849598             84             80       -4        -301               165
          7323    3735524             84             84        0        1084               170
          7324     243550             84             75       -9       -2462               360
          7325    6385437             84             86        2        1758               230
          7326    7559682             84             75       -9       -2458               413
          7327    5590810             84             74      -10       -2958               281
          7328    8089664             84             75       -9       -2460               231
          7329     156906             84             76       -8       -1994               470
          7330    2030035             84             73      -11       -3563               331
          7331    8036453             84             70      -14       -5408              1227
          7332     417808             84             76       -8       -1996               213
          7333    1071197             84             88        4        2301               178
          7334     724509             84             74      -10       -2965               256
          7335    3626214             84             80       -4        -312               421
          7336    6658247             84             80       -4        -308               316
          7337    8669062             84             68      -16       -6843               435
          7338    8572979             84             72      -12       -4152               238
          7339    8358490             84             76       -8       -2007               473
          7340    6435263             84             74      -10       -2994               331
          7341   11038853             84             69      -15       -6080              1560
          7342     834581             84             81       -3          95               143
          7343    3468856             84             84        0        1057               282
          7344   12451909             84             71      -13       -4736               238
          7345   10175301             84             76       -8       -2010               987
          7346    2117184             84             96       12        3878               337
          7347     866823             84             85        1        1421               182
          7348    7539349             84             81       -3          35               391
          7349    1336925             84             93        9        3371               236
          7350    2255929             84             79       -5        -727               599
          7351    8229876             84             76       -8       -2014               164
          7352    8767154             84             84        0        1080               374
          7353   11535546             84             91        7        2995               199
          7354    6161168             84             70      -14       -5365               307
          7355    4986000             84             81       -3          70               243
          7356    9716427             84             78       -6       -1120               372
          7357   10620233             84             84        0         983               611
          7358   12564917             84             69      -15       -6102               527
          7359    7101963             84             84        0        1092               187
          7360    3801581             84             73      -11       -3655               412
          7361    9164906             84             77       -7       -1542               461
          7362    4235316             84             70      -14       -5462               395
          7363    9491147             84             96       12        3890               232
          7364    1628487             84             77       -7       -1513               219
          7365    1664312             84             81       -3          70               500
          7366   11976479             84             76       -8       -2026               674
          7367    9310395             84             76       -8       -2020               717
          7368    2508225             84             90        6        2713               467
          7369    5835076             84             77       -7       -1563               358
          7370    6003749             84             79       -5        -816               316
          7371     409953             84             79       -5        -716               530
          7372    7100072             84             86        2        1793               313
          7373    1776799             84             84        0        1069               640
          7374    4488315             84             70      -14       -5449               644
          7375   11825683             84             77       -7       -1522               272
          7376   13237717             84             76       -8       -1977               362
          7377    2674247             84             99       15        4324               185
          7378    3119680             84             80       -4        -262               264
          7379    1034395             84             74      -10       -3035               286
          7380   10734451             84             73      -11       -3599               618
          7381    6707558             84             82       -2         422               398
          7382    6670214             84             69      -15       -6170               906
          7383    3737774             84             73      -11       -3626              1161
          7384    8592882             84             83       -1         758               383
          7385     439783             84             72      -12       -4145               340
          7386   11558691             84             71      -13       -4830               519
          7387    3820782             84             84        0        1074               217
          7388   13408858             84             73      -11       -3686               643
          7389    9559421             84             72      -12       -4115               451
          7390     133794             84             74      -10       -3037               383
          7391    6582454             84             74      -10       -3118               304
          7392   12543566             84             91        7        2960               249
          7393    4580701             84             74      -10       -3044               293
          7394    1237275             84             76       -8       -1991               176
          7395    1007229             84             80       -4        -289               373
          7396     485132             84             81       -3          53               505
          7397    4359073             84             80       -4        -267               212
          7398    6482726             84             74      -10       -3048               581
          7399     786714             84             81       -3         -34               354
          7400    7799050             84             78       -6       -1127               347
          7401   13525155             84             84        0        1007               381
          7402    2349875             84             79       -5        -638               262
          7403    4254029             84             78       -6       -1238               548
          7404   12696355             84             96       12        3880               381
          7405    1753129             84             87        3        1997               238
          7406    1860260             84             76       -8       -2095               404
          7407    2644383             84             70      -14       -5464               354
          7408   13631101             84             76       -8       -2034               307
          7409   10546223             84             80       -4        -413               383
          7410   11245069             84             83       -1         743               345
          7411    8043710             84             86        2        1772               253
          7412     439080             84             74      -10       -3129               843
          7413   11441850             84             79       -5        -809               857
          7414    9420442             84             80       -4        -402               316
          7415   13352906             84             76       -8       -2080               751
          7416    1096977             84             71      -13       -4754               524
          7417    9453188             84             85        1        1302               345
          7418    7129695             84             73      -11       -3701               383
          7419    2162022             84             75       -9       -2446               513
          7420   12063312             84             74      -10       -2916               203
          7421    6615941             84             73      -11       -3713               667
          7422    2465471             84             78       -6       -1108               303
          7423    9699905             84             76       -8       -2044               487
          7424    4527180             84             68      -16       -6975               759
          7425    3808005             84             77       -7       -1524               355
          7426   10185152             84             80       -4        -300               711
          7427    1366805             84            106       22        5215               311
          7428    7991213             84             78       -6       -1053               231
          7429     384100             84             82       -2         327               390
          7430   11877452             84             81       -3          10               771
          7431   11359332             84             81       -3          67               475
          7432   13216063             84             72      -12       -4124               317
          7433    9264495             84             77       -7       -1559               489
          7434   12169023             84             88        4        2329               724
          7435      33284             84             83       -1         804               336
          7436    2641789             84             81       -3          46               642
          7437    5932542             84             62      -22      -12397               916
          7438    2721915             84             83       -1         720               624
          7439    1461745             84             81       -3         100               310
          7440     323309             84             81       -3          69               228
          7441    6399318             84             76       -8       -2067               327
          7442    8782892             84             69      -15       -6232               363
          7443   11296812             84             76       -8       -2076               435
          7444    4746651             84             84        0        1003               622
          7445    3837013             84             73      -11       -3526               443
          7446    2136929             84             79       -5        -680               298
          7447    9824173             84             78       -6       -1051               174
          7448    6077405             84             70      -14       -5496               165
          7449    2565664             84             77       -7       -1574               393
          7450    1830167             84             77       -7       -1656               391
          7451   12509357             84             71      -13       -4693               375
          7452    2322507             84             74      -10       -3075               344
          7453    1473594             84             74      -10       -3047               494
          7454   12574524             84             71      -13       -5019               786
          7455    2433298             84             79       -5        -602               176
          7456   13497943             84             82       -2         523               327
          7457   11134266             84             93        9        3409               391
          7458   12488921             84             76       -8       -2015               532
          7459     800584             84             87        3        2096               265
          7460    6522766             84             89        5        2560               515
          7461    7418425             84             78       -6       -1047               154
          7462    9749000             84             73      -11       -3603               755
          7463   10731406             84             80       -4        -374               502
          7464    4245696             84             85        1        1264               397
          7465    4267104             84             84        0        1029               369
          7466     630291             84             80       -4        -283               210
          7467       1911             84             74      -10       -3096               539
          7468   12913085             84             78       -6       -1179               622
          7469     588714             84             84        0        1105               253
          7470    6867207             84             92        8        3202               452
          7471   11747572             84             89        5        2513               312
          7472    4354626             84             74      -10       -3142               596
          7473    8024045             84             76       -8       -1996               515
          7474     191675             84             72      -12       -4286               389
          7475   11594504             84             75       -9       -2514               398
          7476   10112503             84             74      -10       -3105               663
          7477    5026894             84             82       -2         394               416
          7478    1683649             84             80       -4        -357               347
          7479   13043591             84             74      -10       -3097               419
          7480   11803811             84             72      -12       -4202               249
          7481    4886904             84             74      -10       -3024               462
          7482    7484669             84             70      -14       -5474               220
          7483    9954132             84             90        6        2769               396
          7484    7925953             84             74      -10       -3112               461
          7485     312538             84             72      -12       -4215               482
          7486    5500374             84             92        8        3175               424
          7487    1333543             84             72      -12       -4242               202
          7488   12631373             84             72      -12       -4150               515
          7489    5162229             84             88        4        2365               251
          7490    2061931             84             83       -1         733               553
          7491   11050197             84             75       -9       -2535               329
          7492    9489215             84             86        2        1718               411
          7493    4198345             84             79       -5        -751               389
          7494    7718606             84             83       -1         773               415
          7495    7200764             84             72      -12       -4129               265
          7496    1780113             84             73      -11       -3641               551
          7497    4969935             84             85        1        1403               468
          7498   10650733             84             77       -7       -1476               300
          7499   12140464             84             78       -6       -1077               309
          7500     636138             84            100       16        4594               285
          7501     250587             84             84        0        1126               347
          7502    1664761             84             74      -10       -3078               281
          7503     501718             84             68      -16       -7071               398
          7504    3349342             84            100       16        4535               598
          7505    2893012             84             72      -12       -4254               533
          7506    6968146             84             93        9        3405               467
          7507    2237686             84             80       -4        -337               319
          7508    2736633             84             81       -3          25               405
          7509   12419865             84             78       -6       -1201               370
          7510   10389494             84             83       -1         778               258
          7511   12822725             84             81       -3         -46               301
          7512   13223300             84             76       -8       -2193               270
          7513   11324641             84            125       41        6557               731
          7514     432507             84             69      -15       -6232               291
          7515   11836761             84            103       19        4984               172
          7516    6625798             84             74      -10       -3111               529
          7517   12535164             84             72      -12       -4236               420
          7518    1506043             84             83       -1         681               380
          7519    4897927             84             73      -11       -3611               484
          7520   11991624             84             94       10        3570               501
          7521    8645708             84             71      -13       -4710               456
          7522   11992290             84             90        6        2801               635
          7523    5657666             84             92        8        3233               349
          7524    8620038             84             73      -11       -3631               361
          7525    9885171             84             73      -11       -3563               255
          7526   10131950             84             72      -12       -4363               601
          7527   13527738             84             95       11        3770               289
          7528   10014985             84             77       -7       -1604               426
          7529    6720622             84             72      -12       -4264               466
          7530     875406             84             73      -11       -3678               622
          7531    1960415             84             87        3        2004               326
          7532   10739916             84             71      -13       -4887               566
          7533    4498403             84             77       -7       -1627               382
          7534    8593518             84             87        3        2014               192
          7535   10440887             84             93        9        3396               294
          7536    4887197             84             76       -8       -2156               408
          7537   12081528             84             81       -3          52               141
          7538    1347613             84             86        2        1777               460
          7539    9563943             84             68      -16       -7068               453
          7540    3905069             84             72      -12       -3943               235
          7541   11408625             84             68      -16       -6841               374
          7542    6830884             84             79       -5        -719               301
          7543     514181             84             83       -1         813               627
          7544    6689256             84             85        1        1478               530
          7545    8785439             84             80       -4        -288               237
          7546    4382499             84             76       -8       -2120               473
          7547    6809376             84             73      -11       -3602               302
          7548    9827043             84             71      -13       -4872               456
          7549    8896084             84             94       10        3644               444
          7550      27472             84             74      -10       -3172               476
          7551    5004487             84             88        4        2328               306
          7552   11364941             84             94       10        3608               381
          7553    2831749             84             78       -6       -1078               279
          7554    2811443             84             84        0        1224               295
          7555    4385393             84             73      -11       -3707               487
          7556    9949167             84             80       -4        -316               407
          7557    1836078             84             87        3        2076               278
          7558    6129135             84             75       -9       -2517               302
          7559    6457935             84             80       -4        -317               400
          7560   10508942             84             75       -9       -2484               482
          7561   11692740             84             90        6        2855               442
          7562    3764883             84             86        2        1753               398
          7563     396898             84             83       -1         935               208
          7564   11080716             84             83       -1         857               311
          7565    1744468             84             88        4        2365               285
          7566    6663387             84             85        1        1405               394
          7567   11853224             84             85        1        1400               519
          7568    7388353             84             76       -8       -1963               384
          7569    7384959             84             83       -1         721               340
          7570    5213749             84             86        2        1756               190
          7571    5139244             84             91        7        3055               526
          7572    1625274             84             75       -9       -2541               436
          7573    6883520             84             71      -13       -4688               379
          7574    5548296             84             74      -10       -2973               310
          7575   10336266             84             76       -8       -1929               345
          7576    5361321             84            103       19        5013               367
          7577     899355             84             81       -3          32               379
          7578     243373             84             76       -8       -2125               352
          7579     184328             84             81       -3         110               245
          7580    8380897             84             74      -10       -3048               220
          7581    2415407             84             75       -9       -2611               297
          7582    2890043             84             74      -10       -2967               313
          7583   10424880             84             73      -11       -3694               463
          7584    6810001             84             76       -8       -2090               384
          7585    4956198             84             74      -10       -3112               523
          7586   13650446             84             72      -12       -4120               495
          7587    5914151             84             86        2        1738               518
          7588    4235032             84             85        1        1371               491
          7589    8635753             84             92        8        3255               339
          7590     694453             84             85        1        1521               361
          7591    4931116             84             69      -15       -6271               431
          7592    3954300             84            111       27        5797               359
          7593   12894152             84             72      -12       -4294               349
          7594     203902             84             99       15        4483               268
          7595    3528563             84             80       -4        -296               419
          7596     824068             84             78       -6       -1187               377
          7597    5331752             84             74      -10       -3183               291
          7598    3970890             84             77       -7       -1580               290
          7599    8313802             84             79       -5        -761               303
          7600    4960946             84             88        4        2351               386
          7601   10853842             84            111       27        5780               324
          7602    8968602             84             80       -4        -266               406
          7603     267753             84             82       -2         420               242
          7604     789651             84             73      -11       -3703               468
          7605    7516527             84             88        4        2352               323
          7606   13024671             84             83       -1         826               493
          7607    8548789             84             92        8        3278               377
          7608   11490587             84             79       -5        -727               420
          7609   11915114             84             95       11        3932               225
          7610    2021902             84             83       -1         775               325
          7611    8808878             84             82       -2         415               227
          7612    2636412             84             93        9        3503               302
          7613    9711759             84             93        9        3498               254
          7614    4312717             84             77       -7       -1592               381
          7615    8176427             84             73      -11       -3726               332
          7616   12507030             84             72      -12       -3981               288
          7617    8515796             84             76       -8       -2111               254
          7618   11754475             84             89        5        2661               343
          7619    6376180             84             72      -12       -4211               330
          7620   13025313             84             82       -2         427               271
          7621    4654453             84            114       30        6045               490
          7622   12229214             84             78       -6       -1167               360
          7623    2827894             84             76       -8       -2104               491
          7624    9906445             84             79       -5        -684               223
          7625    8720023             84             94       10        3670               207
          7626    7339266             84             80       -4        -201               194
          7627   11689044             84             70      -14       -5541               417
          7628    1187982             84             80       -4        -260               258
          7629     743122             84             76       -8       -2062               362
          7630    2647899             84             83       -1         758               479
          7631   12859865             84             73      -11       -3559               324
          7632    9519917             84             77       -7       -1551               555
          7633   11750761             84             74      -10       -2949               255
          7634    4386801             84             81       -3         212               252
          7635    7743191             84             76       -8       -2101               251
          7636   10568408             84             88        4        2395               293
          7637    5033850             84             76       -8       -2089               429
          7638    5348928             84             78       -6       -1091               316
          7639    8861269             84             87        3        2114               329
          7640    5958117             84             88        4        2392               339
          7641    8707911             84             91        7        3161               296
          7642    4922244             84             83       -1         903               228
          7643     121599             84             86        2        1825               201
          7644   13589439             84             79       -5        -743               285
          7645    6169898             84             79       -5        -746               211
          7646    8411500             84             79       -5        -743               210
          7647    5330178             84             78       -6       -1164               375
          7648    2159106             84             89        5        2647               238
          7649   12400145             84             84        0        1123               300
          7650     193887             84            101       17        4845               210
          7651   13213786             84             81       -3          70               306
          7652   13009590             84             86        2        1904               242
          7653    5982766             84             77       -7       -1600               297
          7654    1021773             84             72      -12       -4321               456
          7655    6763981             84             75       -9       -2581               391
          7656    3579476             84             82       -2         443               320
          7657   11064111             84             74      -10       -3158               307
          7658    5580575             84             87        3        2098               291
          7659    5303131             84             86        2        1805               277
          7660    9890870             84             86        2        1775               295
          7661    9352207             84             75       -9       -2560               206
          7662    6174313             83            103       20        5165               232
          7663   13703902             83             84        1        1427               225
          7664     318646             83             84        1        1429               131
          7665    9444724             83             78       -5        -745               283
          7666    7226153             83             79       -4        -324               210
          7667   13136984             83             74       -9       -2600               298
          7668   13280403             83             73      -10       -3189               592
          7669     582341             83             82       -1         786               196
          7670    6841485             83             80       -3          43               436
          7671    5882460             83             76       -7       -1620               318
          7672    6546599             83             64      -19       -9939               764
          7673   10429250             83             76       -7       -1619               264
          7674    4111879             83             90        7        3104               237
          7675      79273             83             76       -7       -1599               146
          7676    6833325             83             76       -7       -1611               198
          7677    7222359             83             73      -10       -3186               287
          7678    6091006             83             87        4        2387               320
          7679    6360642             83             77       -6       -1180               146
          7680   12754408             83             72      -11       -3768               384
          7681    9445656             83             74       -9       -2609               522
          7682   10364630             83             77       -6       -1180               146
          7683    6008313             83             76       -7       -1599               303
          7684    3479800             83             79       -4        -351               398
          7685    1611004             83             80       -3          30               228
          7686    4804172             83             86        3        2117               230
          7687    4061217             83             73      -10       -3210               308
          7688    1136910             83             76       -7       -1653               565
          7689    5648116             83             82       -1         762               281
          7690    2643390             83             75       -8       -2101               336
          7691   11310600             83             73      -10       -3212               357
          7692   13377431             83             71      -12       -4351               396
          7693   10607265             83             81       -2         413               330
          7694    5102478             83             74       -9       -2613               207
          7695   12313743             83             81       -2         416               324
          7696    6990967             83             74       -9       -2616               518
          7697    2811316             83             80       -3          44               323
          7698    1024656             83             82       -1         785               200
          7699    4811572             83             67      -16       -7270               971
          7700    8292635             83             77       -6       -1228               553
          7701    1256686             83             85        2        1801               127
          7702    7623982             83             74       -9       -2621               472
          7703   12818302             83             87        4        2422               208
          7704   12625122             83             80       -3          76               497
          7705     170290             83             76       -7       -1681              1067
          7706    4867327             83             90        7        3144               252
          7707   13246239             83             77       -6       -1169               310
          7708    9645600             83             84        1        1379               398
          7709    8967107             83             69      -14       -5786               486
          7710    8166472             83             76       -7       -1628               346
          7711    1786763             83             72      -11       -3771               311
          7712   10153201             83             80       -3         -60               415
          7713    4556934             83             75       -8       -2138               732
          7714    4442342             83             92        9        3516               322
          7715    3218165             83             83        0        1058               351
          7716   11268185             83             73      -10       -3304               440
          7717   12563481             83             68      -15       -6472               380
          7718    5665949             83             77       -6       -1251               299
          7719    5994262             83             78       -5        -795               364
          7720    6118172             83             78       -5        -802               439
          7721    7735871             83             72      -11       -3781               688
          7722    1485521             83             75       -8       -2199               543
          7723    6183538             83             85        2        1759               230
          7724   12139719             83             81       -2         420               381
          7725    2377311             83             70      -13       -5122               681
          7726    4386069             83             72      -11       -3899               319
          7727      53260             83             74       -9       -2615               321
          7728    8450915             83             76       -7       -1671               224
          7729    8415090             83             81       -2         441               357
          7730    8894653             83             65      -18       -9080               590
          7731    6120321             83             82       -1         780               205
          7732    7345536             83             74       -9       -2572               258
          7733    8488460             83             75       -8       -2119               702
          7734    2856128             83             76       -7       -1693               585
          7735   13360454             83             80       -3          75               338
          7736    2327876             83             71      -12       -4321               185
          7737    5303751             83             79       -4        -295               330
          7738    7281374             83             78       -5        -833               859
          7739    3315018             83             92        9        3474               217
          7740    4659563             83             76       -7       -1712               414
          7741    9621270             83             86        3        2153               146
          7742     704258             83             76       -7       -1697               568
          7743    7513096             83             99       16        4763               270
          7744    3693379             83             77       -6       -1275               380
          7745    6169510             83             77       -6       -1304               843
          7746   10044685             83             80       -3          61               512
          7747    8506423             83             79       -4        -367               218
          7748    6100819             83             82       -1         811               209
          7749     953454             83             90        7        3166               536
          7750    5236333             83             76       -7       -1688               716
          7751   13610626             83             85        2        1798               370
          7752    1097942             83             71      -12       -4395               536
          7753   11499131             83             72      -11       -3827               346
          7754    8702787             83             72      -11       -3739               206
          7755    3990047             83             69      -14       -5754               402
          7756    9501123             83             81       -2         486               158
          7757    5882522             83             84        1        1469               293
          7758    5523357             83             75       -8       -2099               329
          7759    6456737             83             77       -6       -1170               286
          7760    2628007             83             87        4        2437               268
          7761    9777824             83             87        4        2347               647
          7762    6554953             83             80       -3          97               239
          7763    2508295             83             67      -16       -7307               727
          7764    3347375             83             82       -1         764               348
          7765   13080570             83             75       -8       -2143               343
          7766   10187616             83             85        2        1724               533
          7767    3568604             83             70      -13       -5090               944
          7768    4852981             83             92        9        3576               348
          7769   12868004             83             75       -8       -2113               401
          7770    7886413             83             73      -10       -3298               526
          7771    2631427             83             91        8        3321               866
          7772    5085001             83             72      -11       -3848               498
          7773   11622422             83             86        3        2141               647
          7774    4066893             83             77       -6       -1268               385
          7775    9417557             83             97       14        4390               407
          7776   13553680             83             69      -14       -5797               988
          7777    1583313             83             85        2        1838               324
          7778   10419865             83             68      -15       -6481               634
          7779   11081603             83             74       -9       -2712               473
          7780   10949831             83             75       -8       -2133               408
          7781   13376495             83             73      -10       -3298               327
          7782    8692727             83             77       -6       -1142               205
          7783    1071447             83             99       16        4764               374
          7784    4198341             83             82       -1         726               641
          7785    6710311             83             65      -18       -9053               598
          7786    4253972             83             82       -1         774               299
          7787    4215794             83             99       16        4715               990
          7788   11626015             83             79       -4        -404               385
          7789    7654938             83             76       -7       -1664               217
          7790   11622844             83             77       -6       -1187               392
          7791     743774             83             80       -3          26               505
          7792    4509284             83             83        0        1114               177
          7793    6257305             83             74       -9       -2679               309
          7794   12631038             83             85        2        1807               229
          7795    4176549             83             73      -10       -3211               611
          7796    4228292             83             73      -10       -3344               270
          7797    3876350             83             77       -6       -1198               427
          7798    6726338             83             68      -15       -6650               459
          7799    4294751             83             86        3        2186               219
          7800    9065773             83             70      -13       -5106               386
          7801   12484890             83             72      -11       -3771               449
          7802   13425441             83             73      -10       -3270               256
          7803    8475329             83             75       -8       -2137               302
          7804    6789061             83             69      -14       -5822               462
          7805    6523851             83             76       -7       -1765               373
          7806    3794318             83             77       -6       -1276               316
          7807    2544950             83             81       -2         349               421
          7808    1970346             83             69      -14       -5882               606
          7809    2463107             83             76       -7       -1582               378
          7810    9568326             83             77       -6       -1195               384
          7811    9754045             83             77       -6       -1268               512
          7812    2940908             83             71      -12       -4524               231
          7813    8175410             83             74       -9       -2712               411
          7814    5704847             83             76       -7       -1684               421
          7815    2956772             83             81       -2         488               408
          7816     844515             83             99       16        4725               340
          7817   10551186             83             72      -11       -3999               902
          7818    5765604             83             70      -13       -5057               327
          7819    3100057             83             73      -10       -3247               478
          7820   12300961             83             71      -12       -4509               521
          7821    5237572             83             81       -2         437               312
          7822    8596400             83             76       -7       -1712               486
          7823    7143828             83             71      -12       -4503               806
          7824    8094582             83             70      -13       -5045               431
          7825   13125641             83             88        5        2799               140
          7826   10674068             83             73      -10       -3258               428
          7827    5244030             83             77       -6       -1109               196
          7828    5037585             83             71      -12       -4335               268
          7829    2257375             83             72      -11       -3770               263
          7830   12165549             83             79       -4        -366               322
          7831    5138704             83             76       -7       -1713               489
          7832    8492522             83            111       28        6040               922
          7833    5089954             83             78       -5        -806               559
          7834    3950038             83             95       12        4190               211
          7835    1791727             83             79       -4        -411               672
          7836   12028976             83             70      -13       -5113               637
          7837     134590             83             70      -13       -5180               663
          7838    2922242             83             79       -4        -287               501
          7839   11516763             83             75       -8       -2199               564
          7840    1964435             83             74       -9       -2613               231
          7841    1453087             83             81       -2         368               431
          7842    7758894             83             78       -5        -832               481
          7843    3076843             83             77       -6       -1309               447
          7844    9692782             83             84        1        1371               551
          7845    9200714             83             83        0        1244               233
          7846   13095252             83             74       -9       -2627               326
          7847    5424356             83             66      -17       -8200               580
          7848    2257245             83             76       -7       -1568               239
          7849   12631448             83             70      -13       -5203               360
          7850    5330664             83             80       -3         163               319
          7851    1179883             83            102       19        5176               437
          7852   12499142             83             81       -2         382               284
          7853    5909403             83             77       -6       -1302               637
          7854    8886856             83             70      -13       -5126               510
          7855    7696471             83             71      -12       -4554               426
          7856   10348412             83             69      -14       -5741               395
          7857    4104256             83             78       -5        -752               391
          7858    4522462             83             84        1        1493               243
          7859    5840282             83             72      -11       -3864               427
          7860    5997060             83             76       -7       -1723               384
          7861   13705883             83             83        0        1076               377
          7862   10989294             83             80       -3          16               197
          7863   12692984             83             68      -15       -6578               677
          7864    3556508             83             88        5        2781               203
          7865    7871720             83             74       -9       -2686               245
          7866    8951357             83             70      -13       -5108               518
          7867    4116105             83             70      -13       -5168               599
          7868    9115435             83             69      -14       -6014               434
          7869    5551354             83             76       -7       -1705               299
          7870   12607145             83             75       -8       -2190               329
          7871    1782159             83             81       -2         351               410
          7872    6365985             83             85        2        1769               552
          7873    2328390             83             72      -11       -3771               310
          7874    8941100             83             89        6        3069               265
          7875     955554             83             86        3        2164               383
          7876    3925220             83             88        5        2782               472
          7877   11127116             83             77       -6       -1133               352
          7878    4619670             83             78       -5        -718               353
          7879    4519567             83             71      -12       -4513               754
          7880    8487676             83             72      -11       -3945               285
          7881   10740928             83             73      -10       -3302               224
          7882   12265331             83             82       -1         795               239
          7883    1277778             83             91        8        3438               384
          7884    3628073             83             82       -1         750               394
          7885    9736044             83             86        3        2141               283
          7886    8191913             83             83        0        1116               298
          7887    5828673             83             73      -10       -3276               568
          7888    4949007             83             74       -9       -2535               427
          7889    3883815             83             81       -2         388               213
          7890    7340560             83             72      -11       -3884               376
          7891     457902             83             74       -9       -2688               248
          7892    6256166             83             80       -3         -13               421
          7893   11800485             83             74       -9       -2650               804
          7894   10490256             83             85        2        1758               221
          7895   11924721             83             69      -14       -5822               569
          7896    1756645             83             72      -11       -3692               326
          7897    1139908             83             78       -5        -673               354
          7898   11417920             83             64      -19      -10071               578
          7899    7910099             83             81       -2         569               312
          7900   10194617             83             81       -2         641               162
          7901    8609705             83             81       -2         321               273
          7902   12763936             83             83        0        1207               222
          7903   11026067             83             87        4        2411               304
          7904    2711397             83             94       11        4011               400
          7905   11466572             83             84        1        1491               474
          7906   12050896             83             87        4        2430               274
          7907     464628             83             80       -3          93               354
          7908   13226323             83             68      -15       -6591               468
          7909   11236176             83             75       -8       -2076               517
          7910     206030             83             93       10        3848               328
          7911   10032105             83             74       -9       -2774               472
          7912    6535261             83             74       -9       -2692               253
          7913     157281             83             82       -1         769               526
          7914    9580477             83             66      -17       -8064               212
          7915    9148968             83             72      -11       -3885               432
          7916    6218187             83             89        6        2995               287
          7917    6477532             83             75       -8       -2079               406
          7918     190144             83             89        6        3030               292
          7919    4929025             83             81       -2         552               472
          7920    9813271             83             77       -6       -1292               301
          7921    6551022             83             79       -4        -266               270
          7922    2481240             83             83        0        1155               318
          7923   10888151             83             80       -3         201               149
          7924   12804165             83             72      -11       -3773               493
          7925    3089134             83             68      -15       -6670               471
          7926    4199471             83             77       -6       -1137               659
          7927   10666513             83             72      -11       -3787               273
          7928    1877850             83             83        0        1126               474
          7929     806806             83             67      -16       -7508               606
          7930     705233             83             89        6        3012               235
          7931    5669225             83             80       -3         165               253
          7932    7812089             83             85        2        1935               256
          7933    8960080             83             68      -15       -6583               591
          7934   12752693             83             71      -12       -4523               683
          7935   11678172             83             77       -6       -1196               343
          7936   12704207             83             69      -14       -5838               234
          7937   11274671             83             92        9        3705               240
          7938    1633318             83             79       -4        -433               519
          7939    2210459             83             74       -9       -2696               272
          7940    8641219             83             75       -8       -2243               282
          7941   12087389             83             89        6        2996               299
          7942    4456516             83             64      -19      -10116               736
          7943    8008210             83             76       -7       -1471               194
          7944    9412695             83             77       -6       -1100               357
          7945   12234217             83             79       -4        -353               393
          7946    6883898             83             81       -2         402               334
          7947    2952429             83             79       -4        -325               336
          7948    7462881             83             84        1        1456               211
          7949    6745144             83             70      -13       -5112               375
          7950   10526640             83             69      -14       -5861               528
          7951    5653680             83             84        1        1481               466
          7952    4862800             83             72      -11       -3778               341
          7953    3871045             83             62      -21      -12088               350
          7954    4137820             83             73      -10       -3298               464
          7955    4897811             83             68      -15       -6738               309
          7956    9410245             83             76       -7       -1613               340
          7957    6039454             83             72      -11       -3680               297
          7958    5945932             83             70      -13       -5138               412
          7959    4620771             83             75       -8       -1957               559
          7960   13679679             83             72      -11       -3837               618
          7961    8950952             83             79       -4        -210               378
          7962    4007683             83             74       -9       -2663               740
          7963    6139682             83             69      -14       -5700               512
          7964   13160962             83             80       -3          35               463
          7965   11298422             83             98       15        4720               366
          7966   12665599             83             71      -12       -4524               421
          7967    7858247             83             72      -11       -3688               239
          7968    7470031             83             77       -6       -1230               262
          7969    1959099             83             81       -2         526               545
          7970    2474598             83             71      -12       -4304               308
          7971    8072256             83             72      -11       -3872               337
          7972     764396             83             78       -5        -722               391
          7973    3502553             83             71      -12       -4566               303
          7974   12592019             83             83        0        1186               362
          7975    2921835             83             77       -6       -1060               292
          7976    5901226             83             76       -7       -1668               329
          7977    9702694             83             72      -11       -3806               330
          7978      88301             83             73      -10       -3238               548
          7979    5148623             83             86        3        2134               530
          7980   11568796             83             78       -5        -739               319
          7981    7728765             83             81       -2         418               379
          7982   13394658             83             77       -6       -1104               268
          7983   10169520             83             89        6        2994               332
          7984    3306221             83             81       -2         446               243
          7985   12748917             83             83        0        1254               254
          7986    7432820             83             87        4        2499               402
          7987    8179600             83             74       -9       -2780               587
          7988    3746288             83             76       -7       -1712               198
          7989   10576628             83             77       -6       -1203               448
          7990    2034925             83             75       -8       -2203               359
          7991    3558359             83             81       -2         545               455
          7992    9692210             83             86        3        2224               222
          7993   11824342             83             72      -11       -3884               434
          7994   12551709             83             82       -1         839               280
          7995    3840170             83             82       -1         963               259
          7996    2055944             83             79       -4        -126               276
          7997    6734040             83             72      -11       -3930               237
          7998   13704125             83             70      -13       -5144               467
          7999    3266388             83             74       -9       -2709               325
          8000   13700655             83             81       -2         485               281
          8001    8031816             83             74       -9       -2677               370
          8002    8366338             83             69      -14       -5804               622
          8003    8579902             83             79       -4        -146               343
          8004    5907899             83             79       -4        -311               435
          8005    8545007             83             78       -5        -703               241
          8006    2035575             83             90        7        3257               421
          8007    8732472             83             77       -6       -1211               406
          8008   13486719             83             68      -15       -6529               390
          8009    7689271             83             78       -5        -670               319
          8010    9231349             83             83        0        1185               357
          8011    9679301             83             77       -6       -1138               342
          8012   12161557             83             83        0        1154               231
          8013    1337171             83             76       -7       -1450               281
          8014   11634251             83             77       -6       -1055               365
          8015     726718             83             78       -5        -737               446
          8016    6587481             83             83        0        1147               366
          8017    8335500             83             77       -6       -1150               393
          8018   11011584             83             82       -1         833               313
          8019   10795004             83             73      -10       -3242               357
          8020   12442570             83             75       -8       -2145               194
          8021     968785             83             72      -11       -3752               310
          8022    7363901             83             78       -5        -668               329
          8023   11221679             83             79       -4        -358               406
          8024    4237412             83             93       10        3937               304
          8025   13389419             83            103       20        5449               269
          8026    2444819             83             85        2        1822               211
          8027    5283039             83             66      -17       -8280               391
          8028    9776335             83             86        3        2177               264
          8029    7879900             83             74       -9       -2603               177
          8030   11438833             83             96       13        4494               305
          8031    6478151             83             82       -1         863               180
          8032    9267828             83             81       -2         431               354
          8033   13028268             83             75       -8       -2134               326
          8034   11149851             83             95       12        4267               308
          8035    2179870             83             88        5        2833               312
          8036   11083524             83            101       18        5224               242
          8037   12573599             83             79       -4        -324               266
          8038    9204456             83             66      -17       -8484               472
          8039   10272852             83             93       10        3895               266
          8040    9627908             83             86        3        2201               176
          8041    3998107             83             71      -12       -4557               364
          8042    3377551             83             73      -10       -3242               357
          8043    8218099             83             74       -9       -2753               397
          8044    3341585             83             77       -6       -1143               259
          8045    5782963             83             89        6        3070               277
          8046    4675838             83             82       -1         825               261
          8047   11370123             83             72      -11       -3937               299
          8048    4735978             83             76       -7       -1579               285
          8049    7714541             83             84        1        1544               243
          8050    4146030             83             74       -9       -2716               342
          8051    6278480             83             66      -17       -8394               306
          8052    7932701             83            110       27        6154               468
          8053   13484554             83             73      -10       -3280               236
          8054    9535993             83             80       -3          95               236
          8055     940339             83             76       -7       -1674               385
          8056   13120312             83             84        1        1541               256
          8057    1152330             83             75       -8       -2098               286
          8058    6328563             83             83        0        1187               314
          8059    2138522             83             85        2        1858               148
          8060    7103356             83             85        2        1851               244
          8061    4388507             83             68      -15       -6715               412
          8062    3995655             83             77       -6       -1188               332
          8063    6079845             83             81       -2         495               306
          8064    3654903             83             85        2        1851               314
          8065    4061932             83             72      -11       -3897               438
          8066    1524289             83             83        0        1249               220
          8067    4911922             83             71      -12       -4588               358
          8068    4729626             83            114       31        6498               225
          8069    9622233             83             84        1        1638               206
          8070   10761632             83             88        5        2812               347
          8071     381523             83             71      -12       -4585               215
          8072    2063608             83             72      -11       -3904               218
          8073    8456964             83             80       -3         101               255
          8074    4394636             83             83        0        1214               329
          8075     549379             83             72      -11       -3916               313
          8076    3104452             83             81       -2         473               267
          8077   10932464             83             83        0        1199               367
          8078    7448522             83             80       -3         156               257
          8079    4228601             83             79       -4        -314               320
          8080    1575772             83             66      -17       -8468               381
          8081    2869843             83             86        3        2261               184
          8082    3790798             83             87        4        2525               173
          8083   12960370             82             86        4        2522               493
          8084    3273817             82             84        2        1847               194
          8085    5223189             82             79       -3         102               136
          8086    1688602             82             78       -4        -325               156
          8087    3331835             82             86        4        2525               202
          8088    3585326             82             78       -4        -329               284
          8089     468304             82             76       -6       -1195               374
          8090    9174859             82             81       -1         853               184
          8091     971117             82             73       -9       -2775               372
          8092   12473993             82             74       -8       -2177               219
          8093   12034265             82             82        0        1200               146
          8094    6250533             82             74       -8       -2189               183
          8095    9343961             82             83        1        1524               194
          8096    8585601             82             79       -3         105               226
          8097    7772127             82             77       -5        -758               185
          8098     616504             82             92       10        3934               295
          8099    5869905             82             75       -7       -1680               256
          8100   10239843             82             76       -6       -1176               243
          8101    3076769             82             70      -12       -4611              1016
          8102    9336580             82             74       -8       -2161               253
          8103    9372958             82             76       -6       -1213               268
          8104    7576576             82             82        0        1174               268
          8105    8969355             82             84        2        1841               471
          8106   10087287             82             79       -3          94               252
          8107    8176055             82             74       -8       -2174               309
          8108    9381651             82             75       -7       -1666               256
          8109    6297304             82             74       -8       -2166               283
          8110    4980671             82             69      -13       -5241               201
          8111     892001             82             74       -8       -2187               273
          8112     657090             82             91        9        3755               427
          8113    8867100             82             73       -9       -2777              1044
          8114    3430498             82             69      -13       -5265               292
          8115   10537690             82             91        9        3763               178
          8116    9931025             82             77       -5        -773               430
          8117    8155596             82             74       -8       -2178               499
          8118    7371327             82             79       -3          87               209
          8119    6364550             82             79       -3          13               216
          8120    2678836             82             71      -11       -3933               345
          8121    9328637             82             74       -8       -2175               251
          8122    5404744             82             80       -2         441               430
          8123    8905117             82             70      -12       -4660               385
          8124    8057353             82             83        1        1500               231
          8125    4588702             82             71      -11       -3957               416
          8126   10938261             82             75       -7       -1685               346
          8127    8721812             82             87        5        2855               232
          8128   12001481             82             70      -12       -4635               199
          8129   10650116             82             76       -6       -1182               247
          8130    6559524             82             79       -3          88               335
          8131    7445959             82             70      -12       -4662               641
          8132    3097842             82             85        3        2133               226
          8133    3882365             82             69      -13       -5286               169
          8134    2141050             82             82        0        1149               484
          8135    3075671             82             87        5        2848               217
          8136    3040497             82             76       -6       -1293               389
          8137   10240757             82             82        0        1116               338
          8138    9322862             82             75       -7       -1717               171
          8139    3837326             82             76       -6       -1258               698
          8140    9790425             82             81       -1         820               467
          8141    1667038             82             75       -7       -1739               337
          8142   13193159             82             79       -3          41               474
          8143    2510005             82             78       -4        -334               446
          8144    7160317             82             67      -15       -6909               538
          8145   11077606             82             79       -3          30               475
          8146   10329313             82             74       -8       -2220               242
          8147   10899144             82             79       -3         108               148
          8148     300642             82             81       -1         873               328
          8149    1932035             82             85        3        2221               394
          8150   10741266             82             85        3        2172               394
          8151   10544950             82             80       -2         526               169
          8152    9651790             82             76       -6       -1180               433
          8153    8639687             82             71      -11       -3952               313
          8154    6066466             82             78       -4        -341               421
          8155    7982549             82             73       -9       -2782               214
          8156     506380             82             83        1        1559               240
          8157    7470294             82             84        2        1830               660
          8158    8397113             82             71      -11       -3952               460
          8159    6692247             82             80       -2         426               358
          8160    4480161             82             79       -3          88               285
          8161    5340918             82             71      -11       -3955               541
          8162    8118894             82             83        1        1569               187
          8163    3185305             82             72      -10       -3392               230
          8164    7260117             82             89        7        3324               418
          8165   11975248             82             78       -4        -381               320
          8166    9856023             82             71      -11       -3994               905
          8167    8605444             82             74       -8       -2222               453
          8168   12693936             82             72      -10       -3278               179
          8169    1286752             82             70      -12       -4690               878
          8170    6590082             82             89        7        3311               525
          8171   10301390             82             77       -5        -786               447
          8172    9271139             82             69      -13       -5339               545
          8173    3018754             82             79       -3          19               629
          8174    1328827             82             76       -6       -1199               734
          8175   10175861             82             94       12        4363               256
          8176    5778983             82             71      -11       -4004               677
          8177   12154284             82             88        6        3142               263
          8178    8634057             82             83        1        1541               409
          8179    7226325             82             71      -11       -4021               290
          8180    5534976             82             73       -9       -2838               290
          8181   11149304             82             62      -20      -11535               517
          8182   10398785             82             80       -2         531               373
          8183    8210395             82             82        0        1275               221
          8184    8684541             82             78       -4        -319               280
          8185    8695679             82             82        0        1217               318
          8186   10754201             82             71      -11       -3860               362
          8187   12319602             82             77       -5        -707               327
          8188    1287138             82             73       -9       -2754               365
          8189    4075824             82             73       -9       -2769               311
          8190    8275389             82             78       -4        -302               508
          8191    1058587             82             69      -13       -5394               852
          8192    9404120             82             79       -3          76               591
          8193    9066030             82             76       -6       -1136               267
          8194   10325625             82             71      -11       -4004               464
          8195   11291164             82             81       -1         858               257
          8196    5535216             82             79       -3          69               418
          8197    3631725             82             82        0        1217               452
          8198   11984886             82             87        5        2902               172
          8199   13272806             82             83        1        1516               345
          8200    1321208             82             73       -9       -2756               569
          8201    6662376             82             79       -3          25               261
          8202    3033593             82             70      -12       -4656               551
          8203    9205458             82             86        4        2587               325
          8204    6412474             82             97       15        4859               242
          8205    5935118             82             82        0        1159               254
          8206   11677032             82             68      -14       -6223               745
          8207    6151804             82             83        1        1598               579
          8208   12002395             82             79       -3         -12               328
          8209    8749194             82             67      -15       -6900               605
          8210    4541961             82             81       -1         879               293
          8211   12829795             82             73       -9       -2930               441
          8212   12283960             82             83        1        1576               208
          8213    4654809             82             79       -3         142               184
          8214    3420934             82             72      -10       -3336               449
          8215    3384234             82             89        7        3367               262
          8216     565415             82             67      -15       -6944               626
          8217    1863914             82             72      -10       -3317               305
          8218    9713882             82             75       -7       -1642               436
          8219    2323882             82             80       -2         567               157
          8220    6655632             82             81       -1         802               492
          8221    1289039             82             86        4        2535               540
          8222    5638937             82             68      -14       -6086               566
          8223      56650             82             70      -12       -4589               424
          8224    5196705             82             75       -7       -1708               574
          8225   12176074             82             76       -6       -1145               219
          8226   13141867             82             79       -3         -19               565
          8227    7385951             82             81       -1         851               285
          8228    1655829             82             87        5        2934               224
          8229    3569039             82             74       -8       -2178               276
          8230   12871882             82             78       -4        -326              1109
          8231    4413196             82             85        3        2129               475
          8232     569223             82             70      -12       -4554               284
          8233    5855701             82             92       10        4038               355
          8234    5704668             82             73       -9       -2812               489
          8235   11661629             82             83        1        1574               204
          8236    8071133             82             80       -2         484               495
          8237   10656530             82             66      -16       -7731               487
          8238    2750174             82             74       -8       -2263               420
          8239   12666277             82             89        7        3392               444
          8240    6041480             82             66      -16       -7802               827
          8241    8705201             82             71      -11       -3862               267
          8242   10234865             82            111       29        6435              1023
          8243    5289790             82             69      -13       -5335               593
          8244   12162069             82             75       -7       -1790               499
          8245    4004784             82             70      -12       -4681               602
          8246    1084982             82             79       -3         -40               523
          8247    4703458             82             79       -3          32               472
          8248   11061686             82             70      -12       -4569               558
          8249    4647014             82             66      -16       -7754               316
          8250    1656945             82             71      -11       -4048               518
          8251     630467             82             79       -3          39               367
          8252    9663781             82             77       -5        -746               393
          8253    5716805             82             69      -13       -5241               462
          8254    3390244             82             74       -8       -2408               306
          8255   11784618             82             87        5        2839               222
          8256    9597368             82             74       -8       -2373               439
          8257    9176714             82             74       -8       -2167               317
          8258   10785759             82             75       -7       -1612               391
          8259    7896643             82             73       -9       -2848               791
          8260    6940716             82             68      -14       -6127               624
          8261    4252108             82             82        0        1300               229
          8262    7060383             82             75       -7       -1822               587
          8263    8866581             82             75       -7       -1774               319
          8264    7723108             82            102       20        5592               270
          8265    5348849             82             76       -6       -1223               488
          8266    4263835             82             90        8        3571               703
          8267    4461327             82             76       -6       -1101               235
          8268    4726774             82             76       -6       -1217               357
          8269     106642             82             78       -4        -222               348
          8270   10684868             82             74       -8       -2220               277
          8271    3797977             82             89        7        3399               217
          8272    9585208             82             77       -5        -679               235
          8273    2600394             82             73       -9       -2990               472
          8274    1795496             82             71      -11       -3992               770
          8275    2556725             82             82        0        1211               249
          8276    7004600             82             89        7        3490               222
          8277    2252106             82             66      -16       -7539               378
          8278   11832057             82             71      -11       -3807               333
          8279    1651112             82             92       10        3998               720
          8280    8962900             82             78       -4        -336               445
          8281    3030244             82             76       -6       -1229               354
          8282    8755174             82             80       -2         607               157
          8283    8102036             82             92       10        3990               341
          8284     266419             82             69      -13       -5340               773
          8285    1218524             82             69      -13       -5323               462
          8286    7640674             82             83        1        1679               149
          8287    2128823             82             79       -3          21               342
          8288   13177967             82             72      -10       -3431               682
          8289    2575250             82             69      -13       -5333               296
          8290    6541857             82             77       -5        -727               525
          8291   11786557             82             71      -11       -3993               378
          8292    2938759             82             67      -15       -6883               334
          8293   10738813             82             68      -14       -6134               274
          8294    4035860             82             66      -16       -7725               501
          8295    8797692             82             74       -8       -2291               470
          8296    7361385             82             65      -17       -8662               469
          8297   10105272             82            107       25        6131               657
          8298    1812467             82             76       -6       -1229               301
          8299    9749451             82             71      -11       -3980               383
          8300    7690070             82             66      -16       -7806               687
          8301   13036456             82             87        5        2835               518
          8302    9888662             82             74       -8       -2318               249
          8303    8919845             82             95       13        4631               237
          8304    8943790             82             75       -7       -1729               664
          8305    7364943             82             67      -15       -7019               588
          8306    6171146             82             86        4        2630               667
          8307    2899430             82             78       -4        -321               582
          8308    5285832             82             73       -9       -2816               302
          8309    5757896             82             88        6        3177               652
          8310     831837             82             67      -15       -6854               690
          8311   12738491             82             80       -2         508               503
          8312    2008626             82             83        1        1481               635
          8313    1942683             82             78       -4        -418               467
          8314   12748070             82             82        0        1251               324
          8315    4455227             82             82        0        1263               301
          8316     604498             82             76       -6       -1180               535
          8317     565270             82             73       -9       -2829               401
          8318   11295975             82             61      -21      -12794               540
          8319    8429404             82             73       -9       -2832               380
          8320    1342786             82             71      -11       -4044               437
          8321    7007280             82             76       -6       -1294               344
          8322     761903             82             89        7        3371               470
          8323    1471148             82             74       -8       -2244               415
          8324    1042942             82             70      -12       -4696               454
          8325    2412750             82             72      -10       -3350               433
          8326   11853523             82             85        3        2201               556
          8327   11491151             82             68      -14       -5986               391
          8328    3928129             82             75       -7       -1614               235
          8329   11242831             82             66      -16       -7857               367
          8330    4179001             82             81       -1         832               377
          8331    2953546             82             65      -17       -8798               595
          8332   11251818             82             85        3        2288               174
          8333    4156325             82             70      -12       -4663               286
          8334    8193494             82             78       -4        -406               579
          8335    2084029             82             78       -4        -371               418
          8336   11490748             82             71      -11       -4057               575
          8337   13423004             82             61      -21      -12839               545
          8338    5572749             82             73       -9       -2935               396
          8339     305745             82             76       -6        -957               258
          8340    4466293             82             83        1        1557               441
          8341    8343252             82             71      -11       -4037               326
          8342    8143522             82             72      -10       -3480               406
          8343    5892651             82             72      -10       -3523               414
          8344    4664590             82             72      -10       -3404               457
          8345    6208758             82             75       -7       -1533               289
          8346    5417181             82             77       -5        -811               282
          8347    4424769             82             75       -7       -1736               560
          8348    1723215             82             71      -11       -4129               416
          8349    8238087             82             79       -3          90               474
          8350    9588543             82             65      -17       -8713               529
          8351    2829167             82             77       -5        -828               334
          8352    8842925             82             72      -10       -3501               681
          8353    5785570             82             71      -11       -3898               322
          8354    9514450             82             84        2        1949               205
          8355   10293573             82             82        0        1246               378
          8356    6107389             82             76       -6       -1138               379
          8357   12948685             82             68      -14       -5949               331
          8358   13650655             82             89        7        3490               335
          8359    7140775             82             78       -4        -298               311
          8360   10755460             82             67      -15       -7002               424
          8361    6449291             82             68      -14       -6139               727
          8362    5339484             82            100       18        5404               483
          8363    6499010             82             76       -6       -1299               240
          8364    4371447             82             71      -11       -3879               426
          8365    5791534             82             74       -8       -2141               453
          8366   10500808             82             83        1        1650               354
          8367     648902             82             73       -9       -2877               453
          8368    4977273             82             69      -13       -5384               415
          8369    4688632             82             76       -6       -1090               389
          8370    4272795             82             77       -5        -837               383
          8371    5132437             82             73       -9       -2846               338
          8372     892245             82             70      -12       -4719               569
          8373    3896117             82             70      -12       -4777               655
          8374   12857243             82             82        0        1440               288
          8375    7769383             82             72      -10       -3369               496
          8376    4113017             82             81       -1         908               196
          8377   11053224             82             76       -6       -1182               289
          8378    2503010             82             81       -1         854               565
          8379    4197133             82             73       -9       -2825               366
          8380    1206439             82             69      -13       -5289               412
          8381   11596966             82             75       -7       -1734               317
          8382    4977889             82             78       -4        -398               381
          8383   12641888             82             76       -6       -1262               436
          8384    7166914             82             83        1        1543               422
          8385   10858998             82             77       -5        -712               555
          8386    5315529             82             86        4        2632               388
          8387    9001195             82             71      -11       -4110               707
          8388     170071             82             78       -4        -285               260
          8389    3848197             82             77       -5        -726               652
          8390    2898720             82             87        5        2966               269
          8391    6153088             82             93       11        4250               439
          8392   10437960             82             85        3        2459               169
          8393    7123822             82             80       -2         497               421
          8394    9275827             82            103       21        5816               436
          8395     171296             82             77       -5        -764               331
          8396    6318516             82             88        6        3189               274
          8397    1117373             82             80       -2         548               403
          8398   12052335             82             74       -8       -2286               424
          8399    7688327             82             90        8        3653               246
          8400    4569819             82             71      -11       -4167               387
          8401   12672192             82             69      -13       -5279               515
          8402   12996695             82             73       -9       -2748               339
          8403    5889819             82             68      -14       -6095               349
          8404   11465971             82             75       -7       -1645               553
          8405    1696889             82             77       -5        -792               330
          8406   10133549             82             75       -7       -1729               323
          8407    3412205             82             79       -3         127               313
          8408   11667047             82             69      -13       -5422               527
          8409    8356611             82             74       -8       -2282               348
          8410    5099597             82             79       -3         147               313
          8411    6991843             82             89        7        3492               278
          8412   13712141             82             63      -19      -10691               620
          8413   12401741             82             94       12        4515               347
          8414   11353876             82             73       -9       -2763               345
          8415   11005583             82             74       -8       -2343               252
          8416    7955894             82             78       -4        -334               323
          8417    3174560             82             76       -6       -1176               290
          8418    7822577             82             83        1        1802               200
          8419     325535             82             88        6        3186               511
          8420    9841923             82             78       -4        -356               311
          8421    1707977             82             91        9        3907               398
          8422    4031144             82             83        1        1625               328
          8423    8710933             82             91        9        3877               222
          8424   10383051             82             89        7        3502               205
          8425    3393706             82             79       -3         119               502
          8426   10560972             82             75       -7       -1693               267
          8427    4229299             82             74       -8       -2299               438
          8428     360570             82             82        0        1271               361
          8429   12496697             82             72      -10       -3362               265
          8430    1402887             82             89        7        3538               190
          8431   13642591             82             79       -3         297               300
          8432     962937             82             68      -14       -5963               285
          8433     285348             82             69      -13       -5504               472
          8434    1752612             82            102       20        5768               351
          8435     810142             82             83        1        1707               309
          8436    5869017             82             74       -8       -2327               312
          8437    3487223             82             64      -18       -9674               404
          8438   13186722             82             73       -9       -2749               263
          8439   12677871             82             74       -8       -2215               221
          8440    3514545             82             94       12        4523               285
          8441    9880115             82             67      -15       -6980               477
          8442    9940768             82             75       -7       -1654               429
          8443    8999334             82            100       18        5555               269
          8444    3792785             82             81       -1         893               213
          8445    4432302             82             78       -4        -326               298
          8446    6872172             82             71      -11       -4003               261
          8447    4389990             82             86        4        2568               337
          8448    5126840             82             68      -14       -6240               320
          8449    4688135             82             70      -12       -4629               388
          8450    3476731             82             87        5        2916               489
          8451   11005120             82             72      -10       -3502               338
          8452    6165935             82             72      -10       -3488               400
          8453    7162548             82             79       -3         112               602
          8454    2238535             82             82        0        1335               391
          8455    9503717             82             72      -10       -3457               208
          8456      34257             82             79       -3         105               442
          8457   11779883             82             73       -9       -2735               370
          8458   13404630             82             69      -13       -5515               524
          8459    4195583             82             88        6        3238               269
          8460    8821005             82             79       -3          82               353
          8461      61782             82             82        0        1418               249
          8462    4035836             82             69      -13       -5376               186
          8463    8879088             82             82        0        1273               317
          8464    1655324             82             66      -16       -7873               372
          8465    1449674             82             67      -15       -7051               209
          8466    2326057             82             79       -3         139               340
          8467    8576619             82             98       16        5253               253
          8468    9204147             82             68      -14       -6175               381
          8469   13604031             82             74       -8       -2087               326
          8470   11499239             82             75       -7       -1729               404
          8471    9601575             82             74       -8       -2228               296
          8472    2501644             82             71      -11       -4079               274
          8473    3113317             82             74       -8       -2270               214
          8474    1900680             82             85        3        2243               329
          8475   11280623             82             85        3        2267               312
          8476   12652499             82             70      -12       -4549               315
          8477   11950883             82             79       -3         100               269
          8478     735472             82             70      -12       -4767               343
          8479    5357372             82             74       -8       -2222               301
          8480    3201218             82             74       -8       -2273               259
          8481    3494341             82             72      -10       -3270               367
          8482    5454623             82             71      -11       -4092               225
          8483   12933375             82             81       -1         948               249
          8484   11935217             82             76       -6       -1169               311
          8485    6547245             82             82        0        1275               305
          8486   12307037             82             69      -13       -5367               320
          8487    9909368             82             85        3        2275               221
          8488   12777377             82             80       -2         552               230
          8489    9521351             82             66      -16       -7919               374
          8490   11595496             82             82        0        1274               278
          8491    9672194             82             76       -6       -1243               346
          8492    4588513             82             79       -3         119               445
          8493    5592728             82             87        5        2938               319
          8494    4907263             82             68      -14       -6274               398
          8495    7535545             82             67      -15       -7145               345
          8496    7876838             82             87        5        2963               412
          8497   12455541             82             67      -15       -7098               366
          8498    9051904             82             75       -7       -1672               254
          8499    5404549             82             74       -8       -2333               309
          8500   10309610             82             65      -17       -8769               193
          8501    8454838             82             85        3        2428               189
          8502   12429224             82             72      -10       -3431               241
          8503    8400239             82             78       -4        -293               291
          8504    3212917             82             67      -15       -7124               490
          8505    6998363             82             77       -5        -727               296
          8506     638509             82             70      -12       -4799               225
          8507    6875653             82             79       -3         389               296
          8508   13718252             82             90        8        3751               351
          8509   11035186             82             73       -9       -2844               223
          8510   12245045             82             70      -12       -4720               273
          8511    5846392             82             72      -10       -3454               328
          8512    2151047             82             77       -5        -609               246
          8513    8861569             82             77       -5        -750               215
          8514    6638486             82             76       -6       -1228               329
          8515    5841502             82             72      -10       -3399               354
          8516    2364422             82             72      -10       -3392               303
          8517    6062133             82             96       14        4921               298
          8518   11353534             82             81       -1        1054               338
          8519   12924408             82             79       -3         125               333
          8520    6204571             82             68      -14       -6259               360
          8521   13464322             82             95       13        4751               296
          8522    7718077             82             78       -4        -307               279
          8523    3193158             82             75       -7       -1701               235
          8524    7736402             82            101       19        5675               275
          8525    8555176             82             85        3        2297               285
          8526    9130082             82             68      -14       -6354               218
          8527    1566554             82             71      -11       -4123               354
          8528   11381137             82             68      -14       -6281               250
          8529    1460449             82             80       -2         550               279
          8530   10120272             82             72      -10       -3462               239
          8531    6585222             82             86        4        2653               254
          8532    6229292             82             83        1        1662               253
          8533   12292149             82             67      -15       -7166               274
          8534    3033440             81             95       14        4924               203
          8535    4307783             81             74       -7       -1720               208
          8536     484729             81             68      -13       -5572               235
          8537    2240864             81             92       11        4380               179
          8538    1436857             81             76       -5        -739               499
          8539    7904213             81             74       -7       -1718               121
          8540    5469854             81             80       -1         926               485
          8541    3440980             81             73       -8       -2321               332
          8542    9020520             81             76       -5        -748               774
          8543    2376267             81             76       -5        -736               243
          8544    9185739             81             90        9        3992               403
          8545      23922             81             85        4        2628               326
          8546   12787940             81             83        2        1973               195
          8547    7426699             81             74       -7       -1731               162
          8548      69539             81             67      -14       -6359               777
          8549    8473678             81             70      -11       -4146               214
          8550   13177578             81             69      -12       -4841               429
          8551    4965528             81             83        2        1932               400
          8552   11661953             81             84        3        2301               452
          8553    3888728             81             72       -9       -2915               309
          8554   10733128             81             82        1        1626               289
          8555    6740633             81             73       -8       -2353               318
          8556    9232933             81             76       -5        -722               137
          8557   10555054             81             73       -8       -2320               349
          8558    2219113             81             75       -6       -1212               290
          8559    8095725             81             78       -3          91               311
          8560    8364099             81             76       -5        -800               342
          8561   13709156             81             86        5        2984               200
          8562    7577116             81             82        1        1621               412
          8563    2760883             81             77       -4        -372               276
          8564    3950684             81             71      -10       -3488               321
          8565    3324422             81             75       -6       -1275               359
          8566    6921007             81             86        5        2975               405
          8567    4051796             81             80       -1         897               249
          8568    5768958             81             73       -8       -2342               333
          8569    2015455             81             76       -5        -798               636
          8570    3146259             81             84        3        2300               266
          8571     627861             81             68      -13       -5603               417
          8572      85336             81             69      -12       -4898               258
          8573    1041230             81             72       -9       -2899               277
          8574    2805034             81             71      -10       -3493               373
          8575    8550122             81             68      -13       -5663               209
          8576    3572529             81             77       -4        -349               190
          8577    8603655             81             71      -10       -3496               480
          8578    4396820             81             77       -4        -380               664
          8579    6469998             81             72       -9       -2859               365
          8580    7626524             81             66      -15       -7289               688
          8581    2948863             81             68      -13       -5602               665
          8582   10172793             81             70      -11       -4176               535
          8583    9056690             81             89        8        3794               469
          8584    5687561             81             76       -5        -779               367
          8585    2674760             81             82        1        1632               360
          8586    7239005             81             65      -16       -8190              1126
          8587    9737602             81             69      -12       -4978               612
          8588    1777007             81             69      -12       -4893               378
          8589    4029360             81             85        4        2646               362
          8590    7715687             81             75       -6       -1249               513
          8591   12293404             81             75       -6       -1262               477
          8592    8011492             81             81        0        1292               204
          8593    7205443             81             76       -5        -818               171
          8594   10253900             81             74       -7       -1760               273
          8595   11333008             81             79       -2         514               255
          8596    1479381             81             91       10        4234               517
          8597    4628288             81             72       -9       -2985               314
          8598   13099330             81             77       -4        -347               354
          8599    1735058             81             69      -12       -4908               668
          8600    2313383             81             66      -15       -7302               378
          8601     216599             81             75       -6       -1206               434
          8602    3741010             81             69      -12       -5073               789
          8603   11147957             81             73       -8       -2369               531
          8604    9133437             81             77       -4        -264               163
          8605   10395100             81             69      -12       -4986               614
          8606    8985656             81             84        3        2294               164
          8607     406873             81             73       -8       -2368               420
          8608     507968             81             76       -5        -766               617
          8609   11656711             81             74       -7       -1936               414
          8610    3912436             81             74       -7       -1869               360
          8611   10292730             81             93       12        4565              1156
          8612    4331301             81             69      -12       -4968               425
          8613    9913486             81             76       -5        -820               243
          8614    6146154             81             73       -8       -2386              1257
          8615    9734829             81             69      -12       -4928               443
          8616    5884030             81             75       -6       -1258               207
          8617   11105075             81             70      -11       -4218               391
          8618    4226317             81             77       -4        -323               410
          8619    4654966             81             73       -8       -2317               233
          8620    6579569             81             74       -7       -1690               507
          8621    1132679             81             86        5        3021               323
          8622   12691288             81             80       -1         922               634
          8623    1187154             81             78       -3         156               604
          8624    3010871             81             68      -13       -5583               215
          8625    7051198             81             83        2        2010               188
          8626     767483             81             81        0        1166               297
          8627   10705131             81             72       -9       -2817               202
          8628   10862031             81             86        5        3019               222
          8629    9137072             81             76       -5        -825               487
          8630   10563041             81             76       -5        -658               203
          8631   12357837             81             85        4        2606               586
          8632   11043519             81             73       -8       -2382               439
          8633    9510174             81             73       -8       -2539               698
          8634    1169569             81             76       -5        -872               500
          8635   12941470             81             85        4        2631               750
          8636    3900458             81             76       -5        -767               283
          8637    5936111             81             74       -7       -1852               294
          8638   12759370             81             69      -12       -4853               345
          8639    8968811             81             61      -20      -12444               571
          8640   10564914             81             72       -9       -2931               228
          8641    2105298             81             75       -6       -1209               328
          8642    5652509             81             92       11        4435               308
          8643    4372398             81             70      -11       -4271               422
          8644    9984074             81             72       -9       -2917               325
          8645    7628540             81             66      -15       -7376               621
          8646    3787081             81             68      -13       -5643               462
          8647   11822055             81             81        0        1212               248
          8648    3616351             81             70      -11       -4244               196
          8649    3265179             81             85        4        2602               278
          8650   11842971             81             80       -1         938               287
          8651   11175283             81             68      -13       -5658              1054
          8652    3543778             81             66      -15       -7302               290
          8653    9685279             81             81        0        1198               451
          8654    7787058             81             77       -4        -313               695
          8655    9870325             81             76       -5        -781               361
          8656    3098099             81             74       -7       -1681               585
          8657    4646585             81             76       -5        -786               266
          8658    4454902             81             74       -7       -1711               335
          8659    4309281             81             79       -2         485               635
          8660    3451404             81             68      -13       -5706               537
          8661    7065707             81             89        8        3831               307
          8662    2577243             81             76       -5        -766               553
          8663    4063549             81             70      -11       -4267               732
          8664    2047486             81             73       -8       -2507               589
          8665   10790464             81             75       -6       -1309               487
          8666   13676723             81             69      -12       -4990               645
          8667   10634858             81             70      -11       -4242               579
          8668    9280857             81             81        0        1221               628
          8669    5221188             81             80       -1         981               315
          8670     184676             81             74       -7       -1748               322
          8671   11092810             81             75       -6       -1343               568
          8672    2594945             81             66      -15       -7394               851
          8673    5085898             81             74       -7       -1826               341
          8674       7744             81             77       -4        -350               409
          8675    6715031             81             78       -3         141               178
          8676   11460023             81             68      -13       -5726               758
          8677    8199017             81             78       -3         178               443
          8678    3722966             81             77       -4        -277               270
          8679   13489286             81             66      -15       -7314               452
          8680   12551692             81             78       -3         119               233
          8681    6715587             81             69      -12       -4990               426
          8682   10410535             81             78       -3          50               304
          8683    9503443             81             83        2        2080               120
          8684    9227249             81            106       25        6434               540
          8685    1801404             81             77       -4        -374               360
          8686   12504576             81             80       -1         969               365
          8687   11520349             81             76       -5        -738               216
          8688    2889291             81             77       -4        -288               271
          8689    9590360             81             72       -9       -2980               372
          8690    1307354             81             88        7        3542               318
          8691   11500229             81             66      -15       -7373               458
          8692   12595027             81             75       -6       -1231               414
          8693     446381             81             81        0        1304               261
          8694    3477383             81             76       -5        -818               284
          8695    3765047             81             75       -6       -1280               516
          8696    2157463             81             71      -10       -3514               837
          8697    8850569             81             69      -12       -4910               670
          8698    3160441             81             74       -7       -1675               233
          8699   10279105             81            100       19        5764               593
          8700   12887006             81             68      -13       -5572               232
          8701    3297354             81             71      -10       -3652               469
          8702   11915172             81             74       -7       -1867               690
          8703    4838673             81             74       -7       -1908               563
          8704    9850887             81             76       -5        -775               358
          8705   12343601             81             77       -4        -298               509
          8706   12403774             81             73       -8       -2234               202
          8707    7040734             81             71      -10       -3552               397
          8708    6637499             81             85        4        2628               304
          8709    8304337             81             76       -5        -717               515
          8710    9729220             81             82        1        1609               343
          8711    1868545             81             72       -9       -2956               672
          8712    7557945             81             75       -6       -1290               457
          8713    6531689             81             99       18        5670               327
          8714    7365720             81             73       -8       -2299               422
          8715    1864444             81             83        2        1925               585
          8716    4789811             81             69      -12       -4832               378
          8717    5707894             81             72       -9       -2991               264
          8718    5482342             81             71      -10       -3615               577
          8719    3007533             81             83        2        2060               202
          8720    5219052             81             77       -4        -260               208
          8721    7557594             81             71      -10       -3564               573
          8722   12133190             81             76       -5        -759               180
          8723    3905293             81             77       -4        -335               526
          8724    6477522             81             87        6        3438               251
          8725    4669098             81             90        9        4101               321
          8726    6485449             81             92       11        4489               306
          8727    7579101             81             79       -2         380               401
          8728   11900326             81             73       -8       -2405               622
          8729    8022997             81             89        8        3752               627
          8730   11485800             81             85        4        2678               223
          8731     688509             81             66      -15       -7319               651
          8732    2606716             81             77       -4        -251               300
          8733    9419552             81             72       -9       -2861               190
          8734    4930709             81             78       -3           2               341
          8735    9215455             81             70      -11       -4184               392
          8736    3728651             81             84        3        2346               264
          8737    1870320             81             79       -2         571               233
          8738   11974706             81             83        2        1986               320
          8739    9944263             81             81        0        1268               354
          8740   12865979             81             75       -6       -1081               159
          8741   13343976             81             76       -5        -854               373
          8742    3866476             81             83        2        1923               408
          8743    4134892             81             70      -11       -4215               392
          8744   11355264             81             69      -12       -4951               318
          8745    8543879             81             85        4        2694               530
          8746    2994144             81             73       -8       -2412               318
          8747   10951538             81             68      -13       -5804               359
          8748    2044229             81             82        1        1760               231
          8749   11373975             81             72       -9       -2987               608
          8750    4182426             81             78       -3          43               550
          8751    9103414             81             73       -8       -2435               466
          8752    1577323             81             69      -12       -4950               558
          8753    1865836             81             82        1        1616               431
          8754     816887             81             78       -3          96               212
          8755   12442160             81             74       -7       -1664               196
          8756    7787201             81             79       -2         519               368
          8757   10875433             81             72       -9       -3104               486
          8758    4158882             81             78       -3          61               337
          8759       5672             81             84        3        2371               304
          8760   10282596             81             68      -13       -5670               351
          8761    7460694             81             87        6        3300               395
          8762   10868546             81             85        4        2690               407
          8763   10566087             81             85        4        2723               286
          8764    7719774             81             70      -11       -4319               454
          8765    9877011             81             75       -6       -1174               275
          8766    2945650             81             75       -6       -1048               219
          8767    2278889             81             71      -10       -3724               346
          8768    9412478             81             77       -4        -335               425
          8769     112453             81             82        1        1691               228
          8770    5933214             81             68      -13       -5848               417
          8771    1830923             81             84        3        2280               458
          8772    2161647             81             77       -4        -332               345
          8773   12770492             81             73       -8       -2234               218
          8774   11479401             81             75       -6       -1281               313
          8775    2276176             81             75       -6       -1367               608
          8776    3341171             81             82        1        1707               394
          8777    9633685             81             79       -2         626               343
          8778    2983250             81             84        3        2459               285
          8779    2105876             81             74       -7       -1820               207
          8780    2613019             81             90        9        4094               451
          8781    9271210             81             75       -6       -1164               186
          8782   12296995             81             74       -7       -1734               384
          8783    8377599             81             87        6        3419               224
          8784    6942933             81             68      -13       -5630               267
          8785    7788588             81             78       -3          74               435
          8786    2024012             81             75       -6       -1279               385
          8787    9318866             81             71      -10       -3513               265
          8788    3676241             81             75       -6       -1207               333
          8789    9143006             81             80       -1         905               232
          8790    7310416             81             87        6        3337               275
          8791   13267673             81             72       -9       -2952               465
          8792    6652611             81             73       -8       -2442               310
          8793   12217315             81             84        3        2303               287
          8794    5854907             81             78       -3          69               473
          8795    8450191             81             88        7        3567               568
          8796    2476654             81             67      -14       -6547               339
          8797    4835020             81             72       -9       -3012               250
          8798     167420             81             77       -4        -303               207
          8799     160927             81             74       -7       -1760               455
          8800    1177320             81            105       24        6434               551
          8801     923548             81             73       -8       -2484               403
          8802   11999246             81             72       -9       -2954               384
          8803   13439535             81             68      -13       -5924               466
          8804   12900898             81             76       -5        -757               583
          8805   11649656             81             83        2        2010               389
          8806    8095736             81             71      -10       -3692               456
          8807    8925491             81             89        8        3865               578
          8808    2348246             81             67      -14       -6501               648
          8809    9786976             81             65      -16       -8444               395
          8810    1660106             81             90        9        4156               476
          8811    8699533             81             74       -7       -1889               576
          8812   10977945             81             81        0        1477               150
          8813    3351086             81             80       -1         963               327
          8814   10731745             81             79       -2         497               443
          8815    5608742             81             80       -1         911               491
          8816     913970             81             79       -2         660               260
          8817    8418139             81             67      -14       -6455               168
          8818    3279155             81             74       -7       -1870               235
          8819    3591837             81             84        3        2421               244
          8820    9573042             81             91       10        4414               408
          8821    1021742             81             92       11        4594               173
          8822    8469162             81             90        9        4077               512
          8823     719830             81             71      -10       -3633               292
          8824    2357936             81             78       -3         172               172
          8825     797465             81             66      -15       -7440               577
          8826    1612482             81             69      -12       -5011               278
          8827    3104262             81             74       -7       -1727               402
          8828    2902610             81             73       -8       -2373               395
          8829    5104756             81             74       -7       -1841               313
          8830    6428648             81             72       -9       -2981               490
          8831    5914193             81             71      -10       -3631               456
          8832    4739578             81             72       -9       -2949               246
          8833   10989722             81             91       10        4403               238
          8834    8720335             81             96       15        5317               224
          8835    5124619             81             73       -8       -2346               544
          8836    4504476             81             76       -5        -754               261
          8837     279497             81             84        3        2404               199
          8838    9540594             81             65      -16       -8258               310
          8839   12994920             81             82        1        1685               277
          8840    7968987             81             78       -3         185               313
          8841    6594793             81             71      -10       -3706               233
          8842    7321742             81             80       -1        1071               188
          8843   11569055             81             65      -16       -8350               550
          8844    9577982             81             82        1        1670               388
          8845   11728919             81             67      -14       -6559               344
          8846    6029200             81             76       -5        -830               342
          8847    4480774             81             76       -5        -608               306
          8848    5993667             81             69      -12       -5066               417
          8849   11660112             81             68      -13       -5859               344
          8850    9970811             81             82        1        1681               390
          8851   13376687             81             76       -5        -870               194
          8852   10344343             81            109       28        6897               260
          8853    1738191             81             71      -10       -3671               355
          8854   12675211             81             83        2        2051               236
          8855    3929234             81             76       -5        -847               324
          8856   11867495             81             73       -8       -2329               341
          8857    4915987             81             65      -16       -8276               330
          8858    8720284             81             81        0        1264               453
          8859   13077512             81             81        0        1367               264
          8860   13444948             81             76       -5        -661               198
          8861   11403728             81             84        3        2551               151
          8862    9141440             81             75       -6       -1266               232
          8863    1336714             81             74       -7       -1915               362
          8864    9463405             81             79       -2         482               331
          8865   12191916             81             75       -6       -1297               426
          8866   11890032             81             81        0        1299               211
          8867     980101             81             71      -10       -3653               436
          8868    1975321             81             76       -5        -581               222
          8869    8636652             81             80       -1         909               372
          8870    4077613             81             75       -6       -1091               269
          8871    8648834             81             85        4        2689               488
          8872    1315338             81             88        7        3650               438
          8873   12756075             81             71      -10       -3634               410
          8874    3878335             81             70      -11       -4290               466
          8875    6982138             81             87        6        3326               444
          8876    9629805             81             78       -3         181               311
          8877    9305884             81             70      -11       -4270               220
          8878   11904864             81             68      -13       -5846               502
          8879    5782396             81             65      -16       -8400               668
          8880    7487451             81             67      -14       -6518               542
          8881   13702882             81             71      -10       -3411               330
          8882    7574902             81             69      -12       -5124               308
          8883    2460293             81             74       -7       -1740               403
          8884   13310730             81             71      -10       -3612               529
          8885    5250124             81             86        5        3023               368
          8886    9858688             81             71      -10       -3733               338
          8887    7659656             81             74       -7       -1883               518
          8888   12096027             81             69      -12       -4991               366
          8889    7045403             81             76       -5        -786               387
          8890    9122546             81             85        4        2688               237
          8891    1523344             81             84        3        2358               376
          8892    8025879             81             84        3        2337               307
          8893   11542316             81             73       -8       -2383               335
          8894   10635116             81             79       -2         509               260
          8895    1599493             81             70      -11       -4319               289
          8896     318327             81             67      -14       -6694               451
          8897    7421224             81             66      -15       -7501               408
          8898   12720338             81             68      -13       -5817               445
          8899   12244622             81             73       -8       -2349               416
          8900    2287513             81             71      -10       -3697               509
          8901   12974963             81             70      -11       -4392               382
          8902    9999336             81             80       -1        1020               421
          8903    7121571             81             65      -16       -8353               258
          8904   11592638             81             74       -7       -1789               272
          8905   10990171             81             66      -15       -7520               394
          8906    2280495             81             74       -7       -1834               353
          8907    9733186             81             70      -11       -4272               368
          8908    5591681             81             81        0        1335               317
          8909   12516460             81             78       -3          82               473
          8910   12055191             81             69      -12       -4800               208
          8911     892729             81             73       -8       -2431               352
          8912     865020             81             82        1        1816               323
          8913    6322149             81             77       -4        -275               249
          8914   12786581             81             78       -3         115               238
          8915    5647527             81             96       15        5345               482
          8916    8522968             81             83        2        2088               144
          8917    5581235             81             84        3        2371               305
          8918    1254606             81             87        6        3364               280
          8919    5521730             81             79       -2         533               312
          8920    4883848             81             89        8        4067               248
          8921    9819671             81             79       -2         518               347
          8922    9390150             81             70      -11       -4317               223
          8923   13530658             81             72       -9       -3046               341
          8924    8029947             81             74       -7       -1909               315
          8925    3961109             81             71      -10       -3635               350
          8926   10870191             81             91       10        4388               231
          8927    3671916             81             77       -4        -281               246
          8928    8599040             81             74       -7       -1804               358
          8929    7776133             81             82        1        1759               283
          8930    6193287             81             71      -10       -3438               433
          8931    3084737             81            109       28        6961               463
          8932     913763             81             69      -12       -5053               429
          8933    6859121             81             77       -4        -289               253
          8934    1674831             81             94       13        4986               335
          8935   10250916             81             73       -8       -2377               279
          8936    1348846             81             78       -3         127               294
          8937    2670295             81             77       -4        -318               263
          8938    1643115             81             80       -1         996               315
          8939   11662238             81             76       -5        -775               280
          8940   11216839             81            100       19        5986               191
          8941    6458276             81             76       -5        -779               408
          8942    2148261             81             68      -13       -5925               325
          8943    3981512             81             90        9        4284               219
          8944    4915386             81             71      -10       -3689               280
          8945    5593391             81             79       -2         545               293
          8946    1738494             81             76       -5        -804               299
          8947     274308             81             68      -13       -5839               255
          8948    1299107             81             84        3        2394               257
          8949    4635620             81             89        8        3944               240
          8950    1658396             81             65      -16       -8554               381
          8951     241377             81             77       -4        -303               290
          8952   11861330             81             74       -7       -1859               197
          8953   11195719             81             75       -6       -1296               175
          8954    1975788             81             64      -17       -9270               201
          8955    4284668             81             77       -4        -280               273
          8956    1999517             81             73       -8       -2443               303
          8957     442699             81             91       10        4418               239
          8958    6810798             81             93       12        4805               238
          8959      56760             81             70      -11       -4364               258
          8960   10866215             81             78       -3         146               243
          8961    1875919             81             78       -3         123               243
          8962    6374829             81             86        5        3074               161
          8963   11990136             80             77       -3         120               186
          8964     581274             80             78       -2         552               170
          8965    5869573             80             69      -11       -4384               772
          8966   10576948             80             88        8        3941               604
          8967    2609513             80             73       -7       -1898               124
          8968    7290035             80             65      -15       -7679               235
          8969   12080480             80             82        2        2074               242
          8970    7042367             80             80        0        1354               148
          8971    3498145             80             66      -14       -6770               227
          8972   11461624             80             73       -7       -1903               384
          8973   10467140             80             67      -13       -5938               362
          8974   13214922             80             68      -12       -5166               202
          8975     352401             80             72       -8       -2480               589
          8976    2058236             80             69      -11       -4398               727
          8977    6868283             80             63      -17       -9631               891
          8978    3455645             80             71       -9       -3069               248
          8979    2582232             80             76       -4        -331               199
          8980   13709693             80             72       -8       -2467               484
          8981    2066314             80             72       -8       -2454               150
          8982    5720889             80             68      -12       -5152               281
          8983    3676357             80             67      -13       -5935               257
          8984    7682804             80             83        3        2373              1329
          8985   12011003             80             65      -15       -7712               537
          8986    7427374             80             76       -4        -364               282
          8987    8955416             80             82        2        2073               201
          8988   12649823             80             84        4        2750               252
          8989   12495193             80             68      -12       -5208               262
          8990    3270593             80             87        7        3721               239
          8991    6410505             80             71       -9       -3031               145
          8992    3530745             80             73       -7       -1908               366
          8993   13655287             80             82        2        2093               338
          8994   11811946             80             70      -10       -3753               257
          8995   11149331             80             66      -14       -6786               290
          8996    5808178             80            131       51        8261               450
          8997   11972203             80             70      -10       -3746               193
          8998   10255018             80             82        2        2042               247
          8999   12878794             80             71       -9       -3091               599
          9000   12458252             80             64      -16       -8655              1125
          9001    7937789             80             89        9        4198               206
          9002   11110120             80             70      -10       -3765               664
          9003    2063439             80             76       -4        -309               225
          9004    1187118             80             68      -12       -5187               581
          9005   10457591             80             74       -6       -1313               847
          9006    5034131             80             90       10        4431               431
          9007    1587567             80             74       -6       -1361               402
          9008    9737933             80             93       13        5007               361
          9009    5913318             80             89        9        4235               328
          9010   12202136             80             78       -2         551               157
          9011    6553101             80             65      -15       -7773               623
          9012    9184094             80             72       -8       -2431               344
          9013    3334453             80             81        1        1757               387
          9014   12594967             80             77       -3          81               305
          9015   12127073             80             68      -12       -5157               406
          9016    9520030             80             80        0        1349               222
          9017    7662390             80             78       -2         568               676
          9018    8183910             80             68      -12       -5216               691
          9019   11241753             80             69      -11       -4458               571
          9020   10623618             80             81        1        1672               364
          9021    4649126             80             69      -11       -4415               352
          9022    5971433             80             68      -12       -5165               200
          9023    3771695             80             68      -12       -5138               258
          9024    7265189             80             72       -8       -2443               141
          9025    8982136             80             77       -3          86               573
          9026    6534425             80             86        6        3456               210
          9027    9453226             80             72       -8       -2474               351
          9028    5419002             80             65      -15       -7778               390
          9029    3459591             80             69      -11       -4474               384
          9030    1992262             80             67      -13       -5992               402
          9031    9048336             80             71       -9       -3053               216
          9032    1425852             80             75       -5        -832               248
          9033    2993977             80             69      -11       -4460               492
          9034    3915115             80             75       -5        -824               418
          9035    5022701             80             79       -1         870               644
          9036   12458360             80             76       -4        -466               396
          9037   11844370             80             72       -8       -2570               303
          9038    6775548             80             81        1        1676               519
          9039    9497495             80             68      -12       -5271               540
          9040    9870604             80             71       -9       -3037               212
          9041   12521306             80             87        7        3656               700
          9042   12161004             80             73       -7       -1949               223
          9043    5140374             80             70      -10       -3699               172
          9044   11380270             80             80        0        1317               374
          9045   13456560             80             70      -10       -3747               125
          9046    5305063             80             69      -11       -4350               238
          9047     195291             80             72       -8       -2433               226
          9048    6597240             80             71       -9       -3043               780
          9049     853489             80             68      -12       -5193               592
          9050    9467668             80             72       -8       -2466               611
          9051   10416573             80             67      -13       -5929               225
          9052    2547177             80             82        2        2060               404
          9053    6164784             80             73       -7       -1890               300
          9054    7637411             80             69      -11       -4501               403
          9055    7088931             80             70      -10       -3730               356
          9056    9942041             80             73       -7       -2029               637
          9057    5492691             80             74       -6       -1276               218
          9058   11635262             80             72       -8       -2504               151
          9059    4547996             80             66      -14       -6865               362
          9060   13609652             80             75       -5        -770               250
          9061   10745410             80             69      -11       -4462               647
          9062    1579619             80             84        4        2799               133
          9063   11820439             80             79       -1         954               283
          9064   11986163             80             80        0        1348               270
          9065    7137249             80             87        7        3722               406
          9066    4965240             80             87        7        3693               271
          9067    7708429             80             74       -6       -1342               659
          9068    3242484             80             81        1        1644               772
          9069    8211352             80             66      -14       -6845               420
          9070    2423258             80             72       -8       -2474               332
          9071    5964639             80             66      -14       -6937               384
          9072    4382902             80             72       -8       -2505               349
          9073     837316             80             71       -9       -3103               598
          9074   11384656             80             80        0        1278               599
          9075   10643932             80             94       14        5162               191
          9076    4998006             80             68      -12       -5387               633
          9077   11076705             80             69      -11       -4550               461
          9078   11268363             80             84        4        2817               194
          9079    4651358             80             73       -7       -1959               384
          9080    2186730             80             70      -10       -3822               395
          9081    2502950             80             80        0        1389               406
          9082    7060809             80             79       -1         877               514
          9083    4852180             80             69      -11       -4561               545
          9084   10586749             80             70      -10       -3816               337
          9085    5229404             80             75       -5        -820               330
          9086   11570286             80             81        1        1681               708
          9087   11636922             80             74       -6       -1229               136
          9088   11106442             80             75       -5        -936               369
          9089    6756868             80             72       -8       -2544               748
          9090    8512413             80             86        6        3328               251
          9091    2633464             80             75       -5        -836               422
          9092    8689902             80             82        2        2042               235
          9093    8302848             80             81        1        1810               285
          9094    3497259             80             73       -7       -1953               142
          9095     919622             80             82        2        2132               220
          9096    9686959             80             69      -11       -4483               322
          9097    8231662             80             71       -9       -3234               255
          9098    8490369             80             69      -11       -4407               378
          9099    4163161             80             81        1        1730               328
          9100    1110832             80             80        0        1336               439
          9101    7077296             80             79       -1         885               574
          9102     150721             80             73       -7       -2098               338
          9103   11692035             80             69      -11       -4635               340
          9104    1426708             80             70      -10       -3838               734
          9105    2446152             80             75       -5        -958               291
          9106    9626647             80             69      -11       -4513               852
          9107    1747943             80             81        1        1716               273
          9108    2086478             80             73       -7       -1953               248
          9109    2158662             80             69      -11       -4457               229
          9110   12568683             80             78       -2         447               438
          9111   11403878             80             91       11        4695               537
          9112   10791856             80             74       -6       -1590               290
          9113     217673             80             76       -4        -417               390
          9114    9933812             80             66      -14       -6841               284
          9115    2575449             80             81        1        1806               203
          9116   11900386             80             67      -13       -5956               258
          9117    3288003             80             70      -10       -3799               602
          9118    2240567             80             70      -10       -3792               503
          9119    5965562             80             63      -17       -9697               290
          9120    8389514             80             78       -2         567               282
          9121   11991126             80             74       -6       -1440               237
          9122    5590617             80             71       -9       -3068               365
          9123     476277             80             74       -6       -1345               178
          9124    7540431             80             67      -13       -6158               801
          9125     153492             80             84        4        2657               365
          9126    2663938             80             72       -8       -2502               428
          9127    3815465             80             75       -5        -920               342
          9128    1457408             80             72       -8       -2622               358
          9129      84152             80             73       -7       -1856               178
          9130    3449587             80             73       -7       -2105               734
          9131   10719846             80             79       -1         972               321
          9132    4276962             80             67      -13       -6046               432
          9133     412200             80             82        2        2003               497
          9134   12810051             80             69      -11       -4437               317
          9135   11142151             80             71       -9       -3113               572
          9136    8997447             80             69      -11       -4522               600
          9137    9460594             80             81        1        1829               170
          9138   12085114             80             78       -2         532               232
          9139    6507576             80             80        0        1485               185
          9140    2987796             80             69      -11       -4511               652
          9141    5414270             80             68      -12       -5219               485
          9142    9728521             80             76       -4        -288               301
          9143    6432922             80             67      -13       -6073               852
          9144    2355112             80             71       -9       -3314               372
          9145    7438293             80             66      -14       -7139               460
          9146    4535716             80             70      -10       -3888               454
          9147   13214572             80             69      -11       -4506               387
          9148     109620             80             69      -11       -4349               274
          9149    8979915             80             67      -13       -6009               658
          9150    5202597             80             72       -8       -2500               509
          9151   13397251             80             74       -6       -1563               254
          9152    3215759             80             74       -6       -1250               238
          9153   11401279             80             69      -11       -4506               353
          9154    5583423             80             78       -2         451               318
          9155     465504             80             72       -8       -2591               561
          9156   12856668             80             65      -15       -7909               567
          9157   12214137             80             73       -7       -1848               273
          9158    1444339             80             73       -7       -1931               473
          9159   13460269             80             73       -7       -1949               576
          9160    9579998             80             79       -1         870               525
          9161   10938367             80             70      -10       -3780               160
          9162   13011300             80             67      -13       -6156               628
          9163    8083009             80             71       -9       -3164               184
          9164   10507917             80             79       -1         941               668
          9165    9345859             80             78       -2         520               450
          9166   13675044             80             65      -15       -7923               599
          9167    2309484             80             77       -3          56               271
          9168    8589978             80             79       -1         990               209
          9169    7108645             80             75       -5        -871               513
          9170    9998654             80             83        3        2529               401
          9171     170358             80             62      -18      -10728               942
          9172    9500199             80             64      -16       -8800               688
          9173    6732871             80             65      -15       -7746               666
          9174    4566940             80             70      -10       -3833               645
          9175    9109301             80             73       -7       -1928               485
          9176    8500265             80             69      -11       -4548               403
          9177    1870705             80             76       -4        -289               442
          9178    8854115             80             79       -1         988               372
          9179     198282             80             74       -6       -1413               509
          9180    8307375             80             67      -13       -6198               400
          9181   13479343             80             79       -1         927               428
          9182   11064803             80             73       -7       -1899               375
          9183    5817194             80             72       -8       -2497               314
          9184     163627             80             66      -14       -6742               261
          9185    5626065             80             77       -3         213               461
          9186    6324290             80             67      -13       -6124               629
          9187    1693475             80             64      -16       -8654               364
          9188    2946455             80             66      -14       -6905               218
          9189    7918359             80             77       -3         112               393
          9190     785711             80             72       -8       -2358               290
          9191   12004089             80             71       -9       -3103               379
          9192    1242655             80             83        3        2487               142
          9193   10665321             80             78       -2         534               412
          9194    7362236             80             76       -4        -410               288
          9195    8126960             80             66      -14       -6952               534
          9196    5469131             80             71       -9       -3185               430
          9197   12989225             80             75       -5        -851               714
          9198    6376757             80             72       -8       -2501               513
          9199   11784602             80             74       -6       -1413               320
          9200    4601239             80             62      -18      -10820               413
          9201   13706065             80             74       -6       -1473               444
          9202    9593459             80             67      -13       -6002               327
          9203   11499603             80             79       -1         960               273
          9204    6838068             80             80        0        1457               264
          9205    4747736             80             75       -5        -808               359
          9206    4704439             80             71       -9       -3297               655
          9207    5769602             80             71       -9       -3288               486
          9208   10656684             80             70      -10       -3819               318
          9209    8461143             80             73       -7       -2066               528
          9210    4945911             80             74       -6       -1216               368
          9211    1007110             80             80        0        1379               259
          9212    3665902             80             74       -6       -1354               287
          9213    6376297             80             76       -4        -177               244
          9214     322330             80             78       -2         476               634
          9215     977892             80             71       -9       -3277               252
          9216   12413978             80             68      -12       -5246               889
          9217    7720984             80             74       -6       -1368               259
          9218    3614086             80             72       -8       -2626               414
          9219    5084457             80             76       -4        -380               325
          9220    1015204             80             84        4        2746               173
          9221    2134971             80             77       -3         130               213
          9222    1346162             80             70      -10       -3756               326
          9223   12830787             80             71       -9       -3176               705
          9224    2380779             80             72       -8       -2386               344
          9225   10572526             80             70      -10       -3642               248
          9226    1405452             80             64      -16       -8905               645
          9227    9341031             80             71       -9       -3253               409
          9228     403308             80             70      -10       -3817               360
          9229    7694553             80             81        1        1686               216
          9230    5443930             80             65      -15       -7922               402
          9231    6704960             80             73       -7       -2009               369
          9232     294690             80             69      -11       -4603               287
          9233    6103515             80             69      -11       -4448               460
          9234    7840670             80             68      -12       -5172               340
          9235    3491615             80             68      -12       -5180               264
          9236    3186334             80             71       -9       -3185               251
          9237    5027411             80             72       -8       -2581               616
          9238    7572387             80             72       -8       -2566               490
          9239    5565188             80             72       -8       -2454               207
          9240    4751267             80             74       -6       -1394               508
          9241   11704129             80             97       17        5810               496
          9242        328             80             85        5        3045               514
          9243    1349669             80             77       -3         158               190
          9244     406800             80             62      -18      -10824               450
          9245   13498741             80             86        6        3459               446
          9246    3552147             80             83        3        2472               369
          9247   12407299             80             82        2        2282               271
          9248     136918             80             73       -7       -2121               484
          9249    9607206             80             73       -7       -1862               367
          9250    6891024             80             78       -2         472               590
          9251    4175824             80             73       -7       -1916               439
          9252    3196750             80             71       -9       -3132               292
          9253   11119538             80             72       -8       -2432               298
          9254    2461683             80             72       -8       -2617               328
          9255    4674364             80             74       -6       -1363               482
          9256    5075686             80             80        0        1446               233
          9257   10345831             80             72       -8       -2506               237
          9258    4116568             80             65      -15       -7862               380
          9259   11987326             80             71       -9       -3219               416
          9260    8224560             80             79       -1        1107               238
          9261    3852763             80             83        3        2542               453
          9262   11686741             80             80        0        1444               332
          9263   10496266             80            114       34        7706               241
          9264   12953981             80             72       -8       -2415               345
          9265   12076867             80             76       -4        -276               281
          9266    2991320             80             65      -15       -7966               257
          9267    6920848             80             91       11        4730               357
          9268    8727384             80             94       14        5350               329
          9269   12125617             80             81        1        1719               259
          9270    3804627             80             71       -9       -3078               550
          9271    9022642             80             71       -9       -3061               319
          9272    7908175             80             66      -14       -7072               554
          9273     686992             80             69      -11       -4550               541
          9274   11831204             80             67      -13       -6108               309
          9275   13591434             80             75       -5        -736               270
          9276    3380790             80             81        1        1825               204
          9277    9337974             80             81        1        1743               241
          9278    6417275             80             79       -1         946               385
          9279    1861484             80             66      -14       -6710               353
          9280   10392508             80             70      -10       -3692               380
          9281    5758568             80             65      -15       -7700               426
          9282     762579             80             82        2        2249               201
          9283     275741             80             69      -11       -4280               365
          9284    3066333             80             85        5        3127               327
          9285    2546406             80             67      -13       -6056               288
          9286    4573299             80             83        3        2481               405
          9287   12661730             80             72       -8       -2431               359
          9288     451814             80             69      -11       -4564               506
          9289   10976898             80             76       -4        -358               323
          9290   10428502             80             76       -4        -323               211
          9291    3219895             80             69      -11       -4528               214
          9292    6960228             80             73       -7       -2094               620
          9293     691542             80             83        3        2618               168
          9294    1503395             80             69      -11       -4477               416
          9295    7870149             80             87        7        3846               326
          9296    1374349             80             73       -7       -1848               481
          9297   10492635             80             72       -8       -2435               218
          9298    6034299             80             68      -12       -5182               325
          9299   11059885             80             77       -3          85               364
          9300    5567515             80             72       -8       -2537               371
          9301    7752098             80             71       -9       -3221               501
          9302    8969759             80             79       -1        1114               370
          9303    9465279             80             68      -12       -5256               418
          9304    7729782             80             65      -15       -7914               481
          9305    6575145             80             77       -3         234               351
          9306    9580901             80             77       -3         184               269
          9307   11162181             80             85        5        3093               335
          9308    8212838             80             66      -14       -6994               384
          9309    6792031             80             87        7        3823               423
          9310    7819869             80             75       -5        -824               351
          9311    6163535             80             74       -6       -1371               472
          9312    9257756             80             70      -10       -3888               517
          9313   10148544             80             71       -9       -3244               305
          9314    5254353             80             84        4        2814               433
          9315   12928453             80             69      -11       -4544               427
          9316    4933737             80             66      -14       -6821               358
          9317    8619158             80             77       -3         438               178
          9318    9823473             80             80        0        1447               435
          9319    8577157             80             67      -13       -6044               540
          9320    1214724             80             79       -1        1035               213
          9321   10950795             80             92       12        4990               348
          9322    8769678             80             64      -16       -8699               293
          9323    6844898             80             80        0        1514               192
          9324    4250587             80             69      -11       -4392               378
          9325     983090             80             65      -15       -7904               350
          9326   11529298             80             90       10        4692               395
          9327   13571723             80             61      -19      -12031               607
          9328    4034729             80             74       -6       -1319               543
          9329    2101263             80             99       19        6210               522
          9330    6501499             80             86        6        3593               202
          9331    9810866             80             73       -7       -1868               338
          9332   10261800             80             77       -3         230               298
          9333    6892204             80             76       -4        -327               294
          9334    7555608             80             68      -12       -4997               318
          9335    8559135             80             83        3        2490               313
          9336    3697077             80             69      -11       -4477               263
          9337    5205705             80             72       -8       -2303               367
          9338    1626044             80             78       -2         617               309
          9339     732477             80             72       -8       -2589               296
          9340    7998718             80             84        4        2857               462
          9341    2606092             80             70      -10       -3609               225
          9342    6330412             80             72       -8       -2569               399
          9343    8622188             80             69      -11       -4567               339
          9344    4339548             80             91       11        4818               229
          9345   11281733             80             73       -7       -1933               301
          9346    6972715             80            102       22        6691               258
          9347   11810535             80             69      -11       -4553               415
          9348    4635128             80             87        7        3850               382
          9349    1947872             80             77       -3         111               257
          9350     881163             80             86        6        3624               212
          9351     579926             80             76       -4        -283               257
          9352   12331591             80             74       -6       -1394               203
          9353    5508781             80             75       -5        -633               234
          9354   10930728             80             69      -11       -4655               275
          9355   12124820             80             73       -7       -1917               380
          9356    7074384             80             67      -13       -6012               233
          9357    6562476             80             89        9        4417               212
          9358    6101425             80             78       -2         542               239
          9359    5484223             80             76       -4        -298               323
          9360    3924243             80             82        2        2185               220
          9361   13201170             80             64      -16       -8969               415
          9362   12303653             80             73       -7       -2003               233
          9363    6382968             80             78       -2         640               297
          9364    8218103             80             65      -15       -7926               300
          9365    1345685             80             71       -9       -3201               380
          9366    6288981             80             65      -15       -7872               517
          9367    7359903             80             93       13        5217               313
          9368   10104876             80             68      -12       -5381               383
          9369    7777972             80             78       -2         749               329
          9370   12271318             80             72       -8       -2577               303
          9371    6068891             80             64      -16       -8605               325
          9372   13008390             80             73       -7       -1837               217
          9373   12948483             80             71       -9       -3261               407
          9374    1091929             80             77       -3         172               287
          9375    5647079             80             74       -6       -1425               403
          9376   13298618             80             98       18        6206               200
          9377    8665570             80             73       -7       -1946               413
          9378    7267464             80             69      -11       -4632               518
          9379    1474764             80             74       -6       -1390               367
          9380    6101810             80             82        2        2157               309
          9381   10690188             80             79       -1        1094               244
          9382     534998             80             72       -8       -2446               197
          9383    4681347             80             70      -10       -3793               268
          9384    4420630             80             81        1        1884               230
          9385    6859687             80             76       -4        -274               159
          9386    1844347             80             73       -7       -1803               406
          9387    3408487             80            107       27        7287               187
          9388    4994858             80             71       -9       -3211               226
          9389    2026347             80             72       -8       -2281               342
          9390    4985890             80             91       11        4860               309
          9391    5194086             80             84        4        2832               361
          9392    4561281             80             73       -7       -1901               305
          9393    5895754             80             67      -13       -6175               302
          9394    4867822             80             76       -4        -337               405
          9395    9739272             80             71       -9       -3161               283
          9396      86328             80             97       17        5970               256
          9397    3340569             80             68      -12       -5274               225
          9398    1415614             80             69      -11       -4356               191
          9399    5903774             80             87        7        3848               337
          9400   13362398             80             76       -4        -341               276
          9401    1052151             80             78       -2         582               252
          9402    6051266             80             72       -8       -2575               270
          9403    4847231             80             75       -5        -803               373
          9404    9760443             80            100       20        6431               331
          9405   13278629             80             76       -4        -228               239
          9406    6220981             80             78       -2         653               331
          9407   12235397             80             73       -7       -1835               232
          9408    8256657             80             76       -4        -118               188
          9409    5593234             80             77       -3         331               174
          9410   10695386             80             93       13        5278               272
          9411   10176694             80             90       10        4689               333
          9412    7667085             80             68      -12       -5430               226
          9413   11630721             80             74       -6       -1226               329
          9414    3135174             80             67      -13       -6257               370
          9415    9089121             80             86        6        3614               179
          9416    4356119             80             68      -12       -5348               271
          9417    4109577             80             76       -4        -316               415
          9418    6574602             80             69      -11       -4639               277
          9419     331318             80             71       -9       -3186               196
          9420    8887043             80             69      -11       -4474               263
          9421   10474276             80             86        6        3547               290
          9422    1700677             80             75       -5        -811               215
          9423     999954             80             82        2        2211               313
          9424   13380343             80             66      -14       -7110               350
          9425   11856027             80             72       -8       -2481               290
          9426    8333124             80             73       -7       -1864               292
          9427    4999011             80             74       -6       -1396               336
          9428    9516785             80            104       24        6939               285
          9429   11328929             80             68      -12       -5412               426
          9430    2150592             80             78       -2         633               190
          9431    9722278             80             77       -3         240               326
          9432    5320523             80             90       10        4714               213
          9433    7058653             80             88        8        4201               328
          9434   12752234             80             79       -1        1065               247
          9435    9883723             80             67      -13       -6190               280
          9436    3802186             80             67      -13       -6245               264
          9437    1675124             80             73       -7       -1862               237
          9438    7289298             80             69      -11       -4602               271
          9439    6211600             80             77       -3         213               403
          9440    1076533             80             73       -7       -1900               370
          9441   11492493             80             65      -15       -8096               386
          9442     944106             80             84        4        2882               275
          9443    7615524             80             83        3        2567               354
          9444    7184491             80             78       -2         689               250
          9445      20485             80             70      -10       -3728               207
          9446    7975093             80             76       -4        -305               211
          9447    4730050             80             80        0        1504               306
          9448   11366337             80             68      -12       -5332               317
          9449     111496             80             72       -8       -2519               244
          9450   13562193             80             83        3        2571               254
          9451    3138602             80             67      -13       -6242               302
          9452    8541925             80             70      -10       -3820               274
          9453   10834825             80             87        7        3939               215
          9454    5995104             80             83        3        2590               279
          9455    7109622             80             68      -12       -5401               213
          9456    5205652             80             86        6        3570               263
          9457   12127096             80             80        0        1594               190
          9458    2976351             80             69      -11       -4642               181
          9459    3243459             79             82        3        2577               442
          9460    7337767             79             76       -3         191               289
          9461    2820611             79             73       -6       -1392               438
          9462    3280586             79             65      -14       -7179               496
          9463    6489767             79             87        8        4198               269
          9464   11831895             79             73       -6       -1394               382
          9465   12497404             79             70       -9       -3224               411
          9466   10809189             79             73       -6       -1386               201
          9467    4402360             79             77       -2         610               319
          9468    7751302             79             68      -11       -4641               182
          9469    3466097             79             75       -4        -299               266
          9470    4447423             79             67      -12       -5435               189
          9471    4470168             79             70       -9       -3237               681
          9472    7608412             79             74       -5        -793               322
          9473    6880792             79             70       -9       -3226               320
          9474   12297480             79             71       -8       -2565               598
          9475    2527033             79             71       -8       -2541               220
          9476    6510262             79             75       -4        -287               137
          9477   11304838             79             77       -2         629               177
          9478    1861685             79             68      -11       -4666               453
          9479    7157106             79             71       -8       -2558               561
          9480    2492267             79             75       -4        -293               241
          9481    7225230             79             80        1        1845               267
          9482    4708922             79             79        0        1432               566
          9483   11794025             79             91       12        5127               192
          9484    4797737             79             73       -6       -1405               295
          9485    5966204             79             77       -2         627               175
          9486    7466525             79             80        1        1845               225
          9487    6370540             79             69      -10       -3872               263
          9488    1968849             79             79        0        1488               261
          9489   11337331             79             69      -10       -3901               422
          9490    3754329             79             72       -7       -1970               379
          9491    4080958             79             76       -3         178               318
          9492   11009063             79             74       -5        -796               304
          9493    8746992             79             61      -18      -11375               339
          9494    9715888             79             73       -6       -1415               237
          9495    7877034             79             74       -5        -792               215
          9496   12724722             79             91       12        5116               316
          9497    9989952             79             72       -7       -2001               375
          9498   11970299             79             78       -1        1076               214
          9499   11698047             79             78       -1        1055               806
          9500   11018232             79             72       -7       -1930               152
          9501    2336134             79             87        8        4224               301
          9502    7814354             79             68      -11       -4658               209
          9503    9411739             79             64      -15       -8148              1674
          9504    1676980             79             79        0        1449               289
          9505    6415435             79             73       -6       -1411               319
          9506     274026             79             83        4        2827               363
          9507    9574463             79             79        0        1456               595
          9508    9042047             79             71       -8       -2575               391
          9509    5146036             79             79        0        1445               241
          9510    9404842             79             71       -8       -2530               464
          9511    8402729             79             71       -8       -2539               331
          9512    1489720             79             71       -8       -2544               539
          9513    1001668             79             91       12        5145               321
          9514    3961798             79             73       -6       -1416              1373
          9515    8826888             79             68      -11       -4647               399
          9516   10980179             79             84        5        3251               375
          9517    9414138             79             69      -10       -3889               256
          9518    8391390             79             67      -12       -5437               246
          9519   13318534             79             76       -3         194               366
          9520   13366281             79             82        3        2497               415
          9521   13440568             79             66      -13       -6247               385
          9522    3398473             79             82        3        2547               292
          9523    5760616             79             77       -2         623               285
          9524    5631841             79             68      -11       -4628               253
          9525   10103820             79             74       -5        -777               163
          9526   11563277             79             84        5        3271               306
          9527    5719165             79             71       -8       -2590               440
          9528    2453766             79             67      -12       -5472               726
          9529   12840911             79             75       -4        -317               232
          9530   10964461             79             69      -10       -3920              1059
          9531    4451035             79             69      -10       -3948               516
          9532     282436             79             79        0        1458               263
          9533    3181055             79             74       -5        -797               171
          9534    7978486             79             70       -9       -3195               245
          9535   12923031             79             64      -15       -8191               517
          9536    1230686             79             77       -2         617               197
          9537    9804992             79             68      -11       -4688               255
          9538   12418722             79             77       -2         598               406
          9539     318771             79             72       -7       -1913               374
          9540     955738             79             76       -3         209               203
          9541     820307             79             81        2        2272               193
          9542   11705995             79             80        1        1865               300
          9543   13343825             79             76       -3         200               376
          9544   12189554             79             69      -10       -4000               203
          9545   13395442             79             65      -14       -7312               664
          9546    5882866             79             65      -14       -7297               799
          9547    8184621             79             68      -11       -4768               414
          9548   10262586             79             76       -3         247               187
          9549    1035404             79             74       -5        -917               414
          9550   11152884             79             71       -8       -2603               572
          9551   11536411             79             75       -4        -264               175
          9552    5789621             79             86        7        3965               192
          9553    5374907             79             76       -3         249               301
          9554    1584635             79             75       -4        -308               543
          9555    7716823             79             74       -5        -885               294
          9556    4440523             79             63      -16       -9171               490
          9557    1235442             79             80        1        1896               195
          9558   13016785             79             76       -3         240               282
          9559    5631179             79             72       -7       -2053               320
          9560    3451423             79             83        4        2980               172
          9561   11531834             79             66      -13       -6373               550
          9562    9983595             79             77       -2         682               232
          9563     241778             79             71       -8       -2628               548
          9564      49340             79             79        0        1516               234
          9565   13009403             79             75       -4        -328              1135
          9566    4209229             79             68      -11       -4753               461
          9567    8220267             79             73       -6       -1334               284
          9568   13032644             79             75       -4        -329               607
          9569    5075407             79             84        5        3289               145
          9570    8846100             79             86        7        3977               216
          9571    2491281             79             71       -8       -2572               239
          9572    7971445             79             72       -7       -1904               144
          9573    7187694             79             64      -15       -8275               253
          9574    2625026             79             71       -8       -2639               465
          9575    7444890             79             66      -13       -6284               331
          9576    8400664             79             67      -12       -5534               924
          9577    2994936             79             68      -11       -4649               276
          9578    4622280             79             80        1        1916               378
          9579     978238             79             80        1        1882               325
          9580    5050577             79             97       18        6255               280
          9581    2617192             79             68      -11       -4819               455
          9582    1953958             79             64      -15       -8127               441
          9583   11423770             79             72       -7       -2075               555
          9584    9571833             79             73       -6       -1455               367
          9585    3994346             79             67      -12       -5518               502
          9586   11239871             79             73       -6       -1339               253
          9587    8900920             79             86        7        4014               302
          9588    6572793             79             71       -8       -2640               353
          9589    8375542             79             86        7        3851               368
          9590    1821321             79             75       -4        -298               444
          9591   12413888             79             79        0        1377               346
          9592    7455533             79             71       -8       -2542               329
          9593    9850742             79             72       -7       -2041               536
          9594    2938337             79             67      -12       -5538               499
          9595   12662911             79             68      -11       -4599               260
          9596   11683493             79             75       -4        -296               394
          9597    1465490             79             72       -7       -2062               614
          9598    5456736             79             68      -11       -4680               436
          9599   11919639             79             75       -4        -269               610
          9600    8208328             79             67      -12       -5407               405
          9601    9766452             79             70       -9       -3261               240
          9602    2776199             79             62      -17      -10288               658
          9603   12620015             79             79        0        1418               292
          9604    4434131             79             67      -12       -5496               590
          9605    6672942             79             90       11        5012               220
          9606   11876508             79             74       -5        -833               739
          9607    6926160             79             73       -6       -1345               340
          9608    2299797             79             76       -3         319               159
          9609    8842435             79             86        7        4004               210
          9610     813801             79             78       -1        1103               303
          9611   13590474             79             79        0        1583               178
          9612    4371430             79             82        3        2578               323
          9613   12212177             79             79        0        1546               178
          9614    3535089             79             67      -12       -5636               707
          9615    6524198             79             71       -8       -2745               313
          9616   10911154             79             69      -10       -3977               301
          9617   10406624             79             69      -10       -3786               237
          9618    3724579             79             67      -12       -5587               641
          9619     670033             79             77       -2         566               229
          9620    4373870             79             76       -3         159               455
          9621    3838284             79             75       -4        -268               154
          9622    5502422             79             82        3        2615               384
          9623    8947556             79             83        4        2935               277
          9624    4558440             79             71       -8       -2612              1186
          9625    5010241             79             75       -4        -285               286
          9626   10648502             79             71       -8       -2599               410
          9627    9616057             79             58      -21      -15233               743
          9628    2687159             79             77       -2         647               198
          9629    3588239             79             79        0        1399               304
          9630   11452917             79             69      -10       -3966               542
          9631    7679365             79             65      -14       -7228               428
          9632    1085108             79             64      -15       -8185               587
          9633    4780411             79             72       -7       -1903               187
          9634    7311229             79             81        2        2213               424
          9635    3265613             79             74       -5        -858               659
          9636    4234423             79             68      -11       -4624               231
          9637   13122225             79             73       -6       -1434               510
          9638    3742681             79             75       -4        -334               351
          9639    6985681             79             71       -8       -2557               578
          9640    5888063             79             67      -12       -5638               216
          9641    1755599             79             79        0        1494               440
          9642   11407284             79             70       -9       -3376               491
          9643    5947771             79             71       -8       -2560               255
          9644    8785666             79             74       -5        -831               538
          9645     660073             79             72       -7       -1929               443
          9646   11282547             79             74       -5        -954               447
          9647    1510794             79             84        5        3358               444
          9648    4361297             79             72       -7       -1947               608
          9649    2403687             79             70       -9       -3416               572
          9650    1942056             79             72       -7       -1896               354
          9651    9018090             79             78       -1        1028               690
          9652   13715810             79             62      -17      -10266               445
          9653    7330379             79             89       10        4697               269
          9654   12217816             79             82        3        2675               323
          9655    6685940             79             79        0        1356               668
          9656   12213647             79             73       -6       -1513               613
          9657    5675070             79             71       -8       -2629               323
          9658    8075009             79             89       10        4752               293
          9659    1876806             79             88        9        4574               218
          9660   12757189             79             67      -12       -5490               532
          9661    8158857             79             82        3        2650               389
          9662    3292277             79             78       -1        1011               712
          9663    1768026             79             99       20        6629               323
          9664    6230307             79             68      -11       -4771               277
          9665    7773553             79             74       -5        -907               352
          9666    5402801             79             65      -14       -7195               235
          9667    2890323             79             68      -11       -4788               658
          9668   12322449             79             62      -17      -10239               456
          9669    7072140             79             86        7        3927               427
          9670    5637603             79             86        7        4081               191
          9671    5672746             79             74       -5        -836               221
          9672    3397285             79             61      -18      -11561               434
          9673    1021282             79             65      -14       -7356               566
          9674    4333562             79             69      -10       -4004               635
          9675     508460             79             82        3        2750               271
          9676    8603372             79             73       -6       -1444               451
          9677   12903561             79             75       -4        -275               443
          9678    8961212             79             86        7        3981               299
          9679    5152667             79             60      -19      -12961               478
          9680    3584386             79             75       -4        -302               244
          9681     677579             79             68      -11       -4644               468
          9682    7397376             79             76       -3          45               400
          9683    9197447             79             66      -13       -6488               436
          9684     314854             79             66      -13       -6357               406
          9685    6000112             79             72       -7       -2095               494
          9686    5143850             79             68      -11       -4834               423
          9687    2598402             79             68      -11       -4755               373
          9688   11156509             79             68      -11       -4869               923
          9689   11417932             79             79        0        1646               358
          9690   10321179             79             66      -13       -6436               341
          9691    7334085             79             68      -11       -4681               488
          9692    1323784             79             71       -8       -2713               330
          9693    4573198             79             70       -9       -3269               516
          9694     713343             79             62      -17      -10380               407
          9695   12281998             79             65      -14       -7321               322
          9696    4396127             79             86        7        4075               269
          9697    1122400             79             74       -5        -893               174
          9698    9276567             79             75       -4        -481               327
          9699    2836408             79             76       -3         237               208
          9700    1450469             79             73       -6       -1310               191
          9701   11669396             79             70       -9       -3088               223
          9702     739024             79             75       -4        -362               625
          9703    3582830             79             61      -18      -11529               574
          9704    3869558             79             75       -4        -362               293
          9705    6516523             79             74       -5        -624               139
          9706    7029050             79             76       -3         266               338
          9707    5886730             79             73       -6       -1515               291
          9708    5392592             79             70       -9       -3177               262
          9709   12048895             79             71       -8       -2709               601
          9710    3133388             79             71       -8       -2554               220
          9711    4631763             79             63      -16       -9336               610
          9712   13697386             79             76       -3         159               233
          9713    5301865             79             93       14        5603               463
          9714   13554508             79             88        9        4642               389
          9715   10275705             79             72       -7       -2084               367
          9716     255981             79             75       -4        -325               730
          9717     167872             79             74       -5        -696               478
          9718   12243331             79             86        7        3872               320
          9719    5469803             79             78       -1        1089               529
          9720   13218976             79             82        3        2645               274
          9721   10594885             79             70       -9       -3225               428
          9722    4655516             79             68      -11       -4686               668
          9723    4252517             79             61      -18      -11346               262
          9724    7579445             79             68      -11       -4910               268
          9725    7521341             79             73       -6       -1569               214
          9726    5096483             79             80        1        1845               343
          9727    9171861             79             82        3        2722               319
          9728    7175784             79            111       32        7923               746
          9729    9950920             79             82        3        2619               501
          9730    7731586             79             74       -5        -876               498
          9731     754976             79             90       11        5160               119
          9732    2100055             79             77       -2         584               565
          9733    8199281             79             70       -9       -3396               381
          9734    2635217             79             75       -4        -399               277
          9735    4864999             79             87        8        4250               162
          9736    9110211             79             72       -7       -2097               278
          9737    3234977             79             71       -8       -2572               395
          9738    5845569             79             68      -11       -4775               452
          9739    1703576             79             65      -14       -7391               475
          9740    7514167             79             82        3        2609               712
          9741    3554097             79             75       -4        -357               300
          9742   13419227             79             66      -13       -6336               463
          9743    8316423             79             75       -4        -256               398
          9744    1423988             79             74       -5        -808               619
          9745    1902166             79             82        3        2630               263
          9746    5104179             79             73       -6       -1467               288
          9747   12659888             79             71       -8       -2507               394
          9748     798283             79             72       -7       -2130               570
          9749    7171264             79             94       15        5861               310
          9750     711761             79             78       -1        1183               313
          9751   10898324             79             87        8        4315               410
          9752    1072322             79             65      -14       -7353               358
          9753   11531955             79             73       -6       -1237               201
          9754   10837373             79             78       -1        1061               225
          9755    2067587             79             65      -14       -7356               470
          9756    6156497             79             71       -8       -2688               441
          9757    8985727             79             69      -10       -4094               502
          9758    6994007             79             82        3        2587               230
          9759   13157705             79             79        0        1538               456
          9760   11896494             79             74       -5        -671               436
          9761    6873764             79             77       -2         592               278
          9762    3250457             79             74       -5        -961               423
          9763    8034295             79             81        2        2397               244
          9764    1063219             79             70       -9       -3392               516
          9765   11877860             79             84        5        3451               257
          9766   10874554             79             67      -12       -5717               442
          9767   10727638             79             71       -8       -2694               405
          9768    7417780             79             84        5        3223               357
          9769    1865712             79             66      -13       -6519               473
          9770    3568334             79             69      -10       -4062               361
          9771   10070783             79             64      -15       -8129               374
          9772    8130661             79             76       -3         153               407
          9773     248708             79             72       -7       -2051               366
          9774    7219124             79             70       -9       -3141               375
          9775    9553433             79             66      -13       -6368               404
          9776   13551228             79             72       -7       -1877               146
          9777    7611351             79             75       -4        -373               396
          9778    8102147             79             70       -9       -3468               342
          9779    8034392             79             71       -8       -2721               523
          9780    3029106             79             84        5        3336               436
          9781    4109884             79             69      -10       -4182               652
          9782    7931254             79             62      -17      -10195               407
          9783    9307589             79             68      -11       -4841               448
          9784    9403843             79             65      -14       -7280               429
          9785     769231             79             79        0        1574               232
          9786    8867782             79             86        7        3974               380
          9787    4796793             79             64      -15       -8300               366
          9788    8502906             79             77       -2         620               274
          9789    2843150             79             83        4        3143               214
          9790    6978713             79             78       -1        1043               245
          9791     677155             79             72       -7       -2071               547
          9792    3105669             79             71       -8       -2677               254
          9793    9505989             79             66      -13       -6374               363
          9794     137824             79             79        0        1603               202
          9795    7890039             79             63      -16       -9309               540
          9796    5475468             79             62      -17      -10288               636
          9797    6310897             79             63      -16       -9194               348
          9798   10468137             79             74       -5        -911               331
          9799    7177652             79             73       -6       -1481               456
          9800   12680603             79             87        8        4482               175
          9801   10611270             79             80        1        1904               454
          9802   10237860             79             65      -14       -7246               323
          9803    8700724             79             68      -11       -4913               306
          9804   12901065             79             81        2        2257               368
          9805   11870794             79             66      -13       -6504               448
          9806    5303758             79             72       -7       -1958               576
          9807    5193477             79             67      -12       -5593               453
          9808      73218             79             75       -4        -190               424
          9809   13430652             79             99       20        6759               412
          9810    8021424             79             71       -8       -2742               511
          9811    6518562             79             85        6        3801               289
          9812    6775912             79             85        6        3730               184
          9813    6771908             79             66      -13       -6466               465
          9814    9033224             79             69      -10       -4156               335
          9815    5118314             79             73       -6       -1373               271
          9816    6589248             79             87        8        4298               584
          9817    1819152             79             67      -12       -5457               327
          9818   11036526             79             80        1        1898               403
          9819    7390684             79             68      -11       -4706               509
          9820    1250065             79             76       -3         300               338
          9821    4616799             79             75       -4        -366               294
          9822    5906694             79             67      -12       -5573               400
          9823   13144171             79             66      -13       -6489               573
          9824    3758887             79             80        1        1887               261
          9825   12226133             79             70       -9       -3332               459
          9826    5970365             79             82        3        2661               287
          9827    7696743             79             65      -14       -7504               531
          9828    3440699             79             61      -18      -11598               599
          9829    5844230             79             75       -4        -201               288
          9830    9215016             79             70       -9       -3304               330
          9831    4243050             79             68      -11       -4656               295
          9832    2425055             79             65      -14       -7342               500
          9833   13153701             79             65      -14       -7302               457
          9834    9267921             79             71       -8       -2721               467
          9835    3200245             79             63      -16       -9431               471
          9836    3488509             79             97       18        6415               236
          9837     454959             79             63      -16       -9383               348
          9838    5280631             79             76       -3         284               203
          9839   12656778             79             71       -8       -2719               402
          9840    4696243             79             78       -1        1054               512
          9841    8270880             79             77       -2         715               475
          9842    2490962             79             74       -5        -863               256
          9843    4521863             79             72       -7       -2115               425
          9844   11936627             79             88        9        4703               174
          9845    5321510             79             71       -8       -2278               273
          9846    1097087             79             67      -12       -5533               546
          9847    7843495             79             90       11        5147               253
          9848    5787244             79             73       -6       -1322               256
          9849   10705319             79             65      -14       -7391               489
          9850    2762771             79             63      -16       -9443               342
          9851    5127782             79             93       14        5706               392
          9852    5006173             79             70       -9       -3344               331
          9853    1256523             79             70       -9       -3159               257
          9854    8385504             79             69      -10       -4074               308
          9855    7196655             79             69      -10       -3999               444
          9856     628157             79             98       19        6588               419
          9857    8888564             79             70       -9       -3120               215
          9858    8771986             79             74       -5        -782               269
          9859    2882030             79             75       -4        -341               282
          9860    7849438             79             62      -17      -10373               538
          9861    3015933             79             85        6        3701               328
          9862    5932871             79             67      -12       -5259               254
          9863     881304             79             81        2        2419               247
          9864     744267             79             77       -2         774               218
          9865    9953369             79             72       -7       -1913               250
          9866    8707703             79             68      -11       -4625               274
          9867    3066441             79             83        4        3028               302
          9868    8698078             79             72       -7       -1834               390
          9869    3924535             79             69      -10       -4086               377
          9870   11286824             79             75       -4        -332               252
          9871    5123731             79             71       -8       -2700               341
          9872   13164997             79             73       -6       -1393               181
          9873    8907024             79             87        8        4328               348
          9874    9906271             79             68      -11       -4839               364
          9875     585168             79             67      -12       -5571               498
          9876    4181881             79             77       -2         815               229
          9877   11620809             79             63      -16       -9534               366
          9878   11601703             79             84        5        3603               164
          9879    5747902             79             74       -5        -827               279
          9880    4015433             79             96       17        6285               178
          9881   11570624             79             97       18        6456               341
          9882    6602479             79             71       -8       -2724               248
          9883    8652106             79             73       -6       -1479               683
          9884     104678             79             87        8        4342               395
          9885    6075985             79             64      -15       -8479               387
          9886    5181144             79             76       -3         236               337
          9887   12683927             79             76       -3         224               387
          9888    2495136             79             85        6        3710               197
          9889    4638583             79             92       13        5559               315
          9890   13312110             79             72       -7       -2077               301
          9891    1588698             79             84        5        3415               277
          9892   13011536             79             85        6        3794               205
          9893    3603071             79             73       -6       -1418               242
          9894    7495617             79             65      -14       -7582               336
          9895    4445097             79             84        5        3389               256
          9896    7640063             79             79        0        1620               429
          9897    8637279             79             77       -2         933               345
          9898    5186198             79             68      -11       -4475               299
          9899   13123472             79             84        5        3484               262
          9900   10709833             79             97       18        6453               401
          9901    8469487             79             75       -4        -141               294
          9902    7817496             79             70       -9       -3259               211
          9903   12159592             79             68      -11       -4835               318
          9904    6847503             79             62      -17      -10389               352
          9905    6769358             79             78       -1        1183               196
          9906     441474             79             66      -13       -6583               437
          9907    4519960             79             75       -4         -58               170
          9908    4326587             79             72       -7       -2064               228
          9909   10757158             79             95       16        6158               260
          9910    4758600             79             69      -10       -3953               440
          9911    4484867             79             79        0        1535               284
          9912   12900002             79             72       -7       -2005               369
          9913    9961241             79             89       10        4918               202
          9914   10050907             79             72       -7       -1970               293
          9915     412730             79             72       -7       -1798               231
          9916   13646303             79             68      -11       -4908               304
          9917    9220164             79             65      -14       -7575               236
          9918    6795691             79             70       -9       -3128               302
          9919    2148827             79             77       -2         710               377
          9920    6151720             79             80        1        1942               240
          9921    5860766             79             85        6        3711               220
          9922    2237837             79             70       -9       -3097               207
          9923    5061123             79             62      -17      -10519               485
          9924     586869             79             93       14        5890               188
          9925   12064413             79             65      -14       -7519               277
          9926     237763             79             84        5        3408               248
          9927      70374             79             73       -6       -1432               260
          9928    7474377             79             63      -16       -9526               367
          9929    5289764             79             69      -10       -3960               438
          9930   10894430             79             74       -5        -896               166
          9931    7966829             79             76       -3         213               310
          9932    3858499             79             86        7        4096               270
          9933    8263844             79             73       -6       -1395               355
          9934    6029353             79             75       -4        -279               426
          9935     805962             79             88        9        4695               364
          9936   11334950             79             80        1        2015               323
          9937   10992292             79             83        4        3223               232
          9938   10165038             79             73       -6       -1399               357
          9939   13357118             79             89       10        5044               188
          9940   11163710             79             85        6        3711               335
          9941    6203597             79             63      -16       -9403               302
          9942    5235636             79             78       -1        1129               337
          9943    4243920             79             66      -13       -6517               304
          9944    3242177             79             68      -11       -4790               365
          9945    2301274             79             73       -6       -1401               298
          9946     304942             79             92       13        5607               348
          9947    4010830             79             94       15        5989               298
          9948   10904317             79             70       -9       -3365               262
          9949   12268361             79             68      -11       -4904               393
          9950    7989097             79             70       -9       -3186               268
          9951     634204             79             77       -2         703               288
          9952    4954817             79             62      -17      -10568               280
          9953    3712885             79             78       -1        1190               259
          9954    7169337             79             70       -9       -3319               307
          9955    8263015             79             74       -5        -879               248
          9956   10538359             79             76       -3         237               248
          9957    9815581             79             72       -7       -2024               246
          9958   11171547             79             76       -3         264               383
          9959    7323726             79             75       -4        -289               272
          9960    2776417             79             69      -10       -3963               436
          9961    3853179             79             66      -13       -6615               497
          9962   10396903             79             68      -11       -4704               260
          9963   10511433             79             71       -8       -2650               333
          9964   10774586             79             78       -1        1157               344
          9965    6494194             79             78       -1        1222               252
          9966    7803620             79             72       -7       -1929               296
          9967    7215032             79             75       -4        -218               142
          9968     508563             79             80        1        1998               277
          9969    7955692             79             70       -9       -3241               158
          9970   11141602             79             75       -4        -241               283
          9971    1164401             79             84        5        3415               255
          9972   12286415             79             80        1        2009               149
          9973   11038666             79             82        3        2743               175
          9974    4685431             79             73       -6       -1406               167
          9975    5404518             79             77       -2         711               356
          9976    3824144             79             71       -8       -2670               305
          9977    9237861             79             65      -14       -7592               374
          9978   11330898             79             72       -7       -1828               263
          9979    5225157             79             66      -13       -6604               215
          9980    9947690             79             74       -5        -851               357
          9981   10408528             79             74       -5        -859               298
          9982    4376765             79             74       -5        -757               205
          9983    3651827             79             79        0        1750               194
          9984    4195203             79             70       -9       -3213               291
          9985    1444229             79             70       -9       -3217               306
          9986    2337055             79             93       14        5995               167
          9987    5275885             79             76       -3         242               376
          9988    9257864             79             72       -7       -1943               273
          9989   13220721             79             67      -12       -5697               301
          9990    5316307             79             67      -12       -5464               264
          9991     675891             79             71       -8       -2669               326
          9992    6790622             79             70       -9       -3338               262
          9993    9932259             79             85        6        3851               193
          9994    1580356             79             82        3        2777               197
          9995    8326828             79             92       13        5657               248
          9996   10064218             79             73       -6       -1323               181
          9997    7760707             79             66      -13       -6578               337
          9998    8521306             79             67      -12       -5693               285
          9999    3765111             79             65      -14       -7534               224
         10000   12481291             79             82        3        2768               282
