H-index change r=1.0 → r=0.25 - Top-10,000
==========================================

 rank_baseline  author_id  h_index_r1.00  h_index_r0.25  delta_h  delta_rank  num_publications
             1    2909828            288            274      -14          -2              2173
             2    2036634            252            245       -7          -9               927
             3    3118255            252            238      -14          -9               584
             4    3905565            249            228      -21         -15              1253
             5    6558419            248            246       -2          -4               849
             6    9772016            245            195      -50         -47              2466
             7    6795552            245            238       -7          -6              1273
             8    8784928            242            236       -6          -8               735
             9   11384487            241            185      -56         -72              1653
            10    3566237            235            198      -37         -39              1805
            11    5187963            234            169      -65        -129              1527
            12   12709842            233            229       -4          -6              1288
            13    3078355            230            282       52          11              1202
            14    9516779            228            246       18           4              1307
            15   10683466            222            195      -27         -37              1024
            16    3546501            222            222        0          -7              1350
            17   13091167            220            199      -21         -28              1337
            18    2986463            218            270       52          14              1599
            19    7019150            216            188      -28         -57               783
            20    6990667            215            186      -29         -59              1341
            21   11922989            214            181      -33         -72              1322
            22    8815400            213            203      -10         -18               681
            23    4498000            211            173      -38         -93              1065
            24   13120003            211            221       10           0              1405
            25    6009653            211            248       37          18              1045
            26   12239711            211            179      -32         -75               878
            27    4013524            211            237       26          12               839
            28    9642557            209            198      -11         -19              1728
            29     101090            209            296       87          28               782
            30    3303308            206            212        6          -1              1152
            31    1127410            206            162      -44        -143              1004
            32   12452097            205            159      -46        -156              1157
            33    9964935            205            169      -36        -106               885
            34    1497768            204            179      -25         -66              1155
            35    7811568            203            167      -36        -115               817
            36    7945633            203            215       12           7              1028
            37     908173            202            165      -37        -121              2535
            38    4226882            202            267       65          33               556
            39   10928932            201            171      -30         -82              2036
            40    7708141            201            205        4           1               651
            41    2132626            201            183      -18         -46               679
            42   10020021            200            192       -8         -23              1093
            43    1898713            200            262       62          37               474
            44   13391059            198            146      -52        -254              1825
            45    2752276            198            165      -33        -115               953
            46    5802147            198            170      -28         -80              1087
            47   12064581            198            153      -45        -195               983
            48    3443989            197            191       -6         -18               727
            49    1787155            195            192       -3         -15               683
            50   12885095            194            196        2          -1               639
            51   13718786            194            149      -45        -219               734
            52    2398791            194            193       -1          -9               537
            53    8375151            194            171      -23         -72               921
            54    3653795            193            213       20          24              1097
            55   12504769            192            179      -13         -44              1075
            56    8169729            190            191        1         -11               978
            57    3063839            190            154      -36        -172              1271
            58    8077292            190            142      -48        -291              1254
            59   12977538            190            168      -22         -84               687
            60    5639696            189            215       26          33               442
            61   12709092            189            147      -42        -230              1597
            62    9553359            189            146      -43        -238               796
            63   13103046            189            218       29          37               974
            64   13032220            188            156      -32        -142               561
            65    2579314            188            154      -34        -166              1433
            66    6826428            188            146      -42        -233              1667
            67   11083570            188            165      -23         -94               854
            68    8456779            188            194        6          13               370
            69   12943379            187            137      -50        -352              1525
            70   13673999            187            139      -48        -317              1147
            71    8649812            186            171      -15         -53              1278
            72    8435304            185            176       -9         -38              1414
            73   12537065            185            180       -5         -24              1103
            74    2563296            185            159      -26        -113               654
            75    9665806            185            189        4           1               636
            76    7733186            184            137      -47        -341              1148
            77    7738768            184            247       63          69               613
            78    6755308            184            141      -43        -281              1258
            79    5031730            183            166      -17         -77              1482
            80    1204811            183            126      -57        -576              1141
            81   12792640            183            178       -5         -25               724
            82    9252184            182            151      -31        -176               641
            83    8555229            181            155      -26        -135              1015
            84    3232452            181            172       -9         -35              1282
            85    8567115            180            137      -43        -339              1573
            86   11758319            179            131      -48        -430              1479
            87    3052931            179            176       -3         -22               365
            88     985018            179            161      -18         -88               916
            89    3653221            179            151      -28        -173              1547
            90   12748302            178            193       15          28               763
            91   11062698            177            182        5           0               705
            92    1690800            176            163      -13         -75              2763
            93    4220000            176            146      -30        -208              1060
            94    7898192            176            237       61          80              1277
            95    6358547            176            177        1         -13              1348
            96      66436            176            180        4           0               807
            97    4824452            175            138      -37        -304               555
            98    9663796            175            145      -30        -209               964
            99    2049097            174            117      -57        -843              1853
           100    2879564            174            186       12          22               645
           101    1414397            174            193       19          41               793
           102    6853236            174            205       31          64               581
           103    8197217            174            178        4          -1               498
           104   12580511            173            167       -6         -44               743
           105     821788            173            127      -46        -520               721
           106   11237548            173            156      -17        -106              1109
           107   11095942            173            153      -20        -132              1268
           108    3234892            173            137      -36        -318              1227
           109    6500557            172            135      -37        -339              1258
           110     105101            172            152      -20        -142              1232
           111   11615886            172            198       26          63               896
           112    7703871            172            129      -43        -470               711
           113    9238635            172            157      -15         -89               791
           114    1644939            171            131      -40        -406               719
           115    6671105            171            158      -13         -81               604
           116    4479236            170            156      -14         -95               489
           117    8463126            170            119      -51        -756              2121
           118    9799654            170            167       -3         -31               514
           119    3966887            170            141      -29        -237               458
           120    1816213            169            135      -34        -324              1285
           121     472781            169            144      -25        -202               798
           122    1360463            169            141      -28        -235               868
           123    4801700            169            117      -52        -825              1358
           124    4468912            169            144      -25        -198               620
           125   13229925            169            149      -20        -151               994
           126     671306            169            151      -18        -135              1056
           127   11831050            169            190       21          57               676
           128    2260002            169            166       -3         -27               536
           129    9886262            169            182       13          41               473
           130    8066685            168            135      -33        -319               928
           131   12237274            168            234       66         114              1038
           132    5422420            168            207       39          97               465
           133   11081471            168            189       21          61              1253
           134    2960952            168            145      -23        -176               767
           135    7909688            168            168        0          -9               541
           136   11891718            167            128      -39        -455               858
           137    2885945            167            135      -32        -304               472
           138    2460564            167            185       18          58               499
           139    2465983            167            141      -26        -219              1355
           140    8614840            167            206       39         104               558
           141   11789899            167            178       11          38              1071
           142    9427293            167            185       18          60               544
           143    5312840            167            128      -39        -466               500
           144    5165833            166            144      -22        -177               988
           145   10987843            166            188       22          70               613
           146    3154408            166            134      -32        -318              1853
           147    4898397            166            129      -37        -425               773
           148    6680173            166            127      -39        -484              1479
           149   13690353            166            182       16          59               447
           150    2027962            166            171        5          27               906
           151   11188688            166            128      -38        -460               683
           152    7425343            166            173        7          35               575
           153    9067721            165            154      -11         -70               855
           154    6724779            165            174        9          39               733
           155    6312414            165            112      -53        -992              1277
           156    2701585            165            127      -38        -474              1031
           157    1549041            165            121      -44        -664               962
           158    9635713            165            156       -9         -51               377
           159    5181920            164            111      -53       -1013              3865
           160    7961189            164            151      -13         -97               383
           161   12611655            164            115      -49        -862               482
           162   13248739            164            117      -47        -783              1172
           163    4995275            164            137      -27        -253               394
           164    1178692            164            165        1           7               367
           165   11751146            164            144      -20        -162               698
           166    5306143            164            156       -8         -50              1036
           167    6837858            164            141      -23        -199              1188
           168    3427110            164            126      -38        -493               792
           169    4074180            164            131      -33        -345               687
           170    7978331            164            164        0           7               697
           171   13104577            164            131      -33        -361               719
           172   11214711            164            130      -34        -379              1075
           173   10627261            164            180       16          79               548
           174     237762            163            222       59         153               836
           175    7798789            163            144      -19        -155              1380
           176    7805689            163            168        5          31              1266
           177    6003655            163            147      -16        -119              1190
           178    4861431            163            142      -21        -170               412
           179    2776191            162            120      -42        -669              1777
           180    8755657            162            125      -37        -503              1029
           181    3421764            162            123      -39        -568              1383
           182    3251246            162            145      -17        -130               928
           183   11718556            162            174       12          70               844
           184    1560583            162            136      -26        -250               572
           185    5181155            162            136      -26        -251               912
           186    5835021            162            143      -19        -155               482
           187    8860077            161            210       49         155               888
           188   12887932            161            142      -19        -165               669
           189    1809847            161            110      -51       -1071               719
           190    1181300            161            189       28         117               592
           191    2483920            160            193       33         134               492
           192    8005973            160            127      -33        -427               340
           193     556651            160            129      -31        -373              1366
           194    7493207            160            167        7          43              1793
           195   10794292            160            123      -37        -550              1595
           196    3479577            160            163        3          30               776
           197    6225476            160            128      -32        -399               922
           198   11172599            160            141      -19        -157               553
           199   10118333            160            165        5          40               539
           200    5089676            159            126      -33        -445               289
           201     582870            159            132      -27        -291               329
           202   11465499            159            150       -9         -62               435
           203    4101466            159            193       34         145               552
           204    3459958            159            150       -9         -63               837
           205    3809384            159            155       -4         -15               443
           206    8041858            159            116      -43        -791              1645
           207   11001177            159            134      -25        -260              1550
           208    9171307            159            169       10          72               815
           209    7813478            159            152       -7         -40               405
           210    8017595            159            137      -22        -217               826
           211     135874            159            121      -38        -606               601
           212    9624370            158            112      -46        -936              2081
           213   11723599            158            126      -32        -440              1410
           214    4774013            158            139      -19        -168               729
           215   11041206            158            136      -22        -218               669
           216     490297            158            122      -36        -582               874
           217    7014758            158            131      -27        -310               833
           218    4961259            158            147      -11         -76               908
           219    6088022            158            133      -25        -267               600
           220   10586408            157            161        4          45               542
           221    4935977            157            115      -42        -803              1098
           222    7569995            157            115      -42        -805              1094
           223    9725375            157            139      -18        -155               745
           224    4740827            157            201       44         181               523
           225    4709876            157            128      -29        -379               824
           226     169530            157            124      -33        -493              1281
           227   10370425            157            180       23         132              1297
           228    4088575            157            147      -10         -64              1680
           229    2325531            157            167       10          77               625
           230   10128707            157            127      -30        -399               624
           231    9054802            157            138      -19        -173               391
           232    7104680            157            182       25         143               585
           233    6731879            156            139      -17        -142               380
           234   11514652            156            143      -13        -102              1490
           235    8679580            156            132      -24        -263               563
           236   11012791            156            109      -47       -1088              1124
           237    6870015            156            138      -18        -168               938
           238    6052377            156            132      -24        -261               401
           239   11055524            156            135      -21        -214               835
           240     801139            156            144      -12         -80               408
           241    7463923            156            121      -35        -577              1091
           242    4415660            156            170       14         115               402
           243    9043796            156            131      -25        -286               959
           244   10509641            156            162        6          71               923
           245    3981634            156            153       -3           4               500
           246    6470877            156            135      -21        -205              1067
           247    2745601            156            141      -15        -114               440
           248   10218082            156            138      -18        -162               438
           249    7512878            155            118      -37        -651              3258
           250    8693805            155             97      -58       -1974              2021
           251    8879664            155             96      -59       -2070              1720
           252    4161887            155            156        1          42               538
           253     594134            155            152       -3           2               428
           254   10542938            155            139      -16        -132              1658
           255    4856924            155            138      -17        -154              1376
           256   11337892            155            121      -34        -567               970
           257     322195            155            124      -31        -461               564
           258    3869622            155            119      -36        -630               657
           259    4892116            155            174       19         145               731
           260    1975725            155            124      -31        -470               718
           261   11521821            155            143      -12         -82               402
           262    3983375            154            137      -17        -158               672
           263    8686107            154            130      -24        -283              1050
           264   13684795            154            114      -40        -817              1309
           265   10209666            154            117      -37        -706               959
           266    7204989            154            139      -15        -125               897
           267    5331423            154            110      -44       -1001               783
           268    8570362            154            167       13         114               426
           269    7159174            154            156        2          56               641
           270    6585549            154            156        2          55               382
           271    3180855            153            152       -1          25               445
           272   12069290            153            113      -40        -842              2128
           273    2658409            153            116      -37        -716              1137
           274    4711920            153            135      -18        -169               658
           275     865370            153            224       71         255               903
           276    7480960            153            117      -36        -682              1236
           277    6453968            153            110      -43       -1007               433
           278   11776138            153            119      -34        -609              1130
           279    4024057            153            161        8         102               506
           280     746540            153            182       29         188               837
           281   13491348            153            131      -22        -245               828
           282    9731660            152            121      -31        -528              1026
           283    6535423            152            116      -36        -697               539
           284   10015265            152            120      -32        -562               711
           285   12555196            152            108      -44       -1080              1119
           286     166990            152            117      -35        -665               606
           287    1242573            152            118      -34        -616               633
           288    6424941            152            125      -27        -391               700
           289   13659634            152            117      -35        -671               364
           290    4849823            152            133      -19        -197               644
           291   12629806            152            171       19         169               441
           292    6505239            152            118      -34        -634               724
           293    5078543            151            132      -19        -200               404
           294   10222543            151            107      -44       -1160              1316
           295   12675874            151            131      -20        -224               999
           296     934687            151            160        9         115               882
           297   10851275            151            183       32         212              1087
           298    7170358            151            125      -26        -392               534
           299    1464061            151            132      -19        -202               578
           300    7899061            151            167       16         147               845
           301    6977461            151            136      -15        -131               429
           302   12017134            151            123      -28        -444               517
           303    9338435            151            157        6          99               637
           304   13491536            150            134      -16        -157               486
           305    8794486            150            126      -24        -344               652
           306    8736088            150            120      -30        -533               719
           307   12036667            150            143       -7         -28               439
           308    2031834            150            112      -38        -843              1053
           309    1922765            150            158        8         119               380
           310   13039147            150            141       -9         -53               473
           311   13235419            150            117      -33        -651               992
           312    1648624            150            123      -27        -451               552
           313    5380972            149            114      -35        -746              1372
           314    8140432            149            108      -41       -1064               538
           315    3829461            149             90      -59       -2813              2048
           316    9891695            149            118      -31        -595               828
           317   12248926            149            113      -36        -804               910
           318    1091390            149            125      -24        -371              1040
           319    2795506            149            187       38         242              1105
           320   11706030            149            138      -11         -86               872
           321    5023184            149            139      -10         -68               977
           322    5024671            149            138      -11         -89               920
           323    9693135            149            154        5          97               459
           324     581753            149            169       20         187               627
           325     634539            149            154        5          95               482
           326     969703            149            121      -28        -490               729
           327    2980459            149            143       -6          -7               363
           328    5572671            148            134      -14        -129               553
           329    4447470            148            127      -21        -284               715
           330    9308643            148            159       11         146               433
           331   10476158            148            137      -11         -92               633
           332   11202602            148            122      -26        -444               856
           333   11011273            148            162       14         163               391
           334    8360480            148            115      -33        -698              1121
           335    7297836            148            156        8         128               338
           336    9457498            148            118      -30        -569               428
           337   10318924            148            210       62         303              1877
           338    3414669            148            138      -10         -60               451
           339     813880            148            103      -45       -1408               577
           340   11788229            148            118      -30        -581               870
           341   13046665            148            130      -18        -204               654
           342   10579853            148            109      -39        -990               910
           343   10099792            148            112      -36        -821               805
           344   10801873            148            111      -37        -869               875
           345     799233            148            115      -33        -700               492
           346    3978719            148            113      -35        -785               721
           347    8086929            148            124      -24        -381               680
           348   12995966            148            140       -8         -25               533
           349    2468788            147            108      -39       -1020              1190
           350    5660226            147            109      -38        -969              1272
           351   10761065            147            145       -2          42               974
           352    8085036            147            134      -13        -110              1126
           353   12203369            147             91      -56       -2641              1274
           354    2840520            147            106      -41       -1188              1066
           355    9683503            147            140       -7         -17              1202
           356     773954            147            142       -5          11               395
           357    8542601            147            114      -33        -723               596
           358    4463879            147            136      -11         -72               336
           359    1862434            147            111      -36        -844               662
           360    3358870            147            112      -35        -795               750
           361    4323104            147            123      -24        -376               456
           362    4101734            147            222       75         340               517
           363    8738144            146            160       14         183               379
           364    8115288            146            151        5         110               495
           365   11063113            146            106      -40       -1142              1239
           366    6568216            146            128      -18        -231               789
           367    5054989            146            111      -35        -829              1319
           368    6722165            146            109      -37        -949              1007
           369    6922052            146            169       23         236               618
           370    8894253            146            126      -20        -292              1179
           371    6880726            146            116      -30        -635               579
           372    6639896            146            115      -31        -665               489
           373    5231410            146            120      -26        -481               908
           374    9424666            146            108      -38       -1035               530
           375    6563944            146            127      -19        -259               657
           376   13163956            146            170       24         245               541
           377   10062121            146            141       -5          10               623
           378    2295401            146            190       44         307               746
           379    9625704            145            144       -1          60               461
           380   12169351            145            138       -7         -19               695
           381   13458359            145            130      -15        -161               943
           382    3332484            145            117      -28        -562              1632
           383   12929157            145             94      -51       -2177              1510
           384   12637545            145            111      -34        -827              1502
           385    9969692            145            139       -6           1               646
           386    3437423            145            152        7         142               409
           387     850749            145            159       14         201               349
           388    4359941            145            135      -10         -54               577
           389    7634095            145            123      -22        -359               677
           390   10272637            145            120      -25        -442              1017
           391    1502835            145            128      -17        -214               728
           392    8156850            145            140       -5          22               521
           393   13566595            145            133      -12         -83               378
           394   10206442            145            169       24         262               302
           395    7248794            145            130      -15        -148               504
           396    3183171            145            117      -28        -567               625
           397    8346761            145            155       10         178               413
           398   13149009            144            103      -41       -1315               648
           399    1822010            144            156       12         194               475
           400    5383568            144            116      -28        -596              1000
           401   13120868            144            105      -39       -1171              1728
           402   11044805            144            118      -26        -512              1085
           403   10762827            144            116      -28        -585              1002
           404   11691208            144            108      -36        -970               914
           405   11016824            144            102      -42       -1411              1174
           406    4517289            144            113      -31        -718               610
           407    5016052            144            111      -33        -800               971
           408    3234457            144            110      -34        -877               699
           409    6872121            144            205       61         372               556
           410    6354336            144            148        4         127               725
           411    7599636            144            126      -18        -254               310
           412    7588114            144            109      -35        -925              1293
           413     131737            143            127      -16        -204               346
           414    4808180            143            129      -14        -161              1012
           415    9974429            143            102      -41       -1390               778
           416    5490285            143            135       -8         -30               438
           417    5882197            143            130      -13        -130               809
           418   12751751            143            105      -38       -1161               656
           419    9386249            143            123      -20        -334               710
           420   11208733            143            124      -19        -296               523
           421    4921825            143            170       27         292               740
           422   11064177            143            120      -23        -435               752
           423    7987482            143             98      -45       -1749              1304
           424   11151604            143            117      -26        -541               376
           425    9945717            143            143        0          85               848
           426    4753887            143            153       10         192               778
           427     257160            143            116      -27        -582               549
           428    7048619            143            110      -33        -846               544
           429    6953248            143             88      -55       -3102               822
           430    8233431            143            133      -10         -49               281
           431     239806            142             99      -43       -1602              1727
           432    6632154            142            129      -13        -136               748
           433    8382816            142            114      -28        -639              1026
           434    2699514            142            109      -33        -882              1522
           435    6306647            142            107      -35       -1005               692
           436     102068            142            106      -36       -1077               903
           437    8456786            142            114      -28        -636               739
           438    4596262            142            138       -4          35              1217
           439    9477860            142            123      -19        -299               341
           440    1783126            142            100      -42       -1532               470
           441    2275911            142            106      -36       -1068              1082
           442    3936543            142            128      -14        -165              1323
           443   10935129            142            130      -12        -111              1571
           444    3646933            142            114      -28        -634               617
           445    3850817            142            104      -38       -1210               916
           446   11013929            142            215       73         418               354
           447    3092815            142            191       49         379               558
           448    1860982            142            114      -28        -636               415
           449    2268676            142            155       13         228               581
           450    4901910            142            154       12         225               663
           451    1784073            141            105      -36       -1125              1152
           452   10263596            141            130      -11         -84               277
           453    5570238            141            104      -37       -1196              1186
           454    5644017            141            119      -22        -431               997
           455    8882255            141            169       28         314               636
           456   11955484            141            123      -18        -309              1151
           457    2850933            141            116      -25        -526               776
           458   12105080            141            105      -36       -1142               776
           459     471248            141            153       12         221               384
           460    6269580            141            118      -23        -449              1035
           461    1293946            141            113      -28        -652               342
           462    5858883            141             92      -49       -2415              1158
           463   11731890            141            124      -17        -245               700
           464    7719400            141            117      -24        -503              1179
           465    7617876            141            157       16         266               506
           466   11389780            141            135       -6          11               689
           467    1503385            141            127      -14        -172               313
           468     689225            140            114      -26        -584               840
           469    2526199            140            121      -19        -336               580
           470    3766688            140            137       -3          57               242
           471    9315732            140            134       -6           2               796
           472   11520814            140            101      -39       -1448              1133
           473    9738976            140            120      -20        -379              1615
           474    1125251            140            123      -17        -292               729
           475    8041099            140            108      -32        -906              1696
           476    2851955            140            141        1         112               640
           477    1447564            140            133       -7          -8               794
           478    6102629            140            104      -36       -1210               607
           479     104283            140            158       18         288               350
           480    6189194            140            117      -23        -484               904
           481    5755120            139            129      -10         -79               281
           482    2380914            139            133       -6          10              1391
           483    8283744            139             95      -44       -1957              1365
           484   11721204            139            105      -34       -1103               905
           485    6476519            139             90      -49       -2645              1359
           486    9600895            139            136       -3          55               874
           487    6576341            139            116      -23        -500               671
           488    6795558            139            107      -32        -962               809
           489    2319621            139            126      -13        -169               837
           490    5238027            139            114      -25        -574               538
           491    1158410            139            108      -31        -912               626
           492    6305099            139            107      -32        -964              1093
           493    1938122            139            134       -5          27               969
           494    5336568            139            116      -23        -498               893
           495    8068019            139            124      -15        -232               847
           496    2893288            139            105      -34       -1107               997
           497    4216435            139             98      -41       -1678               741
           498   11196681            139             98      -41       -1675               858
           499    3051726            139            127      -12        -138               659
           500     250147            139            142        3         148               493
           501    3218548            138            115      -23        -519               294
           502    8169855            138            120      -18        -343              1312
           503   11343707            138            102      -36       -1287               657
           504    7741716            138            149       11         233               751
           505    7411820            138             96      -42       -1838               929
           506   12300358            138            114      -24        -559               478
           507    8426744            138            141        3         145               488
           508    2403426            138            117      -21        -449              1046
           509    9147425            138            123      -15        -255              1094
           510    8841281            138            112      -26        -650               496
           511    8725898            138            202       64         469               637
           512    4899356            138            153       15         269               750
           513    8210896            138            129       -9         -65               968
           514    8912720            138            178       40         407               568
           515    6609264            137            127      -10        -109               933
           516   11843773            137            104      -33       -1131               799
           517    6415132            137            126      -11        -135              1076
           518    6388574            137            133       -4          43               769
           519    7943099            137            109      -28        -795               720
           520    6003788            137             94      -43       -2057              1154
           521    2198854            137             95      -42       -1963               607
           522    6486996            137             95      -42       -1952              1093
           523    1672594            137            106      -31        -997              1523
           524    1783956            137            108      -29        -869              1225
           525   13316561            137            138        1         125               604
           526    7483890            137            104      -33       -1130               871
           527    9134444            137             99      -38       -1516               409
           528    2129620            137            120      -17        -327               742
           529    7283332            137            105      -32       -1073               982
           530    9639727            137            124      -13        -173               527
           531   11788401            137            122      -15        -265               677
           532    5417754            137            135       -2          85               425
           533    5520576            137            124      -13        -188               604
           534   12621161            137            151       14         274               407
           535    9605283            137             97      -40       -1749               610
           536     509816            137            162       25         364               592
           537    8890940            137            117      -20        -440               734
           538     811427            137            169       32         404               384
           539    2269569            137            155       18         317               556
           540    6051957            136            125      -11        -135               452
           541    3090533            136            110      -26        -718              1108
           542    3808824            136            122      -14        -247               590
           543    8744064            136            110      -26        -690               348
           544     587808            136             95      -41       -1921               752
           545    7459416            136            100      -36       -1436               508
           546    2572999            136            103      -33       -1191               695
           547   13002384            136            100      -36       -1422               558
           548   13080812            136            101      -35       -1367              1075
           549    1706702            136            106      -30        -979               612
           550    7140362            136            122      -14        -241               627
           551    1969242            136            102      -34       -1268               484
           552   11441644            136            106      -30        -963               532
           553    9322610            136            113      -23        -557               374
           554    2397923            136            123      -13        -185               505
           555    6608535            136            198       62         509               440
           556   11462600            136            114      -22        -530               663
           557    4576087            136            131       -5          42               305
           558   12515950            136             95      -41       -1939               810
           559    7053596            136            144        8         243               333
           560    3870569            136            119      -17        -334               612
           561    6019599            136            139        3         181               588
           562   12398209            136            150       14         294               694
           563   11647755            136            122      -14        -229               761
           564    6779401            136            158       22         369               688
           565    8693252            136            118      -18        -353               389
           566    3072389            136            203       67         525               492
           567    7857947            135             98      -37       -1564              1223
           568   12120479            135            128       -7         -24               468
           569    4183247            135            115      -20        -460               868
           570    5007106            135            124      -11        -141               720
           571    6410157            135             99      -36       -1473              1154
           572    4944262            135            117      -18        -363               904
           573    1341896            135            147       12         286               382
           574    8471580            135            111      -24        -641               797
           575    1647272            135            135        0         125              1275
           576   13608647            135            117      -18        -374              1053
           577   11130391            135            140        5         206               724
           578   10449702            135             95      -40       -1895               696
           579    5999551            135             97      -38       -1666              1481
           580    8810744            135            153       18         344               744
           581    4838563            135             95      -40       -1910               799
           582   12865354            135            131       -4          59               737
           583    3144174            135            116      -19        -412               879
           584    2715773            135            107      -28        -886               594
           585   10091561            135            115      -20        -458               780
           586    8268352            135            114      -21        -493               583
           587    1425678            135            125      -10         -95               414
           588   10047510            135            117      -18        -378               442
           589    6040369            135            133       -2          99               436
           590    7452949            135            120      -15        -253               549
           591    1868219            134            106      -28        -909               481
           592     657676            134            128       -6          -6              2383
           593   11078591            134             91      -43       -2385               919
           594    9993404            134            100      -34       -1364               350
           595   10491551            134             98      -36       -1546              1873
           596    7251705            134            117      -17        -344               643
           597    8063411            134            114      -20        -469               445
           598    3955749            134            175       41         487              1347
           599    9289760            134             91      -43       -2398               677
           600    8708204            134            127       -7         -35               755
           601    4529787            134            117      -17        -371               669
           602    8316946            134            108      -26        -778               583
           603   11583021            134             96      -38       -1756               527
           604    2697635            134            129       -5          40               449
           605    5271961            134            192       58         542               580
           606      84410            134            118      -16        -310               649
           607   11015496            134            106      -28        -915               528
           608   10187361            134            139        5         218               721
           609    8837594            134            148       14         327               640
           610   13332980            134            111      -23        -585               330
           611    6975392            134            118      -16        -299               524
           612     985750            134            120      -14        -224               429
           613   13715733            134            103      -31       -1164               728
           614    7736586            134            105      -29       -1000               612
           615    3245386            134             93      -41       -2156               541
           616    3666024            134            124      -10        -106               410
           617    7225928            134            127       -7         -27               540
           618    7689763            134            138        4         216               275
           619    7350785            133            115      -18        -400               818
           620    2655698            133            104      -29       -1032               698
           621   12154668            133            104      -29       -1024               569
           622    7594496            133             88      -45       -2915               899
           623    9738056            133            114      -19        -433               586
           624    9377906            133            101      -32       -1279              1400
           625    6299425            133             94      -39       -1945               867
           626   13707061            133             99      -34       -1431               660
           627    4810416            133            179       46         529               381
           628    4867277            133            133        0         139               650
           629    7036534            133            103      -30       -1115               419
           630    1742796            133            119      -14        -262               714
           631    7938681            133            124       -9         -68               508
           632   11370404            133            103      -30       -1124               829
           633    7903380            133            124       -9         -81               395
           634    8170244            133            132       -1         134               695
           635    8668512            133            110      -23        -606               306
           636    1713627            133            169       36         498              1397
           637    3486995            133            129       -4          68               589
           638    9422404            133            155       22         421               554
           639    9221051            133            154       21         411               583
           640    5483222            133            127       -6           0               719
           641    4764454            133            132       -1         135               895
           642    6435505            133             97      -36       -1640               932
           643   11380201            133            103      -30       -1102               712
           644    5210112            133            112      -21        -517               582
           645    3217749            133             95      -38       -1880               624
           646    3609906            133             93      -40       -2134               432
           647   11499573            133            137        4         222               298
           648    5371014            133            104      -29       -1049               469
           649     579225            132            113      -19        -448               449
           650   11680030            132            105      -27        -912               474
           651   13567623            132            117      -15        -285               722
           652    6688301            132            161       29         474               640
           653     391440            132            140        8         285               382
           654    4399470            132            130       -2          99              1289
           655    2076644            132            109      -23        -646               510
           656    4787608            132            103      -29       -1073               785
           657   11882341            132            114      -18        -412               712
           658    7821394            132            121      -11        -167               553
           659   11396879            132             97      -35       -1596              1022
           660   10677432            132            122      -10        -111               268
           661    7508360            132            106      -26        -877               458
           662    2509027            132            194       62         606               678
           663   13066778            132            112      -20        -479               510
           664    8426727            132            103      -29       -1094               673
           665    3937506            132            141        9         300              1041
           666   10380431            132            105      -27        -942               706
           667   11487689            132            105      -27        -938               822
           668    3730327            132            126       -6           5               590
           669    6182612            132            101      -31       -1263               687
           670    4253050            132            158       26         476               586
           671    2452123            132             82      -50       -4103               731
           672    5927536            132            169       37         537               442
           673    7167783            132            144       12         341               483
           674    9043785            132            104      -28        -998               310
           675   13606153            132            164       32         513               295
           676    6971465            132            124       -8         -53               677
           677    4599122            132             94      -38       -1972               550
           678    6019391            132            115      -17        -371               403
           679   12669591            131            123       -8         -61               425
           680   11995675            131            102      -29       -1123               341
           681    6596282            131            129       -2         116              2200
           682    2379844            131            194       63         628               598
           683    9753501            131            109      -22        -628              1306
           684    4904211            131            132        1         182               891
           685   12564436            131             96      -35       -1648              1017
           686    3880529            131            101      -30       -1210               271
           687    8740419            131            100      -31       -1275               871
           688    1429883            131            114      -17        -383               556
           689   11770271            131             98      -33       -1477               860
           690    9656186            131            100      -31       -1281               280
           691   11895628            131             87      -44       -3005              1281
           692    9361395            131            125       -6           6               424
           693    6221490            131            126       -5          45               511
           694    1133516            131            102      -29       -1136               523
           695    2077437            131            118      -13        -224               720
           696    3988361            131            112      -19        -467               835
           697       9991            131            106      -25        -820               522
           698   11472473            131             94      -37       -1913               965
           699      25449            131             94      -37       -1906               927
           700   11467445            131             99      -32       -1355               722
           701    4358691            131             89      -42       -2630               754
           702   10260030            131             98      -33       -1478               923
           703    2632386            131            147       16         413               643
           704   12130158            131            118      -13        -224               920
           705    3927147            131            149       18         431               667
           706    8345627            131            144       13         378               754
           707    1874524            131            109      -22        -621               678
           708    7199561            131            101      -30       -1191               493
           709    4335098            131            114      -17        -373               697
           710     990085            131            141       10         350               368
           711    2955818            131            142       11         364               416
           712     395965            131            106      -25        -806               399
           713     406144            131            117      -14        -261               411
           714    1245724            130            108      -22        -639               505
           715    8285378            130            102      -28       -1083               826
           716   12712539            130            109      -21        -578               383
           717      21780            130            104      -26        -912               417
           718    4072474            130            101      -29       -1168              1233
           719    2685968            130            100      -30       -1257              1124
           720    3478498            130            113      -17        -396               268
           721    4520608            130             99      -31       -1319               311
           722    3444327            130            130        0         182               669
           723     976485            130             98      -32       -1430               564
           724    3728019            130            146       16         427               673
           725    6510018            130            101      -29       -1170              1442
           726    1397447            130            160       30         547               527
           727   11027930            130             98      -32       -1437               584
           728    8931330            130            101      -29       -1180              1223
           729    6571422            130            118      -12        -170               551
           730    9737076            130            218       88         705              1549
           731    6073771            130             89      -41       -2611               528
           732    9291623            130             95      -35       -1737              1157
           733   10596173            130            110      -20        -514               973
           734    3509005            130            101      -29       -1153              1265
           735   11411812            130            117      -13        -206               294
           736    2952352            130            128       -2         135               299
           737    6344469            130             92      -38       -2127              1050
           738    5156997            130             95      -35       -1773               560
           739   10385651            130            104      -26        -940              1013
           740    9782620            130            129       -1         159               848
           741   11849987            130            101      -29       -1192               973
           742    2420057            130            118      -12        -182               435
           743   11428558            130             93      -37       -2020               724
           744    8298423            130             98      -32       -1452               408
           745    7969179            130             94      -36       -1869               696
           746   13105952            130            103      -27       -1006               620
           747   12605497            130            116      -14        -265               560
           748   12690907            130            124       -6          31               266
           749     636206            130            129       -1         165               441
           750    9695651            130             88      -42       -2797               386
           751    5481038            130            110      -20        -538               657
           752    5588476            130            107      -23        -719               424
           753    1433696            130            105      -25        -862               371
           754   11269239            129            100      -29       -1196               719
           755    6830458            129            108      -21        -600               298
           756    9622700            129             94      -35       -1787               539
           757    1267647            129            109      -20        -552               920
           758    3040717            129            122       -7         -12               426
           759    2208801            129             99      -30       -1286               785
           760    6967526            129             98      -31       -1403               996
           761    1594974            129            106      -23        -766               685
           762    7069433            129            116      -13        -223               635
           763    9990259            129            100      -29       -1194               608
           764   10535537            129            125       -4          73               727
           765   10917883            129            116      -13        -234               453
           766   10814448            129            121       -8         -47              1064
           767    3788772            129            103      -26        -974               359
           768    6511959            129             92      -37       -2144               756
           769    3130258            129             95      -34       -1735               834
           770    6314658            129            110      -19        -491               888
           771    5001251            129            149       20         499               471
           772   10832345            129            105      -24        -806               479
           773    5712434            129             95      -34       -1742               778
           774    9728608            129            106      -23        -747               600
           775    1290653            129             80      -49       -4473              1043
           776   11249458            129            103      -26        -997               746
           777    7150427            129            127       -2         134               704
           778    3803677            129             93      -36       -1990               692
           779    2440090            129             98      -31       -1402               782
           780    3305779            129             93      -36       -1957               716
           781    9524778            129            128       -1         182               343
           782   10870100            129            116      -13        -232               594
           783    9320498            129            133        4         295               606
           784    1454352            129            183       54         700               705
           785     408222            129            100      -29       -1231               738
           786    2538282            129            139       10         394               552
           787    2584088            129            117      -12        -188               478
           788    9116865            129            119      -10         -89               336
           789   12619922            129            102      -27       -1076               566
           790   10499135            128             91      -37       -2168               989
           791   13637563            128             94      -34       -1764               542
           792    9277283            128            121       -7         -12               743
           793   11342748            128            100      -28       -1171               672
           794    5619654            128             93      -35       -1902               344
           795    2227225            128             99      -29       -1253               575
           796    2612731            128            115      -13        -226              1037
           797    4895726            128             87      -41       -2868              1438
           798   11808652            128             89      -39       -2504              1137
           799     500274            128             90      -38       -2385               509
           800    7815137            128            105      -23        -798               699
           801    8135221            128             91      -37       -2212               689
           802   11505053            128            106      -22        -692               864
           803    3172048            128            125       -3         123               769
           804   13660475            128            110      -18        -444               491
           805    1410714            128             88      -40       -2707               884
           806   12530533            128            123       -5          50               942
           807   11296668            128            157       29         606               826
           808    4882351            128            122       -6          30               467
           809    3508551            128            113      -15        -311               498
           810   13259303            128             89      -39       -2538               789
           811     596415            128             80      -48       -4421               702
           812    2424602            128            103      -25        -912               466
           813   12343624            128            102      -26       -1047               869
           814    3745999            128             97      -31       -1456               848
           815   12304779            128            123       -5          65               499
           816    2634882            128            105      -23        -804               763
           817     740183            128             89      -39       -2565               858
           818    3824259            128             94      -34       -1784               440
           819    3004300            128             98      -30       -1335               496
           820    8143029            128            117      -11        -139               673
           821   10095171            128            159       31         632               607
           822    7777100            128             98      -30       -1316               350
           823   11035696            128            100      -28       -1151               703
           824   10252367            128            101      -27       -1094               501
           825   12537528            128            122       -6          35               689
           826    7182010            128            138       10         414               667
           827    8810443            128            108      -20        -587               482
           828   11655654            128            115      -13        -218               379
           829    4775284            128             96      -32       -1565               800
           830    3560594            128            123       -5          83               524
           831    1224157            128            104      -24        -846               332
           832    7331556            128            129        1         249               490
           833     769038            128            147       19         545               301
           834      96145            128            102      -26       -1007               402
           835     832205            127             99      -28       -1197               925
           836    5492909            127            102      -25        -976               666
           837    9441118            127            100      -27       -1133               533
           838    7889002            127            100      -27       -1127               678
           839   12460383            127             82      -45       -3799              2112
           840    3572607            127             90      -37       -2283               631
           841    9514755            127             99      -28       -1205               908
           842    5014355            127             93      -34       -1852               563
           843    2955806            127             86      -41       -3016              1049
           844    9290537            127             88      -39       -2674               843
           845    6282057            127            116      -11        -136               328
           846    5145934            127             84      -43       -3390              1389
           847   11124262            127             93      -34       -1851               681
           848    8175108            127            103      -24        -901               519
           849    4004552            127            144       17         524               630
           850   10590428            127             96      -31       -1518               525
           851    2344650            127            115      -12        -187              1018
           852   10898128            127            116      -11        -151              1140
           853    4326566            127            102      -25       -1005               470
           854   13697333            127            109      -18        -486               615
           855   12115946            127            107      -20        -586               560
           856    2618186            127            102      -25        -995               432
           857     508737            127            103      -24        -904               750
           858    2990579            127             99      -28       -1193               304
           859    3292817            127             90      -37       -2347               538
           860    9835674            127             99      -28       -1224               381
           861    3881870            127            100      -27       -1144               723
           862    7036424            127             97      -30       -1409               784
           863   13659730            127            139       12         475               368
           864   10659035            127            103      -24        -910               548
           865    1122115            127             97      -30       -1425               410
           866   12287851            127            124       -3         156               364
           867    3206448            127             98      -29       -1295               425
           868    9735122            127            124       -3         148               495
           869     700529            127            122       -5          85               387
           870   10539140            127            144       17         546               513
           871   10447246            127            104      -23        -818               596
           872    8290022            127            118       -9         -29               267
           873   12248322            127            130        3         323               294
           874   11235872            127            106      -21        -667               255
           875    2172662            127            113      -14        -252               510
           876    7765894            127            114      -13        -192               562
           877    8188613            127            105      -22        -719               229
           878   11841679            126            121       -5          76               313
           879    5674740            126             97      -29       -1331               406
           880   12605113            126            117       -9         -51               261
           881    2574707            126            101      -25        -996               256
           882   10532608            126            101      -25       -1008               436
           883    1706195            126            106      -20        -615               641
           884   11890810            126            122       -4         104               899
           885    7431009            126            107      -19        -552               495
           886    4962179            126             97      -29       -1365               415
           887     767860            126            107      -19        -559               692
           888   10034794            126            109      -17        -415               333
           889    5800261            126             94      -32       -1682              1427
           890    9583892            126            116      -10         -96               675
           891   13566611            126            110      -16        -371               975
           892     464294            126            127        1         264               537
           893    7548048            126             98      -28       -1240               463
           894    7169167            126             96      -30       -1434               359
           895    3026506            126             98      -28       -1249               845
           896    7011580            126             97      -29       -1338              1166
           897   11641614            126            133        7         419               672
           898    5857436            126            104      -22        -768               770
           899    8772248            126            210       84         866              1051
           900   10116933            126            114      -12        -155               415
           901    5787191            126             88      -38       -2596               788
           902    2235509            126            109      -17        -413               584
           903    4608569            126             85      -41       -3148              1173
           904    3061623            126             92      -34       -1970               751
           905    6757536            126            130        4         368               627
           906     356321            126             87      -39       -2819               738
           907    3866805            126            130        4         368               988
           908    8556261            126            106      -20        -639               424
           909    1675658            126            115      -11        -121               314
           910   12262873            126             85      -41       -3158              1121
           911    4204636            126             99      -27       -1139               551
           912    3511630            126            103      -23        -859               604
           913   12253965            126            120       -6          66              1093
           914   11012191            126            129        3         337               453
           915   12393602            126             89      -37       -2418               312
           916   12896556            126             95      -31       -1603               444
           917     665405            126            109      -17        -422               455
           918   12474728            126            116      -10         -97               560
           919   11546360            126            101      -25       -1020               750
           920   11414057            126             99      -27       -1162               454
           921    2325905            126             81      -45       -4094               878
           922   12014636            126             94      -32       -1722               493
           923    5182974            126            132        6         414               415
           924    7454613            126            147       21         631               594
           925    6884285            126             90      -36       -2312               565
           926    4036002            126             94      -32       -1714               397
           927    9944882            125             98      -27       -1189               253
           928   11659910            125            126        1         282               397
           929     996312            125            113      -12        -171              1265
           930   10535657            125            133        8         456               323
           931    2658184            125            119       -6          55               665
           932    1928397            125            106      -19        -574               689
           933    2135951            125            103      -22        -777               336
           934    8118071            125            100      -25       -1048               824
           935    8789330            125             92      -33       -1902               724
           936   10259888            125            106      -19        -563               383
           937    7061204            125             97      -28       -1322               768
           938    7084073            125            104      -21        -702               242
           939    4902525            125             81      -44       -3990              1461
           940    9413168            125             91      -34       -2059              1115
           941     292677            125             88      -37       -2618               908
           942    1464206            125            157       32         739              1267
           943   10891976            125            103      -22        -817              1242
           944    9854245            125             94      -31       -1651               987
           945   11255820            125            107      -18        -515               750
           946   12803450            125            110      -15        -332               588
           947     356373            125             96      -29       -1424               784
           948    3365189            125            104      -21        -733               840
           949    1967658            125             89      -36       -2447               759
           950     813620            125             90      -35       -2250               633
           951    1892797            125             93      -32       -1763               724
           952    1189659            125            114      -11        -124               852
           953   12994913            125             93      -32       -1782               575
           954   13577331            125             85      -40       -3074              1000
           955    4680226            125             98      -27       -1240               524
           956    5849019            125            110      -15        -321               381
           957    9562642            125             85      -40       -3139               643
           958    7290163            125            122       -3         185               353
           959     890273            125             94      -31       -1693               278
           960    1244577            125            109      -16        -378               711
           961    3664185            125            132        7         454               377
           962    1220795            125            104      -21        -739               463
           963   13301996            125             91      -34       -2090               399
           964     397582            125            110      -15        -323               638
           965    7437741            125            152       27         712               764
           966    5214505            125            133        8         484               532
           967    4047855            125            164       39         803               557
           968    1563838            124            153       29         735               264
           969    4185804            124            115       -9         -52               660
           970   11996570            124             95      -29       -1473               625
           971   13321205            124            110      -14        -285               765
           972    4630214            124             95      -29       -1498               763
           973    3636331            124            104      -20        -665               400
           974    3057981            124            109      -15        -353               549
           975    6461321            124             93      -31       -1737               567
           976   12077016            124             99      -25       -1094               462
           977   12673125            124            123       -1         245               290
           978    9734522            124            109      -15        -348               779
           979   11044059            124            107      -17        -476              1030
           980   10981971            124            118       -6          65               325
           981    8966626            124             93      -31       -1730              1258
           982    1317443            124            103      -21        -744               480
           983     739196            124             95      -29       -1469               764
           984    1187512            124            107      -17        -491               656
           985    3685474            124            125        1         304               270
           986    6887457            124             84      -40       -3331               545
           987    6021265            124            150       26         722               420
           988    1894177            124             74      -50       -6013               955
           989    7440739            124            144       20         672               421
           990    8891041            124            100      -24        -978               550
           991   11968750            124            129        5         418               419
           992    9521931            124             89      -35       -2394               606
           993    4558383            124            114      -10         -90               808
           994    1748681            124            104      -20        -675               576
           995    8178937            124            117       -7          22               401
           996    3829502            124            132        8         491               562
           997   12480811            124            108      -16        -402               308
           998   10466891            124            108      -16        -375               261
           999    1835531            124            158       34         802               368
          1000    2522634            124            109      -15        -322               517
          1001   10061335            124             99      -25       -1070               351
          1002    4998111            124            137       13         574               672
          1003     655953            124             99      -25       -1086               308
          1004   12268612            124             99      -25       -1081               400
          1005    6392432            124            135       11         553               318
          1006   11441969            124            153       29         766               453
          1007    7849560            124            132        8         496               395
          1008    1715701            123             83      -40       -3397               827
          1009    9917710            123             94      -29       -1552               486
          1010   11520281            123             95      -28       -1432              1096
          1011   10049955            123            109      -14        -293               351
          1012   13550762            123            104      -19        -639               906
          1013    7301616            123             82      -41       -3638              2075
          1014   10642843            123            127        4         394               415
          1015   10802141            123             98      -25       -1145               764
          1016    8263919            123            102      -21        -812               963
          1017    4438625            123            107      -16        -451               580
          1018     700521            123             95      -28       -1469               638
          1019    4245592            123            129        6         449               355
          1020    4762161            123             90      -33       -2161               470
          1021   13410044            123             92      -31       -1847               658
          1022    7767222            123            106      -17        -509               230
          1023    1144802            123             83      -40       -3454              1093
          1024    6106258            123            145       22         713               910
          1025    7659204            123            123        0         291               231
          1026    2790742            123             99      -24       -1021              1216
          1027    4239620            123             94      -29       -1567               522
          1028    5239712            123            109      -14        -285               876
          1029    2967842            123            120       -3         191               528
          1030    8781280            123             90      -33       -2128               521
          1031   12541096            123            123        0         276               359
          1032   10600885            123            106      -17        -517               796
          1033    8189092            123             94      -29       -1590               981
          1034    9672660            123            104      -19        -640              1027
          1035    8235390            123            118       -5         122               281
          1036    5965719            123             74      -49       -5992              1168
          1037   11217710            123            106      -17        -499               904
          1038    5708095            123             93      -30       -1703               720
          1039    1469072            123            193       70         980               376
          1040    1671647            123             87      -36       -2703               864
          1041    2208266            123             97      -26       -1232               741
          1042    9626651            123             92      -31       -1831               592
          1043   10723751            123            105      -18        -552               757
          1044    4123817            123             93      -30       -1720               715
          1045    1176101            123            132        9         541               423
          1046    9787277            123             92      -31       -1878               439
          1047    6888095            123             80      -43       -4167               772
          1048   12479112            123             99      -24       -1016               597
          1049   13180452            123            120       -3         198               443
          1050    8280410            123             99      -24       -1025               446
          1051    8008396            123            113      -10         -81               545
          1052    9063030            123             88      -35       -2521               343
          1053    7520532            123            123        0         292               478
          1054   12868174            123             83      -40       -3490               683
          1055    4152850            123            108      -15        -363               373
          1056    6882062            123            129        6         471               711
          1057    8535139            123             97      -26       -1224               530
          1058   13065867            123            107      -16        -425               655
          1059   11298802            123            115       -8          23               497
          1060    2166348            123             99      -24       -1047               483
          1061    6629732            123            100      -23        -956               500
          1062   11450010            123            127        4         439               381
          1063    6283088            123            113      -10         -67               478
          1064    8772760            123            129        6         484               310
          1065    4370292            122            129        7         507               270
          1066   12719509            122             96      -26       -1238               434
          1067   10813706            122            109      -13        -231               354
          1068    9656017            122             94      -28       -1514               557
          1069   12144570            122             86      -36       -2771              1138
          1070    1248479            122             84      -38       -3159               702
          1071    5502455            122             87      -35       -2602              1043
          1072     431721            122             92      -30       -1743               260
          1073    9494010            122            101      -21        -829              1064
          1074   13203563            122            100      -22        -906              1472
          1075    4008390            122             98      -24       -1064               654
          1076   12926869            122             97      -25       -1187               751
          1077   11079537            122            101      -21        -824               917
          1078    2152980            122             99      -23        -984               233
          1079   12610157            122             84      -38       -3191               802
          1080    5249834            122            103      -19        -651               618
          1081    7359589            122            101      -21        -787               512
          1082    3445028            122             86      -36       -2775               854
          1083    8879588            122            120       -2         242               303
          1084   10572868            122            106      -16        -442              1419
          1085    5312142            122             91      -31       -1923              1168
          1086    9890581            122            128        6         498               297
          1087   12424665            122            116       -6          82               719
          1088   13148924            122             75      -47       -5517              1940
          1089   11759039            122             84      -38       -3162              1128
          1090    7233653            122            151       29         831               706
          1091    4037918            122             84      -38       -3198               997
          1092     641717            122             93      -29       -1674               680
          1093     178122            122             90      -32       -2101               710
          1094    2761062            122            104      -18        -564               792
          1095   11731495            122            123        1         338               864
          1096   10497814            122            106      -16        -437               322
          1097    2563587            122             88      -34       -2443               997
          1098    4765919            122            108      -14        -289               317
          1099    3500055            122            104      -18        -538               446
          1100    3561375            122             94      -28       -1535               673
          1101    5694646            122             88      -34       -2454               754
          1102    3729300            122             93      -29       -1643               734
          1103    4852636            122             92      -30       -1797               519
          1104    8902401            122             85      -37       -2977               846
          1105   13653781            122            111      -11        -111               629
          1106    4998479            122             95      -27       -1382               791
          1107   12267893            122            105      -17        -502               693
          1108   10415086            122            120       -2         264               332
          1109    2370667            122             94      -28       -1539               399
          1110     576664            122            123        1         352               441
          1111   13005961            122            123        1         344               728
          1112   11394403            122            134       12         641               616
          1113     898067            122            122        0         314               351
          1114    6281154            122             88      -34       -2467               734
          1115   10766527            122            112      -10         -54               432
          1116    3014503            122            156       34         902               472
          1117    1632775            122            111      -11         -73               453
          1118    5818700            122            107      -15        -359               691
          1119    1957526            122            109      -13        -222               376
          1120    6069486            122            114       -8          28               376
          1121    8381641            122            178       56        1019               308
          1122     190458            122             95      -27       -1407               472
          1123    6521015            121            112       -9         -13               321
          1124      48276            121            120       -1         290               399
          1125   12297296            121             98      -23       -1001               314
          1126   12091099            121             85      -36       -2921               906
          1127   10927353            121             96      -25       -1210              1030
          1128   11740222            121            107      -14        -311               692
          1129   12138887            121            110      -11        -105               487
          1130    1527028            121             84      -37       -3123              1102
          1131    1237316            121            126        5         467               884
          1132     848577            121             96      -25       -1226               735
          1133    4558458            121             96      -25       -1224               790
          1134    6063608            121             87      -34       -2576              1293
          1135   12184045            121             92      -29       -1707               602
          1136    4157024            121            100      -21        -831               191
          1137   10183122            121             93      -28       -1584               541
          1138    6029282            121             95      -26       -1351               832
          1139    3087824            121             71      -50       -7000              1972
          1140    7494931            121             80      -41       -4068               610
          1141    2486332            121            117       -4         172               695
          1142   11943090            121            101      -20        -779               703
          1143   13029611            121            100      -21        -841               752
          1144     352326            121            130        9         592               423
          1145    7122190            121             93      -28       -1574               636
          1146    8511356            121            168       47        1004               723
          1147    6083850            121            107      -14        -322               817
          1148   11839082            121            110      -11        -105               292
          1149    4020961            121             87      -34       -2629               751
          1150     638877            121            101      -20        -780              1147
          1151    7709741            121             88      -33       -2374               918
          1152    8492899            121             92      -29       -1683               484
          1153   12999959            121             93      -28       -1608               774
          1154    2371503            121            132       11         646              1079
          1155   13215047            121            119       -2         265               736
          1156    1477448            121             81      -40       -3835               901
          1157    1686604            121            105      -16        -468               390
          1158     688531            121            111      -10         -56               580
          1159    2489160            121            104      -17        -524               299
          1160    8853118            121            130        9         622               308
          1161    9013659            121            126        5         502               351
          1162   13311174            121             90      -31       -1973               618
          1163   10299677            121            104      -17        -524               756
          1164     755009            121             99      -22        -913               704
          1165   11460531            121            154       33         933              1284
          1166    7943671            121            129        8         587               446
          1167    9365542            121             88      -33       -2425               322
          1168    9757946            121             91      -30       -1893               414
          1169    4075915            121            108      -13        -246               377
          1170    6783396            121             96      -25       -1217               465
          1171    4188609            121             81      -40       -3832               846
          1172   10032151            121             88      -33       -2418               446
          1173   12563418            121            114       -7          80               279
          1174   12570955            121             94      -27       -1483               436
          1175   11579522            121            123        2         433               445
          1176    6871192            121            120       -1         343               380
          1177   10303591            120            111       -9          -3               374
          1178    5133685            120             97      -23       -1033               356
          1179     537673            120             92      -28       -1667               366
          1180    5215769            120            104      -16        -466               385
          1181    1150543            120             92      -28       -1642               648
          1182    8363537            120             84      -36       -3050               951
          1183    8775865            120             95      -25       -1300               491
          1184   10200815            120             86      -34       -2642               840
          1185   12903726            120             89      -31       -2134              1201
          1186   12499332            120             87      -33       -2475              1057
          1187   10829354            120            126        6         532               573
          1188   10537264            120            178       58        1083              1503
          1189    7892735            120            157       37         991               592
          1190   10010205            120             88      -32       -2289               757
          1191    9014020            120             89      -31       -2156               631
          1192   11532582            120             83      -37       -3231              1088
          1193    4835217            120             90      -30       -1984               446
          1194   10857118            120            119       -1         329               470
          1195    6521191            120            121        1         371               479
          1196   11837410            120             93      -27       -1517              1818
          1197   13178304            120             84      -36       -3062              1030
          1198   11461200            120             93      -27       -1528               484
          1199    1558914            120             80      -40       -4026               769
          1200   13184412            120            123        3         449               421
          1201    3367313            120            119       -1         338               253
          1202    2323151            120             90      -30       -1916               815
          1203    4340730            120            105      -15        -408               295
          1204    4929379            120             92      -28       -1700               701
          1205    1874529            120             93      -27       -1511               885
          1206   10587955            120            102      -18        -605               418
          1207    9086106            120            113       -7          89               347
          1208   10121813            120            107      -13        -257               706
          1209    8290941            120            100      -20        -782               826
          1210   13401339            120             82      -38       -3500               625
          1211     469343            120            106      -14        -329               428
          1212   11924257            120            118       -2         289               801
          1213    5797552            120            137       17         799               214
          1214     763316            120            119       -1         346               336
          1215   12000208            120            143       23         882               490
          1216    3455003            120             95      -25       -1298               492
          1217   10846453            120             97      -23       -1058               594
          1218    4674878            120            117       -3         275               391
          1219    6856447            120             88      -32       -2355               645
          1220   12524511            120             83      -37       -3273               994
          1221   11408426            120             83      -37       -3270               726
          1222   10946433            120            121        1         408               365
          1223    8215271            120            104      -16        -480               776
          1224    1387017            120             79      -41       -4258               577
          1225    5832862            120            101      -19        -706               777
          1226   10474557            120            119       -1         347               462
          1227    3229469            120             91      -29       -1835               446
          1228    9058568            120             75      -45       -5510               664
          1229    9716632            120            139       19         844               358
          1230    3619855            120             95      -25       -1301               535
          1231   11677282            120            112       -8          86               368
          1232    8450478            120             98      -22        -951               471
          1233     917015            120            110      -10         -40               396
          1234    3312347            120            113       -7         101               309
          1235    2286837            120            106      -14        -300               455
          1236    9877690            120            122        2         453               458
          1237     840740            120            183       63        1151               545
          1238   13258390            120            102      -18        -624               276
          1239    2899761            120            171       51        1119               383
          1240    9372571            119            104      -15        -387               440
          1241   12679451            119            103      -16        -473               561
          1242   11035594            119             88      -31       -2230               950
          1243    6297325            119             86      -33       -2570               978
          1244   11441791            119             84      -35       -2965              1586
          1245    9063836            119            124        5         551               657
          1246    3579843            119            107      -12        -199               647
          1247   12581325            119            107      -12        -206               575
          1248   12802697            119             97      -22        -995              1325
          1249    3426870            119            121        2         442               585
          1250    5081651            119            102      -17        -542               503
          1251    6306931            119             97      -22       -1006               541
          1252   10411770            119            113       -6         127               636
          1253    9516178            119             98      -21        -866               669
          1254    9424198            119             93      -26       -1488              1085
          1255   13205926            119            118       -1         343               611
          1256    3508747            119            129       10         694               298
          1257    2903900            119            130       11         713               723
          1258    5766929            119            107      -12        -190               602
          1259    9797177            119             85      -34       -2832               931
          1260     436293            119             88      -31       -2261               737
          1261    6993588            119            107      -12        -164               273
          1262     486090            119             77      -42       -4809               600
          1263    4108038            119             70      -49       -7354              1165
          1264    3285106            119             85      -34       -2775               618
          1265    6965114            119            130       11         731               336
          1266    6908840            119             91      -28       -1760               966
          1267    5080835            119            122        3         473               533
          1268    6928749            119            111       -8          43               632
          1269    2499173            119             97      -22       -1025               731
          1270    1327132            119             88      -31       -2280               448
          1271    7066547            119             95      -24       -1176               327
          1272     101497            119             95      -24       -1192               431
          1273    9412648            119            104      -15        -395               613
          1274    3487337            119             97      -22        -988               572
          1275   11451082            119            103      -16        -479              1116
          1276    5965135            119             89      -30       -2115               810
          1277    9762871            119             95      -24       -1185               456
          1278    4411326            119             93      -26       -1446               628
          1279    4666632            119             76      -43       -5113               806
          1280   12959153            119            109      -10         -66               579
          1281     539937            119            101      -18        -643               434
          1282    3735671            119             89      -30       -2094               474
          1283    8952263            119            119        0         397               648
          1284    2293321            119            102      -17        -571               449
          1285    3606276            119            108      -11        -117               655
          1286   10446600            119            124        5         574               325
          1287    2200336            119            156       37        1079               444
          1288    3374427            119            112       -7         121               373
          1289    9636869            119            123        4         545               307
          1290    8949494            119             87      -32       -2487               608
          1291   11170552            119            111       -8         103               343
          1292     147785            119             90      -29       -1966               443
          1293    6076664            119            111       -8          63               383
          1294   10866287            119            134       15         824               299
          1295    5869257            119             95      -24       -1212               468
          1296    7398962            119             94      -25       -1354               564
          1297    8744566            119            119        0         406               440
          1298    5244991            119            100      -19        -710               608
          1299    4926331            119             99      -20        -806               278
          1300     757708            118             94      -24       -1250               565
          1301    6619881            118            131       13         788               472
          1302     733660            118             79      -39       -4055               560
          1303    8241999            118             94      -24       -1259               411
          1304    2855523            118            100      -18        -638               283
          1305   10708463            118             83      -35       -3110               768
          1306    4207331            118             84      -34       -2902               772
          1307     676215            118            100      -18        -672               924
          1308    6161888            118            101      -17        -570               274
          1309   13452224            118            123        5         574               439
          1310   13356965            118             98      -20        -814               350
          1311    8896539            118             96      -22        -999               310
          1312    8000240            118            124        6         610               524
          1313     962654            118             82      -36       -3314               635
          1314   10919337            118             89      -29       -1992              1027
          1315   11071011            118             96      -22       -1011               809
          1316    4016510            118             92      -26       -1532               308
          1317    2642294            118             98      -20        -832               598
          1318   10409983            118             88      -30       -2190               710
          1319   11590103            118             93      -25       -1429               280
          1320    8264434            118             94      -24       -1279               627
          1321    6708026            118             84      -34       -2948               657
          1322   10559139            118             91      -27       -1688              1161
          1323     933325            118            117       -1         367               773
          1324    4217427            118            114       -4         236               864
          1325   11222915            118             86      -32       -2620               630
          1326    7838821            118             95      -23       -1124               528
          1327    6451848            118            120        2         487               400
          1328     238914            118             88      -30       -2175               539
          1329    1323533            118            103      -15        -436               482
          1330   12662701            118             74      -44       -5606              1184
          1331    4652604            118             93      -25       -1429               690
          1332   11793659            118            105      -13        -254               541
          1333     962068            118             95      -23       -1149               814
          1334    3735608            118             85      -33       -2809               810
          1335    2482785            118             97      -21        -887               410
          1336   13345359            118            138       20         939               224
          1337    3603465            118             91      -27       -1667               519
          1338      96389            118             95      -23       -1157               338
          1339    3079155            118             93      -25       -1414               718
          1340    2591950            118             79      -39       -4117               914
          1341   10343291            118            117       -1         380              1061
          1342     208012            118            100      -18        -653               527
          1343     204462            118            105      -13        -261               614
          1344    9164869            118            132       14         847               267
          1345   13294379            118             80      -38       -3975               755
          1346    3573696            118            170       52        1216               851
          1347    4294252            118            110       -8          83               576
          1348   10043192            118            109       -9          28               466
          1349   12133276            118             69      -49       -7774              1030
          1350   12541546            118            121        3         539               446
          1351    8291323            118            129       11         777               412
          1352    9183876            118            129       11         791               209
          1353    7290430            118             91      -27       -1697               429
          1354    2979219            118            111       -7         168               354
          1355    3871786            118             93      -25       -1422               708
          1356    7795460            118            106      -12        -199               395
          1357    5033958            118            105      -13        -261               322
          1358    9146179            118            123        5         596               244
          1359      94748            118            131       13         828               508
          1360   12764317            118             88      -30       -2255               388
          1361    9773849            117            120        3         531               269
          1362    5066448            117            119        2         492               977
          1363    5178935            117             86      -31       -2468              1048
          1364   12947173            117             90      -27       -1752               440
          1365    8206644            117             88      -29       -2121               840
          1366    6423842            117            104      -13        -307               365
          1367   11053972            117             92      -25       -1454               461
          1368    2705218            117            103      -14        -340               324
          1369    6832898            117            101      -16        -535               420
          1370    1566902            117             87      -30       -2312               811
          1371   12046441            117             96      -21        -978               406
          1372     299812            117             97      -20        -836               307
          1373   11414068            117             88      -29       -2102               365
          1374    1519190            117             85      -32       -2697               936
          1375    2727534            117            142       25        1031               448
          1376    9421176            117             90      -27       -1794               749
          1377    3485564            117            130       13         828               657
          1378    1537385            117             78      -39       -4349               487
          1379    4063816            117             92      -25       -1480               523
          1380    2069751            117             89      -28       -1977               716
          1381    1477997            117             82      -35       -3291              1327
          1382    6742153            117             88      -29       -2127              1032
          1383   13157760            117             85      -32       -2671               814
          1384   10315037            117            111       -6         176               387
          1385    6982424            117             92      -25       -1491               796
          1386     104136            117             81      -36       -3508               748
          1387    5327197            117             90      -27       -1792               795
          1388    4430257            117             97      -20        -864               303
          1389     183310            117             92      -25       -1476              1310
          1390   11357187            117            114       -3         313               395
          1391    1485912            117             75      -42       -5262               604
          1392    5296611            117            142       25        1042               633
          1393    1475624            117            106      -11        -119               343
          1394   11275592            117             96      -21        -985               619
          1395    9852686            117            127       10         754               719
          1396   11243223            117            101      -16        -527               650
          1397    5456253            117            117        0         427               526
          1398    7233323            117            129       12         827               571
          1399    7707064            117            138       21         992               324
          1400    5298627            117             94      -23       -1179               418
          1401   10501443            117            102      -15        -451               498
          1402    9281365            117            100      -17        -576               587
          1403   12829936            117            109       -8          70               469
          1404    5591640            117            105      -12        -188               631
          1405    9392849            117            122        5         633               309
          1406     223237            117             97      -20        -877               844
          1407    9974904            117             86      -31       -2547               484
          1408    1198562            117             98      -19        -763               483
          1409    3728453            117             92      -25       -1514               479
          1410    4880638            117             99      -18        -681               467
          1411    9980324            117            132       15         915               487
          1412    5991192            117             94      -23       -1188               336
          1413    2891171            117             77      -40       -4666               565
          1414    9508508            117             84      -33       -2908               563
          1415     586734            117             84      -33       -2919               696
          1416     912103            117            119        2         536               579
          1417   12602282            117             90      -27       -1738               513
          1418   13019693            117             99      -18        -684               414
          1419    3315898            117            130       13         863               393
          1420    5550508            117            120        3         562               486
          1421    1688986            117            121        4         609               389
          1422   13619590            117            109       -8          87               425
          1423   11179052            117            136       19         986               552
          1424   11475490            116             95      -21       -1010               670
          1425    2118729            116             83      -33       -2958              1348
          1426    8328857            116             98      -18        -694               385
          1427   11468801            116             83      -33       -3012               301
          1428    1243201            116             93      -23       -1299               396
          1429    7269973            116             96      -20        -911               772
          1430    6489687            116             97      -19        -787               323
          1431    5066731            116             91      -25       -1592               557
          1432    3915585            116             85      -31       -2611               408
          1433    5101959            116             84      -32       -2794              1508
          1434    9481939            116            104      -12        -225               730
          1435   10573729            116             95      -21       -1009               470
          1436    7409521            116             89      -27       -1843               429
          1437    6813852            116            111       -5         220               434
          1438    8623374            116             91      -25       -1554               635
          1439    7822403            116             83      -33       -2992               750
          1440    2565018            116            115       -1         409               409
          1441    4580292            116             80      -36       -3709               728
          1442   12522036            116             81      -35       -3444               753
          1443    3526632            116             83      -33       -2999               970
          1444    3046837            116            100      -16        -516               457
          1445    9945100            116             96      -20        -905               355
          1446   11199825            116            101      -15        -448               623
          1447    6398081            116            110       -6         205               664
          1448    1991228            116            101      -15        -461              1087
          1449   12215124            116             94      -22       -1132               573
          1450   10734897            116             91      -25       -1540               451
          1451    3836571            116             88      -28       -2055               672
          1452    5517485            116             83      -33       -3027               937
          1453    5657953            116            106      -10         -43               407
          1454   10502852            116             85      -31       -2643               718
          1455    4437984            116             82      -34       -3214               552
          1456   13119976            116            130       14         915               583
          1457   13447666            116             97      -19        -792               412
          1458    8321358            116             84      -32       -2816               378
          1459    5190812            116            137       21        1044               379
          1460    5580481            116             88      -28       -2117               883
          1461    7559150            116             96      -20        -852               906
          1462    8806556            116            106      -10         -48               594
          1463    9332907            116            101      -15        -459               821
          1464   10229909            116            137       21        1046               391
          1465    1603218            116             85      -31       -2641               491
          1466    4661834            116             90      -26       -1705              1002
          1467     987999            116            110       -6         224               314
          1468    2351522            116            102      -14        -325               455
          1469    2362167            116            102      -14        -390               427
          1470    3929009            116            128       12         870              1013
          1471   10378973            116             98      -18        -714               869
          1472    9928325            116             80      -36       -3778              1068
          1473    6155379            116             76      -40       -4885               540
          1474    4936803            116            112       -4         309               548
          1475    6094140            116            102      -14        -372               783
          1476    9577627            116             90      -26       -1767               645
          1477    8777904            116             83      -33       -3095               443
          1478   10351500            116             92      -24       -1369               280
          1479   11351545            116            120        4         623               641
          1480     680845            116             95      -21       -1032               696
          1481    7385170            116            126       10         813               430
          1482    8613304            116            106      -10         -76               587
          1483    2104858            116            127       11         862               360
          1484   11590406            116            132       16         981               275
          1485   13597435            116             88      -28       -2112               632
          1486     640837            116             90      -26       -1745               441
          1487    1865739            116             91      -25       -1535               585
          1488   12181746            116            122        6         695               445
          1489    1906865            116            135       19        1033               602
          1490   12277490            116             82      -34       -3297               401
          1491   13407284            116             91      -25       -1540               559
          1492    3711523            116            120        4         655               288
          1493   10575422            116             96      -20        -906               583
          1494    2482917            116            104      -12        -196               659
          1495    3008615            116            102      -14        -353               535
          1496   10512219            116            107       -9          17               523
          1497   10311209            116             88      -28       -2081               417
          1498    8356928            116            119        3         609               356
          1499    2511468            116             92      -24       -1422               590
          1500   10421128            116            110       -6         214               647
          1501    8797076            116             88      -28       -2112               336
          1502     166580            116             79      -37       -4099               297
          1503    9273529            115             82      -33       -3111               507
          1504   10883531            115            109       -6         211               371
          1505   13165025            115             86      -29       -2301               807
          1506   12395992            115             80      -35       -3594               715
          1507    2504632            115             97      -18        -749               627
          1508    2202623            115             81      -34       -3364               492
          1509    6919022            115            112       -3         359               433
          1510    6686390            115             95      -20        -920               259
          1511   11457083            115             77      -38       -4481              1599
          1512    6925870            115            103      -12        -220               328
          1513     437984            115             92      -23       -1347               389
          1514    3680393            115             81      -34       -3403               705
          1515     937249            115             86      -29       -2338               862
          1516    7161623            115            108       -7         118               419
          1517   11889130            115            125       10         840               226
          1518    3206803            115             96      -19        -826               886
          1519    4770644            115             86      -29       -2326               315
          1520    2482416            115            152       37        1272               478
          1521    8608611            115             86      -29       -2315               973
          1522    7369868            115             80      -35       -3645              1343
          1523    7286836            115             90      -25       -1660               597
          1524    3005735            115             93      -22       -1210               433
          1525    6328132            115             89      -26       -1769               318
          1526     958315            115             81      -34       -3414               358
          1527   10199032            115             91      -24       -1512               691
          1528   11451275            115            100      -15        -435               356
          1529   11764202            115             82      -33       -3152               418
          1530    5645987            115            109       -6         233               352
          1531    4669393            115             88      -27       -2002               849
          1532    4015792            115             68      -47       -8121              1237
          1533   10638710            115            102      -13        -291               585
          1534    1723313            115            103      -12        -208               412
          1535    8510590            115             79      -36       -3932               641
          1536   11014544            115             86      -29       -2301               459
          1537    4541457            115            126       11         887               359
          1538     910178            115             88      -27       -1979               437
          1539    8281506            115             88      -27       -1975               290
          1540   11346057            115             91      -24       -1508               644
          1541    8473232            115            108       -7         137               750
          1542    6556287            115             94      -21       -1085               502
          1543   12909855            115            107       -8          67               591
          1544    2461938            115             95      -20        -978               686
          1545    8102625            115             96      -19        -816               344
          1546    9387765            115            101      -14        -370               592
          1547   12724013            115             92      -23       -1334               594
          1548    6251805            115            118        3         628               712
          1549    5187358            115             99      -16        -527               555
          1550    2825363            115            124        9         824               667
          1551    5849657            115             92      -23       -1387               502
          1552    6270844            115            111       -4         378               580
          1553   10101533            115             95      -20        -971               498
          1554    2211200            115             86      -29       -2356               284
          1555     432337            115            113       -2         429               297
          1556    1740233            115            120        5         697               431
          1557   11781289            115             81      -34       -3452               475
          1558    6037185            115             90      -25       -1643              1125
          1559    5980183            115            114       -1         465               426
          1560   11871473            115             92      -23       -1366               522
          1561    5317349            115            184       69        1478               332
          1562    3945690            114            121        7         753               719
          1563   10205683            114             95      -19        -854               205
          1564    3256844            114             88      -26       -1907               760
          1565    4071008            114            109       -5         270               349
          1566    9926635            114             85      -29       -2456              1012
          1567   11926944            114             89      -25       -1730               509
          1568   11410770            114             86      -28       -2288               997
          1569    6034807            114             81      -33       -3328              1342
          1570   12373230            114            110       -4         316               534
          1571    3491640            114            100      -14        -404               522
          1572   10983493            114            113       -1         455               807
          1573    8451280            114             83      -31       -2857               806
          1574     761319            114             92      -22       -1251               252
          1575   12285007            114             93      -21       -1156               678
          1576    1522726            114             87      -27       -2093               853
          1577   10004905            114             92      -22       -1292               419
          1578   12988801            114             82      -32       -3137              1346
          1579   13405349            114             79      -35       -3869               532
          1580   12402157            114            107       -7         118               276
          1581   10307184            114            154       40        1357               393
          1582    6679491            114             77      -37       -4451              1044
          1583    3232731            114             86      -28       -2322               679
          1584    5988181            114             80      -34       -3593               876
          1585   13720441            114            105       -9           8               308
          1586    1256184            114            124       10         886               299
          1587    4808268            114            116        2         593               875
          1588    7120545            114            101      -13        -325               374
          1589   11299126            114            106       -8          50               553
          1590    4673858            114            118        4         694               300
          1591    1992608            114            127       13         977               615
          1592    6691003            114            116        2         601               837
          1593    9114055            114             90      -24       -1582               667
          1594    6620897            114            104      -10         -86              1109
          1595    8060333            114             81      -33       -3359               566
          1596    3637113            114            143       29        1259               424
          1597    6026746            114             92      -22       -1313               822
          1598    6662848            114             97      -17        -644               502
          1599    7927095            114             80      -34       -3596               899
          1600    1760734            114             81      -33       -3388               911
          1601    3793292            114            111       -3         380               477
          1602    6337169            114             87      -27       -2166               317
          1603    5099243            114             87      -27       -2153               371
          1604    4686772            114             99      -15        -483               505
          1605    5959242            114             87      -27       -2157               865
          1606    3119403            114             78      -36       -4142               341
          1607    8218082            114             91      -23       -1452               618
          1608    1941515            114            109       -5         274               742
          1609     358073            114            127       13         982               352
          1610    2327537            114            107       -7         158               396
          1611    7142825            114             88      -26       -1978               436
          1612    8851672            114            105       -9          31               847
          1613    5101807            114            113       -1         514               313
          1614    2992249            114            107       -7         141               588
          1615    1273728            114             97      -17        -613               358
          1616    9284622            114             90      -24       -1620               549
          1617   12077409            114             87      -27       -2150               506
          1618    7062597            114            114        0         558               263
          1619   10465221            114            122        8         838               546
          1620   10390434            114             99      -15        -470               493
          1621   11780923            114             97      -17        -678               481
          1622   13210057            114             88      -26       -1941               352
          1623     944431            114             97      -17        -674               683
          1624   12160795            114            158       44        1432               483
          1625    5693584            114             92      -22       -1254               317
          1626    7435019            114             90      -24       -1597               651
          1627   11701696            114             94      -20        -997               522
          1628    3279054            114             90      -24       -1581               243
          1629   13425946            114             86      -28       -2359               510
          1630    7937908            114             84      -30       -2677               513
          1631   13123254            114             93      -21       -1145               360
          1632    5990476            114             95      -19        -896               418
          1633   13635144            114             82      -32       -3119               522
          1634    5358705            114             90      -24       -1593               557
          1635    9492894            114            133       19        1152               508
          1636    8394737            114             98      -16        -543               373
          1637    3123618            114            102      -12        -227               424
          1638    6752925            114            131       17        1108               217
          1639    4103200            114            115        1         589               331
          1640    4733375            113             93      -20       -1037               309
          1641     781510            113             90      -23       -1462               591
          1642    5718028            113             95      -18        -781               228
          1643    2290167            113             96      -17        -663               237
          1644     857536            113             78      -35       -3998              1069
          1645    4823440            113             89      -24       -1665               694
          1646    8186116            113             91      -22       -1321               494
          1647    8096016            113             97      -16        -594               464
          1648   12875761            113             93      -20       -1024               341
          1649   10853490            113             94      -19        -898               222
          1650    1278146            113            119        6         786               375
          1651    8498523            113             69      -44       -7355              2357
          1652    3312983            113             88      -25       -1828               302
          1653    2243846            113             72      -41       -6075               810
          1654    3807637            113             86      -27       -2230               506
          1655    6105109            113             92      -21       -1172               555
          1656   12737159            113             95      -18        -801               514
          1657    7612271            113             86      -27       -2205               672
          1658      92860            113             89      -24       -1662               696
          1659    7491754            113            105       -8          79               658
          1660    6934747            113             83      -30       -2738               449
          1661     470547            113             97      -16        -597               590
          1662   11015402            113             81      -32       -3301               523
          1663    6124500            113             99      -14        -372               351
          1664    6332937            113             92      -21       -1211               826
          1665    5819648            113            107       -6         230               254
          1666     770179            113            102      -11        -154               729
          1667    6144563            113            131       18        1149               549
          1668    5141983            113             91      -22       -1321               467
          1669   10066910            113            105       -8          86               759
          1670    5188124            113             88      -25       -1858               552
          1671   12234605            113             76      -37       -4717               939
          1672    9372573            113             87      -26       -1998               351
          1673    3380508            113             77      -36       -4344              1063
          1674    5667798            113            139       26        1293               464
          1675     381663            113             67      -46       -8460              1228
          1676   11205932            113             75      -38       -4959               928
          1677   11684234            113             86      -27       -2278               449
          1678    2970324            113             76      -37       -4653               652
          1679   11584468            113            103      -10         -72               562
          1680    6211615            113            106       -7         150               540
          1681    9896963            113             89      -24       -1675               523
          1682    6450747            113            112       -1         523               911
          1683    8885257            113            100      -13        -278               441
          1684    3657835            113             85      -28       -2371               430
          1685    4721792            113             88      -25       -1883               782
          1686    1138134            113             78      -35       -4071               823
          1687    7982155            113            107       -6         254               313
          1688    2944294            113             89      -24       -1701               772
          1689    2259535            113             82      -31       -2952               449
          1690    9344235            113            106       -7         146               691
          1691   11872253            113             91      -22       -1354               404
          1692    4195915            113             88      -25       -1890               578
          1693   10567908            113             88      -25       -1846               800
          1694    5323029            113             76      -37       -4727               259
          1695   10633507            113            126       13        1041               486
          1696    1849980            113            108       -5         289               413
          1697   11350850            113             84      -29       -2636               492
          1698    8852987            113             89      -24       -1719               657
          1699   12039482            113             85      -28       -2418               483
          1700     415401            113             81      -32       -3270               572
          1701    7279536            113             83      -30       -2869               540
          1702   10234851            113             86      -27       -2219               490
          1703   11167127            113             89      -24       -1713               512
          1704    6116835            113            136       23        1269               619
          1705    8762221            113             89      -24       -1608               637
          1706    5679255            113             87      -26       -2039               372
          1707    9953402            113             89      -24       -1721               462
          1708    9672074            113            142       29        1362               658
          1709   12584325            113            131       18        1184               529
          1710    5188146            113            121        8         891               395
          1711    3381761            113             89      -24       -1723               515
          1712    4546767            113            108       -5         301               529
          1713    3029635            113            158       45        1520               280
          1714    5279856            113             99      -14        -352               606
          1715    1046052            113             93      -20       -1031               521
          1716    2307276            113            104       -9          16               474
          1717   10874827            113             92      -21       -1212               285
          1718   12852845            113             86      -27       -2233               620
          1719    6964218            113             86      -27       -2253               534
          1720    9241877            113            116        3         709               420
          1721    9811390            113            100      -13        -298               479
          1722    3680267            113             98      -15        -437               284
          1723    8141152            113             94      -19        -923               265
          1724   10701426            113             97      -16        -542               470
          1725    9539228            113             95      -18        -798               402
          1726    1501889            113             86      -27       -2173               602
          1727    6579295            113             90      -23       -1530               414
          1728   12662648            112            110       -2         497               232
          1729    3934193            112             91      -21       -1220               321
          1730    1083023            112            117        5         798               293
          1731    1646236            112            131       19        1219               285
          1732    3477122            112             92      -20       -1075               461
          1733    1793088            112             82      -30       -2891               494
          1734    8470707            112            101      -11        -151               448
          1735    5561380            112            108       -4         365               562
          1736   10102797            112             94      -18        -822               545
          1737   10695977            112            111       -1         546               605
          1738    3140265            112             97      -15        -477               232
          1739   11232910            112             79      -33       -3673              1507
          1740    8915577            112            119        7         862               780
          1741    2476676            112             88      -24       -1779               906
          1742    1819155            112             92      -20       -1112              1102
          1743    1023781            112             78      -34       -3975               794
          1744    4872638            112            107       -5         306               384
          1745    6133877            112             89      -23       -1578               386
          1746   13662082            112             67      -45       -8338               879
          1747    2023547            112            107       -5         311               300
          1748    2809367            112            127       15        1126               490
          1749    2979295            112             76      -36       -4541               359
          1750    7273154            112             83      -29       -2701               699
          1751    4404561            112             96      -16        -591               434
          1752   11114539            112             74      -38       -5218              1274
          1753   11417313            112             78      -34       -3975               829
          1754    7093574            112             78      -34       -4001               888
          1755    8442069            112            154       42        1528               359
          1756    5240481            112             95      -17        -722               527
          1757    1464745            112             64      -48      -10164               782
          1758    8932019            112            118        6         841               723
          1759   13461977            112             93      -19        -977               570
          1760   10302351            112             88      -24       -1785               323
          1761    4890321            112             79      -33       -3683              1082
          1762   11676123            112             73      -39       -5622               944
          1763   11019253            112             86      -26       -2165               885
          1764    1428991            112            112        0         606               588
          1765    7514944            112            106       -6         222               693
          1766    6193863            112            126       14        1099               523
          1767    4466270            112             95      -17        -739               527
          1768    1455567            112             85      -27       -2359               558
          1769     909493            112             98      -14        -400               385
          1770    4401925            112             93      -19        -955               767
          1771    1411664            112             78      -34       -4075               331
          1772    8585926            112            104       -8          70               538
          1773   13430355            112            102      -10         -41               486
          1774    2829142            112            104       -8          80               399
          1775   10250869            112             92      -20       -1130               416
          1776    8056294            112             99      -13        -285               814
          1777    7670162            112             98      -14        -381               742
          1778    9382006            112            118        6         871               765
          1779    8023545            112             86      -26       -2079               671
          1780    4453258            112            109       -3         438               570
          1781    2534354            112             73      -39       -5612              1180
          1782    8250206            112             94      -18        -782               389
          1783    5729451            112             85      -27       -2281               343
          1784   13329607            112            101      -11        -151               343
          1785   10492108            112             74      -38       -5271               353
          1786    3703740            112            101      -11        -139              1012
          1787    8669450            112             93      -19        -988               584
          1788    6331649            112             91      -21       -1239               423
          1789    1057214            112             72      -40       -6043               607
          1790    6754367            112            105       -7         219               323
          1791    9439490            112             76      -36       -4549               566
          1792    3676206            112             87      -25       -1984               684
          1793    2839800            112            102      -10         -57               277
          1794    4947118            112             95      -17        -716               424
          1795   11768343            112             89      -23       -1564               290
          1796    3246500            112             99      -13        -273               601
          1797      29232            112             92      -20       -1100               581
          1798   10907068            112            102      -10         -48               461
          1799   12890600            112            127       15        1168               545
          1800    5353006            112            108       -4         387               301
          1801    7406712            112             91      -21       -1256               365
          1802    3228990            112             99      -13        -297               420
          1803   10766683            112             89      -23       -1636               431
          1804   11373572            112            101      -11        -125               425
          1805     105929            112            144       32        1476               427
          1806    6999993            112             97      -15        -496               264
          1807   10224000            111             91      -20       -1145               294
          1808    7936974            111            102       -9          26               210
          1809     469848            111            105       -6         249               363
          1810     371010            111             90      -21       -1286               354
          1811   10749212            111             95      -16        -617               321
          1812    3221123            111             78      -33       -3841               760
          1813    8080269            111             83      -28       -2590               727
          1814    5660455            111             98      -13        -323               292
          1815    5543096            111             95      -16        -656               663
          1816    5730081            111            152       41        1571               440
          1817    4435704            111            113        2         708               328
          1818     839104            111             81      -30       -3073               392
          1819    4540335            111             78      -33       -3853              1263
          1820   10487800            111             88      -23       -1695               560
          1821     333219            111            113        2         723               293
          1822    2535477            111             83      -28       -2591               597
          1823    1235286            111            102       -9          24               403
          1824    9565405            111            128       17        1234               629
          1825   13583214            111             83      -28       -2602               322
          1826    6106942            111             84      -27       -2420               849
          1827    8868931            111             87      -24       -1851              1879
          1828   10189611            111             89      -22       -1449               446
          1829   11896907            111            151       40        1573               473
          1830    5403139            111             87      -24       -1797               935
          1831     751135            111            191       80        1762              1199
          1832    4172085            111            100      -11        -164               723
          1833    9650273            111            114        3         780               550
          1834    7773070            111             88      -23       -1659               860
          1835    4876442            111             86      -25       -2019              1499
          1836    7526596            111            108       -3         476               571
          1837    9904199            111             76      -35       -4483               654
          1838   10610530            111            108       -3         443              1116
          1839   10816493            111             98      -13        -311               463
          1840    5703593            111             80      -31       -3339               678
          1841    7077766            111             88      -23       -1613               603
          1842     643487            111             80      -31       -3342               490
          1843    2480495            111            149       38        1574               402
          1844   10661178            111             90      -21       -1328               543
          1845    9869113            111             78      -33       -3914              1076
          1846   12566422            111             76      -35       -4505               609
          1847   13372717            111             86      -25       -2093               915
          1848    7786046            111             75      -36       -4774               932
          1849    3437103            111            103       -8         114               496
          1850   10603838            111             95      -16        -626               606
          1851    4519166            111             76      -35       -4454               524
          1852    3705671            111             71      -40       -6421              1018
          1853    5272287            111             82      -29       -2834               621
          1854    5178120            111            142       31        1503               976
          1855   11697919            111             81      -30       -3124               864
          1856    9029967            111             74      -37       -5195              1142
          1857   11970028            111            103       -8         111               469
          1858    2831583            111             81      -30       -3135               531
          1859    1174957            111             97      -14        -427               699
          1860   13619733            111             78      -33       -3896               679
          1861      17764            111             99      -12        -220               751
          1862    4917693            111             89      -22       -1518               827
          1863    6616197            111             70      -41       -6854               633
          1864   13146843            111             83      -28       -2630               401
          1865    9702895            111            111        0         663               405
          1866    3501672            111             78      -33       -3912               601
          1867   12240540            111            106       -5         321              1109
          1868    3899113            111            114        3         801               416
          1869    3195953            111            112        1         715               458
          1870    2293973            111            127       16        1244               651
          1871    1108655            111             96      -15        -493               396
          1872    8863771            111             91      -20       -1194               626
          1873    4491874            111             74      -37       -5129               599
          1874    9247122            111             75      -36       -4771               805
          1875   12198991            111             85      -26       -2177               752
          1876   13195243            111            116        5         878               387
          1877   10552817            111             85      -26       -2228               494
          1878     977899            111            108       -3         503               389
          1879    6604654            111            144       33        1553               722
          1880   13705875            111             96      -15        -485               508
          1881   13248886            111            102       -9          18               735
          1882    1155388            111             87      -24       -1855               592
          1883    3464918            111             92      -19        -980               667
          1884    5786158            111             71      -40       -6486               665
          1885    4284549            111             89      -22       -1508               503
          1886    8093384            111            112        1         730               435
          1887    4530302            111             90      -21       -1324               436
          1888    1657757            111            118        7         986               278
          1889    8425497            111             98      -13        -309               624
          1890   12560097            111            105       -6         269               530
          1891    7551550            111            112        1         729               375
          1892    1958826            111            124       13        1177               691
          1893   12682081            111            170       59        1765               350
          1894    2674400            111            108       -3         486               428
          1895    6853709            111             84      -27       -2435               509
          1896    6485086            111             87      -24       -1893               412
          1897    7527708            111            117        6         960               462
          1898    3476341            111             91      -20       -1138               384
          1899    6721830            111             97      -14        -380               335
          1900    3929973            111             76      -35       -4547               656
          1901     529594            111             82      -29       -2903               545
          1902    6465364            111            119        8        1035               267
          1903   12533617            111            105       -6         290               511
          1904    5945188            111            116        5         894               324
          1905    7359621            111            119        8        1022               344
          1906    9527566            111            102       -9          67               447
          1907   11444961            110             82      -28       -2699               929
          1908    7845224            110            107       -3         488               420
          1909    1724912            110            105       -5         341               372
          1910    3192211            110            159       49        1725               337
          1911   11335968            110            120       10        1083               206
          1912    4940948            110             96      -14        -399               200
          1913    1848305            110            113        3         810               261
          1914   13277114            110             98      -12        -254               885
          1915    1641604            110             86      -24       -2019               575
          1916     513291            110             83      -27       -2462               488
          1917    8802712            110             98      -12        -234               466
          1918    7116262            110             77      -33       -4075              1239
          1919   10300670            110             95      -15        -532               320
          1920    6628168            110             96      -14        -416               632
          1921    1527910            110             94      -16        -709               362
          1922   13651025            110            103       -7         154               696
          1923    9814245            110            122       12        1146               592
          1924    6326845            110             87      -23       -1829               439
          1925    7675968            110             72      -38       -5846               382
          1926    2157549            110            124       14        1202               918
          1927   10706369            110             78      -32       -3798              1482
          1928   11966102            110             78      -32       -3837               611
          1929    1877127            110             79      -31       -3516              1088
          1930   11427095            110             80      -30       -3347               628
          1931      99937            110             89      -21       -1412               576
          1932    2132177            110             87      -23       -1791               496
          1933    6606326            110             93      -17        -816               721
          1934    8200784            110            102       -8         112               589
          1935   13363568            110             67      -43       -8185              1155
          1936    9645929            110             77      -33       -4103               964
          1937    1565447            110             74      -36       -5031              1121
          1938    4090133            110            108       -2         541               451
          1939   13115475            110             77      -33       -4097               605
          1940    1258328            110             79      -31       -3556               550
          1941   13551084            110            110        0         671               655
          1942    3735480            110             83      -27       -2561               352
          1943   10106689            110            152       42        1693               608
          1944    9891657            110             95      -15        -546               732
          1945   12873710            110             76      -34       -4426               852
          1946     673598            110            109       -1         610               448
          1947    8404842            110             79      -31       -3482              1038
          1948    2307855            110             88      -22       -1609               780
          1949   10743901            110             82      -28       -2713               522
          1950     122180            110            111        1         724               398
          1951    8122176            110             52      -58      -21522              1842
          1952    8810062            110             73      -37       -5446               397
          1953   12371272            110            145       35        1649               236
          1954   10595216            110            115        5         914               451
          1955   13073897            110            115        5         916               480
          1956    7615243            110             94      -16        -662               531
          1957     466100            110            104       -6         303               553
          1958     234845            110            126       16        1298               404
          1959   12822183            110             84      -26       -2317               742
          1960   13641787            110             79      -31       -3492               752
          1961    3687995            110             81      -29       -2991               514
          1962     941207            110             79      -31       -3518               918
          1963     128322            110            104       -6         298               721
          1964    5497417            110             87      -23       -1735               421
          1965      93802            110             83      -27       -2616               388
          1966    1380250            110             85      -25       -2136               712
          1967    2180320            110             73      -37       -5496               654
          1968     433320            110             93      -17        -816               518
          1969    6192905            110             74      -36       -5051               479
          1970     577828            110             72      -38       -5935               528
          1971    5371643            110             84      -26       -2350               628
          1972   11883666            110            101       -9          99               248
          1973    6089991            110             94      -16        -600               368
          1974    5708531            110            110        0         722               209
          1975   10786546            110             88      -22       -1569               490
          1976   11547762            110             83      -27       -2546               437
          1977     136718            110             83      -27       -2469               480
          1978    7963785            110            105       -5         379               529
          1979   11228022            110             85      -25       -2167               769
          1980   11658966            110             92      -18        -927               233
          1981    8900964            110             94      -16        -626               406
          1982    8738406            110            117        7        1014               364
          1983    8906453            110            109       -1         662               578
          1984   10164616            110            117        7        1037               315
          1985   13085077            110             94      -16        -606               340
          1986    7138518            110             94      -16        -665               441
          1987    6244426            110             92      -18        -945               376
          1988    3672757            110            107       -3         508               327
          1989    7123888            110             78      -32       -3856               417
          1990   11304027            110             89      -21       -1450               437
          1991     105674            110            100      -10         -23               434
          1992    9532224            110             96      -14        -405               587
          1993   12769542            110             97      -13        -307               472
          1994    6318313            110             85      -25       -2116               466
          1995    8567215            110             73      -37       -5565               610
          1996   12366688            110            108       -2         584               418
          1997    1851105            110            121       11        1171               389
          1998    5761168            110            113        3         870               429
          1999    3021339            109             91      -18        -954               402
          2000    9906427            109             85      -24       -2016               305
          2001    1576763            109             70      -39       -6561              1036
          2002    8514283            109             97      -12        -246               957
          2003    5621423            109             98      -11        -152               289
          2004   11489712            109             76      -33       -4299              1282
          2005    6333338            109            124       15        1300               642
          2006    1883148            109            104       -5         335              1092
          2007    2969748            109            104       -5         374               344
          2008    6067884            109             85      -24       -2004               322
          2009    3184537            109             85      -24       -2005               261
          2010   11763714            109             79      -30       -3407               525
          2011    3971905            109             86      -23       -1832               532
          2012    3427979            109             85      -24       -2114               320
          2013    5361052            109             99      -10         -24               447
          2014    8088751            109             75      -34       -4614               859
          2015    8536712            109             95      -14        -448              1470
          2016    6156420            109             71      -38       -6250               735
          2017    7281494            109            113        4         915               469
          2018    3818812            109            101       -8         125               482
          2019    5164890            109             79      -30       -3440               951
          2020    5290874            109             79      -30       -3436               581
          2021    5992815            109             92      -17        -835               300
          2022    8548648            109             77      -32       -3973              1101
          2023    2037852            109             93      -16        -686               507
          2024    9184229            109             86      -23       -1823               332
          2025   12633616            109             76      -33       -4322               374
          2026    9568129            109             75      -34       -4520               624
          2027    8428368            109             94      -15        -577               600
          2028    3150249            109            101       -8         149               423
          2029    3000435            109            104       -5         344               722
          2030   13312502            109             81      -28       -2962               367
          2031    9075753            109             96      -13        -322               432
          2032    9261081            109             75      -34       -4625               538
          2033    7257387            109             72      -37       -5852               859
          2034    3943923            109             80      -29       -3188               338
          2035    4320906            109            116        7        1028               733
          2036    6426834            109             91      -18        -985               208
          2037   11331485            109             75      -34       -4614               785
          2038   10818838            109             77      -32       -4013               833
          2039    9388660            109             95      -14        -417               235
          2040    9730179            109            133       24        1559               852
          2041    6915518            109             80      -29       -3145               905
          2042    8622748            109             82      -27       -2654               679
          2043     132963            109            108       -1         655               410
          2044   10284757            109             89      -20       -1358               524
          2045    9940590            109             78      -31       -3702               986
          2046   11248393            109             85      -24       -2083               800
          2047   12133892            109            128       19        1453               457
          2048    7108803            109             90      -19       -1169               780
          2049     431104            109            100       -9          63               737
          2050    4558491            109            103       -6         300               634
          2051    3191335            109             90      -19       -1096               484
          2052   12316518            109             73      -36       -5483               674
          2053    9661091            109             69      -40       -7157               842
          2054    9552234            109            111        2         825               458
          2055    4960270            109             74      -35       -5041               599
          2056    7303203            109             85      -24       -2067               444
          2057    5667316            109             86      -23       -1764               362
          2058    6231180            109             78      -31       -3744               423
          2059   10685003            109             99      -10         -21               388
          2060   10194827            109             78      -31       -3586               555
          2061    8397322            109             86      -23       -1877               588
          2062    2501729            109             80      -29       -3214               684
          2063     321062            109             90      -19       -1123               232
          2064    2968853            109             84      -25       -2256               640
          2065    3350148            109             69      -40       -7136               676
          2066    9772894            109             85      -24       -2047               346
          2067    1651384            109             74      -35       -4947               412
          2068    6520196            109             93      -16        -687               402
          2069   10269508            109             92      -17        -848               624
          2070    5115845            109             85      -24       -2015               545
          2071    4916561            109            124       15        1365               305
          2072    6828398            109             88      -21       -1521               269
          2073    4099084            109             75      -34       -4644               671
          2074    8144880            109            130       21        1526               281
          2075    5619938            109             67      -42       -8191               935
          2076    3874248            109             89      -20       -1332               749
          2077    4560631            109             72      -37       -5777               708
          2078    9699262            109            120       11        1218               532
          2079    1506850            109            104       -5         403               246
          2080    8372486            109             73      -36       -5369               530
          2081    4940890            109             93      -16        -648               289
          2082    7608237            109             92      -17        -742               307
          2083   12405417            109             80      -29       -3235               436
          2084    5962226            109             81      -28       -2955               537
          2085    1128747            109             77      -32       -4028               433
          2086    1878772            109             87      -22       -1669               493
          2087    9843933            109            111        2         905               359
          2088   12951613            109             92      -17        -840               465
          2089   11829305            109            130       21        1532               344
          2090    5178378            109            105       -4         464               374
          2091    3967787            109             78      -31       -3810               419
          2092    3512564            108             99       -9          67               636
          2093    3619486            108            132       24        1602               349
          2094    1010172            108             91      -17        -868               218
          2095    8148855            108             90      -18       -1022               690
          2096    6737540            108             97      -11        -113               229
          2097   13003340            108             81      -27       -2780               315
          2098    3427361            108            107       -1         655               506
          2099    9373608            108            119       11        1227               551
          2100    8859900            108             80      -28       -3083               533
          2101    2064245            108             87      -21       -1585               517
          2102    6202500            108             83      -25       -2342              1936
          2103    1871735            108             87      -21       -1574               539
          2104   10178877            108            104       -4         462               203
          2105   10913941            108             93      -15        -576               181
          2106     721865            108             83      -25       -2335               722
          2107    4077871            108             84      -24       -2183               273
          2108    1812522            108            111        3         914               481
          2109    9666272            108            108        0         725              1469
          2110   11158708            108             69      -39       -6965              1202
          2111    9680195            108             95      -13        -330               488
          2112    6940732            108            105       -3         551               244
          2113     208653            108            105       -3         524              1963
          2114    6079208            108            113        5         999               422
          2115    9279980            108             82      -26       -2533               356
          2116    1304139            108             72      -36       -5720              1196
          2117    1928561            108             98      -10         -61               700
          2118    4786177            108             76      -32       -4198               449
          2119    8066939            108             79      -29       -3304              1120
          2120    1545323            108             84      -24       -2160               628
          2121   10254107            108             76      -32       -4211               801
          2122    6587146            108             88      -20       -1376               209
          2123    1921709            108             86      -22       -1814               601
          2124    3790896            108             96      -12        -183               283
          2125    6159451            108             97      -11         -94               329
          2126     825802            108            102       -6         311               427
          2127   13099206            108             73      -35       -5316               689
          2128    2853524            108             87      -21       -1572               670
          2129   11146802            108             76      -32       -4173               557
          2130    6645061            108             87      -21       -1597               507
          2131   13218611            108            148       40        1850               517
          2132     540385            108             82      -26       -2503               715
          2133    1862719            108             82      -26       -2534               790
          2134    9456289            108             75      -33       -4544               772
          2135    6080464            108             80      -28       -3024               309
          2136    2842523            108             97      -11        -104               528
          2137    1566613            108             77      -31       -3890               460
          2138    8608254            108             98      -10         -52               404
          2139    6759306            108             99       -9          66               270
          2140    7634240            108             86      -22       -1720               376
          2141      37390            108             80      -28       -3077               738
          2142    5552453            108             83      -25       -2306               611
          2143    1210638            108             96      -12        -241               555
          2144    5663114            108            110        2         889               451
          2145    5753118            108             96      -12        -217               694
          2146    3317346            108            107       -1         699               256
          2147   10276004            108             80      -28       -3066               358
          2148     523461            108             74      -34       -4955               681
          2149    5023413            108             90      -18       -1018               376
          2150   11263617            108            135       27        1696               810
          2151    6348456            108             74      -34       -4938               518
          2152    4762640            108            109        1         850               290
          2153    2575485            108             90      -18       -1059               602
          2154   11171974            108             84      -24       -2172               588
          2155    5968510            108             71      -37       -6067               810
          2156     295086            108             76      -32       -4255               844
          2157   10858307            108             83      -25       -2394               600
          2158    8037295            108             87      -21       -1603               485
          2159    3386612            108            163       55        1991               427
          2160   11929314            108             64      -44       -9965               880
          2161    5298658            108             67      -41       -8238               485
          2162   12885694            108            108        0         780               445
          2163   10255244            108            107       -1         704               526
          2164    8204061            108             88      -20       -1408               391
          2165    1016331            108            106       -2         636               352
          2166   10756777            108             76      -32       -4236               343
          2167    4861184            108             85      -23       -1999               681
          2168    2312617            108            124       16        1471               401
          2169    3894480            108            131       23        1641               676
          2170   11625011            108             70      -38       -6522               332
          2171    9717941            108             89      -19       -1116               264
          2172    8710222            108             98      -10         -22               616
          2173     211825            108            108        0         784               434
          2174    7554019            108            100       -8         165               429
          2175   13605710            108             85      -23       -1976               491
          2176    7550233            108             87      -21       -1607               532
          2177     402439            108             84      -24       -2169               495
          2178    8250967            108             83      -25       -2402               630
          2179    4229137            108            101       -7         245               639
          2180   12227083            108             80      -28       -3167               672
          2181    2156423            108            105       -3         575               581
          2182    9740400            108             82      -26       -2600               573
          2183   11874318            108             88      -20       -1427               483
          2184    7052535            108             83      -25       -2324               554
          2185    1600435            108            109        1         860               508
          2186    9782324            108             86      -22       -1795               330
          2187   13404983            108             76      -32       -4274               464
          2188    9501056            108             78      -30       -3574               654
          2189     524719            108             76      -32       -4207               508
          2190    2479117            108            105       -3         568               460
          2191    5869212            108             84      -24       -2137               434
          2192    9610616            108             90      -18       -1006               464
          2193     917529            108             81      -27       -2831               440
          2194     624166            108             58      -50      -14806               482
          2195    5910000            108            148       40        1911               467
          2196    5561137            108            108        0         806               308
          2197    6882059            108             94      -14        -424               350
          2198   12452979            107             85      -22       -1808               459
          2199    4074269            107             84      -23       -2011              1055
          2200   13605967            107             94      -13        -344               580
          2201    6529378            107             91      -16        -769               441
          2202   10679649            107             98       -9          73               963
          2203   13422994            107            139       32        1826               299
          2204    9691913            107             90      -17        -898               432
          2205   12045015            107             86      -21       -1610               466
          2206    1839219            107             85      -22       -1818               441
          2207    6588481            107             82      -25       -2459               444
          2208    1668662            107             88      -19       -1239               468
          2209   10214769            107             86      -21       -1600               250
          2210    4439305            107            113        6        1102               336
          2211    3074090            107             76      -31       -4068               620
          2212   10222202            107             76      -31       -4077               781
          2213     722753            107             82      -25       -2470               315
          2214    1845427            107             71      -36       -5957               857
          2215    3891594            107             80      -27       -2928               434
          2216     571692            107             74      -33       -4775              1200
          2217   10558830            107            101       -6         328               328
          2218   11702138            107             92      -15        -611               488
          2219    3479707            107             87      -20       -1493               465
          2220    6966947            107             74      -33       -4714               569
          2221   13622606            107             94      -13        -388               833
          2222    4996520            107             78      -29       -3491               690
          2223    9578602            107             89      -18       -1067               243
          2224     179309            107             68      -39       -7305               868
          2225    1226272            107             89      -18       -1100               294
          2226   11771794            107             78      -29       -3486               645
          2227   12638808            107            106       -1         724               236
          2228    1491810            107             90      -17        -924               597
          2229   10927751            107             74      -33       -4740               743
          2230    1425331            107            100       -7         241               411
          2231    3934940            107             84      -23       -2025               468
          2232    4034823            107             78      -29       -3505               681
          2233    2510963            107             83      -24       -2227               372
          2234    5436206            107             83      -24       -2225               235
          2235    2498569            107             75      -32       -4414               860
          2236    8437906            107             85      -22       -1863               570
          2237     268184            107             79      -28       -3181               723
          2238   11478884            107            114        7        1181               444
          2239    4079644            107             91      -16        -757               343
          2240    4490600            107             96      -11         -84               277
          2241    3866754            107             89      -18       -1063               458
          2242    2689380            107             70      -37       -6395               550
          2243    7972054            107             95      -12        -257               989
          2244    5407431            107             78      -29       -3477               903
          2245    9057816            107             75      -32       -4453               479
          2246    8098629            107             92      -15        -624               472
          2247    4459073            107             72      -35       -5559               993
          2248   13266352            107             96      -11         -84               556
          2249    8040996            107             82      -25       -2470               627
          2250       2053            107             78      -29       -3472               457
          2251    6477906            107             82      -25       -2427               628
          2252   13689428            107             78      -29       -3549               431
          2253    4121993            107            100       -7         253               241
          2254   10674288            107             84      -23       -1977               717
          2255      11206            107             80      -27       -2982               516
          2256    1660001            107            102       -5         395               649
          2257    9500176            107             88      -19       -1232               334
          2258    5152488            107             89      -18       -1103               491
          2259    6238844            107             99       -8         221               283
          2260   10534734            107             85      -22       -1835               433
          2261    5588199            107             90      -17        -895               551
          2262    1760762            107             90      -17        -934               594
          2263    3370957            107             71      -36       -5947              1077
          2264   10124805            107             70      -37       -6440               722
          2265    5229641            107             79      -28       -3211               648
          2266    2349671            107            139       32        1887               532
          2267    2042830            107            103       -4         540               365
          2268    9406011            107             84      -23       -1990               566
          2269    7097984            107             90      -17        -876               228
          2270   10924615            107            134       27        1807               644
          2271    6552450            107             90      -17        -948               677
          2272    3389889            107             85      -22       -1832               606
          2273    2922097            107             96      -11        -105               455
          2274   10113875            107             82      -25       -2426               604
          2275    3633943            107             97      -10          -5               245
          2276   10023840            107             93      -14        -457               571
          2277   10416247            107             87      -20       -1465               489
          2278    2847955            107            102       -5         446               542
          2279    4645661            107            110        3        1016               389
          2280    6518328            107            103       -4         532               240
          2281   13352176            107             87      -20       -1441               818
          2282    5306934            107             72      -35       -5632               770
          2283    7610463            107            143       36        1941               820
          2284   10164231            107            100       -7         280               430
          2285    6884926            107             86      -21       -1635               846
          2286    4570466            107             89      -18       -1043               448
          2287    5817947            107             77      -30       -3854               697
          2288    4989368            107             85      -22       -1862               791
          2289   10025533            107             95      -12        -212               779
          2290    6585709            107            108        1         907               683
          2291    6581458            107             76      -31       -4146               722
          2292   13028463            107             79      -28       -3193               289
          2293   11195780            107             85      -22       -1862               389
          2294    3094887            107             89      -18       -1094               517
          2295     522298            107             80      -27       -2990               629
          2296    8572190            107             87      -20       -1483               453
          2297    9920597            107             84      -23       -2028               702
          2298    5028307            107             90      -17        -924               501
          2299   12474854            107            111        4        1095               257
          2300    2575469            107             97      -10          40               317
          2301    7536486            107            102       -5         467               577
          2302    8786433            107             85      -22       -1851               503
          2303    9521222            107             82      -25       -2436               290
          2304     757108            107             86      -21       -1585               336
          2305   10744173            107             99       -8         226               414
          2306    3552115            107             71      -36       -6063               437
          2307   11880178            107            123       16        1539               427
          2308    3289744            107             87      -20       -1420               413
          2309    4310566            107             96      -11         -74               538
          2310   10123685            107             79      -28       -3247               568
          2311    8206618            107            123       16        1551               372
          2312    4049195            107             83      -24       -2218               567
          2313    7965064            107             79      -28       -3240               344
          2314    3212319            107             92      -15        -585               780
          2315   13045751            107            110        3        1046               271
          2316    2773860            107             89      -18       -1069               286
          2317   10260977            107             71      -36       -6120               601
          2318    8230537            107            112        5        1165               350
          2319   12833812            107             91      -16        -754               496
          2320    8884200            107             95      -12        -198               305
          2321    4104894            107             87      -20       -1449               696
          2322    9187276            107            129       22        1755               431
          2323    3112189            107            118       11        1415               437
          2324   12610223            107             90      -17        -884               379
          2325   13278669            107             79      -28       -3230               690
          2326    8571644            107             88      -19       -1254               305
          2327   10863285            107             90      -17        -863               464
          2328    6576376            107             84      -23       -1970               493
          2329    6177574            107            122       15        1550               321
          2330    4376798            107             73      -34       -5275               421
          2331   10799859            107             87      -20       -1457               298
          2332   11313138            107             77      -30       -3860               427
          2333   13540197            107            122       15        1548               407
          2334    3811287            107            110        3        1053               479
          2335    8351052            107            115        8        1288               444
          2336    1251647            107             96      -11         -73               308
          2337    3805509            106             97       -9         125               348
          2338   10432536            106             88      -18       -1129               475
          2339   11432786            106            108        2         992               445
          2340   11776031            106             87      -19       -1284               660
          2341    1599074            106             86      -20       -1461               781
          2342   10462008            106             86      -20       -1482               476
          2343    7796651            106             91      -15        -639               327
          2344    4602470            106             82      -24       -2275               280
          2345    1959842            106             87      -19       -1335               648
          2346    7824186            106             89      -17        -969               950
          2347    6444856            106            124       18        1643               482
          2348    1206884            106             91      -15        -661               739
          2349   11302153            106             87      -19       -1348               805
          2350    2900445            106             97       -9         114               617
          2351    3695482            106             83      -23       -2120               530
          2352    6840331            106             92      -14        -509               563
          2353    1325045            106            111        5        1155               899
          2354    1134597            106             90      -16        -833               480
          2355    2665454            106             79      -27       -3051               737
          2356     678244            106            110        4        1099               703
          2357    1270554            106             88      -18       -1104               305
          2358   12407182            106             97       -9          86               702
          2359    4985164            106            108        2        1001               346
          2360   12754312            106             70      -36       -6217              1463
          2361    1227317            106             87      -19       -1344               927
          2362   13479191            106             71      -35       -5969               638
          2363   11212834            106             75      -31       -4308               534
          2364   11536517            106             87      -19       -1299               217
          2365     659503            106             80      -26       -2792               700
          2366    8221067            106            111        5        1185               603
          2367     630263            106             82      -24       -2359               419
          2368   10473216            106            110        4        1089               656
          2369    1031772            106             65      -41       -8979              1017
          2370    9186457            106             87      -19       -1313               286
          2371     359707            106             73      -33       -4996               494
          2372    8079200            106            116       10        1368               825
          2373    9231929            106             95      -11        -140               451
          2374   10317474            106             79      -27       -3057               424
          2375   12628099            106             84      -22       -1928               579
          2376   10710734            106             90      -16        -717               237
          2377    1826125            106             83      -23       -2125              1428
          2378    5789845            106             78      -28       -3341               499
          2379    4046362            106             99       -7         323               369
          2380    2972362            106             81      -25       -2568               776
          2381    4939325            106            102       -4         532               961
          2382    5835663            106            102       -4         540               378
          2383    9259927            106             87      -19       -1389               497
          2384    6535195            106             96      -10          33               695
          2385   13340153            106             88      -18       -1166               455
          2386    2549091            106             83      -23       -2127               844
          2387    2709708            106             82      -24       -2374               400
          2388    9086539            106             73      -33       -5073               437
          2389   11826693            106             73      -33       -4976               467
          2390    2659799            106            105       -1         783               870
          2391    2366742            106             93      -13        -313               513
          2392   10906951            106            127       21        1756               248
          2393   10035984            106             90      -16        -733               245
          2394     206809            106             85      -21       -1698               358
          2395    6177904            106            125       19        1710               201
          2396    4455157            106             74      -32       -4668               596
          2397     707605            106            110        4        1115               618
          2398    7397459            106             75      -31       -4298               547
          2399    8451385            106             95      -11         -69               203
          2400   10021664            106             86      -20       -1491               858
          2401    1549978            106            108        2        1045               291
          2402     917704            106             92      -14        -504               738
          2403   13560534            106             80      -26       -2720               233
          2404    3013092            106             60      -46      -12545               769
          2405   12266001            106             80      -26       -2907               461
          2406   12440339            106             70      -36       -6355               398
          2407    6811273            106             81      -25       -2587               392
          2408    2811750            106             70      -36       -6437               618
          2409    6480635            106             86      -20       -1560               421
          2410    6613808            106             68      -38       -7385               374
          2411    5858326            106            100       -6         398               526
          2412   11506127            106             80      -26       -2822               693
          2413    3866553            106            104       -2         720               284
          2414    8125593            106             89      -17       -1009               560
          2415    9223924            106             70      -36       -6261               348
          2416    6868623            106             98       -8         223               567
          2417    9372956            106            103       -3         658               430
          2418   13333602            106            122       16        1623               399
          2419   10996844            106             66      -40       -8465               662
          2420    7250107            106             89      -17        -980               701
          2421    6835383            106             71      -35       -5873               589
          2422    2543816            106            108        2        1030               514
          2423    6161768            106            119       13        1549               332
          2424    5555224            106             96      -10          36               236
          2425    8806111            106            114        8        1334               278
          2426   11953061            106             92      -14        -410               442
          2427    4032102            106            117       11        1481               274
          2428   10755104            106            106        0         883               319
          2429    2837862            106            149       43        2151               370
          2430   12713190            106             90      -16        -817               353
          2431    8430349            106             98       -8         244               432
          2432    7413691            106            162       56        2261               528
          2433    4478205            106             69      -37       -6840               453
          2434    5114462            106             94      -12        -183               343
          2435    9520188            106             78      -28       -3370               415
          2436   13226768            106             77      -29       -3748               331
          2437     993015            106             77      -29       -3750               457
          2438    8839226            106            101       -5         502               213
          2439    1600919            106             89      -17        -929               250
          2440   10081910            106             98       -8         322               290
          2441    8589519            106             76      -30       -4014               257
          2442    7999124            105            102       -3         657               285
          2443    3916837            105            108        3        1089               317
          2444   12925190            105             85      -20       -1571               292
          2445    1585689            105             80      -25       -2635               489
          2446    2596823            105             76      -29       -3778               300
          2447   13328302            105            102       -3         647               358
          2448    5050636            105             96       -9         113               520
          2449    3425304            105             83      -22       -1976               677
          2450    3417344            105             77      -28       -3506               843
          2451    2644742            105             98       -7         336               223
          2452   13497513            105            101       -4         568               780
          2453    7636576            105             77      -28       -3508               548
          2454    9660144            105             88      -17       -1057              1323
          2455    4505483            105             97       -8         239               231
          2456     642816            105             70      -35       -6193               360
          2457    6032880            105             83      -22       -1944               571
          2458    9495127            105            101       -4         553               447
          2459    9136956            105             85      -20       -1590               641
          2460    6248168            105             94      -11        -132              1424
          2461    9941707            105             80      -25       -2690               676
          2462    3377198            105             85      -20       -1575               787
          2463     229119            105            107        2        1035               211
          2464    9225884            105             78      -27       -3231               300
          2465   12383660            105             82      -23       -2242               969
          2466   12910661            105             83      -22       -1972               434
          2467   10598603            105             75      -30       -4217               585
          2468     320140            105             86      -19       -1344               468
          2469    1025984            105             81      -24       -2442               481
          2470    1791635            105            115       10        1426               605
          2471   12035582            105             70      -35       -6111               689
          2472    6845127            105             84      -21       -1800               592
          2473    9784822            105             80      -25       -2673               477
          2474    2832928            105             92      -13        -427               591
          2475    5664514            105            116       11        1485               439
          2476    5726971            105             95      -10          16               504
          2477      60448            105             91      -14        -525               754
          2478    3529184            105             74      -31       -4540               336
          2479    6967691            105             79      -26       -3036               587
          2480   12348109            105             92      -13        -370               877
          2481     839875            105             68      -37       -7105               896
          2482    6893816            105             76      -29       -3831               988
          2483   10891318            105             65      -40       -8818               561
          2484    3936139            105             89      -16        -805               334
          2485    3905524            105             85      -20       -1590               535
          2486    9498324            105             78      -27       -3254               517
          2487   13019973            105             87      -18       -1234               654
          2488   10583442            105             89      -16        -895               303
          2489    7954772            105             87      -18       -1243               245
          2490    2183456            105             69      -36       -6650               608
          2491   12325690            105             80      -25       -2677               503
          2492    1236422            105             84      -21       -1758               548
          2493    9764634            105             90      -15        -698               541
          2494   12323321            105             71      -34       -5749               719
          2495    7811842            105             64      -41       -9486               884
          2496   12597237            105             88      -17       -1069               744
          2497    1705418            105             96       -9         134               758
          2498    9139101            105             97       -8         222               688
          2499    2262947            105             64      -41       -9439               930
          2500    8499104            105             81      -24       -2461               562
          2501    5626225            105             83      -22       -1962               559
          2502       4299            105             80      -25       -2707               343
          2503   10706675            105             84      -21       -1751               343
          2504    8053939            105             75      -30       -4157               731
          2505    9788446            105             91      -14        -523               763
          2506     265346            105             80      -25       -2761               571
          2507    9754574            105             85      -20       -1573               563
          2508   13203062            105            127       22        1890               265
          2509    5416035            105             82      -23       -2184               517
          2510    3777107            105             67      -38       -7681               632
          2511    8320609            105             80      -25       -2682               387
          2512     578935            105             85      -20       -1570               909
          2513    1866018            105             67      -38       -7629               788
          2514    2307067            105             77      -28       -3574               496
          2515    7879253            105             79      -26       -2991               923
          2516      92776            105             77      -28       -3612               927
          2517    3816806            105             73      -32       -4921               511
          2518   10450321            105            105        0         927               973
          2519    5879390            105             80      -25       -2709               793
          2520     593164            105            200       95        2476               410
          2521    1253089            105             63      -42      -10154               733
          2522   10287475            105             81      -24       -2416               383
          2523   12351031            105             78      -27       -3335               295
          2524    6572712            105            104       -1         842               586
          2525   12805962            105             83      -22       -2028               809
          2526    3468172            105             88      -17        -997               328
          2527   10595615            105             74      -31       -4395               881
          2528    2184386            105             88      -17       -1007               805
          2529    1678590            105             77      -28       -3556               375
          2530    4121218            105             87      -18       -1210               409
          2531    3924318            105             77      -28       -3518               437
          2532   13681318            105            101       -4         618               423
          2533    3181173            105            104       -1         842               371
          2534    6533847            105             89      -16        -863               639
          2535    5249037            105             87      -18       -1182               345
          2536    4803751            105            109        4        1205               557
          2537    6052543            105             86      -19       -1378               581
          2538   10490493            105            111        6        1354               319
          2539    2983226            105             82      -23       -2224               486
          2540    3209347            105            102       -3         702               457
          2541   11140618            105             77      -28       -3534               575
          2542   12020144            105            160       55        2360               373
          2543    2557349            105             82      -23       -2205               387
          2544    9680630            105            105        0         974               471
          2545   10896602            105             77      -28       -3603               637
          2546   13143491            105             94      -11         -82               578
          2547    9312027            105            128       23        1954               324
          2548    5005712            105             91      -14        -482               210
          2549     929202            105            102       -3         695               509
          2550    2970081            105            143       38        2211               318
          2551    2041541            105             71      -34       -5738               678
          2552    6018686            105            149       44        2275               588
          2553    2014286            105             89      -16        -839               464
          2554   10595716            105            108        3        1178               294
          2555   13522362            105             98       -7         409               405
          2556   13287544            105             64      -41       -9553               505
          2557    8658988            105             89      -16        -781               374
          2558    7736469            105             76      -29       -3847               779
          2559      42530            105             74      -31       -4627               496
          2560   10430553            105            111        6        1350               448
          2561    6874860            105             90      -15        -659               283
          2562    3307610            105             89      -16        -839               440
          2563    6560061            105            103       -2         785               582
          2564    5157772            105             92      -13        -366               272
          2565    9865689            105             74      -31       -4632               474
          2566   11124880            105             82      -23       -2245               447
          2567   10123886            105             92      -13        -360               567
          2568    2586463            105            120       15        1726               493
          2569   12564018            105             87      -18       -1191               312
          2570   12537745            105             80      -25       -2734               510
          2571    8767622            105             75      -30       -4177               545
          2572   10553857            105             97       -8         274               303
          2573    7203433            105             67      -38       -7849               540
          2574    7620923            105             72      -33       -5408               397
          2575    3256186            105             82      -23       -2253               427
          2576    1118834            105            118       13        1649               334
          2577    4904550            105             97       -8         276               494
          2578   10726818            104             81      -23       -2267               185
          2579    9521438            104            111        7        1404               873
          2580   13219903            104            107        3        1129               750
          2581    3576139            104             84      -20       -1631               321
          2582    3157035            104            106        2        1092               235
          2583    7474226            104             77      -27       -3379               425
          2584    5506759            104             85      -19       -1447               230
          2585    4874089            104             82      -22       -2052               697
          2586    5093451            104             82      -22       -2064               377
          2587    5020544            104             79      -25       -2814               251
          2588    2088500            104            103       -1         872               413
          2589    3784403            104             78      -26       -3077               631
          2590   10807723            104            111        7        1420               166
          2591     535058            104             78      -26       -3079               597
          2592    9402073            104             92      -12        -213               222
          2593    1102549            104             82      -22       -2124               555
          2594    3246202            104             93      -11        -114               322
          2595   12556212            104             89      -15        -676               225
          2596    2441186            104             80      -24       -2614               308
          2597    6535447            104             99       -5         545               334
          2598   11494037            104            108        4        1248               199
          2599   10130510            104             77      -27       -3404              1043
          2600   11553779            104             78      -26       -3085               515
          2601   13491667            104             95       -9         124               619
          2602    8715496            104             67      -37       -7486              1022
          2603   11561559            104             81      -23       -2262               164
          2604   13283897            104             72      -32       -5180               554
          2605    9884864            104             73      -31       -4730               432
          2606    7785396            104             79      -25       -2889               368
          2607    7401899            104             71      -33       -5625               547
          2608     161574            104            105        1        1011               351
          2609    4147486            104             78      -26       -3106               593
          2610    6855394            104             68      -36       -6955              1196
          2611    9266478            104             86      -18       -1368               345
          2612     120783            104             64      -40       -9271               976
          2613    8481546            104             71      -33       -5564              1276
          2614   13551621            104            133       29        2137               439
          2615    3151279            104            123       19        1884               310
          2616   12747657            104             92      -12        -225               356
          2617    9439827            104             82      -22       -2119               769
          2618    1124555            104            108        4        1217               494
          2619     149264            104             92      -12        -203               434
          2620    9312667            104             97       -7         325               421
          2621   12166786            104             86      -18       -1265               282
          2622   10079340            104            106        2        1069               420
          2623    4075729            104             90      -14        -488               297
          2624     503729            104            103       -1         888               242
          2625    7669922            104            110        6        1388               262
          2626    5040158            104             85      -19       -1434               700
          2627    5199619            104            133       29        2147               387
          2628    1814339            104            103       -1         908               340
          2629    8176646            104             68      -36       -7038              1450
          2630   10012750            104             82      -22       -2108               872
          2631    8686688            104             78      -26       -3121               987
          2632    6599635            104            125       21        1954               251
          2633    4890493            104             72      -32       -5155               641
          2634    5170220            104             86      -18       -1207               304
          2635     797712            104             80      -24       -2656               540
          2636    8788960            104             90      -14        -524               278
          2637    7611830            104             96       -8         265               309
          2638     214798            104            101       -3         711               949
          2639    5029507            104             95       -9         160               365
          2640     646595            104            126       22        1989               436
          2641    5178264            104             82      -22       -2087               502
          2642    8642795            104             74      -30       -4453               410
          2643    7221904            104             76      -28       -3765               606
          2644    6641929            104            118       14        1740               328
          2645    5068095            104             76      -28       -3752               717
          2646    3415297            104             96       -8         316               320
          2647     690625            104             81      -23       -2304               678
          2648    9330194            104             81      -23       -2349               638
          2649    9681664            104             88      -16        -897               667
          2650    5732795            104             83      -21       -1866               447
          2651    4203980            104            107        3        1170               651
          2652   13108760            104             90      -14        -541               410
          2653    6200972            104             94      -10          66               413
          2654    3577306            104             78      -26       -3114               489
          2655    4389456            104             83      -21       -1872               622
          2656    7672097            104            122       18        1881               247
          2657   10148837            104             87      -17       -1079               427
          2658    1583092            104             75      -29       -4089               492
          2659   12496830            104             83      -21       -1866               528
          2660    9040376            104             84      -20       -1636               364
          2661   10929172            104             83      -21       -1879               365
          2662    5133357            104            104        0         963               300
          2663    9985480            104             92      -12        -250               478
          2664   13445579            104            125       21        1971               772
          2665    4158340            104            100       -4         644               491
          2666   10014329            104             70      -34       -6182               500
          2667    7818823            104             81      -23       -2353               729
          2668   12338047            104             70      -34       -6111               741
          2669    1430298            104             74      -30       -4442               768
          2670     859106            104             95       -9         174               379
          2671   12498069            104            117       13        1716               366
          2672   10499255            104             83      -21       -1901               621
          2673    2395085            104             96       -8         277               457
          2674    3492120            104             92      -12        -215               448
          2675   12050691            104            100       -4         678               397
          2676    5469562            104             95       -9         210               397
          2677    3445714            104             88      -16        -836               286
          2678   13357800            104            153       49        2443               412
          2679    9910771            104             89      -15        -753               463
          2680    1177605            104            115       11        1638               482
          2681   11208080            104             81      -23       -2321               333
          2682    2025405            104             78      -26       -3172               785
          2683    8393729            104             90      -14        -535               290
          2684    5219065            104            103       -1         905               508
          2685    6107101            104            106        2        1128               380
          2686    6696155            104             77      -27       -3488               327
          2687    4710649            104             81      -23       -2370               536
          2688   11403002            104             90      -14        -517               267
          2689   11756626            104            110        6        1418               295
          2690    7069928            104             91      -13        -389               446
          2691   11404998            104             80      -24       -2649               230
          2692    9070421            104             92      -12        -241               389
          2693      66398            104            115       11        1645               365
          2694    4007479            104             87      -17       -1058               301
          2695   10170086            103             80      -23       -2388               185
          2696     830084            103             84      -19       -1508               907
          2697    8885239            103             76      -27       -3543               647
          2698   11288479            103             80      -23       -2376               197
          2699    4881377            103             73      -30       -4614               978
          2700    9506218            103             76      -27       -3570               178
          2701   12837598            103             76      -27       -3567               540
          2702   12944103            103             69      -34       -6375              1075
          2703    9912816            103             97       -6         442              1400
          2704    8845423            103             83      -20       -1689               270
          2705    1648265            103             77      -26       -3240               366
          2706   13716054            103             93      -10          31               445
          2707    1024539            103             76      -27       -3618               420
          2708    3752530            103             81      -22       -2170               293
          2709   10605544            103             80      -23       -2466               611
          2710    1824001            103             85      -18       -1322               538
          2711   11538531            103             72      -31       -4968               297
          2712   13055028            103             84      -19       -1551               901
          2713    6227227            103             72      -31       -5057               321
          2714    8119530            103             97       -6         496               437
          2715    6623949            103             91      -12        -270               219
          2716     274746            103             98       -5         569               342
          2717     513832            103             87      -16        -925               408
          2718     675824            103             82      -21       -1936               396
          2719    6333914            103             67      -36       -7376              1649
          2720   13455379            103             73      -30       -4640               947
          2721    2469481            103             99       -4         687               429
          2722    5342348            103             93      -10         -17               501
          2723   11314671            103             74      -29       -4239               574
          2724   11581492            103             85      -18       -1346               597
          2725    8943975            103             75      -28       -3872               691
          2726    5918038            103             77      -26       -3354               624
          2727   11946806            103             71      -32       -5482               257
          2728    3850620            103             81      -22       -2229               506
          2729    4455632            103             78      -25       -2975               516
          2730    5225005            103             78      -25       -2987               347
          2731    7529945            103             79      -24       -2782               507
          2732    3875778            103             78      -25       -3014              1244
          2733    1860289            103             92      -11         -84               450
          2734    4457566            103             80      -23       -2558               592
          2735    1871828            103             64      -39       -9115              1148
          2736    7523288            103            100       -3         789               408
          2737   12257498            103             94       -9         131               372
          2738    2808610            103             91      -12        -320               773
          2739    7152408            103            121       18        1933               417
          2740    9274208            103             84      -19       -1527               502
          2741   12008409            103             90      -13        -418               583
          2742    7253393            103             72      -31       -5076              1243
          2743   12364714            103             90      -13        -382              1165
          2744     843948            103             67      -36       -7464               483
          2745    7794917            103            105        2        1179               234
          2746    3558570            103             87      -16        -948               380
          2747    8298487            103             92      -11        -141               291
          2748   11913436            103             67      -36       -7562              1130
          2749    3080438            103             93      -10          76               317
          2750    2539109            103             87      -16        -940               382
          2751   13655753            103             79      -24       -2737               752
          2752     886305            103             74      -29       -4211               733
          2753    7280215            103             72      -31       -5071               691
          2754   12246953            103             70      -33       -5924               404
          2755    7749873            103             83      -20       -1712               588
          2756     408294            103             61      -42      -11335               812
          2757    9080942            103            108        5        1395               351
          2758    7660934            103             75      -28       -3979               662
          2759    7284651            103             76      -27       -3578               493
          2760    5048535            103             87      -16        -929               440
          2761    3390361            103             64      -39       -9238               915
          2762    6901288            103             67      -36       -7600               714
          2763    9532280            103             76      -27       -3536               507
          2764    5534063            103            103        0         988               289
          2765    2092309            103             71      -32       -5411               560
          2766    6994221            103             90      -13        -444               535
          2767    8564620            103             62      -41      -10593               682
          2768    3025891            103             76      -27       -3582               429
          2769   11271845            103             81      -22       -2154               360
          2770    3362995            103             76      -27       -3647               322
          2771     326804            103             79      -24       -2739               569
          2772   13603382            103             77      -26       -3330               721
          2773    9528857            103             72      -31       -5137               586
          2774    5426515            103            102       -1         968               455
          2775    7760167            103             97       -6         497               300
          2776   12593556            103             90      -13        -386               191
          2777    6034150            103             86      -17       -1058               414
          2778   10284177            103             78      -25       -3088               560
          2779    8901018            103            126       23        2108               544
          2780   13416106            103             75      -28       -3850               684
          2781     555335            103             75      -28       -3916               444
          2782    9857928            103            131       28        2260               453
          2783    9092526            103             90      -13        -458               390
          2784    7083063            103            137       34        2362               634
          2785    9183368            103             67      -36       -7440               631
          2786    3191939            103             72      -31       -5131               598
          2787   12154309            103             96       -7         417               623
          2788    7076101            103             90      -13        -457               684
          2789     270711            103             82      -21       -1916               466
          2790    9231807            103             75      -28       -4007               497
          2791   11442864            103             67      -36       -7448               619
          2792    1178351            103             86      -17       -1182               523
          2793     935724            103            128       25        2187               356
          2794    8299537            103             88      -15        -711               412
          2795    4596120            103             79      -24       -2789               440
          2796    9763585            103             84      -19       -1547               339
          2797    9372277            103             79      -24       -2764               775
          2798   11000783            103             99       -4         733               324
          2799   12945756            103             75      -28       -3865               221
          2800    2770782            103             83      -20       -1706               338
          2801   10657958            103             93      -10          51               539
          2802    1045245            103            106        3        1279               557
          2803     571647            103            116       13        1801               442
          2804    9724470            103             72      -31       -5066               440
          2805    6117909            103             77      -26       -3258               378
          2806   12914697            103             65      -38       -8646               806
          2807    9489983            103            102       -1         962               480
          2808     118115            103             79      -24       -2709               435
          2809    8049858            103             81      -22       -2229               339
          2810    5967208            103            110        7        1545               377
          2811   12483324            103            134       31        2343               508
          2812     140706            103             65      -38       -8563               347
          2813   13290909            103            126       23        2147               535
          2814    4488355            103            146       43        2512               653
          2815    5922563            103             93      -10          71               377
          2816    1831643            103            132       29        2321               352
          2817     219296            103             77      -26       -3266               458
          2818    5673054            103            102       -1        1031               192
          2819    8467684            103             77      -26       -3332               332
          2820    8274196            103             91      -12        -251               327
          2821    3511643            103             85      -18       -1297               293
          2822    5194182            103             86      -17       -1130               511
          2823    3227543            103             74      -29       -4322               578
          2824    5144463            103             99       -4         756               334
          2825     353677            103             89      -14        -574               349
          2826    4918391            103             66      -37       -8151               492
          2827    2503126            103             84      -19       -1529               514
          2828   11228217            103             87      -16        -856               271
          2829    1720242            103             84      -19       -1513               265
          2830   12687809            103             82      -21       -2001               311
          2831    3991513            103             68      -35       -6900               515
          2832    1961328            103            100       -3         812               335
          2833    1697592            103            103        0        1105               300
          2834   11728665            103             85      -18       -1344               452
          2835   10851979            103             86      -17       -1143               274
          2836    5846055            103             74      -29       -4357               274
          2837    6115201            103            139       36        2443               262
          2838    4928048            102             80      -22       -2240               393
          2839    8178250            102            121       19        2036               236
          2840    5138167            102             77      -25       -3072               359
          2841    9566314            102             79      -23       -2530               293
          2842    1623363            102             97       -5         639               264
          2843    3322075            102             85      -17       -1157               265
          2844   12173874            102             80      -22       -2259              1094
          2845    5648688            102             69      -33       -6126               686
          2846    9503756            102             85      -17       -1163               294
          2847   10320082            102            107        5        1418               236
          2848    2742335            102             78      -24       -2823               500
          2849    7899175            102             87      -15        -815               334
          2850    7606433            102             84      -18       -1393               281
          2851    1795593            102             66      -36       -7763               727
          2852   12427742            102             79      -23       -2547               325
          2853    2528311            102             75      -27       -3786               634
          2854     334153            102             74      -28       -3999               319
          2855    8103385            102             89      -13        -457               262
          2856    8931081            102             80      -22       -2299               409
          2857   13214023            102             97       -5         637               411
          2858    8886498            102             72      -30       -4891               414
          2859    7049321            102             86      -16        -948               426
          2860    3543221            102             85      -17       -1216               229
          2861    9597797            102             89      -13        -463              1495
          2862    5948493            102             75      -27       -3804               352
          2863    7336412            102             82      -20       -1802               649
          2864    6522696            102             98       -4         734               286
          2865    8545974            102             84      -18       -1380               615
          2866    1119143            102            126       24        2209               575
          2867    9233488            102             63      -39       -9690               555
          2868    7563572            102             68      -34       -6737               831
          2869   13709718            102             79      -23       -2668               402
          2870    7416131            102             70      -32       -5758               260
          2871    3088083            102             86      -16       -1016               338
          2872    1241572            102             75      -27       -3729               303
          2873    2695962            102            109        7        1561               399
          2874    8996994            102             86      -16        -965               217
          2875    7755811            102             85      -17       -1158               582
          2876     258702            102             89      -13        -490               381
          2877    7285020            102             79      -23       -2635               433
          2878    7744104            102             81      -21       -2020               449
          2879   10238389            102             76      -26       -3482               788
          2880     338306            102             87      -15        -821               195
          2881    8258347            102             82      -20       -1895               304
          2882   11557652            102             79      -23       -2543              1345
          2883    5254707            102            131       29        2366               278
          2884    1538005            102            103        1        1163               753
          2885    6849861            102             89      -13        -519               378
          2886    4209063            102             85      -17       -1144               516
          2887    4568872            102             74      -28       -4129               395
          2888     832849            102            110        8        1643               355
          2889    1227196            102             78      -24       -2865               606
          2890    8807268            102            107        5        1469               338
          2891   12438373            102             70      -32       -5773              1004
          2892    8781915            102             78      -24       -2952               405
          2893    1005299            102             80      -22       -2328              1051
          2894    2361382            102             89      -13        -466               680
          2895    6726937            102             72      -30       -4984               563
          2896     483885            102             80      -22       -2384               519
          2897    3306581            102             75      -27       -3807               573
          2898    6067885            102             77      -25       -3172               981
          2899    6697669            102             80      -22       -2304               383
          2900     485375            102             78      -24       -2869               492
          2901    4898885            102             93       -9         195               569
          2902    2973905            102             67      -35       -7321               977
          2903    5774488            102             90      -12        -337               580
          2904    7407591            102             79      -23       -2590               230
          2905    4196593            102            110        8        1665               278
          2906    8130211            102             86      -16        -966               395
          2907    6667052            102             72      -30       -5040               588
          2908   13238354            102             71      -31       -5517               526
          2909    7631935            102             83      -19       -1636               816
          2910     646206            102             70      -32       -5835               387
          2911   12607278            102             72      -30       -4957               509
          2912   10045441            102             74      -28       -4141               662
          2913    2487233            102            114       12        1843               378
          2914      82987            102            108        6        1497               490
          2915    7879488            102             72      -30       -4931               706
          2916   10428569            102            109        7        1573               589
          2917     596105            102             94       -8         297               489
          2918    4135792            102             77      -25       -3142               867
          2919   10114634            102             81      -21       -2009               641
          2920    7117143            102            102        0        1083               695
          2921    4926280            102             71      -31       -5358               380
          2922    8865118            102             81      -21       -2124               393
          2923    4041027            102             87      -15        -790               497
          2924    1977887            102             90      -12        -271               439
          2925    6066995            102             82      -20       -1837               369
          2926   10661276            102             94       -8         307               364
          2927    8455171            102             79      -23       -2606               609
          2928    7753717            102             86      -16        -973               483
          2929    4562364            102            128       26        2326               564
          2930    8630391            102             95       -7         463               236
          2931    6432921            102            101       -1        1033               354
          2932    3430410            102             88      -14        -671               589
          2933    5578251            102             73      -29       -4603               451
          2934    3897068            102             73      -29       -4572               531
          2935   12204465            102             94       -8         293               523
          2936    2985828            102             68      -34       -6904               567
          2937    9096471            102             82      -20       -1830               395
          2938    8031494            102             99       -3         841               408
          2939    2893766            102             69      -33       -6407               777
          2940    9626792            102             78      -24       -2880               358
          2941    7799564            102             68      -34       -6882               457
          2942   12496859            102             86      -16       -1006               552
          2943    5328685            102             77      -25       -3181               253
          2944    7760640            102             81      -21       -2036               273
          2945    1550375            102             82      -20       -1701               301
          2946    4509924            102             74      -28       -4131               499
          2947   11901385            102            100       -2         948               330
          2948   10344417            102             92      -10          57               455
          2949    9918385            102             76      -26       -3519               611
          2950    5249853            102             67      -35       -7294               416
          2951    8444238            102             98       -4         811               297
          2952    8935301            102             78      -24       -2878               403
          2953   13059182            102             87      -15        -767               449
          2954    8310945            102             85      -17       -1226               302
          2955    1591977            102            124       22        2232               635
          2956      52674            102             56      -46      -15933               524
          2957     220756            102             79      -23       -2620               503
          2958   11851747            102            111        9        1758               488
          2959    5228731            102             86      -16        -998               797
          2960   11087252            102             96       -6         626               218
          2961    1137930            102             89      -13        -452               377
          2962    7229824            102             78      -24       -2852               257
          2963     451041            102            104        2        1285               471
          2964   12681649            102             73      -29       -4600               324
          2965     448729            102             78      -24       -2856               464
          2966     347331            102            102        0        1130               228
          2967    3193758            102             83      -19       -1583               514
          2968   12489709            102            126       24        2295               547
          2969   12921604            102            105        3        1345               394
          2970    1627712            102             73      -29       -4619               410
          2971    7797348            102             92      -10          34               319
          2972   13359804            102            139       37        2589               267
          2973    4246482            102             93       -9         182               289
          2974    8302256            102             99       -3         874               421
          2975   12344345            101             89      -12        -317               421
          2976    3550354            101             78      -23       -2680               534
          2977   10490506            101             61      -40      -10891              3618
          2978   11176178            101             71      -30       -5097               519
          2979    9399014            101             73      -28       -4265               475
          2980   10640920            101             75      -26       -3579               740
          2981    1118901            101            135       34        2542               265
          2982    9540285            101             73      -28       -4309               719
          2983   11078298            101             78      -23       -2691               222
          2984    5431721            101             80      -21       -2132               217
          2985    6328404            101             76      -25       -3244               350
          2986    4796087            101             95       -6         525               447
          2987    9320704            101            123       22        2235               701
          2988    5281095            101             75      -26       -3564               408
          2989    2557182            101             77      -24       -2936               706
          2990    3566917            101             64      -37       -8767               642
          2991    8493564            101             98       -3         878               274
          2992   13233997            101             66      -35       -7608               709
          2993   12335879            101            112       11        1858               378
          2994     174868            101             92       -9         184               260
          2995   12132317            101             68      -33       -6571               773
          2996    1334876            101             88      -13        -477               221
          2997    9716992            101             89      -12        -330               351
          2998    8104551            101            148       47        2718               944
          2999    5729701            101             71      -30       -5165               693
          3000    5336603            101             72      -29       -4762               804
          3001    1157951            101             83      -18       -1427               374
          3002    1378549            101             78      -23       -2704               912
          3003   10555904            101            123       22        2260               622
          3004    3924074            101             73      -28       -4302               608
          3005    2239310            101            100       -1        1022               674
          3006    4063749            101             88      -13        -439               246
          3007   11677215            101             84      -17       -1237               504
          3008    6564313            101             71      -30       -5165               719
          3009   11409693            101             95       -6         574               254
          3010    8047752            101             61      -40      -11030              1198
          3011    7437173            101             89      -12        -307               641
          3012    9700042            101             89      -12        -340               495
          3013    3662318            101             90      -11        -108               348
          3014    6597995            101             89      -12        -320               347
          3015    5031780            101             89      -12        -270               288
          3016   10318750            101             90      -11        -108               685
          3017   11968911            101             83      -18       -1487               402
          3018    8818161            101             70      -31       -5681               476
          3019    6413195            101            102        1        1193               533
          3020    3985404            101             78      -23       -2700               661
          3021    8070615            101            111       10        1824               286
          3022    9358794            101             59      -42      -12724              1023
          3023    9194640            101             68      -33       -6721               663
          3024    8284429            101             85      -16       -1042               680
          3025    8208882            101             79      -22       -2534               494
          3026    8111678            101             71      -30       -5200               691
          3027    4750880            101             84      -17       -1305               367
          3028   13388251            101             81      -20       -1864               293
          3029   13715908            101             78      -23       -2685               755
          3030   11549421            101             82      -19       -1728               695
          3031    5458741            101             67      -34       -7137               583
          3032    1526461            101             76      -25       -3369               619
          3033   11463948            101             79      -22       -2427               468
          3034   10653208            101             93       -8         287               586
          3035   11819733            101             69      -32       -6110               969
          3036    4291377            101             71      -30       -5209               505
          3037    2253107            101             99       -2         978               472
          3038     650377            101            108        7        1642               482
          3039     486117            101             72      -29       -4739               564
          3040     203476            101             69      -32       -6135               678
          3041   12622213            101             70      -31       -5776               440
          3042    8846333            101             97       -4         755               450
          3043     437295            101             65      -36       -8262               936
          3044   12101946            101             99       -2         986               507
          3045    4519779            101             74      -27       -3900               397
          3046    2524270            101             89      -12        -348               716
          3047    5633386            101             75      -26       -3693               225
          3048    8872597            101             90      -11         -95               381
          3049    7369939            101             87      -14        -710               476
          3050    7234426            101            106        5        1525               898
          3051   12941300            101             69      -32       -6240               780
          3052    8009139            101             69      -32       -6168               385
          3053    3832923            101             85      -16       -1083               723
          3054   11664436            101             65      -36       -8349               519
          3055    4570287            101             79      -22       -2419               424
          3056   11669333            101            107        6        1599               642
          3057    3746492            101            106        5        1525               678
          3058    8380409            101            100       -1        1043               733
          3059    1647045            101             96       -5         732               401
          3060    2721359            101             91      -10          53               234
          3061    6234902            101             65      -36       -8366               581
          3062    9984874            101             81      -20       -1927               435
          3063   10848010            101             80      -21       -2157               523
          3064    3171995            101             84      -17       -1196               432
          3065    2877204            101             89      -12        -353               508
          3066     122408            101            197       96        3016               534
          3067    1616297            101             72      -29       -4876               361
          3068    3935447            101            107        6        1636               425
          3069   11678795            101             64      -37       -9070               727
          3070   13299255            101             84      -17       -1249               532
          3071    9788168            101             70      -31       -5710               726
          3072    2558144            101             75      -26       -3693               745
          3073   10584435            101             77      -24       -2969               493
          3074    4748040            101             75      -26       -3698               370
          3075    7447248            101             82      -19       -1685               495
          3076    7898461            101             68      -33       -6701               612
          3077    1657774            101             74      -27       -4058               657
          3078    1145734            101             83      -18       -1398               552
          3079   10831987            101             82      -19       -1618               640
          3080    2652768            101             76      -25       -3338               285
          3081    3838369            101             95       -6         595               701
          3082    7603462            101            110        9        1816               421
          3083    9192866            101             86      -15        -821               521
          3084    2592778            101            123       22        2325               297
          3085    7940943            101             85      -16       -1072               425
          3086   10363204            101            102        1        1246               447
          3087    3317758            101             90      -11        -157               327
          3088    6000364            101             83      -18       -1503               525
          3089   11459028            101             91      -10          37               376
          3090   12653785            101             98       -3         938               267
          3091   11807562            101             69      -32       -6085               490
          3092    4878567            101             67      -34       -7314               528
          3093    5738425            101             74      -27       -4054               551
          3094    6062588            101            112       11        1953               242
          3095    3618282            101             85      -16       -1044               518
          3096    2902009            101             91      -10          76               507
          3097    6803234            101             67      -34       -7292               784
          3098    9723530            101            102        1        1277               417
          3099   11674613            101             83      -18       -1382               259
          3100    7534393            101             75      -26       -3700               238
          3101     342075            101             86      -15        -865               632
          3102    9105382            101             89      -12        -285               705
          3103    1093429            101             64      -37       -9077               544
          3104    4257586            101             81      -20       -1952               434
          3105   12077378            101            103        2        1325               591
          3106   12513232            101             88      -13        -398               387
          3107    1340505            101             80      -21       -2139               410
          3108   13592659            101             94       -7         453               608
          3109   10456032            101             92       -9         213               482
          3110    6513790            101             83      -18       -1452               372
          3111    4270231            101             90      -11         -38               223
          3112     750265            101            110        9        1824               448
          3113    9016676            101             98       -3         922               560
          3114     418504            101             83      -18       -1407               227
          3115    6805766            101             80      -21       -2231               243
          3116   11180622            101             85      -16       -1025               379
          3117    8724172            101            110        9        1834               290
          3118    8643180            101             79      -22       -2391               359
          3119     338016            101             89      -12        -296               476
          3120   10919069            101             72      -29       -4896               509
          3121   10944519            101             92       -9         206               288
          3122    6335444            101             84      -17       -1216               317
          3123   12965343            101             98       -3         926               407
          3124      34252            100             84      -16       -1066               373
          3125    6520963            100             78      -22       -2507               297
          3126    1940176            100             74      -26       -3737               287
          3127   12398143            100             71      -29       -4915               246
          3128     672182            100             68      -32       -6385               797
          3129    7398846            100             86      -14        -672               227
          3130    6066465            100             95       -5         708               373
          3131   12078962            100             71      -29       -4960               463
          3132    6653977            100             80      -20       -1988               345
          3133    3539260            100             69      -31       -5856               469
          3134   10799154            100             75      -25       -3401               238
          3135     875442            100             74      -26       -3733               255
          3136    9122964            100             76      -24       -3115               273
          3137    9054494            100            102        2        1343               415
          3138    8591496            100             73      -27       -4206               385
          3139     221509            100             85      -15        -907               665
          3140   11749899            100             81      -19       -1747               231
          3141   13204143            100            108        8        1789               763
          3142    9849355            100            117       17        2203               492
          3143    3341080            100             85      -15        -862               326
          3144    2772435            100             80      -20       -1986               178
          3145    1145988            100             88      -12        -299               504
          3146    4286196            100             82      -18       -1510               628
          3147    9548734            100             73      -27       -4223               448
          3148    7332521            100             80      -20       -1992               219
          3149    8373768            100             89      -11        -192               322
          3150    1064788            100             69      -31       -5972               500
          3151    2368943            100             87      -13        -524               458
          3152   12836890            100             65      -35       -8048               455
          3153    3372621            100             60      -40      -11570              1369
          3154   11677580            100             75      -25       -3505               508
          3155    8739532            100             99       -1        1128               260
          3156   13601654            100             81      -19       -1750               314
          3157    2108136            100             66      -34       -7516               695
          3158   12401805            100             73      -27       -4227               647
          3159    1106334            100             72      -28       -4731               333
          3160    2464454            100             64      -36       -8730              1177
          3161    2354694            100             76      -24       -3153               335
          3162     385909            100             79      -21       -2299               342
          3163    1465913            100             80      -20       -2095               432
          3164   10742026            100             77      -23       -2860               467
          3165   10432718            100            111       11        1953               439
          3166   11604618            100             65      -35       -8082               357
          3167    2174426            100             96       -4         828               321
          3168    8305466            100             91       -9         188               309
          3169   10629509            100             97       -3         934               567
          3170    9347290            100             93       -7         448               619
          3171    3762820            100             74      -26       -3869               843
          3172    5098394            100             82      -18       -1601               707
          3173    9555627            100             67      -33       -7134               379
          3174    7430705            100             73      -27       -4159               993
          3175    6423364            100             94       -6         595               330
          3176    3985613            100             81      -19       -1793               294
          3177    8728266            100             86      -14        -755               544
          3178    1184386            100             91       -9         223               333
          3179    1247428            100             78      -22       -2537               697
          3180    6833912            100             69      -31       -6024               667
          3181    6908835            100             77      -23       -2901               586
          3182   10192321            100             70      -30       -5543               430
          3183    6602155            100             72      -28       -4666               554
          3184   11906715            100             78      -22       -2565               462
          3185    6483077            100             99       -1        1091               759
          3186    6541930            100            109        9        1894               408
          3187    6979635            100             72      -28       -4602               775
          3188    6962879            100            104        4        1545               326
          3189    2348493            100             80      -20       -2065               657
          3190    7330464            100             78      -22       -2614               450
          3191   12230340            100             86      -14        -612               240
          3192    3855747            100             85      -15        -920               763
          3193    9811547            100             82      -18       -1538               518
          3194    2279248            100            104        4        1519               242
          3195    9146543            100             69      -31       -5975               446
          3196    5327916            100             72      -28       -4705               570
          3197   11498341            100             73      -27       -4283               525
          3198    6974156            100             85      -15        -819               300
          3199    1725155            100             82      -18       -1556               506
          3200    7190069            100             95       -5         701               322
          3201   10401421            100             96       -4         799               309
          3202    5193256            100            110       10        1964               806
          3203     781593            100             72      -28       -4517               299
          3204     883585            100             83      -17       -1291               341
          3205   10313175            100             66      -34       -7654               683
          3206   12557411            100             73      -27       -4296               377
          3207    3394473            100             62      -38      -10036               819
          3208     745229            100             63      -37       -9531               804
          3209    3867124            100             75      -25       -3542               475
          3210   11218188            100            115       15        2184               246
          3211   12291874            100             79      -21       -2300               501
          3212    1296314            100             75      -25       -3411               770
          3213    6996849            100             69      -31       -6106               545
          3214    7363179            100             77      -23       -2824               186
          3215    2410291            100             87      -13        -476               417
          3216    9870693            100             75      -25       -3597               394
          3217    5777622            100             59      -41      -12585               510
          3218    6137455            100             72      -28       -4656               614
          3219    3880831            100             95       -5         698               408
          3220    3918628            100            106        6        1664               394
          3221    3510517            100             90      -10          36               595
          3222   10456002            100             67      -33       -7029               237
          3223    4088303            100             99       -1        1120               572
          3224    9106183            100            138       38        2829               390
          3225   11905703            100             80      -20       -1971               367
          3226    1799537            100             77      -23       -2782               586
          3227   10707138            100            174       74        3115               283
          3228    9962117            100             94       -6         625               345
          3229    4085624            100             86      -14        -712               722
          3230    2687292            100             74      -26       -3814               615
          3231    3588641            100             68      -32       -6567               784
          3232    3081391            100             65      -35       -8243               574
          3233    3985029            100            126       26        2563               306
          3234    1399869            100            102        2        1421               404
          3235    3935170            100             64      -36       -8897               536
          3236   13052815            100             72      -28       -4645               544
          3237    2272913            100             81      -19       -1797               535
          3238    3408584            100             92       -8         316               559
          3239    4985531            100             84      -16       -1111               501
          3240     264840            100             89      -11         -56               313
          3241    1849381            100             64      -36       -8762               328
          3242    4763482            100             76      -24       -3161               421
          3243    2284393            100             94       -6         617               457
          3244    1906111            100             76      -24       -3184               424
          3245   11586200            100             73      -27       -4330               434
          3246    9285940            100             89      -11         -80               344
          3247     449709            100             69      -31       -5879               730
          3248   10605856            100             54      -46      -17797               507
          3249    5084197            100             71      -29       -5129               535
          3250   13084836            100             79      -21       -2325               655
          3251   10398174            100            122       22        2454               522
          3252    8827473            100             82      -18       -1542               445
          3253    4658284            100             76      -24       -3185               508
          3254    5568992            100             77      -23       -2792               319
          3255     727483            100             72      -28       -4720               422
          3256    7591785            100             95       -5         753               279
          3257   12428451            100             84      -16       -1036               454
          3258    5788273            100             71      -29       -5162               627
          3259    7220044            100            119       19        2366               425
          3260    1925566            100             84      -16       -1032               290
          3261    3017642            100            116       16        2261               384
          3262   12522800            100             92       -8         327               553
          3263    2636361            100            110       10        2024               354
          3264    7737265            100             81      -19       -1615               239
          3265   11721032            100            114       14        2203               428
          3266   12242211            100            112       12        2122               349
          3267   13547659            100             75      -25       -3509               606
          3268    4150560            100             85      -15        -900               620
          3269   11344112            100            116       16        2268               563
          3270    9921212            100             74      -26       -3848               390
          3271    2378949            100             71      -29       -5053               237
          3272    9325372            100             63      -37       -9504               485
          3273    2921227            100             91       -9         226               398
          3274   10623960            100            102        2        1417               524
          3275    4028132            100             85      -15        -856               444
          3276    5904499            100             79      -21       -2302               417
          3277    8259560            100             91       -9         253               267
          3278    8540573            100             68      -32       -6563               404
          3279   10540221            100             94       -6         714               398
          3280    2775578            100            110       10        2005               535
          3281     752336            100             68      -32       -6662               237
          3282   11457587            100             78      -22       -2591               288
          3283    9016466            100            100        0        1293               304
          3284   13123235            100            120       20        2431               298
          3285    4622620            100             93       -7         503               448
          3286    2258406            100            106        6        1736               250
          3287    6437874            100             95       -5         807               314
          3288    8277273            100             76      -24       -3160               530
          3289   10921197            100             68      -32       -6608               441
          3290   11729124            100            107        7        1808               396
          3291   10796673            100             93       -7         540               307
          3292    4615822            100             97       -3        1007               445
          3293     827703            100             67      -33       -7192               459
          3294    4580493            100             80      -20       -2036               555
          3295    7326052            100            139       39        2902               460
          3296    5716832            100             83      -17       -1279               378
          3297   13079407            100             64      -36       -8996               361
          3298    7351555            100             76      -24       -3135               359
          3299   12652832            100             93       -7         512               356
          3300   12445439            100            102        2        1444               305
          3301   11249823            100             96       -4         926               266
          3302    1217942            100             81      -19       -1742               267
          3303    3369843            100             75      -25       -3534               307
          3304   10619486            100             83      -17       -1272               280
          3305   13367326            100             86      -14        -680               311
          3306    4041335             99            101        2        1434               180
          3307    5931059             99             79      -20       -2053               228
          3308    3671109             99             83      -16       -1072               188
          3309   11033554             99             75      -24       -3220               418
          3310   11888337             99             71      -28       -4759               352
          3311   12497569             99             77      -22       -2643               402
          3312    9229336             99             85      -14        -689               347
          3313    6222322             99             88      -11        -145               243
          3314   12604319             99             78      -21       -2354               318
          3315   11467587             99             77      -22       -2714               592
          3316    5071219             99             75      -24       -3267               466
          3317    5254134             99            114       15        2259               221
          3318    2877884             99             91       -8         312               296
          3319    6405031             99             79      -20       -2124               493
          3320    1708004             99             91       -8         360               297
          3321   12547998             99             72      -27       -4427               711
          3322   13251968             99             75      -24       -3309               235
          3323    2682331             99             65      -34       -7891               985
          3324    6338566             99             68      -31       -6192               587
          3325   13277985             99             75      -24       -3295               480
          3326   10047697             99             80      -19       -1900               340
          3327    6517586             99             95       -4         855               714
          3328    6440642             99             82      -17       -1312               421
          3329   10038766             99             71      -28       -4894               308
          3330    4504913             99             73      -26       -4039               692
          3331    6432028             99            103        4        1568               527
          3332    7266440             99             76      -23       -2983               510
          3333    7015952             99             72      -27       -4471               606
          3334   11163136             99             75      -24       -3192               266
          3335   11976589             99             74      -25       -3618              1104
          3336   13036034             99             86      -13        -519               533
          3337    5672541             99             91       -8         351               907
          3338    6736485             99             68      -31       -6264              1051
          3339     655619             99            111       12        2116               605
          3340   12839646             99             64      -35       -8589               490
          3341    5433207             99             70      -29       -5248               305
          3342    2259290             99             67      -32       -6803               663
          3343    7573304             99             80      -19       -1868               489
          3344     145309             99             84      -15        -886               287
          3345    8905039             99             71      -28       -4798               410
          3346   12172878             99             78      -21       -2388               935
          3347    7921344             99             91       -8         277               476
          3348   12377888             99             68      -31       -6287               449
          3349    4597191             99             80      -19       -1825               701
          3350    9348662             99             77      -22       -2758               416
          3351    2763516             99             76      -23       -3034               570
          3352    5923198             99             69      -30       -5785               667
          3353    3954275             99             76      -23       -3004               339
          3354    9959476             99             76      -23       -3010               722
          3355    8755334             99             89      -10          41               405
          3356    9858742             99             80      -19       -1897               553
          3357   12733416             99             76      -23       -2901               610
          3358    1055250             99             80      -19       -1749               472
          3359     695911             99             87      -12        -281               362
          3360    3450013             99             88      -11        -247               717
          3361    9889309             99             92       -7         499               349
          3362    4308607             99             91       -8         347               465
          3363    6942467             99             64      -35       -8497               325
          3364    2387453             99            108        9        1978               717
          3365    1815666             99             79      -20       -2093               378
          3366   12512717             99             72      -27       -4463               568
          3367     740198             99             73      -26       -4016               392
          3368    6784252             99             76      -23       -3083               287
          3369    2994202             99             69      -30       -5884               732
          3370    9625695             99             89      -10          35               737
          3371     589198             99             84      -15        -866               313
          3372   12644594             99             73      -26       -4099               442
          3373   10536063             99             80      -19       -1793               480
          3374    7870155             99             70      -29       -5363               900
          3375     685094             99             72      -27       -4519               856
          3376     652351             99             81      -18       -1624               487
          3377    6286079             99            111       12        2199               205
          3378     838304             99             80      -19       -1701               278
          3379    3411846             99             76      -23       -2984               584
          3380    9396708             99             64      -35       -8495               921
          3381    9183118             99             88      -11        -168               423
          3382    6883979             99             68      -31       -6444               573
          3383   13549394             99             81      -18       -1588               485
          3384    1171088             99            104        5        1723               339
          3385    4583101             99             85      -14        -668               543
          3386   10151280             99             78      -21       -2357               207
          3387   11066400             99             78      -21       -2380               526
          3388   11395678             99            120       21        2553               324
          3389   10139450             99            162       63        3220               312
          3390    4828371             99             83      -16       -1159               417
          3391    1953975             99             79      -20       -2036               572
          3392   10922726             99             81      -18       -1591               388
          3393   10820099             99             71      -28       -4952               238
          3394    6552220             99             69      -30       -5832               496
          3395   11609634             99             82      -17       -1282               252
          3396    8369964             99             69      -30       -5851               328
          3397    6806522             99             94       -5         845               427
          3398   10388761             99             70      -29       -5364               550
          3399   11700059             99             86      -13        -426               358
          3400    1820946             99             79      -20       -2127               451
          3401    6593207             99             89      -10          29               303
          3402      80670             99             79      -20       -2090               244
          3403   12264976             99             66      -33       -7308               881
          3404    8671981             99            119       20        2523               291
          3405    6860998             99             74      -25       -3582               376
          3406     713037             99             81      -18       -1526               418
          3407    3072739             99             90       -9         208               514
          3408   10348932             99             70      -29       -5420               573
          3409   12740516             99             91       -8         376               418
          3410     697049             99             75      -24       -3329               431
          3411   10961425             99             64      -35       -8673               695
          3412    6558606             99             72      -27       -4459               671
          3413    2049514             99             67      -32       -6930               458
          3414   13005485             99            100        1        1459               443
          3415    1070032             99             70      -29       -5246               538
          3416    9684976             99             75      -24       -3286               583
          3417   13512776             99             81      -18       -1482               313
          3418   12800872             99             90       -9         190               515
          3419    1672355             99             99        0        1313               319
          3420    5602616             99             95       -4         974               280
          3421    6121354             99             67      -32       -6895               455
          3422   13548318             99             79      -20       -2020               361
          3423    5710504             99            102        3        1600               332
          3424   11647347             99             78      -21       -2431               595
          3425    7858217             99             79      -20       -2074               506
          3426    4806844             99            112       13        2277               379
          3427     610491             99             94       -5         852               354
          3428    1923524             99             80      -19       -1860               671
          3429   12808562             99             72      -27       -4516               494
          3430    4461185             99             66      -33       -7385               697
          3431    7371800             99             85      -14        -699               466
          3432   12794009             99             86      -13        -466               287
          3433    2359626             99             97       -2        1145               715
          3434    3076846             99             72      -27       -4525               405
          3435   11553006             99             82      -17       -1346               370
          3436     663155             99             75      -24       -3353               259
          3437    1713685             99             83      -16       -1087               401
          3438    7587662             99             82      -17       -1211               188
          3439    6779944             99             83      -16       -1047               316
          3440   10070458             99             80      -19       -1859               377
          3441   10273851             99             79      -20       -2109               544
          3442    8474273             99             82      -17       -1387               573
          3443   12930218             99            107        8        1982               504
          3444    1167707             99             79      -20       -2105               609
          3445   13279689             99            105        6        1833               214
          3446   13170008             99             99        0        1342               386
          3447    2775735             99             73      -26       -4029               530
          3448    2959595             99             99        0        1350               721
          3449    8965631             99             71      -28       -4807               476
          3450    5067219             99             74      -25       -3754               354
          3451   10689773             99             70      -29       -5354               507
          3452    6047284             99            101        2        1540               264
          3453    7494683             99             68      -31       -6418               280
          3454    3286418             99             83      -16       -1136               541
          3455   13314996             99            100        1        1443               352
          3456    1776100             99             81      -18       -1587               326
          3457    4145886             99            145       46        3149               366
          3458    2313950             99             76      -23       -3044               207
          3459    1847602             99            101        2        1522               458
          3460    7870536             99             66      -33       -7551               465
          3461   12680918             99             94       -5         820               235
          3462    8841150             99            121       22        2647               372
          3463    2000438             99             78      -21       -2332               268
          3464     636152             99             90       -9         205               280
          3465    4905156             99             79      -20       -2007               220
          3466    1877773             99            133       34        2982               458
          3467    3327693             99             64      -35       -8793               554
          3468   13239957             99            113       14        2367               243
          3469    8177450             99            100        1        1451               301
          3470    6171736             98             76      -22       -2747               315
          3471    9932448             98             91       -7         508               447
          3472    1620785             98             83      -15        -895               300
          3473     403846             98             84      -14        -716               196
          3474    5040903             98             80      -18       -1613               217
          3475    9215831             98             71      -27       -4640               760
          3476    1641513             98             65      -33       -7642               443
          3477    4297671             98             96       -2        1169               359
          3478    6280536             98             95       -3        1062               238
          3479    6599562             98             70      -28       -5051              1498
          3480    9332398             98             86      -12        -319               317
          3481    7556106             98             74      -24       -3427               268
          3482    5785733             98             73      -25       -3793               241
          3483     939277             98             78      -20       -2201               611
          3484     131338             98             98        0        1350               348
          3485     635356             98             72      -26       -4218               400
          3486    2512609             98             78      -20       -2191               492
          3487    9678879             98             84      -14        -761               761
          3488    4526175             98             76      -22       -2784               775
          3489    4039024             98             64      -34       -8283               230
          3490   13091953             98             67      -31       -6577               808
          3491   12329400             98             77      -21       -2483               697
          3492    5206262             98             75      -23       -3088               645
          3493    7764495             98             95       -3        1064               363
          3494    9451477             98             70      -28       -5200               365
          3495   11222642             98             70      -28       -5064               455
          3496    5858347             98             81      -17       -1429               437
          3497   10969124             98            109       11        2197               348
          3498    5278132             98             83      -15        -892               194
          3499    3241572             98             75      -23       -3135               557
          3500   10459384             98             82      -16       -1152               486
          3501    8873727             98             80      -18       -1635               534
          3502   11439789             98             84      -14        -693               247
          3503   12324127             98             74      -24       -3528               762
          3504   13333350             98             87      -11        -155               297
          3505   10803391             98             67      -31       -6760               329
          3506    6572176             98             84      -14        -728               447
          3507    5413358             98             66      -32       -7098               396
          3508    2843925             98             75      -23       -3107               257
          3509    2280642             98             78      -20       -2189               496
          3510    9953856             98             77      -21       -2478               976
          3511    9629597             98             84      -14        -783               700
          3512   13627349             98             96       -2        1194               231
          3513    8938642             98             81      -17       -1407              1537
          3514    9733528             98             87      -11        -192               237
          3515    3111203             98             63      -35       -9102               326
          3516    5121411             98             78      -20       -2254               958
          3517    6634954             98             75      -23       -3148               710
          3518    4902397             98             88      -10          -1               241
          3519   11982902             98             90       -8         406               341
          3520    2231030             98             71      -27       -4732               661
          3521    2567803             98            108       10        2162               842
          3522   12786544             98             68      -30       -6144               428
          3523    2071534             98             70      -28       -5180               847
          3524   12384434             98             74      -24       -3409               501
          3525    4276998             98             65      -33       -7767               378
          3526    5861632             98             90       -8         425               303
          3527    7286862             98             66      -32       -7097               530
          3528    7162907             98             86      -12        -354               242
          3529    4166485             98             86      -12        -385               438
          3530    1338423             98             64      -34       -8418               563
          3531    5979863             98            100        2        1582               243
          3532    4447197             98             76      -22       -2824               481
          3533     241591             98             81      -17       -1451               549
          3534   12209293             98             84      -14        -730               637
          3535    7417170             98             94       -4         899               554
          3536    7408586             98             83      -15        -853               377
          3537    9989681             98             66      -32       -7183              1505
          3538    6843807             98             66      -32       -7163               571
          3539    7141007             98             89       -9         164               619
          3540   10158737             98             91       -7         549               517
          3541    3849881             98             87      -11         -82               259
          3542    8324598             98             86      -12        -360               391
          3543    2455035             98             78      -20       -2192               432
          3544    7767086             98             73      -25       -3875               611
          3545    1509493             98             79      -19       -1946               782
          3546   13069110             98             72      -26       -4302               575
          3547    9813492             98             69      -29       -5560               828
          3548   10566797             98            113       15        2419              1071
          3549    5271109             98             98        0        1388               620
          3550    4520409             98            103        5        1807               234
          3551    4761635             98             78      -20       -2190               306
          3552    4054475             98            106        8        2044               334
          3553    4339320             98            109       11        2223               468
          3554    9189759             98             93       -5         861               284
          3555    6671843             98             72      -26       -4358               727
          3556   11185402             98             68      -30       -6311               669
          3557    8605968             98             77      -21       -2580               215
          3558    9605701             98             93       -5         820               584
          3559   12635279             98             85      -13        -477               350
          3560   10549611             98             59      -39      -12193               948
          3561    6745638             98             72      -26       -4314               767
          3562    6035565             98             99        1        1521               316
          3563    7152657             98             70      -28       -5005               376
          3564    2796926             98             87      -11        -155               688
          3565   10417091             98             75      -23       -3121               574
          3566    2542296             98             80      -18       -1599               497
          3567    5170066             98             63      -35       -9145               570
          3568     882508             98             68      -30       -6222               318
          3569     697053             98             74      -24       -3359               346
          3570   12361625             98             66      -32       -7249               582
          3571   13311233             98             62      -36       -9821               667
          3572      58800             98             74      -24       -3471               399
          3573    7168863             98             73      -25       -3931               463
          3574     715265             98             84      -14        -728               427
          3575    1816586             98             89       -9         238               467
          3576    9596060             98             70      -28       -5220               799
          3577   13508225             98             67      -31       -6800               709
          3578   11364610             98             84      -14        -723               524
          3579    2763488             98             78      -20       -2194               506
          3580     314547             98            104        6        1918               366
          3581    6077903             98             68      -30       -6178               684
          3582    6470566             98            109       11        2286               220
          3583    7403437             98             90       -8         368               390
          3584   10324322             98             86      -12        -383               545
          3585   11916217             98             86      -12        -328               442
          3586    6179725             98             77      -21       -2561               556
          3587    9006637             98             84      -14        -620               211
          3588    3581874             98             70      -28       -5155               528
          3589   12456155             98             95       -3        1114               545
          3590    4281582             98             96       -2        1217               216
          3591    4279918             98             88      -10          62               380
          3592      43833             98             77      -21       -2565               268
          3593    5955962             98             72      -26       -4337               339
          3594     428335             98             68      -30       -6158               652
          3595    9488451             98             84      -14        -723               440
          3596   11315025             98             73      -25       -3943               470
          3597    4118390             98             73      -25       -3954               659
          3598    3422375             98             75      -23       -3184               291
          3599    7724377             98             96       -2        1261               367
          3600    1126669             98             99        1        1528               642
          3601    7001896             98             92       -6         717               361
          3602    8619466             98             83      -15        -898               327
          3603    3164307             98             67      -31       -6674               693
          3604   11436775             98             90       -8         466               377
          3605     646463             98             83      -15        -979               423
          3606      12517             98            110       12        2370               383
          3607   11259534             98             77      -21       -2523               372
          3608    3793467             98             81      -17       -1388               485
          3609    9795845             98            104        6        1913               319
          3610    2257027             98             75      -23       -3184               435
          3611    3326291             98             60      -38      -11282               426
          3612    1794039             98             69      -29       -5557               496
          3613   12974109             98             64      -34       -8596               327
          3614    1159617             98             70      -28       -5239               387
          3615    5897387             98             74      -24       -3453               270
          3616    2482213             98             67      -31       -6685               757
          3617     972111             98             93       -5         831               552
          3618    7273024             98             96       -2        1238               320
          3619    3857455             98             71      -27       -4719               568
          3620   12634322             98             82      -16       -1131               394
          3621    3739512             98             77      -21       -2514               379
          3622    6906553             98             66      -32       -7011               566
          3623    3509374             98             78      -20       -2200               495
          3624    1088652             98             79      -19       -1976               525
          3625   13291983             98             72      -26       -4282               457
          3626    3310993             98             76      -22       -2698               291
          3627   10675771             98             83      -15        -938               620
          3628    1538219             98             83      -15        -911               493
          3629   12009864             98             76      -22       -2807               495
          3630   12170923             98            125       27        2938               518
          3631    5441484             98             74      -24       -3447               422
          3632     522414             98             90       -8         458               282
          3633   10553614             98             75      -23       -3015               545
          3634    6770590             98             68      -30       -6154               560
          3635    4566653             98             80      -18       -1687               674
          3636    8959985             98             72      -26       -4351               469
          3637    7256738             98             77      -21       -2548               525
          3638    7373726             98             72      -26       -4249               440
          3639    7716440             98            105        7        2051               366
          3640    3997079             98            116       18        2658               270
          3641    9334043             98             89       -9         203               316
          3642    6899962             98             84      -14        -715               478
          3643    4570568             98             81      -17       -1339               478
          3644    4056890             98             75      -23       -3143               351
          3645    2314014             98             71      -27       -4718               356
          3646    7277530             98             84      -14        -705               479
          3647     691728             98             62      -36       -9877               631
          3648    5710047             98             89       -9         269               233
          3649   12593748             98             80      -18       -1683               458
          3650    2424933             98             74      -24       -3544               390
          3651    9250978             98             83      -15        -915               443
          3652    1878442             98             90       -8         545               332
          3653    4159761             98             83      -15        -935               365
          3654    1803686             98             72      -26       -4331               450
          3655    4848402             98             93       -5         867               375
          3656    8032333             98            106        8        2102               252
          3657    6163373             98             74      -24       -3437               276
          3658    9032204             98             64      -34       -8661               412
          3659    5484959             98             81      -17       -1388               328
          3660    3681051             98             96       -2        1260               469
          3661    7107501             98             70      -28       -5252               318
          3662    2647943             98             90       -8         423               363
          3663    6301579             98             97       -1        1374               254
          3664    4975552             98             59      -39      -12499               365
          3665    2767578             98            114       16        2580               303
          3666   11716231             98             86      -12        -294               315
          3667    5692729             98             78      -20       -2228               230
          3668     643181             98             79      -19       -1911               294
          3669    3825105             98             79      -19       -1936               369
          3670    8757533             98             78      -20       -2218               315
          3671   11164538             98             78      -20       -2180               272
          3672    5439408             98             86      -12        -317               303
          3673    1702500             98            100        2        1670               259
          3674   13020541             98             88      -10          74               232
          3675   12715461             98             82      -16       -1079               267
          3676    6579809             98             75      -23       -3139               391
          3677   10996840             98             82      -16       -1155               219
          3678    9145291             98             85      -13        -504               244
          3679   10670733             97             71      -26       -4385               532
          3680   10508667             97             95       -2        1261               314
          3681    4302364             97             77      -20       -2259               384
          3682     602116             97             82      -15        -948               943
          3683    3839810             97             90       -7         578               198
          3684    2201224             97             74      -23       -3232               454
          3685   10074983             97             88       -9         235               389
          3686    4020694             97             65      -32       -7455               769
          3687    3079693             97             81      -16       -1162               302
          3688   12249804             97             77      -20       -2327               319
          3689    8764020             97             70      -27       -4877               667
          3690    4552686             97             76      -21       -2581               592
          3691   10033446             97             88       -9         195               279
          3692    5431321             97             87      -10          16               757
          3693   11257999             97             73      -24       -3608               621
          3694    4768232             97             82      -15        -976               316
          3695    2967003             97            101        4        1824               205
          3696    6579359             97             73      -24       -3676               682
          3697    5394602             97             84      -13        -517              1061
          3698    8685642             97             71      -26       -4453               287
          3699    8181352             97             78      -19       -2002               658
          3700   13443375             97             78      -19       -2010               503
          3701   10425331             97             87      -10          16               505
          3702    2823638             97             99        2        1671               259
          3703   10554179             97             69      -28       -5323               684
          3704    5951201             97             78      -19       -2047               691
          3705   10218727             97             69      -28       -5358               802
          3706    4639569             97             87      -10          18               230
          3707   13295814             97             71      -26       -4490              1291
          3708   11442392             97             91       -6         721               435
          3709   12195929             97            100        3        1757               159
          3710    8964709             97             94       -3        1165               349
          3711    2646030             97             82      -15        -936               450
          3712    3725592             97             63      -34       -8841              1241
          3713    6176238             97             90       -7         537               654
          3714    3162777             97             83      -14        -682               401
          3715   13638930             97             97        0        1468               713
          3716    7294125             97             65      -32       -7564              1089
          3717    5006236             97             80      -17       -1441              1287
          3718   10279786             97             72      -25       -3963               273
          3719     850115             97             70      -27       -4994               595
          3720    3662111             97             80      -17       -1384               325
          3721    4925305             97             90       -7         517               491
          3722    2973254             97             98        1        1552               343
          3723    7759772             97             66      -31       -6968               569
          3724    2880715             97             93       -4        1022               252
          3725   11760532             97             78      -19       -1975               535
          3726     618905             97             71      -26       -4492               595
          3727    6128071             97             63      -34       -8861               909
          3728    7640441             97             82      -15        -988              1221
          3729    5157980             97             82      -15        -993               745
          3730   12144790             97             78      -19       -2141               551
          3731    3400184             97             78      -19       -1934               350
          3732   13431017             97             71      -26       -4482               457
          3733    6164187             97             69      -28       -5429               441
          3734    3339123             97             88       -9         233               334
          3735    4515576             97             78      -19       -1997               536
          3736    6854241             97             89       -8         324               609
          3737   12816611             97             97        0        1507               233
          3738    8372530             97             67      -30       -6480               353
          3739    8615252             97             70      -27       -4944               398
          3740     646437             97            134       37        3281               352
          3741    3783195             97            117       20        2765               462
          3742    8746569             97             69      -28       -5436               585
          3743     234284             97             86      -11        -151               755
          3744   12540042             97             65      -32       -7571               496
          3745    5755649             97             56      -41      -14896               831
          3746    1841592             97             90       -7         514               533
          3747    6390043             97             95       -2        1314               291
          3748    1338573             97             93       -4        1049               207
          3749    3981814             97             67      -30       -6512               592
          3750   13635823             97             72      -25       -4007               415
          3751    4895919             97             78      -19       -1979               309
          3752     944903             97             60      -37      -11232              1037
          3753    8087934             97            144       47        3438               285
          3754     283782             97             70      -27       -5002               583
          3755    6956097             97             82      -15        -994               546
          3756    6319712             97            109       12        2446               302
          3757    1368422             97             67      -30       -6573               388
          3758   10700280             97             95       -2        1232               558
          3759    8073950             97             86      -11         -61               180
          3760    3958346             97             66      -31       -7084               449
          3761    6526302             97             74      -23       -3287               485
          3762   11135348             97            105        8        2168               758
          3763    1338550             97             74      -23       -3345               549
          3764    1668043             97             78      -19       -2019               745
          3765    2709172             97             70      -27       -4882               373
          3766    1735520             97             83      -14        -744               466
          3767   12375350             97             77      -20       -2265               296
          3768   12424285             97             69      -28       -5417               558
          3769   11946397             97             68      -29       -5928               644
          3770   12333259             97             91       -6         751               425
          3771    2890487             97             73      -24       -3656               358
          3772     793569             97            111       14        2596               327
          3773    1519828             97             79      -18       -1659               295
          3774    3044783             97             89       -8         396               341
          3775    2694858             97             70      -27       -4944               740
          3776    1820027             97             71      -26       -4413               454
          3777    7098996             97             82      -15        -849               216
          3778      24221             97             87      -10          28               308
          3779   13237884             97             72      -25       -4071               622
          3780   10706499             97             83      -14        -675               404
          3781     470781             97             90       -7         574               258
          3782    4228485             97             73      -24       -3725               778
          3783    6625782             97             78      -19       -1924               356
          3784    2116084             97             86      -11        -112               379
          3785    3195493             97             72      -25       -4071               474
          3786   12405884             97             59      -38      -12013               391
          3787    4202872             97             83      -14        -759               277
          3788    7170814             97             64      -33       -8214               881
          3789    1081437             97            117       20        2837               414
          3790    6456118             97             79      -18       -1744               479
          3791    1885274             97             72      -25       -4030               313
          3792     904541             97             88       -9         217               551
          3793    6416232             97             71      -26       -4446               325
          3794    3978561             97             83      -14        -723               657
          3795   10560565             97             74      -23       -3365               619
          3796    1842909             97             71      -26       -4628               380
          3797     957967             97             79      -18       -1678               648
          3798    6000418             97             83      -14        -703               311
          3799    6953037             97             72      -25       -4157               598
          3800   12179578             97             74      -23       -3381               502
          3801   10082089             97             63      -34       -8978               407
          3802    6846754             97             76      -21       -2674               313
          3803    7710008             97             77      -20       -2294               525
          3804    1458846             97             79      -18       -1736               449
          3805   10906146             97             69      -28       -5555               517
          3806    5700090             97            105        8        2189               476
          3807    8474420             97             84      -13        -522               263
          3808    9525566             97            117       20        2855               274
          3809    1441729             97             76      -21       -2621               536
          3810    4318263             97             74      -23       -3281               550
          3811    8037572             97            101        4        1937               249
          3812    6331905             97             81      -16       -1081               306
          3813    4622829             97            102        5        2004               512
          3814    3183509             97             87      -10          60               631
          3815    3542627             97             86      -11        -169               555
          3816    7521730             97             82      -15        -883               342
          3817   12842158             97             90       -7         575               531
          3818   10516396             97             73      -24       -3562               287
          3819    2356458             97             76      -21       -2487               338
          3820    9081576             97             66      -31       -7119               504
          3821    9135666             97             76      -21       -2623               573
          3822    6335648             97             78      -19       -2056               373
          3823   11447892             97             71      -26       -4516               414
          3824    7112993             97             79      -18       -1784               408
          3825    6472271             97             65      -32       -7679               552
          3826    9670665             97             89       -8         473               402
          3827    3184956             97             76      -21       -2651               663
          3828    6172615             97             87      -10          62               362
          3829    1238802             97             74      -23       -3370               535
          3830     678949             97             69      -28       -5536               377
          3831    5774195             97            107       10        2359               534
          3832   12232456             97             74      -23       -3229               478
          3833    6186842             97             94       -3        1195               469
          3834   11704346             97             88       -9         238               397
          3835    5660978             97             79      -18       -1732               445
          3836    4769253             97             82      -15        -982               428
          3837   10812381             97            111       14        2617               549
          3838    8161374             97             64      -33       -8276               639
          3839    1200558             97             88       -9         255               248
          3840    8803038             97             92       -5         896               337
          3841    1406716             97             89       -8         421               484
          3842   10413528             97             84      -13        -426               409
          3843    5508967             97             92       -5         988               303
          3844   10729718             97             85      -12        -276               444
          3845    1487660             97             72      -25       -3992               433
          3846    5295550             97             99        2        1786               203
          3847    7272608             97             61      -36      -10634               530
          3848    4340557             97             68      -29       -6032               473
          3849    6223405             97            111       14        2630               302
          3850    5541449             97             72      -25       -4065               300
          3851    3780388             97             61      -36      -10599               282
          3852    3761804             97             72      -25       -3860               338
          3853   10059937             97             82      -15        -956               232
          3854    3150262             97             78      -19       -2048               458
          3855   10259468             97             88       -9         295               246
          3856    5314983             97            109       12        2511               386
          3857   13217147             97             63      -34       -9116               475
          3858    6677069             97             66      -31       -7146               294
          3859    1491654             97            103        6        2106               314
          3860   11060653             97             84      -13        -499               381
          3861    7462630             97            121       24        3041               268
          3862    4760029             97            114       17        2775               376
          3863    8583976             97            107       10        2378               515
          3864   13626814             97             69      -28       -5495               400
          3865    3935107             97             85      -12        -312               312
          3866    7604280             96            109       13        2567               416
          3867    9421339             96             73      -23       -3384               428
          3868    1810237             96             81      -15        -992               347
          3869    8691832             96             72      -24       -3771               405
          3870    1457794             96             77      -19       -2067               434
          3871    8136923             96             85      -11        -154               501
          3872    5503209             96             70      -26       -4697               623
          3873   12688941             96             63      -33       -8534               469
          3874    3600381             96             68      -28       -5608               601
          3875   13451057             96             91       -5         919               866
          3876   12008645             96            109       13        2568               427
          3877    9333933             96             71      -25       -4175               438
          3878    5691105             96             70      -26       -4640               979
          3879    3321559             96             94       -2        1345               303
          3880    2175087             96             72      -24       -3790               560
          3881    7320192             96             75      -21       -2674               569
          3882    1858165             96             80      -16       -1228               369
          3883    7150084             96             94       -2        1297               682
          3884    5538419             96             78      -18       -1779               296
          3885    5669155             96             72      -24       -3802               274
          3886    1727441             96             75      -21       -2679              1438
          3887    7151837             96             64      -32       -7883               558
          3888    1310475             96             70      -26       -4682               716
          3889    4155953             96             81      -15        -999               320
          3890   12403819             96             85      -11        -137               348
          3891    3646997             96             87       -9         233               500
          3892    4618267             96             84      -12        -325               632
          3893    2071791             96             90       -6         762               244
          3894    6939213             96             69      -27       -5226              1481
          3895     239133             96             70      -26       -4708               923
          3896    8980240             96             75      -21       -2666               522
          3897   10768960             96             74      -22       -3112               797
          3898    2063673             96             75      -21       -2738               388
          3899   12043925             96             83      -13        -550               446
          3900    7973923             96            151       55        3645               470
          3901     819310             96             70      -26       -4773               502
          3902   11025266             96             64      -32       -7955               655
          3903    2798396             96             64      -32       -7934               889
          3904   11292249             96             66      -30       -6747               782
          3905    6158372             96            117       21        2975               412
          3906    4204931             96             70      -26       -4651               566
          3907    2716808             96             74      -22       -3049               428
          3908   13344846             96             77      -19       -2078               698
          3909   11445215             96             77      -19       -2110               771
          3910    1442292             96             74      -22       -3109               669
          3911    8256955             96             60      -36      -10915              1002
          3912    1327359             96             74      -22       -3006               494
          3913   10872199             96             65      -31       -7397               567
          3914   12130339             96             68      -28       -5671               660
          3915    6118671             96             81      -15        -981               190
          3916    2243506             96             80      -16       -1273               707
          3917    4922189             96             72      -24       -3823               692
          3918   12909672             96             68      -28       -5669               899
          3919    6223251             96             81      -15       -1025               889
          3920    8941605             96             77      -19       -2077               685
          3921    1804188             96             62      -34       -9437               797
          3922    6218028             96             60      -36      -11135               574
          3923    4526772             96             67      -29       -6194               344
          3924    7439831             96            111       15        2723               367
          3925   12955389             96             66      -30       -6778               294
          3926    6154229             96             92       -4        1031               265
          3927   11164536             96             83      -13        -616               248
          3928    7903882             96             90       -6         755               515
          3929   11111943             96             83      -13        -556               773
          3930    9745455             96            124       28        3217               228
          3931    1667116             96             77      -19       -2015               236
          3932    8325178             96             77      -19       -2090               633
          3933    3628271             96             73      -23       -3424               327
          3934    7187243             96             98        2        1742               354
          3935    6053135             96             60      -36      -10881               812
          3936   13045848             96             81      -15        -948               255
          3937    9505593             96             59      -37      -11706               928
          3938    2080052             96            103        7        2200               785
          3939    4027278             96             75      -21       -2675               340
          3940    4578086             96             67      -29       -6350               516
          3941   11140630             96             79      -17       -1512               644
          3942     669773             96             65      -31       -7498               550
          3943    5219157             96             83      -13        -628               400
          3944     479756             96             60      -36      -10914               400
          3945    6638239             96             69      -27       -5092               450
          3946    2151458             96             70      -26       -4807               771
          3947   11179743             96             82      -14        -795               734
          3948    8019616             96             73      -23       -3454               205
          3949   12651276             96             65      -31       -7417               486
          3950    8859677             96             70      -26       -4849               621
          3951    2281036             96             68      -28       -5747               874
          3952   10439860             96             74      -22       -3122               996
          3953   10787926             96             67      -29       -6413               723
          3954    7987678             96             84      -12        -359               412
          3955    9245274             96             81      -15        -982               486
          3956    2034977             96             66      -30       -6671               744
          3957    4495136             96             78      -18       -1718               411
          3958   12269942             96             67      -29       -6273               581
          3959   12018459             96             85      -11        -155               701
          3960    8754471             96             75      -21       -2714               229
          3961     549243             96             96        0        1620               291
          3962    4061699             96             99        3        1866               550
          3963    6040870             96             91       -5         975               349
          3964    5900534             96             71      -25       -4308               395
          3965    7725850             96             83      -13        -561               378
          3966    1270018             96             77      -19       -2152               761
          3967    8195153             96             84      -12        -338               239
          3968    8579616             96             67      -29       -6307               659
          3969   13013676             96             61      -35      -10173               666
          3970    5145374             96             64      -32       -8071               377
          3971   10007459             96             96        0        1615               520
          3972    1377035             96             88       -8         480               275
          3973    3295289             96             64      -32       -7921               391
          3974    9607184             96             65      -31       -7378               446
          3975    1063565             96            115       19        2941               414
          3976   10512848             96             78      -18       -1857               494
          3977    5942067             96             68      -28       -5692               881
          3978   10004403             96             80      -16       -1309               606
          3979     877216             96             71      -25       -4341               597
          3980   13243590             96             75      -21       -2606               512
          3981   11822587             96             69      -27       -5172               326
          3982    7664201             96             83      -13        -442               380
          3983    1200549             96             73      -23       -3443               892
          3984    2130700             96             78      -18       -1698               447
          3985   10176189             96             74      -22       -3022               315
          3986    6179082             96             81      -15        -953               370
          3987    6851551             96             63      -33       -8786               626
          3988   13032245             96             70      -26       -4878               248
          3989    7091837             96             73      -23       -3412               464
          3990    5595229             96             70      -26       -4842               596
          3991    9521442             96             83      -13        -438               359
          3992    8654027             96             89       -7         660               466
          3993   12598502             96             87       -9         279               470
          3994    9333649             96             82      -14        -841               362
          3995    6584122             96            116       20        3002               318
          3996    6395863             96             86      -10          50               509
          3997    3187148             96            128       32        3408               482
          3998     796793             96             76      -20       -2396               296
          3999     522579             96             86      -10         107               342
          4000    9432911             96             75      -21       -2688               807
          4001    6928861             96             79      -17       -1523               307
          4002   10662011             96             87       -9         237               394
          4003   12003450             96            124       28        3294               552
          4004   11034272             96             86      -10          46               620
          4005    2771123             96             77      -19       -2155               345
          4006   11707327             96             85      -11         -66               394
          4007   11222345             96             83      -13        -516               556
          4008     420947             96             71      -25       -4291               502
          4009   10270606             96             77      -19       -2090               546
          4010    8182462             96             62      -34       -9470               422
          4011    4628641             96             89       -7         574               327
          4012   11401333             96             68      -28       -5709               502
          4013    5471306             96            115       19        2985               394
          4014    8083391             96             71      -25       -4339               388
          4015    8102936             96             67      -29       -6305               470
          4016   12327939             96             89       -7         717               382
          4017    1862184             96             67      -29       -6218               456
          4018   13267014             96             94       -2        1429               465
          4019   11964123             96             69      -27       -5178               526
          4020   12871071             96            101        5        2114               177
          4021    9892965             96             78      -18       -1794               502
          4022    2412035             96            108       12        2631               419
          4023     990819             96             85      -11        -149               411
          4024   10337568             96             95       -1        1565               271
          4025    6282086             96             98        2        1843               288
          4026    6537546             96             69      -27       -5371               446
          4027    7129172             96             78      -18       -1845               320
          4028   10505196             96             74      -22       -3131               265
          4029    1681091             96             86      -10          42               398
          4030     369470             96             62      -34       -9389               721
          4031    4926117             96             73      -23       -3315               367
          4032   10193859             96             91       -5        1020               243
          4033   11314077             96             69      -27       -5045               515
          4034    2271561             96             93       -3        1350               213
          4035   10112757             96            102        6        2168               462
          4036   13678174             96             83      -13        -444               351
          4037   11504977             96             87       -9         383               194
          4038    4579954             96            105        9        2456               196
          4039    7511884             96             68      -28       -5856               433
          4040    1355887             96             76      -20       -2367               420
          4041   12432151             96             58      -38      -12747               556
          4042    2147765             96             93       -3        1250               212
          4043    7218602             96            111       15        2815               760
          4044    1883478             96             71      -25       -4392               419
          4045    2233617             96             72      -24       -3819               513
          4046    5964278             96             92       -4        1130               256
          4047     396568             96             91       -5         967               386
          4048   12624554             96             85      -11        -114               290
          4049    2565965             96             72      -24       -3773               287
          4050    9140173             96            147       51        3755               603
          4051    9148389             96             76      -20       -2405               353
          4052   11458245             96            122       26        3266               333
          4053     282806             96             85      -11        -101               253
          4054    2156314             96             78      -18       -1787               560
          4055    4144026             96             69      -27       -5163               354
          4056    7129322             96             71      -25       -4340               532
          4057   10106769             96             71      -25       -4395               444
          4058   12942183             96            102        6        2231               320
          4059    8553164             96             84      -12        -228               279
          4060    9758644             96             74      -22       -3161               580
          4061   12244346             96            124       28        3354               227
          4062    3263297             96             96        0        1677               344
          4063   10167809             96             86      -10          86               351
          4064     662880             96             62      -34       -9570               427
          4065    2840992             96            106       10        2541               313
          4066    3994099             96             86      -10         102               335
          4067   10607498             96             95       -1        1619               181
          4068    4839828             96             91       -5         984               383
          4069    5832889             96             83      -13        -451               477
          4070    8010811             96             91       -5         989               527
          4071   10886742             96             75      -21       -2648               432
          4072    4162494             96             74      -22       -3093               302
          4073   12101377             96             94       -2        1439               393
          4074    7699519             96             77      -19       -2071               186
          4075    6069787             96             78      -18       -1757               308
          4076    1194929             96             58      -38      -12910               398
          4077    9162767             96             75      -21       -2606               298
          4078    4548742             96             66      -30       -6989               423
          4079   13086723             96            122       26        3279               384
          4080   10727938             96             88       -8         479               475
          4081    3978093             96             69      -27       -5213               525
          4082    5577114             96             74      -22       -3048               245
          4083    6445689             96             73      -23       -3480               289
          4084    9371585             96             78      -18       -1812               392
          4085    6120558             96             80      -16       -1259               373
          4086     506965             96             96        0        1700               353
          4087    1274070             96             69      -27       -5281               364
          4088    5137878             96             83      -13        -381               214
          4089    6039916             96            103        7        2308               358
          4090    9113528             96             87       -9         361               349
          4091    7399445             96             76      -20       -2384               420
          4092    5489659             96             65      -31       -7553               262
          4093   13515948             96            109       13        2764               286
          4094   13562488             96             79      -17       -1504               275
          4095    6634332             96            100        4        2073               277
          4096   12256713             96             76      -20       -2412               313
          4097    8646601             95             78      -17       -1530               226
          4098    4703865             95             82      -13        -511               222
          4099     633536             95             74      -21       -2757               172
          4100    6144087             95             98        3        1958               704
          4101    4207949             95             73      -22       -3175               359
          4102   11885128             95             58      -37      -12362               859
          4103    6925252             95             66      -29       -6472               792
          4104    7895514             95             75      -20       -2414               262
          4105    5815838             95             63      -32       -8340               639
          4106    8007722             95             80      -15       -1016               407
          4107     368461             95             69      -26       -4894               492
          4108    9226887             95             64      -31       -7808               479
          4109    8418510             95             73      -22       -3191               240
          4110    6219158             95             89       -6         829               232
          4111    9772749             95             78      -17       -1528               180
          4112    7419242             95             93       -2        1423               429
          4113    4576822             95             83      -12        -304               303
          4114   13077265             95             80      -15       -1031               634
          4115   12784636             95             66      -29       -6482               664
          4116    6252972             95             60      -35      -10583              1502
          4117    8442958             95             95        0        1697               230
          4118    9624693             95             71      -24       -4024               219
          4119    2045814             95             79      -16       -1250               267
          4120    6056235             95             71      -24       -3987               448
          4121    4922266             95             70      -25       -4566               438
          4122    6705393             95             92       -3        1311               291
          4123    8949095             95             70      -25       -4496               766
          4124   12940756             95             80      -15       -1000               634
          4125    8738378             95             73      -22       -3191               240
          4126    3241940             95             65      -30       -7048               470
          4127   10479479             95             66      -29       -6547              1254
          4128    3576011             95             67      -28       -5916               743
          4129    9884036             95             57      -38      -13372              1495
          4130   13288232             95             87       -8         489               240
          4131   11026788             95             74      -21       -2851               864
          4132    8294735             95             91       -4        1092               650
          4133    9967491             95             68      -27       -5540               704
          4134   11533534             95             74      -21       -2761               243
          4135    9618043             95             69      -26       -4909               865
          4136    6396656             95             97        2        1867               560
          4137    1181371             95             77      -18       -1886               522
          4138    8060152             95             67      -28       -6095               319
          4139    4401578             95             76      -19       -2231               486
          4140    6518746             95            101        6        2265               226
          4141    2131159             95             67      -28       -5985               410
          4142    5044612             95             73      -22       -3367               582
          4143     203061             95             75      -20       -2501               374
          4144    7224594             95             79      -16       -1247               177
          4145   10388770             95             72      -23       -3669              1020
          4146   12977167             95            115       20        3121               433
          4147    4189461             95             71      -24       -4074               606
          4148    5739796             95             75      -20       -2642               378
          4149    4727653             95            103        8        2416               409
          4150    8214855             95             99        4        2087               451
          4151   12917452             95             62      -33       -9111               742
          4152     415882             95            107       12        2703               411
          4153    4163888             95             80      -15        -968               564
          4154   10488004             95             78      -17       -1634               423
          4155    2592255             95             60      -35      -10629               396
          4156    2345840             95             89       -6         801               313
          4157    2647923             95             59      -36      -11500               746
          4158    9018383             95             72      -23       -3738               456
          4159    5499369             95             75      -20       -2566               737
          4160    1682516             95             73      -22       -3275               691
          4161    8890517             95             69      -26       -5055               720
          4162   12141311             95             71      -24       -4032               247
          4163    1402077             95             71      -24       -4106               605
          4164    2874137             95             76      -19       -2229               499
          4165   11670162             95             73      -22       -3235               450
          4166    6456069             95             78      -17       -1514               258
          4167   11601599             95            110       15        2917               547
          4168    5321157             95             68      -27       -5617               536
          4169     867196             95             63      -32       -8477               700
          4170    9555393             95             93       -2        1487               713
          4171    9879840             95             73      -22       -3348               782
          4172    2443312             95            104        9        2540               317
          4173    8221267             95             77      -18       -1928               644
          4174    2100350             95            103        8        2407               609
          4175    3379235             95             67      -28       -6144               494
          4176    2240820             95             63      -32       -8471               809
          4177      93592             95             67      -28       -6055               617
          4178   10151133             95             83      -12        -360               716
          4179    6254322             95             77      -18       -1997               293
          4180    2288330             95             68      -27       -5445               213
          4181    3098235             95             70      -25       -4439               243
          4182    5577004             95             67      -28       -6098               462
          4183    5035118             95            104        9        2552               327
          4184    6451306             95             90       -5         992               433
          4185   11763244             95             56      -39      -14683              1057
          4186    8895354             95             63      -32       -8500               687
          4187   12843090             95             70      -25       -4386               355
          4188    8777518             95             71      -24       -4100               478
          4189    2709219             95             80      -15       -1112               485
          4190   10042115             95             61      -34       -9991               740
          4191    8017581             95            101        6        2303               396
          4192    3846123             95             78      -17       -1582               452
          4193    9460615             95             63      -32       -8593               277
          4194    6725041             95             59      -36      -11724               634
          4195    9972872             95             65      -30       -7078               500
          4196    1200960             95            103        8        2473               532
          4197    6502701             95             71      -24       -4089               380
          4198    7288472             95             72      -23       -3679               633
          4199    6051622             95             73      -22       -3210               549
          4200   12454454             95             74      -21       -2826              1025
          4201     570450             95             69      -26       -4926               477
          4202    5663195             95             68      -27       -5541               546
          4203    3854723             95             85      -10          55               225
          4204    4035155             95            110       15        2928               454
          4205    8330191             95             64      -31       -7949               645
          4206   13245805             95            150       55        3940               389
          4207     512672             95             93       -2        1437               351
          4208    1481200             95            121       26        3407               210
          4209    5872322             95             73      -22       -3360               357
          4210   10830784             95            104        9        2526               802
          4211    6209049             95             98        3        2083               240
          4212    7072309             95             69      -26       -5103               535
          4213    8400253             95             79      -16       -1234               509
          4214    8891082             95            103        8        2492               206
          4215   13123730             95             91       -4        1173               272
          4216    6477573             95             81      -14        -749               646
          4217    7313491             95             87       -8         501               595
          4218    5885653             95             73      -22       -3298               467
          4219   11072023             95             95        0        1766               214
          4220   10215904             95             91       -4        1152               518
          4221     196704             95             69      -26       -5144               649
          4222    9120338             95            103        8        2465               482
          4223    2197126             95             61      -34      -10079               762
          4224   10223681             95             79      -16       -1322               523
          4225   10336634             95             58      -37      -12658               623
          4226    4578377             95             75      -20       -2504               640
          4227    9524868             95             72      -23       -3539               415
          4228    6156859             95             69      -26       -5078               476
          4229   12948395             95             80      -15        -987               606
          4230    9197944             95             73      -22       -3079               590
          4231    2380830             95             60      -35      -10643               710
          4232   12833559             95             89       -6         858               510
          4233   13116075             95             56      -39      -14630               487
          4234     229922             95             66      -29       -6501               460
          4235   12354012             95             73      -22       -3102               382
          4236    3371442             95             85      -10         121               753
          4237     488112             95             60      -35      -10823               526
          4238    3175189             95             70      -25       -4551               566
          4239    6108990             95             71      -24       -4039               411
          4240   10355525             95             72      -23       -3580               345
          4241      96284             95             71      -24       -4173               486
          4242    4711983             95             86       -9         366               270
          4243   10919311             95             63      -32       -8525               694
          4244     853221             95             73      -22       -3187               470
          4245    7927761             95             61      -34      -10188               463
          4246    2802079             95             76      -19       -2196               603
          4247    4234041             95             65      -30       -7041               610
          4248    8145643             95             74      -21       -2706               402
          4249    2153123             95             87       -8         593               187
          4250   10402254             95             59      -36      -11660               472
          4251   10799048             95             63      -32       -8464               678
          4252    5316580             95             66      -29       -6732               743
          4253   10239588             95             65      -30       -7155               353
          4254    3110324             95             64      -31       -7898               473
          4255   12017712             95             78      -17       -1570               547
          4256    5879609             95             83      -12        -279               392
          4257    5988658             95             90       -5        1089               329
          4258     643869             95             68      -27       -5627               864
          4259     731352             95             67      -28       -6070               306
          4260    5561207             95             89       -6         889               631
          4261    4937923             95             74      -21       -2776               332
          4262    9021174             95             68      -27       -5625               597
          4263   12270440             95             75      -20       -2409               679
          4264    5374670             95             63      -32       -8547               546
          4265    3209594             95             69      -26       -4921               427
          4266   10708491             95             64      -31       -7832               669
          4267    2786114             95             80      -15       -1035               512
          4268   12277060             95             68      -27       -5648               394
          4269    8974341             95             72      -23       -3710               582
          4270    4421746             95             68      -27       -5592               818
          4271    9432103             95             70      -25       -4589               569
          4272    7631978             95             75      -20       -2482               273
          4273   10977696             95             84      -11         -33               560
          4274   12622954             95             67      -28       -5968               598
          4275    1744530             95             57      -38      -13821               545
          4276    7470650             95             92       -3        1409               299
          4277    3475517             95             84      -11         -31               441
          4278   12347683             95             75      -20       -2524               513
          4279   10822479             95             68      -27       -5472               507
          4280   10725574             95             66      -29       -6599               607
          4281    6625026             95            140       45        3912               569
          4282    2005269             95             56      -39      -14899               617
          4283    9634601             95             81      -14        -663               395
          4284    6413153             95             75      -20       -2534               434
          4285   12056314             95            103        8        2519               374
          4286    8646072             95             80      -15        -975               421
          4287   11302797             95            114       19        3198               505
          4288   11485656             95             91       -4        1234               239
          4289    9559850             95             91       -4        1238               426
          4290     591171             95             79      -16       -1305               772
          4291    4389318             95             73      -22       -3293               338
          4292    1018416             95             88       -7         792               190
          4293    8632502             95             91       -4        1215               324
          4294    7739919             95             75      -20       -2494               284
          4295    6671592             95             61      -34      -10036               733
          4296   11760230             95             67      -28       -6160               516
          4297     395071             95             84      -11         -26               438
          4298    7999172             95            126       31        3626               474
          4299    5424910             95             68      -27       -5582               487
          4300    3964017             95             99        4        2214               284
          4301   13164890             95             67      -28       -5961               298
          4302   10352369             95             54      -41      -17310               325
          4303    5772154             95             77      -18       -1895               217
          4304   10336764             95             93       -2        1535               392
          4305    5814537             95             76      -19       -2115               456
          4306   10416812             95            107       12        2840               252
          4307    4487262             95             87       -8         583               300
          4308    4705582             95             66      -29       -6732               285
          4309    9573319             95             71      -24       -4153               332
          4310    4945603             95            100        5        2333               261
          4311   13463753             95             92       -3        1425               291
          4312    1508580             95             86       -9         344               282
          4313   12175559             95            135       40        3875               277
          4314    8182939             95            107       12        2840               313
          4315   12306036             95            101        6        2375               404
          4316    9877789             95             90       -5        1103               265
          4317    2974502             95             86       -9         342               414
          4318    1514905             95             93       -2        1529               210
          4319    5904095             95             79      -16       -1241               459
          4320     575083             95             83      -12        -272               230
          4321    7529471             95            172       77        4203               405
          4322     621880             95            121       26        3500               327
          4323    7781423             95             71      -24       -4126               260
          4324     392806             94             79      -15       -1038               233
          4325   11032954             94             90       -4        1236               393
          4326    6023676             94             90       -4        1232               199
          4327    6275543             94             73      -21       -2941               458
          4328    6229710             94             64      -30       -7438               691
          4329    1805241             94             63      -31       -8085               215
          4330    3068654             94             70      -24       -4187               503
          4331    9397740             94             82      -12        -290               235
          4332    5917348             94             80      -14        -806               563
          4333    3460065             94             77      -17       -1582               315
          4334   10196811             94             69      -25       -4709               472
          4335    4759261             94             76      -18       -2018               310
          4336    5806648             94            107       13        2912               197
          4337    1723077             94             69      -25       -4749               735
          4338    2123131             94             60      -34      -10368               531
          4339    1626441             94             58      -36      -12173               480
          4340    1864019             94             78      -16       -1305               363
          4341    7667031             94             77      -17       -1659               605
          4342    9417573             94             82      -12        -362               607
          4343    5372844             94             63      -31       -8286               474
          4344   12357785             94             76      -18       -1950               586
          4345    6846991             94             67      -27       -5661               378
          4346    3057517             94             75      -19       -2330               373
          4347    3113522             94             88       -6         878               366
          4348   10879241             94             70      -24       -4252               485
          4349   12055072             94             73      -21       -2939               268
          4350    7956073             94             67      -27       -5847               287
          4351   10708470             94             64      -30       -7620               788
          4352     771618             94             70      -24       -4317               515
          4353   12030680             94             80      -14        -866               658
          4354    5532197             94             93       -1        1657              1545
          4355    2470113             94             64      -30       -7477               944
          4356    4697566             94             72      -22       -3386               391
          4357    2490385             94             71      -23       -3777               479
          4358   11459420             94             73      -21       -3109               268
          4359    7686668             94             73      -21       -3004               739
          4360    9367613             94             59      -35      -11276              1052
          4361   12052416             94             64      -30       -7452               433
          4362   12895058             94             66      -28       -6303               533
          4363    9123459             94             69      -25       -4877               479
          4364     745379             94             68      -26       -5218               473
          4365    6359578             94             81      -13        -543               921
          4366    2652031             94             66      -28       -6463               456
          4367    1763757             94             61      -33       -9738               885
          4368    4588034             94            112       18        3231               147
          4369   12510021             94             71      -23       -3869               480
          4370    6525855             94            114       20        3309               477
          4371   10723197             94             71      -23       -3828               724
          4372   11055504             94             76      -18       -1860               240
          4373     524688             94             70      -24       -4316               335
          4374    4811969             94             85       -9         339               423
          4375   10395532             94            100        6        2429               327
          4376   12449093             94             74      -20       -2583               316
          4377    3477034             94             96        2        2029               363
          4378    8249217             94             73      -21       -3021               364
          4379   13515685             94             88       -6         919               161
          4380   13351761             94             66      -28       -6361               400
          4381   12554808             94             69      -25       -4775               313
          4382    8808214             94             67      -27       -5761              1066
          4383    6289606             94             57      -37      -13237               814
          4384    9714820             94             68      -26       -5315               866
          4385    4203067             94             67      -27       -5884               419
          4386    5925526             94             62      -32       -8910               625
          4387    8910202             94            111       17        3198               379
          4388     807423             94             94        0        1832               472
          4389    9354930             94             77      -17       -1642               419
          4390    6449330             94             66      -28       -6413               579
          4391   11039299             94             76      -18       -2031               566
          4392   11959352             94             75      -19       -2298              1001
          4393   12710145             94             59      -35      -11358               958
          4394    2854192             94             69      -25       -4805               620
          4395   13061459             94             71      -23       -3672               244
          4396    5556336             94             74      -20       -2531               260
          4397    5240537             94             86       -8         586               230
          4398   10633313             94             66      -28       -6365               452
          4399    2633778             94             66      -28       -6424               503
          4400    2969330             94             77      -17       -1654               358
          4401    8703145             94             98        4        2234               416
          4402    5854266             94             66      -28       -6445               825
          4403   11810618             94             72      -22       -3464               418
          4404    4996979             94             65      -29       -6927               754
          4405    7706485             94             58      -36      -12342               568
          4406    4526327             94             51      -43      -20794               784
          4407    7011264             94             81      -13        -560               474
          4408    5550332             94             77      -17       -1633              1005
          4409    9197252             94             94        0        1852               299
          4410    6625583             94             93       -1        1687               354
          4411    5391154             94            117       23        3457               494
          4412    8672034             94             71      -23       -3796               339
          4413    1556663             94             94        0        1850               213
          4414    8074796             94             90       -4        1285               205
          4415    3326441             94             85       -9         290               510
          4416   10778927             94             85       -9         368               266
          4417    5198860             94             86       -8         598               218
          4418    4237354             94             62      -32       -8908               913
          4419    4459693             94             76      -18       -1856               176
          4420    8528913             94             73      -21       -2919               541
          4421    6008783             94             92       -2        1570               380
          4422    5958124             94             57      -37      -13397               705
          4423   11096912             94             81      -13        -591               481
          4424    6012269             94             72      -22       -3492               315
          4425    3200613             94             57      -37      -13326               924
          4426    3778006             94             88       -6         857               708
          4427    1867877             94             87       -7         647               363
          4428    1385282             94             62      -32       -8984               707
          4429   12611200             94             70      -24       -4108               329
          4430    4524616             94             90       -4        1286               286
          4431    1360236             94             61      -33       -9578               927
          4432    6291099             94             80      -14        -712               211
          4433    4942016             94             66      -28       -6344               710
          4434    2782581             94             82      -12        -381               569
          4435    3879221             94            104       10        2801               229
          4436    8420032             94            103        9        2727               185
          4437     912436             94             95        1        2006               171
          4438    8963183             94             74      -20       -2775               358
          4439     919119             94             75      -19       -2154               702
          4440    9513203             94            130       36        3887               318
          4441    1161806             94             64      -30       -7478               280
          4442    8065672             94             86       -8         500               667
          4443    9000884             94             61      -33       -9732               450
          4444     845935             94             90       -4        1332               224
          4445    4742313             94             80      -14        -812               473
          4446    3311191             94            114       20        3372               357
          4447   12873006             94             59      -35      -11357               643
          4448   12043965             94             93       -1        1747               218
          4449    3919008             94            100        6        2442               651
          4450   12050556             94             73      -21       -3024               565
          4451    5000971             94             70      -24       -4261               333
          4452    3703001             94             64      -30       -7793               332
          4453    6421275             94             79      -15       -1089               358
          4454     553563             94            117       23        3516               343
          4455    4482731             94             71      -23       -3901               363
          4456   10111840             94             57      -37      -13324               633
          4457   13134622             94             92       -2        1532               500
          4458   11779179             94             92       -2        1571               615
          4459   12034903             94             80      -14        -784               424
          4460   13640274             94            107       13        2996               189
          4461    6118728             94             81      -13        -422               364
          4462   11773573             94             80      -14        -822               423
          4463    9691091             94             75      -19       -2175               310
          4464   10681421             94             70      -24       -4227               270
          4465   10325439             94             62      -32       -9172               480
          4466    3387763             94            149       55        4191               846
          4467    5062853             94             69      -25       -4698               250
          4468    5757522             94             75      -19       -2116               419
          4469    7965913             94             69      -25       -4720               540
          4470   10551236             94             90       -4        1319               366
          4471    9378403             94             92       -2        1560               345
          4472    1929135             94            111       17        3250               329
          4473     313334             94             73      -21       -3006               314
          4474    1818192             94             82      -12        -190               436
          4475    4955817             94             82      -12        -304               233
          4476    2883998             94             80      -14        -821               440
          4477   10618938             94             68      -26       -5444               472
          4478   10275905             94             99        5        2383               542
          4479      25241             94             70      -24       -4288               470
          4480    8852193             94             66      -28       -6441               461
          4481    7341093             94             69      -25       -4906               421
          4482   10449005             94             99        5        2381               394
          4483    9224872             94             99        5        2405               458
          4484   10021538             94             63      -31       -8139               429
          4485   10946243             94             94        0        1872               506
          4486    3475042             94             64      -30       -7733               664
          4487    6485124             94             65      -29       -6902               381
          4488    1159033             94             88       -6         961               484
          4489   12378656             94             84      -10         136               357
          4490   12506363             94             89       -5        1195               238
          4491   11235330             94             79      -15       -1091               353
          4492    2046075             94             73      -21       -3087               617
          4493    5934496             94             60      -34      -10686               260
          4494    9254654             94             82      -12        -166               455
          4495    8099957             94             73      -21       -3105               312
          4496    3960697             94             96        2        2149               251
          4497    6344170             94             66      -28       -6539               267
          4498     227815             94             86       -8         542               327
          4499      31071             94             96        2        2093               500
          4500    4270263             94             80      -14        -691               342
          4501   12367945             94             74      -20       -2622               455
          4502    8035184             94             97        3        2228               233
          4503     844804             94             89       -5        1062               401
          4504   11841117             94            148       54        4225               383
          4505    7947223             94             87       -7         719               208
          4506    6831185             94             75      -19       -2247               304
          4507      37865             94             80      -14        -803               399
          4508    4911808             94             67      -27       -5889               616
          4509    8034384             94             68      -26       -5424               232
          4510    9351030             94             77      -17       -1597               383
          4511    5968416             94             88       -6         916               318
          4512    4994076             94             72      -22       -3506               362
          4513    1724507             94             89       -5        1091               443
          4514    6168412             94             62      -32       -9257               303
          4515    4994588             94             68      -26       -5167               326
          4516    1612474             94             57      -37      -13498               458
          4517     488000             94             90       -4        1288               410
          4518    5051144             94             65      -29       -7098               414
          4519   11335289             94            116       22        3540               242
          4520     707819             94             75      -19       -2169               410
          4521    6535391             94             89       -5        1107               463
          4522    2576267             94             96        2        2129               283
          4523    5840536             94             66      -28       -6407               383
          4524    7568719             94             75      -19       -2254               397
          4525    5718404             94             80      -14        -747               455
          4526   13596828             94             92       -2        1587               372
          4527   11036588             94             81      -13        -508               395
          4528   11388694             94             82      -12        -302               365
          4529    5555017             94             77      -17       -1650               226
          4530    8799767             94             75      -19       -2305               390
          4531    5431747             94             84      -10         171               276
          4532    1947309             94            117       23        3599               213
          4533    5465211             94             94        0        1890               296
          4534    5429406             94             91       -3        1451               272
          4535     205128             94            147       53        4246               282
          4536     691645             94             70      -24       -4322               292
          4537   13085156             93            117       24        3608               254
          4538   12341087             93             91       -2        1569               516
          4539    9023162             93             69      -24       -4409               297
          4540   12542056             93             66      -27       -6024               252
          4541   11207839             93             71      -22       -3560               812
          4542     822006             93             68      -25       -4909               437
          4543   13543386             93             72      -21       -3123               366
          4544   10005491             93             73      -20       -2738               404
          4545    4024483             93             76      -17       -1742               508
          4546    5228766             93             78      -15       -1108               263
          4547    1809987             93             95        2        2110               293
          4548   11571041             93            102        9        2764               158
          4549   11397115             93             71      -22       -3557               234
          4550    5440168             93             85       -8         543               274
          4551    6514109             93             72      -21       -3157               585
          4552    6484137             93             90       -3        1398               629
          4553    6867985             93             67      -26       -5454               443
          4554    8199515             93             90       -3        1439               311
          4555    9321955             93             72      -21       -3133               455
          4556     735138             93             65      -28       -6631               270
          4557    6550546             93             72      -21       -3084               338
          4558    5601277             93             81      -12        -360               446
          4559   11042570             93             67      -26       -5555               291
          4560    8455280             93             78      -15       -1178               330
          4561    3138381             93             63      -30       -8009               842
          4562    6676311             93             90       -3        1398               251
          4563    1738858             93             88       -5        1079               418
          4564    4546259             93             65      -28       -6695               404
          4565    5296253             93             72      -21       -3226               199
          4566    1598394             93             70      -23       -4047               460
          4567    1752962             93             65      -28       -6659               862
          4568    1534490             93             72      -21       -3231               913
          4569   12126143             93             96        3        2247               385
          4570   12428539             93             71      -22       -3631               342
          4571   13070063             93             60      -33      -10230               715
          4572     765871             93             76      -17       -1757               363
          4573    5444485             93             70      -23       -3992               541
          4574   13482272             93             74      -19       -2424               410
          4575    9251100             93             62      -31       -8664               276
          4576   10038862             93             75      -18       -2064               620
          4577    8798046             93             74      -19       -2354               392
          4578     276935             93             64      -29       -7364               308
          4579   10523344             93             80      -13        -516               191
          4580   10737211             93             80      -13        -608               387
          4581    4997197             93             62      -31       -8706               318
          4582     571172             93             74      -19       -2390               432
          4583    9228541             93             78      -15       -1100               426
          4584    9307176             93             66      -27       -6091               331
          4585    3037512             93            102        9        2790               479
          4586    6927521             93             62      -31       -8854               749
          4587   10621100             93             77      -16       -1370               673
          4588    6473764             93            130       37        4053               219
          4589    7531426             93             58      -35      -11978              1342
          4590    2159467             93            118       25        3684               309
          4591    3264678             93             76      -17       -1710              1053
          4592    2218977             93             72      -21       -3267               513
          4593    1957496             93             76      -17       -1861               282
          4594    7763817             93             88       -5        1040               526
          4595   13044489             93             64      -29       -7243               445
          4596    5500390             93             75      -18       -1970               197
          4597    6537256             93             79      -14        -762               263
          4598    1166920             93             79      -14        -903               528
          4599   10283601             93             85       -8         538               658
          4600   13702347             93             70      -23       -3999               410
          4601    5039137             93             74      -19       -2535               368
          4602   10678094             93             75      -18       -2017               371
          4603    8698610             93             70      -23       -4040               440
          4604    4077019             93             67      -26       -5609               738
          4605    4148628             93             63      -30       -8109               801
          4606    1929341             93             78      -15       -1125               563
          4607    3183843             93             56      -37      -14106               837
          4608    2008051             93             86       -7         762               433
          4609   12510974             93             73      -20       -2745               248
          4610    2225483             93             68      -25       -5101               411
          4611    4990986             93             69      -24       -4584               800
          4612    2653121             93             63      -30       -7912               665
          4613    9494802             93             68      -25       -5019              1033
          4614    8352697             93             80      -13        -583               529
          4615   12442097             93             73      -20       -2726               483
          4616    3273768             93             58      -35      -12093               414
          4617   12872117             93             96        3        2272               360
          4618    9961961             93             74      -19       -2461               617
          4619    6422918             93             72      -21       -3175               762
          4620    7333353             93             64      -29       -7427               792
          4621   12562573             93             67      -26       -5789               541
          4622    3275984             93             68      -25       -5093               417
          4623    1099360             93             84       -9         399               228
          4624    2965242             93             77      -16       -1356               469
          4625     895579             93             92       -1        1723               497
          4626    2366214             93             77      -16       -1524               267
          4627     837754             93             64      -29       -7278               408
          4628   11525283             93             85       -8         540               407
          4629    7339497             93             76      -17       -1715               301
          4630    1278796             93             70      -23       -4066               539
          4631   10393308             93            119       26        3765               301
          4632   11148955             93             62      -31       -8849               636
          4633    5707745             93             60      -33      -10251              1189
          4634   12473580             93             59      -34      -11105               872
          4635    3082994             93             89       -4        1313               204
          4636    9139435             93             60      -33      -10318               471
          4637    3500810             93            145       52        4331               259
          4638    5094302             93             69      -24       -4541               458
          4639   11773063             93             69      -24       -4631               688
          4640    8177725             93             59      -34      -11255               752
          4641   10907369             93            128       35        4031               999
          4642   10048484             93            100        7        2697               220
          4643   13195010             93             62      -31       -8793               627
          4644    4678183             93             70      -23       -4079               618
          4645   10746244             93             73      -20       -2828               459
          4646    1647428             93             65      -28       -6816               300
          4647    8834606             93             75      -18       -2102               300
          4648    3703844             93            108       15        3243               236
          4649    9187145             93             72      -21       -3240               204
          4650   10821811             93             59      -34      -11334               479
          4651   13695997             93             62      -31       -8776               654
          4652    7876421             93             67      -26       -5604               772
          4653    2961049             93             77      -16       -1305               393
          4654    6589306             93             67      -26       -5645               509
          4655     153120             93             89       -4        1316               233
          4656    8988048             93             74      -19       -2377               500
          4657   10407055             93             66      -27       -6230               517
          4658    9321204             93             61      -32       -9400               585
          4659    9082263             93             71      -22       -3701               403
          4660   11142496             93             86       -7         842               317
          4661    6646696             93             76      -17       -1718               447
          4662   13004302             93             59      -34      -11273               686
          4663    2438523             93             63      -30       -8193               598
          4664    3662800             93             90       -3        1476               599
          4665    1542609             93             55      -38      -15173               993
          4666   10873181             93            105       12        3065               391
          4667    2268553             93             72      -21       -3116               570
          4668    3118594             93             86       -7         697               502
          4669   10187542             93             64      -29       -7537               345
          4670    6800592             93             64      -29       -7528               581
          4671    6946116             93             72      -21       -3156               647
          4672    9979563             93             68      -25       -4921               277
          4673    4385061             93            103       10        2933               255
          4674   13197541             93             89       -4        1309               704
          4675    8346947             93             70      -23       -4204               735
          4676    2542709             93             90       -3        1540               220
          4677   10236682             93             69      -24       -4619               351
          4678   13386710             93             80      -13        -555               301
          4679    7520602             93             85       -8         595               275
          4680    8003849             93             88       -5        1158               328
          4681    4448926             93             82      -11         -60               152
          4682    2143569             93             84       -9         373               529
          4683     166860             93             85       -8         596               278
          4684    2985225             93             83      -10         124               260
          4685   12176010             93             85       -8         543               402
          4686   10150794             93             94        1        2132               334
          4687    9650447             93             84       -9         390               198
          4688   11809431             93             92       -1        1747               319
          4689    8531653             93             71      -22       -3705               562
          4690    8264210             93             69      -24       -4575               402
          4691    4391113             93             72      -21       -3267               587
          4692     949485             93             68      -25       -5202               400
          4693    3929156             93             69      -24       -4607               548
          4694   13576787             93            141       48        4340               433
          4695     610595             93             67      -26       -5541               393
          4696    7955207             93             58      -35      -12253               469
          4697    5323756             93             74      -19       -2358               402
          4698    1411358             93             73      -20       -2758               473
          4699    5641008             93             73      -20       -2888               525
          4700    9770254             93             94        1        2099               192
          4701   11464224             93             67      -26       -5683               372
          4702    8632903             93             72      -21       -3234               352
          4703   12877992             93            114       21        3613               439
          4704    5404306             93             65      -28       -6560               271
          4705    2745136             93             59      -34      -11362               472
          4706    9409375             93             76      -17       -1570               203
          4707    9402875             93             70      -23       -4020               295
          4708   12302419             93             77      -16       -1361               302
          4709    7742735             93             60      -33      -10302               385
          4710    1479458             93             58      -35      -12398               605
          4711   12804385             93             77      -16       -1310               179
          4712     833855             93             80      -13        -461               489
          4713    6496101             93             81      -12        -246               269
          4714   13498609             93             96        3        2313               444
          4715    5680928             93             64      -29       -7364               636
          4716    6073735             93             69      -24       -4375               420
          4717   12120299             93             75      -18       -2049               320
          4718    5352994             93             82      -11         -16               406
          4719   12084031             93             71      -22       -3674               311
          4720   10263267             93             87       -6        1022               224
          4721   10741198             93             79      -14        -801               325
          4722   10897493             93             68      -25       -5015               226
          4723   11026242             93             63      -30       -8308               526
          4724    8696252             93             71      -22       -3591               197
          4725    6832184             93             93        0        1993               241
          4726    4106010             93             65      -28       -6600               304
          4727    6503763             93             78      -15       -1052               176
          4728    8440751             93             59      -34      -11116               496
          4729    5693529             93             86       -7         749               549
          4730    3295250             93            129       36        4167               387
          4731    4105100             93             67      -26       -5519               478
          4732    6743616             93             77      -16       -1327               340
          4733   12635522             93             84       -9         447               284
          4734    5517158             93             82      -11           1               238
          4735    5532468             93            127       34        4120               349
          4736     798659             93             77      -16       -1402               468
          4737    7656782             93             75      -18       -1996               362
          4738     101061             93             74      -19       -2457               232
          4739    6745263             93             65      -28       -6783               641
          4740    8276628             93             72      -21       -3252               312
          4741    6725665             93             86       -7         778               384
          4742    7607211             93             78      -15       -1132               387
          4743   12561192             93             94        1        2147               249
          4744    4585518             93             67      -26       -5561               553
          4745     216810             93            127       34        4107               415
          4746   11270386             93             71      -22       -3667               370
          4747    5123420             93             78      -15       -1103               259
          4748    8996471             93             89       -4        1375               484
          4749    7682044             93             68      -25       -5178               407
          4750    2152180             93             69      -24       -4517               597
          4751   10535829             93             80      -13        -461               387
          4752     253510             93             75      -18       -2047               360
          4753     180771             93             64      -29       -7221               292
          4754   13319233             93             78      -15       -1077               323
          4755    5316707             93             65      -28       -6853               547
          4756   12068514             93            108       15        3362               294
          4757    9723019             93             62      -31       -8960               423
          4758    9353997             93             99        6        2649               239
          4759   12666079             93             73      -20       -2707               361
          4760    6992544             93             90       -3        1510               401
          4761   12735897             93             90       -3        1531               528
          4762    4083666             93             85       -8         610               391
          4763    1123587             93             69      -24       -4619               440
          4764   12735975             93             83      -10         324               275
          4765   12155459             93            119       26        3883               257
          4766   12276380             93             83      -10         189               174
          4767    2704292             93             69      -24       -4625               272
          4768    9837116             93            112       19        3602               368
          4769    3519309             93             74      -19       -2370               276
          4770    7055505             93            106       13        3277               296
          4771   12209191             93             64      -29       -7287               238
          4772    3965082             93             86       -7         884               218
          4773   11077167             93             68      -25       -4954               291
          4774    8792227             93            122       29        3987               370
          4775   10303142             93             78      -15       -1085               287
          4776    7673246             93             75      -18       -2017               318
          4777    5163217             93             79      -14        -826               314
          4778   10460967             93             72      -21       -3246               282
          4779   13660783             93             96        3        2369               384
          4780    3693005             92            134       42        4322               276
          4781   10231902             92             63      -29       -7661               497
          4782    5256970             92             73      -19       -2558               267
          4783   12794562             92             61      -31       -9168               738
          4784    9756287             92             86       -6         990               230
          4785    8273112             92             69      -23       -4253              1474
          4786     398411             92             67      -25       -5265              1855
          4787    7444707             92             71      -21       -3268               240
          4788   13569134             92             58      -34      -11703              1917
          4789    1596773             92             73      -19       -2498               220
          4790    6855830             92            112       20        3656               361
          4791    4227695             92             76      -16       -1472               348
          4792    2322993             92             77      -15       -1150               377
          4793    4325644             92             73      -19       -2504               427
          4794    3202069             92             63      -29       -7686               981
          4795     507615             92             67      -25       -5274               815
          4796    3153642             92             60      -32       -9996               627
          4797    6129848             92             81      -11         -71               540
          4798    4365288             92            100        8        2813               332
          4799    2239387             92             67      -25       -5278               437
          4800    6940935             92             73      -19       -2494               509
          4801    5541130             92             63      -29       -7674              1911
          4802    1638634             92             71      -21       -3390               454
          4803    2978661             92             72      -20       -2845               524
          4804   12392668             92             91       -1        1786               567
          4805    1453048             92             59      -33      -10799               746
          4806   13381046             92             87       -5        1132               563
          4807   13039066             92            107       15        3377               452
          4808    5496875             92             65      -27       -6407               737
          4809    6763882             92             86       -6         945               365
          4810    9974448             92             74      -18       -2283               518
          4811    9016746             92             70      -22       -3779              1239
          4812   10001710             92             77      -15       -1222               229
          4813    1235469             92             70      -22       -3908               249
          4814    2457981             92             71      -21       -3284               500
          4815    4922657             92             78      -14        -929               228
          4816    5523930             92             68      -24       -4723               692
          4817   11647740             92             71      -21       -3378               329
          4818    9953748             92             74      -18       -2139               380
          4819    6002593             92             78      -14        -905               532
          4820    6729890             92             74      -18       -2157              1201
          4821    3512234             92             63      -29       -7735               351
          4822    1119516             92             63      -29       -7891               547
          4823   12719328             92             74      -18       -2171               972
          4824    2123995             92             66      -26       -5885               320
          4825    6761578             92             77      -15       -1111               831
          4826   10292367             92            104       12        3178               260
          4827    5945429             92             82      -10          70               434
          4828   13461123             92             60      -32      -10298               484
          4829    6288873             92             77      -15       -1265               302
          4830   12844018             92             94        2        2258               285
          4831    4539114             92             96        4        2424               398
          4832    1334860             92            134       42        4372               378
          4833    1236166             92             75      -17       -1793               391
          4834    4068334             92             88       -4        1263               348
          4835   12476906             92             75      -17       -1823               944
          4836     250037             92             74      -18       -2210               914
          4837    9171757             92             78      -14        -949               783
          4838    1501537             92             72      -20       -3006               359
          4839    7776207             92             64      -28       -7216               238
          4840    2762069             92             73      -19       -2522               525
          4841   12248397             92             61      -31       -9158               285
          4842   10071120             92             63      -29       -7812               249
          4843   10793025             92             74      -18       -2303               438
          4844    3029117             92            113       21        3737               273
          4845    3744509             92             80      -12        -333              1320
          4846    6378224             92             87       -5        1203               313
          4847    9994223             92             73      -19       -2577               380
          4848    6224123             92             76      -16       -1504               318
          4849    9424445             92             71      -21       -3354               250
          4850    8188546             92             70      -22       -3907               396
          4851    2415323             92             73      -19       -2644               331
          4852    4927927             92             86       -6         987               430
          4853   13220496             92             60      -32      -10113               499
          4854    8851290             92             82      -10         156               442
          4855    7233710             92             99        7        2788               250
          4856    9572551             92             69      -23       -4363               497
          4857    3965514             92             81      -11        -156               872
          4858    9318990             92             92        0        2006               422
          4859    6394938             92             72      -20       -2827               458
          4860   11459903             92             59      -33      -10976               388
          4861   11624646             92            107       15        3398               761
          4862    1667057             92             69      -23       -4184               480
          4863   11523254             92             75      -17       -1745               413
          4864   11692181             92             66      -26       -5884               479
          4865    4989574             92             75      -17       -1789               300
          4866   10789633             92             74      -18       -2159               836
          4867    6941626             92             71      -21       -3254               391
          4868    6403048             92             67      -25       -5380               243
          4869    8807933             92             58      -34      -11818               378
          4870    9667071             92            106       14        3351               348
          4871    6177675             92             90       -2        1674               566
          4872    2967553             92             72      -20       -2799               350
          4873    7895861             92             75      -17       -1664               306
          4874   10755357             92             75      -17       -1664               594
          4875   13111929             92            115       23        3834               369
          4876   11854451             92             74      -18       -2274               491
          4877   11613408             92             72      -20       -2928               375
          4878    3228643             92             58      -34      -11877               818
          4879    3685106             92             91       -1        1836               639
          4880    7624228             92             85       -7         780               832
          4881    9859816             92             79      -13        -622               409
          4882    3493048             92             69      -23       -4435               536
          4883    2997147             92             81      -11        -125               325
          4884    9812263             92             71      -21       -3294               208
          4885   11115015             92             67      -25       -5373               476
          4886   11488377             92             94        2        2345               276
          4887    2310461             92             65      -27       -6492               533
          4888    4284415             92             68      -24       -4888               602
          4889   12912905             92             77      -15       -1203               320
          4890    9499662             92             69      -23       -4382               585
          4891    5440088             92             69      -23       -4123               275
          4892    7985317             92             72      -20       -2971               510
          4893    1286753             92             73      -19       -2432               230
          4894    7160553             92             59      -33      -10869               875
          4895    9407250             92             66      -26       -5871               608
          4896    8186178             92             91       -1        1896               225
          4897    9527696             92             80      -12        -293               449
          4898    6383644             92             80      -12        -249               644
          4899    3657568             92             77      -15       -1215               280
          4900    8636075             92             70      -22       -3746               298
          4901    8533390             92             83       -9         413               259
          4902   12933005             92             67      -25       -5268               394
          4903   10264160             92             74      -18       -2159               209
          4904    3124139             92             59      -33      -11115               754
          4905   13487153             92            128       36        4310               592
          4906    6119320             92             83       -9         434               274
          4907    1148675             92             60      -32       -9933               560
          4908    1555163             92            105       13        3318               417
          4909    8549057             92             85       -7         844               269
          4910    1720117             92             56      -36      -14009               571
          4911    1010006             92             67      -25       -5175               320
          4912     310966             92             71      -21       -3436               438
          4913    6238694             92             64      -28       -7253               468
          4914    7378638             92             65      -27       -6587               584
          4915    6335168             92             84       -8         649               222
          4916   13484802             92             90       -2        1738               523
          4917    2196215             92             63      -29       -7895               315
          4918    6327455             92             69      -23       -4407               442
          4919    6698044             92             91       -1        1878               818
          4920   13696970             92             85       -7         847               151
          4921    6601259             92             93        1        2143               746
          4922    2567877             92             68      -24       -4696               247
          4923    9818187             92             84       -8         639               497
          4924   11829877             92             66      -26       -5851               398
          4925    3415269             92             73      -19       -2586               646
          4926    7435278             92             59      -33      -10938               434
          4927   10606835             92             66      -26       -5829               387
          4928    2893869             92             73      -19       -2450               425
          4929   12072367             92             67      -25       -5403               357
          4930    5255596             92             92        0        2112               359
          4931    6473075             92             62      -30       -8391               330
          4932   13477267             92             74      -18       -2169               461
          4933    7744562             92             77      -15       -1143               551
          4934    2459950             92             64      -28       -7136               556
          4935   11902895             92             65      -27       -6311               441
          4936    6004905             92             70      -22       -3766               423
          4937    8648392             92             62      -30       -8631               718
          4938     918730             92             69      -23       -4396               498
          4939    8847931             92             70      -22       -3641               461
          4940   10589663             92             69      -23       -4289               507
          4941     661678             92             83       -9         367               518
          4942   11161326             92             71      -21       -3415               311
          4943    5666184             92             94        2        2397               238
          4944    9078750             92             79      -13        -443               221
          4945    4748228             92            119       27        4050               495
          4946    8467706             92             72      -20       -2962               694
          4947     593546             92             62      -30       -8588               345
          4948    2718829             92             78      -14        -843               536
          4949   11734897             92             66      -26       -5970               519
          4950   10235976             92             90       -2        1785               202
          4951    2159522             92             73      -19       -2566               604
          4952    2408977             92             90       -2        1813               625
          4953    9698975             92             67      -25       -5479               296
          4954   12561736             92             68      -24       -4852               384
          4955    6018427             92            119       27        4080               366
          4956    8361651             92             81      -11         -50               288
          4957    6182005             92             92        0        2021               364
          4958    9472591             92             82      -10         181               517
          4959    5964316             92            111       19        3735               460
          4960     162744             92             98        6        2774               331
          4961    9413176             92             85       -7         927               383
          4962    4740125             92             80      -12        -285               337
          4963    3897902             92             59      -33      -11052               373
          4964   11953071             92             61      -31       -9556               315
          4965   11820241             92             64      -28       -7245               515
          4966    3111009             92            110       18        3717               218
          4967   11409161             92             71      -21       -3465               354
          4968    2855812             92            103       11        3251               311
          4969    4596759             92             72      -20       -2935               766
          4970    4560857             92             69      -23       -4387               627
          4971    7938358             92             70      -22       -3876               536
          4972    3863464             92             66      -26       -6062               434
          4973    5305044             92             60      -32      -10236               672
          4974    7448177             92             68      -24       -4876               526
          4975    6719308             92             81      -11         -48               345
          4976   12519387             92             63      -29       -7951               464
          4977    8404432             92             83       -9         410               282
          4978    7239011             92             73      -19       -2532               283
          4979   12387491             92            108       16        3615               356
          4980    7456373             92             78      -14        -899               404
          4981    9651839             92             63      -29       -7767               326
          4982   10714411             92             53      -39      -17337               560
          4983     235098             92             91       -1        1969               280
          4984    2112518             92             71      -21       -3323               407
          4985   12017154             92             87       -5        1237               451
          4986   13067276             92             78      -14        -905               390
          4987    5923836             92             70      -22       -3863               538
          4988    6657204             92             78      -14        -879               388
          4989   11118656             92             65      -27       -6428               380
          4990    3520711             92             69      -23       -4371               428
          4991    7185548             92             79      -13        -498               296
          4992    9859250             92             94        2        2359               350
          4993   12486608             92             83       -9         398               265
          4994    7192127             92             73      -19       -2539               530
          4995   10128674             92             77      -15       -1114               492
          4996    9620424             92             65      -27       -6643               271
          4997    2529534             92             58      -34      -12171               521
          4998    7026122             92             56      -36      -13956               392
          4999    3437951             92             80      -12        -329               290
          5000    7848849             92             62      -30       -8667               455
          5001    1343516             92             66      -26       -5807               385
          5002    1854161             92             78      -14        -873               411
          5003     339280             92             62      -30       -8509               381
          5004   11734560             92             63      -29       -7883               443
          5005   11849329             92             75      -17       -1821               234
          5006    7098412             92            104       12        3339               405
          5007    4371570             92             88       -4        1405               260
          5008    8753352             92             77      -15       -1162               336
          5009   10665651             92             86       -6        1100               249
          5010    9536230             92             94        2        2352               541
          5011    1738830             92             86       -6        1049               382
          5012   10997016             92             94        2        2352               399
          5013    4624741             92             78      -14        -780               600
          5014   12342798             92            150       58        4751               349
          5015   11674176             92             86       -6        1072               257
          5016    3266011             92             98        6        2817               383
          5017    5886961             92             96        4        2641               258
          5018    7032651             92             84       -8         736               269
          5019   12246891             92             75      -17       -1762               335
          5020    2941216             92             69      -23       -4331               379
          5021   13462450             92             69      -23       -4231               231
          5022    9671946             92             76      -16       -1407               291
          5023    3340940             92             66      -26       -5938               435
          5024    7864156             92             80      -12        -313               399
          5025    8003862             92             75      -17       -1738               198
          5026     876675             92            123       31        4257               326
          5027    3522392             92             69      -23       -4083               351
          5028    5220708             92             89       -3        1664               211
          5029   13076334             92             92        0        2151               332
          5030    1639000             92             82      -10         235               410
          5031    7173930             92             67      -25       -5430               320
          5032    7706063             92             86       -6        1121               304
          5033    6595138             92             73      -19       -2505               412
          5034     995702             92             90       -2        1779               244
          5035    5970016             92             64      -28       -7191               368
          5036    6740395             92             98        6        2836               303
          5037    2631077             92             72      -20       -2980               285
          5038   11459237             92             76      -16       -1447               424
          5039    3548129             92             68      -24       -4912               289
          5040   12404631             92             68      -24       -4885               267
          5041    7945124             92             74      -18       -2190               294
          5042    4132142             92             78      -14        -843               451
          5043    6590497             92            119       27        4174               233
          5044   12643764             92             93        1        2270               351
          5045    3792303             92             97        5        2749               227
          5046    9273291             92             87       -5        1272               315
          5047    9886612             92             80      -12        -192               192
          5048    9858528             92             87       -5        1346               290
          5049     417592             92             79      -13        -435               243
          5050    4530277             92             65      -27       -6629               300
          5051   10908833             92             78      -14        -856               318
          5052   13141529             92            102       10        3209               230
          5053   10489703             92             78      -14        -851               183
          5054     864383             92             72      -20       -2972               217
          5055   13305494             91             70      -21       -3461               476
          5056    5572653             91            107       16        3637               177
          5057    9562123             91             68      -23       -4452               549
          5058    8611030             91             65      -26       -6102               460
          5059    2499541             91             67      -24       -4962               199
          5060    8527238             91             67      -24       -4922               284
          5061    4137420             91             87       -4        1422               403
          5062    1566609             91             81      -10         189               673
          5063    7426413             91            108       17        3702               430
          5064   12743247             91             69      -22       -3895               207
          5065   12643625             91             68      -23       -4406               230
          5066   11463264             91             95        4        2648               429
          5067    7837988             91             67      -24       -4917               144
          5068     423117             91             71      -20       -3025               279
          5069    1019361             91             63      -28       -7380               255
          5070   11039919             91             65      -26       -6047              1018
          5071    4359768             91            128       37        4485               213
          5072    6187465             91             64      -27       -6730               587
          5073    8749770             91             97        6        2850               478
          5074   13531009             91             67      -24       -4984               544
          5075    5863978             91             64      -27       -6809               502
          5076    1209064             91             61      -30       -8829               457
          5077   11543580             91             74      -17       -1833               317
          5078    1952433             91             68      -23       -4425               315
          5079    3999148             91             94        3        2494               758
          5080     505826             91             72      -19       -2701               233
          5081    3956863             91             89       -2        1799               318
          5082    3222319             91             71      -20       -3063              1437
          5083   10885368             91            101       10        3202               257
          5084    4724661             91             60      -31       -9743              1276
          5085    6381337             91             69      -22       -3996               537
          5086    5772715             91             62      -29       -8111               283
          5087    2644630             91             83       -8         719               223
          5088   12329839             91             73      -18       -2327               295
          5089   10070233             91             67      -24       -4973               384
          5090    6804601             91             79      -12        -376               401
          5091    7294370             91             75      -16       -1576               590
          5092    3696546             91             77      -14        -926               799
          5093    3277539             91             66      -25       -5584               628
          5094     495632             91             69      -22       -3927               381
          5095    2228889             91             61      -30       -8957               565
          5096    3431506             91             65      -26       -6076               810
          5097    1031113             91             68      -23       -4583               688
          5098    7196761             91             75      -16       -1595               269
          5099    2472215             91             62      -29       -8242               429
          5100    8202323             91             56      -35      -13567               754
          5101    4961675             91             65      -26       -6138               432
          5102    1029813             91             65      -26       -6226               372
          5103    6908683             91             80      -11         -28               614
          5104    8371244             91             76      -15       -1279               613
          5105   10886677             91             73      -18       -2243               635
          5106    4216730             91             75      -16       -1504               341
          5107    7874967             91             96        5        2753               415
          5108    6325866             91             89       -2        1703               388
          5109    6299013             91             91        0        2138               255
          5110    9410540             91             79      -12        -340               580
          5111    4971172             91             59      -32      -10634               431
          5112    1333107             91             52      -39      -18471               972
          5113    1227516             91             92        1        2221               308
          5114    7603465             91             68      -23       -4506               427
          5115   13092749             91             57      -34      -12433               553
          5116   12344367             91             92        1        2244               651
          5117    1844749             91             71      -20       -3127               434
          5118    2161374             91             77      -14        -866               259
          5119     400178             91             63      -28       -7449               527
          5120    4358679             91             59      -32      -10539               643
          5121    4559513             91             67      -24       -5064              1379
          5122    6507534             91             69      -22       -4024               259
          5123     580931             91             76      -15       -1225              1350
          5124    7678345             91             69      -22       -3994               294
          5125    7297482             91             63      -28       -7597               773
          5126    4813023             91             65      -26       -6110               775
          5127    5133857             91             74      -17       -1903               674
          5128    6238270             91             81      -10         168               215
          5129    7710476             91             54      -37      -15836               986
          5130    7907791             91             69      -22       -4012               350
          5131     947613             91             83       -8         695               758
          5132    2475737             91             67      -24       -5179               408
          5133    8344242             91             71      -20       -3029               198
          5134    3959105             91             71      -20       -3136               885
          5135    6111564             91             84       -7         895               320
          5136    6175419             91             63      -28       -7561               688
          5137   10336963             91             76      -15       -1225               439
          5138   12245780             91             73      -18       -2303               671
          5139    8560612             91             69      -22       -4024               707
          5140    6938300             91             68      -23       -4494               320
          5141     400040             91             81      -10         272               314
          5142    7368197             91             69      -22       -3882               271
          5143    9666362             91             67      -24       -5183               540
          5144   10182026             91             78      -13        -523               235
          5145    6564888             91             62      -29       -8250               886
          5146    4237908             91             74      -17       -1987               577
          5147    6694506             91             74      -17       -1978               221
          5148    8564796             91             70      -21       -3430               916
          5149    1681024             91             54      -37      -16031               624
          5150    8807633             91             68      -23       -4657               614
          5151   12006455             91             93        2        2461               579
          5152    6653900             91             82       -9         429               482
          5153    2724720             91             59      -32      -10539               499
          5154    7887163             91            123       32        4421               391
          5155    3132641             91             94        3        2523               683
          5156    4928344             91             63      -28       -7499               455
          5157   13603081             91             69      -22       -4027               751
          5158    4291232             91             75      -16       -1570               527
          5159    8161823             91             82       -9         520               204
          5160    6896570             91             68      -23       -4590               584
          5161   10479895             91             61      -30       -8967               883
          5162    9969736             91             78      -13        -529               744
          5163    8282315             91             83       -8         701               245
          5164   11855208             91             88       -3        1616               764
          5165    4272635             91             66      -25       -5715               585
          5166   11140737             91             78      -13        -618               530
          5167   12942263             91             75      -16       -1546               274
          5168    8102571             91             65      -26       -6226               617
          5169    4245987             91             92        1        2286               465
          5170   11033775             91             68      -23       -4649               588
          5171    2561506             91             63      -28       -7621               655
          5172    1006573             91             66      -25       -5892               305
          5173   10791164             91             70      -21       -3603               387
          5174    1057007             91             91        0        2140               280
          5175    6519059             91             93        2        2460               877
          5176    8271850             91            108       17        3819               246
          5177    1736111             91             68      -23       -4659               659
          5178   10667019             91             66      -25       -5800               395
          5179   13133226             91             69      -22       -3975               514
          5180    9428342             91             67      -24       -5029               635
          5181   11450139             91             68      -23       -4317               248
          5182    4627593             91             73      -18       -2391               605
          5183    7745608             91             55      -36      -14716               583
          5184    4714523             91             63      -28       -7683               491
          5185    9450796             91             86       -5        1319               384
          5186    2431551             91             86       -5        1270               290
          5187    1982434             91             55      -36      -14916               729
          5188    8306727             91             76      -15       -1275               522
          5189   11910121             91             66      -25       -5677               256
          5190    3544003             91             62      -29       -8207               515
          5191   10628628             91             67      -24       -5117               274
          5192    6389218             91             77      -14        -975               485
          5193    3819709             91             76      -15       -1266               417
          5194   13425051             91             65      -26       -6222               455
          5195    8226583             91             68      -23       -4507               356
          5196   11252979             91             72      -19       -2684               637
          5197   12361193             91             72      -19       -2740               503
          5198   10182595             91             88       -3        1655               379
          5199   13389735             91             76      -15       -1082               218
          5200    4302872             91             76      -15       -1239               235
          5201    5216474             91             64      -27       -6754               419
          5202    2246692             91             71      -20       -3096               607
          5203    9003134             91             96        5        2814               577
          5204    6856154             91             63      -28       -7774               374
          5205   10146812             91             63      -28       -7456               397
          5206     695681             91             55      -36      -14951               870
          5207   12450986             91            107       16        3749               357
          5208    1858974             91             84       -7         881               430
          5209     911521             91             82       -9         440               824
          5210   13086218             91             72      -19       -2688               426
          5211    4740994             91             65      -26       -6136               195
          5212    5247765             91             69      -22       -4143               350
          5213   10998474             91             78      -13        -496               248
          5214   12552334             91             56      -35      -13517               616
          5215    5135969             91             69      -22       -3918               417
          5216    1120981             91            143       52        4878               289
          5217    4784716             91             79      -12        -247               320
          5218    8912898             91             68      -23       -4620               497
          5219    8703445             91             65      -26       -6315               545
          5220   13325042             91            132       41        4710               461
          5221    9531957             91             82       -9         441               665
          5222   11974389             91             81      -10         185               350
          5223    7605402             91             73      -18       -2260               562
          5224   10709535             91             61      -30       -8981               854
          5225    4086858             91             69      -22       -4006               449
          5226   12708742             91             89       -2        1877               466
          5227    1907037             91             79      -12        -212               678
          5228    5988565             91             64      -27       -6865               479
          5229    1382141             91             97        6        2964               607
          5230    7521755             91             64      -27       -7007               614
          5231    7820644             91             65      -26       -6190               599
          5232   12740883             91             58      -33      -11466               376
          5233   10219563             91             70      -21       -3673               505
          5234   12080434             91             80      -11         -97               595
          5235    4768650             91             82       -9         572               487
          5236    1812689             91             86       -5        1271               404
          5237   10082095             91             61      -30       -8932               622
          5238    3408852             91            100        9        3244               334
          5239   13560774             91             72      -19       -2712               561
          5240    4072480             91             86       -5        1304               505
          5241   11785525             91             59      -32      -10712               352
          5242    9826164             91             83       -8         822               346
          5243    8573385             91             90       -1        2054               486
          5244   11839470             91            146       55        4941               625
          5245     879738             91             61      -30       -9041               525
          5246     489899             91             95        4        2738               365
          5247     995762             91             61      -30       -9160               453
          5248   12736562             91             84       -7         909               424
          5249   12210950             91             68      -23       -4565               421
          5250    1663437             91             73      -18       -2242               372
          5251   12264481             91             75      -16       -1463               266
          5252    7184109             91             68      -23       -4684               375
          5253    4025604             91             75      -16       -1533               320
          5254    3971990             91             69      -22       -3960               338
          5255   12699440             91             74      -17       -1858               384
          5256    3139651             91             67      -24       -5117               341
          5257   11645525             91             88       -3        1763               243
          5258   12391447             91             68      -23       -4531               461
          5259     476420             91             89       -2        1852               346
          5260   12813071             91             87       -4        1491               607
          5261     203828             91             86       -5        1383               320
          5262     651109             91             70      -21       -3572               202
          5263   12887023             91            107       16        3796               318
          5264   11099977             91             73      -18       -2308               260
          5265    1596865             91             73      -18       -2328               641
          5266    4316317             91             60      -31       -9890               256
          5267   11398535             91             68      -23       -4474               226
          5268    3031362             91             71      -20       -3099               372
          5269    9179236             91             75      -16       -1560               464
          5270    5194814             91             77      -14        -758               259
          5271   12564444             91             62      -29       -8326               402
          5272    7335346             91             73      -18       -2253               343
          5273    6066345             91            123       32        4519               349
          5274   13441313             91             66      -25       -5662               587
          5275   11243963             91             59      -32      -10862               511
          5276    2478087             91             79      -12        -211               376
          5277    2722706             91             79      -12        -268               347
          5278    5752828             91             70      -21       -3508               399
          5279   11622726             91             62      -29       -8369               574
          5280     999047             91             60      -31       -9774               414
          5281    2413371             91             81      -10         405               245
          5282    9918716             91             60      -31       -9902               324
          5283    3126177             91             67      -24       -5200               370
          5284    6873222             91             95        4        2839               244
          5285     844697             91             66      -25       -5662               369
          5286    4682877             91             85       -6        1162               265
          5287    5046328             91             83       -8         840               265
          5288    1606723             91             76      -15       -1146               274
          5289    7469390             91             83       -8         741               379
          5290    7764670             91             84       -7        1038               241
          5291   10893923             91             69      -22       -4039               282
          5292   11662832             91             80      -11         -49               334
          5293    2126666             91             71      -20       -3019               356
          5294    3645451             91             75      -16       -1466               375
          5295    2002351             91             73      -18       -2151               412
          5296    2029773             91             68      -23       -4597               330
          5297    1467714             91             87       -4        1540               291
          5298    5382013             91             74      -17       -1823               257
          5299    1834969             91             99        8        3211               397
          5300    8839653             91             54      -37      -16215               525
          5301    6192530             91             67      -24       -5048               479
          5302    1527414             91             87       -4        1551               426
          5303    1105720             91             61      -30       -9211               303
          5304    1807344             91             59      -32      -10821               514
          5305   11837088             91             70      -21       -3470               210
          5306   12217889             91             69      -22       -3803               370
          5307    6829111             91            139       48        4931               273
          5308    8426626             91             96        5        2904               375
          5309   12775515             91             96        5        2928               416
          5310    1815928             91             90       -1        2130               349
          5311   11995039             91             89       -2        1875               483
          5312    1164868             91            105       14        3689               479
          5313    3253540             91            111       20        4086               306
          5314   12384462             91             66      -25       -5678               323
          5315   11968809             91             56      -35      -14035               409
          5316    8509495             91             64      -27       -6922               296
          5317    8378398             91             89       -2        1892               440
          5318    1269344             91             64      -27       -6889               476
          5319    7432700             91             63      -28       -7556               468
          5320    5948257             91             68      -23       -4603               308
          5321    1707796             91             65      -26       -6262               454
          5322    4504350             91             61      -30       -9073               333
          5323    6250931             91             93        2        2603               181
          5324    2285586             91             70      -21       -3566               311
          5325    3680928             91             86       -5        1335               369
          5326   11840220             91            105       14        3707               342
          5327   10809993             91             71      -20       -3129               276
          5328    1133020             91             94        3        2681               503
          5329   13168347             91             67      -24       -5159               329
          5330   12947715             91             90       -1        2095               306
          5331    4029901             91             65      -26       -6259               212
          5332    4290886             91             73      -18       -2054               493
          5333    8815340             91             78      -13        -566               341
          5334    2626653             91             81      -10         269               280
          5335   10970268             91             69      -22       -4044               339
          5336   10788616             90             70      -20       -3165               207
          5337    9978372             90             67      -23       -4677               865
          5338    4974239             90             68      -22       -4106               173
          5339    1914768             90             90        0        2242               300
          5340    6766097             90             76      -14        -874               480
          5341   13256508             90             77      -13        -573               402
          5342    5468166             90             73      -17       -1969               548
          5343    1512284             90             77      -13        -590               176
          5344    3811694             90             64      -26       -6451               833
          5345    8966657             90             73      -17       -1900               190
          5346    9960449             90             74      -16       -1511               240
          5347    3384632             90             67      -23       -4702               675
          5348   11164272             90             70      -20       -3186               448
          5349   11910902             90             77      -13        -622               274
          5350    5583348             90             89       -1        2074               298
          5351   11836887             90             80      -10         270               371
          5352    9753651             90             79      -11         -14               244
          5353    6206052             90             94        4        2805               266
          5354    8132002             90             72      -18       -2364               301
          5355    8596877             90             60      -30       -9374               308
          5356   10358464             90             53      -37      -16680              1827
          5357   11292621             90             93        3        2669               401
          5358    4242954             90             87       -3        1706               269
          5359   12880536             90             84       -6        1148               300
          5360    8373324             90             64      -26       -6459               460
          5361    3197039             90             64      -26       -6403               454
          5362    6556162             90             62      -28       -7779               242
          5363   13601476             90             74      -16       -1525               337
          5364    3394168             90             78      -12        -378               427
          5365   13160643             90             65      -25       -5819               456
          5366    9399062             90             66      -24       -5203               398
          5367    4768793             90             85       -5        1348               515
          5368   11186989             90             68      -22       -4176               313
          5369    1928112             90             93        3        2674               194
          5370    8267479             90             61      -29       -8604              1260
          5371    7409249             90             67      -23       -4692               157
          5372    2044589             90             97        7        3147               259
          5373    4158161             90             58      -32      -11164               482
          5374    6707561             90             65      -25       -5772               490
          5375   11729322             90             93        3        2670               441
          5376   13102178             90             64      -26       -6534               625
          5377    4362722             90             79      -11        -109               362
          5378   11926867             90             77      -13        -569               213
          5379    4253316             90             69      -21       -3750               391
          5380    7206636             90             82       -8         690               442
          5381    5245577             90             72      -18       -2344               226
          5382    6095576             90             65      -25       -5973               517
          5383    3279670             90             68      -22       -4373               411
          5384   12516747             90             72      -18       -2272               246
          5385    2567470             90             71      -19       -3000               398
          5386    6730267             90             68      -22       -4097               375
          5387    4729997             90             61      -29       -8674              1062
          5388   13109330             90             64      -26       -6515               591
          5389   13600023             90             76      -14       -1011               466
          5390   12206531             90             60      -30       -9541               571
          5391    1057795             90             66      -24       -5187               390
          5392    1535878             90             73      -17       -2158               195
          5393    5480559             90             57      -33      -12262              1054
          5394    7518699             90             62      -28       -7981               440
          5395    1454094             90             97        7        3128               427
          5396    2078454             90             89       -1        2060               289
          5397    5371152             90             70      -20       -3332               601
          5398    1173971             90             58      -32      -11353              1375
          5399    7631336             90             69      -21       -3668               332
          5400    6909951             90             71      -19       -2791               322
          5401   13455884             90             61      -29       -8563               425
          5402    1351247             90             78      -12        -441               216
          5403   12308609             90             69      -21       -3626               262
          5404     264053             90             79      -11         -74               562
          5405    5275210             90             58      -32      -11048               827
          5406   11151577             90             65      -25       -6036               356
          5407   13669060             90             70      -20       -3165               308
          5408   10249553             90             73      -17       -1916               323
          5409   12184349             90             65      -25       -5874               355
          5410    8834497             90             59      -31      -10461               422
          5411    8706278             90             67      -23       -4661               388
          5412    2045404             90             61      -29       -8703               530
          5413   12232093             90             66      -24       -5358               562
          5414    1261394             90             81       -9         571               286
          5415    6629709             90             82       -8         724               322
          5416    7100489             90             67      -23       -4789               336
          5417    3335893             90             60      -30       -9654               472
          5418    9179730             90             76      -14        -996               312
          5419    2182637             90             69      -21       -3779               437
          5420     630926             90             61      -29       -8654               425
          5421    8158212             90             58      -32      -11356               528
          5422   13507092             90             82       -8         806               186
          5423    3326610             90             65      -25       -5988               445
          5424    6320570             90             78      -12        -326               707
          5425     667869             90             69      -21       -3830               432
          5426    1173079             90             62      -28       -8020               331
          5427    3364626             90             74      -16       -1614               541
          5428    5997385             90             65      -25       -5918               488
          5429    3952826             90             84       -6        1187               238
          5430   12752711             90             73      -17       -1896               316
          5431    8921253             90             69      -21       -3796               612
          5432    5600024             90             82       -8         743               311
          5433   13443404             90             87       -3        1767               310
          5434    4219981             90             72      -18       -2348               518
          5435    4001155             90             60      -30       -9614               259
          5436    3950968             90             66      -24       -5371               202
          5437    7935175             90             65      -25       -5853               257
          5438   10426312             90             58      -32      -11236               656
          5439   11204696             90             66      -24       -5313               334
          5440    2312235             90             81       -9         474               573
          5441    6303286             90             63      -27       -7341               778
          5442   10741727             90             63      -27       -7535               269
          5443    2348710             90             79      -11         -57               416
          5444    7692145             90             64      -26       -6536               394
          5445    7554069             90             92        2        2587               511
          5446   10852339             90            118       28        4548               502
          5447    3916129             90             61      -29       -8661               779
          5448   11934713             90             65      -25       -5864               550
          5449    1536746             90             73      -17       -2110               300
          5450    4705244             90             88       -2        1874               347
          5451    2573552             90             59      -31      -10357               395
          5452    7172721             90             74      -16       -1559               339
          5453    8097425             90             73      -17       -1796               297
          5454    4481723             90             61      -29       -8504               527
          5455    9791373             90             69      -21       -3762               690
          5456    1865242             90             62      -28       -7772               383
          5457    4523975             90             83       -7        1060               164
          5458    4216924             90             76      -14        -917               851
          5459   12618294             90             67      -23       -4723               312
          5460    6262724             90             77      -13        -592               417
          5461    6067745             90             86       -4        1631               278
          5462   12802658             90             63      -27       -7144               831
          5463    2846967             90            126       36        4816               260
          5464    5260004             90             69      -21       -3644               503
          5465    1447212             90             98        8        3333               298
          5466    1977519             90             59      -31      -10349               821
          5467   10983311             90             72      -18       -2421               483
          5468    8662166             90             70      -20       -3200               655
          5469    1897057             90             54      -36      -15557               894
          5470    7270230             90             75      -15       -1154               193
          5471   12609264             90             73      -17       -1949               369
          5472   11568430             90             74      -16       -1468               611
          5473    1688364             90             71      -19       -2933               740
          5474    1912900             90             77      -13        -691               377
          5475    7876180             90             68      -22       -4292               827
          5476    9276031             90             88       -2        1923               361
          5477   11955662             90             70      -20       -3353               480
          5478    7090702             90             78      -12        -147               399
          5479   11551165             90             67      -23       -4809               453
          5480    4642251             90             85       -5        1305               588
          5481    3870707             90             81       -9         433               557
          5482    7037355             90            110       20        4247               259
          5483    7919918             90             60      -30       -9468              1076
          5484    5292039             90             53      -37      -16929               851
          5485    3786566             90             61      -29       -8808               603
          5486    9550011             90             64      -26       -6571               646
          5487    8808879             90             68      -22       -4187              1078
          5488   10600895             90             67      -23       -4969               719
          5489   10175753             90             69      -21       -3622               263
          5490   12134579             90             67      -23       -4898               327
          5491     136353             90             73      -17       -1948               719
          5492    2180284             90             54      -36      -15751               554
          5493   11083429             90             70      -20       -3136               428
          5494    9274695             90             69      -21       -3688               376
          5495    4305710             90             71      -19       -2888               507
          5496    9454321             90             61      -29       -8617               575
          5497   11136649             90             78      -12        -360               338
          5498    8006639             90             74      -16       -1624               254
          5499    4821622             90             63      -27       -7358               377
          5500    1977642             90             70      -20       -3209               582
          5501     959416             90             98        8        3366               286
          5502    7340700             90             68      -22       -4183               292
          5503     932583             90             80      -10         298               365
          5504    8316355             90             74      -16       -1640               212
          5505    8191194             90             68      -22       -4276               423
          5506   13180645             90             66      -24       -5334               522
          5507    3249438             90            103       13        3743               419
          5508    2839313             90             54      -36      -15746               555
          5509    1984600             90            101       11        3598               606
          5510   11758226             90             68      -22       -4058               417
          5511   10931965             90             79      -11          48               301
          5512    9411219             90             83       -7        1038               469
          5513    9716206             90             68      -22       -4247               360
          5514    5219125             90             72      -18       -2305               342
          5515    9644861             90             56      -34      -13693               341
          5516    3725560             90             78      -12        -291               517
          5517    3605140             90             58      -32      -11336               370
          5518    1285212             90             65      -25       -6044               334
          5519    8830368             90             63      -27       -7325               565
          5520    8224547             90             56      -34      -13384               529
          5521    5283050             90             68      -22       -4203               570
          5522   12213406             90             63      -27       -7319               461
          5523    9534587             90             76      -14        -902               308
          5524    7837446             90             73      -17       -1969               559
          5525   10370665             90             92        2        2724               201
          5526   10920196             90             73      -17       -1933               401
          5527    5538515             90             77      -13        -534               606
          5528   12553027             90             67      -23       -4917               294
          5529    7599735             90             68      -22       -4327               673
          5530    2423395             90            124       34        4829               487
          5531   12750725             90             65      -25       -5883               556
          5532    8206909             90             71      -19       -2647               301
          5533   10010345             90             80      -10         267               395
          5534    2196440             90            120       30        4684               447
          5535   11224361             90             66      -24       -5406               434
          5536    6674774             90             69      -21       -3499               247
          5537   11768426             90             96        6        3160               371
          5538    1759300             90             63      -27       -7256               341
          5539   12513343             90             64      -26       -6574               366
          5540    6997973             90             57      -33      -12557               478
          5541    7133943             90             55      -35      -14427               619
          5542   11024325             90             75      -15       -1138               701
          5543    1115626             90             77      -13        -597               438
          5544    2811253             90             79      -11         -55               322
          5545   11758542             90             59      -31      -10303               588
          5546    7488644             90             65      -25       -5939               402
          5547    5428047             90             92        2        2717               447
          5548   13262332             90             64      -26       -6763               450
          5549     609710             90             73      -17       -1963               661
          5550    9476911             90             69      -21       -3783               482
          5551    9109703             90             59      -31      -10418               635
          5552    9222411             90             78      -12        -304               391
          5553    1124888             90             82       -8         756               539
          5554   12572616             90             72      -18       -2257               206
          5555    1943578             90             88       -2        1950               377
          5556    7094716             90            102       12        3721               329
          5557   11082866             90             70      -20       -3194               363
          5558    3265541             90             75      -15       -1160               539
          5559    2801757             90             64      -26       -6630               505
          5560      64942             90             71      -19       -2850               557
          5561    7099084             90             89       -1        2217               365
          5562     354786             90             62      -28       -8080               334
          5563    1263766             90             65      -25       -5869               447
          5564   11387067             90             94        4        2935               515
          5565    9428485             90             69      -21       -3845               485
          5566    1727861             90             77      -13        -404               213
          5567    7047910             90            103       13        3855               173
          5568    1054204             90            122       32        4794               173
          5569    1812473             90             68      -22       -4268               516
          5570   10953793             90            131       41        5049               329
          5571      71202             90             63      -27       -7366               632
          5572     399323             90             72      -18       -2426               336
          5573   12976556             90             81       -9         605               492
          5574   11701392             90             70      -20       -3236               654
          5575   13512297             90             71      -19       -2743               325
          5576    9032701             90             61      -29       -8863               521
          5577    2630781             90            114       24        4514               240
          5578    5080490             90             62      -28       -8040               455
          5579    5916728             90             95        5        3070               227
          5580   12773214             90             56      -34      -13445               645
          5581    6694802             90             78      -12        -299               327
          5582    2678729             90             62      -28       -7950               558
          5583    4437474             90             83       -7        1052               317
          5584   11085192             90             76      -14        -803               371
          5585    3063783             90             76      -14        -700               555
          5586   10478650             90             70      -20       -3295               557
          5587    1244048             90             77      -13        -582               431
          5588    2093223             90             57      -33      -12690               486
          5589    3156051             90             86       -4        1603               395
          5590    7338617             90             91        1        2616               274
          5591    8461122             90             71      -19       -2562               293
          5592    8622208             90             61      -29       -8665               265
          5593   13720866             90             73      -17       -1864               317
          5594   11400970             90            107       17        4108               492
          5595   13519490             90             61      -29       -8677               331
          5596    2856420             90             64      -26       -6721               368
          5597   10411197             90             85       -5        1528               223
          5598    6222637             90             69      -21       -3773               261
          5599   10935436             90             66      -24       -5450               409
          5600   12709537             90             76      -14        -869               297
          5601    5986116             90             85       -5        1452               302
          5602     980512             90             61      -29       -8744               463
          5603   12556169             90             85       -5        1468               497
          5604   11498077             90             77      -13        -515               339
          5605    3659430             90             60      -30       -9577               228
          5606    8010255             90             67      -23       -4620               329
          5607   11794564             90             56      -34      -13415               343
          5608    8987565             90             79      -11           6               290
          5609   12843330             90             66      -24       -5233               258
          5610    6883641             90             96        6        3295               303
          5611    4796128             90             67      -23       -4867               404
          5612   11526283             90             86       -4        1642               336
          5613    6239644             90             82       -8         873               231
          5614    1025277             90             71      -19       -2790               295
          5615     983262             90             71      -19       -2858               431
          5616    6970658             90             91        1        2549               371
          5617    6226349             90             64      -26       -6648               228
          5618    4440400             90             74      -16       -1611               296
          5619   11698938             90            109       19        4275               322
          5620    4174858             90             96        6        3265               294
          5621    1923623             90             71      -19       -2771               345
          5622      35246             90             61      -29       -8945               350
          5623    9118565             90             80      -10         308               498
          5624    3583027             90             95        5        3104               209
          5625   13476167             90             80      -10         283               353
          5626   12936583             90             73      -17       -1954               340
          5627    7760116             90             82       -8         822               259
          5628   11183415             90             70      -20       -3291               308
          5629     756537             90             64      -26       -6659               369
          5630    1570242             90             72      -18       -2384               232
          5631   13636500             90             96        6        3223               300
          5632    5111279             90            100       10        3644               334
          5633   13244742             90             64      -26       -6635               291
          5634    7216687             90             64      -26       -6713               254
          5635    4512783             90             64      -26       -6708               305
          5636   11719823             90             69      -21       -3768               221
          5637     246506             90             88       -2        2049               297
          5638   10442627             90             82       -8         828               333
          5639    8390738             90             73      -17       -1960               225
          5640    4094986             90             65      -25       -6009               236
          5641    7472046             89             89        0        2375               279
          5642    3505361             89             68      -21       -3795               211
          5643    2890096             89             95        6        3217               176
          5644    7175226             89            103       14        3938               348
          5645   11966106             89             77      -12        -285               750
          5646    3867654             89             64      -25       -6088               683
          5647    1842626             89             71      -18       -2465               469
          5648    9366943             89             55      -34      -13994               661
          5649    8673157             89             76      -13        -606               812
          5650    6106171             89             89        0        2362               203
          5651   13220064             89            135       46        5206               509
          5652    8834299             89             81       -8         730               383
          5653    3279147             89             74      -15       -1194               249
          5654    1007782             89             67      -22       -4396               225
          5655    3726446             89             69      -20       -3323               383
          5656     257540             89             66      -23       -4937               796
          5657    6636618             89             67      -22       -4320               221
          5658   11847093             89             68      -21       -3873               315
          5659   11655023             89             60      -29       -9030               520
          5660   11719393             89             69      -20       -3373               683
          5661    8878646             89             71      -18       -2427               319
          5662    6788589             89             65      -24       -5551               610
          5663    5121915             89             74      -15       -1209               234
          5664    6463688             89             81       -8         808               130
          5665    1903773             89             76      -13        -568               683
          5666    8641722             89             53      -36      -16493               544
          5667    7472397             89             68      -21       -3883              2297
          5668     689350             89             58      -31      -10799               492
          5669   10551773             89             86       -3        1800               201
          5670    1658105             89             72      -17       -2052               278
          5671    4015602             89             76      -13        -622               302
          5672    9201812             89             55      -34      -13994               688
          5673    9252096             89             69      -20       -3299               530
          5674   11193093             89             81       -8         784               565
          5675    8336623             89             61      -28       -8266              1121
          5676    8700699             89             65      -24       -5598               467
          5677    9533340             89             64      -25       -6165               523
          5678    9481750             89             94        5        3109               470
          5679   13144213             89             97        8        3458               289
          5680     911355             89             71      -18       -2489               252
          5681    5273928             89             66      -23       -5048               595
          5682    5989561             89             92        3        2882               229
          5683   10416646             89             61      -28       -8383               391
          5684    3840708             89             86       -3        1821               464
          5685    8434181             89             83       -6        1319               149
          5686    1716904             89             85       -4        1644               322
          5687    6626759             89             74      -15       -1325               930
          5688   12575236             89             76      -13        -592               348
          5689    2575996             89             78      -11         -88               328
          5690     403779             89             74      -15       -1191               240
          5691   12106343             89             71      -18       -2497               521
          5692    7777744             89             97        8        3465               259
          5693    9858340             89             69      -20       -3330               258
          5694    9063527             89             62      -27       -7589               467
          5695    8925160             89             82       -7        1075               279
          5696    8087126             89            121       32        4888               308
          5697    8947792             89             68      -21       -3945               390
          5698    6566359             89             66      -23       -5009               225
          5699    5362807             89             81       -8         746               408
          5700    6506212             89             76      -13        -584               216
          5701    4990886             89             70      -19       -2862               197
          5702    9601772             89             73      -16       -1687               426
          5703   10858322             89             63      -26       -6681               360
          5704    5795324             89             72      -17       -2050               313
          5705    6385268             89             75      -14        -822               410
          5706    5720578             89             60      -29       -9227               406
          5707    1394231             89             67      -22       -4409               483
          5708   10408075             89             86       -3        1859               397
          5709    5122225             89             85       -4        1623               316
          5710   10106465             89             78      -11          69               169
          5711    3908402             89             67      -22       -4578               769
          5712    5287191             89             63      -26       -6933               370
          5713   11855111             89             57      -32      -12013               616
          5714    9844902             89             60      -29       -9097               476
          5715   10681250             89             62      -27       -7493               284
          5716    2259600             89            117       28        4767               459
          5717    9110619             89             92        3        2891               277
          5718    9285558             89             80       -9         547               216
          5719   12830239             89             65      -24       -5559               282
          5720    2926201             89             61      -28       -8259               709
          5721     325699             89             66      -23       -4974               245
          5722   13121177             89             69      -20       -3489               436
          5723    3164970             89             65      -24       -5508               811
          5724    1691960             89             70      -19       -2899               826
          5725   12997874             89             73      -16       -1693               471
          5726     545851             89             89        0        2372               376
          5727   12399878             89             71      -18       -2625               650
          5728   12581496             89             69      -20       -3344               256
          5729    1257143             89             66      -23       -4854               670
          5730    2984984             89             70      -19       -2908               638
          5731    5423230             89             86       -3        1909               304
          5732   12279012             89             71      -18       -2423               600
          5733    1412559             89            106       17        4196               310
          5734    4367381             89             69      -20       -3274               276
          5735    2357166             89             71      -18       -2445               481
          5736   12755264             89             67      -22       -4450               345
          5737    5591012             89             67      -22       -4446               328
          5738    4491750             89             58      -31      -10820              1049
          5739     535368             89             86       -3        1931               207
          5740    8336402             89             88       -1        2250               196
          5741     255906             89             67      -22       -4462               772
          5742    2641638             89             68      -21       -3786               268
          5743   11367136             89             63      -26       -6923               670
          5744   12128187             89             74      -15       -1231               408
          5745    2259253             89             61      -28       -8367               370
          5746    9397382             89             64      -25       -6210               317
          5747    3349724             89             60      -29       -9190               637
          5748   10994143             89             68      -21       -3947               302
          5749   10225304             89             59      -30      -10109               732
          5750    8166052             89             62      -27       -7583               932
          5751    1045815             89             69      -20       -3385               325
          5752    7055418             89             71      -18       -2479               466
          5753    5396367             89             68      -21       -3930               580
          5754    9786380             89             67      -22       -4395               494
          5755   12001057             89             77      -12        -183               313
          5756    3939066             89             71      -18       -2459               495
          5757    2415828             89             69      -20       -3554               574
          5758   12821503             89             95        6        3309               380
          5759   11827212             89             67      -22       -4339               341
          5760    3912248             89             84       -5        1436               629
          5761   10331033             89             83       -6        1249               408
          5762   11369446             89             64      -25       -6315               574
          5763    2304057             89             90        1        2653               192
          5764    1293064             89             71      -18       -2436               359
          5765    3866377             89             81       -8         746               598
          5766    8688533             89             70      -19       -2801               284
          5767    2217196             89             64      -25       -6285               297
          5768    6986671             89             72      -17       -1955               573
          5769    4232430             89             67      -22       -4409               491
          5770     468563             89             71      -18       -2269               473
          5771    6198506             89             69      -20       -3409               375
          5772    8727832             89             62      -27       -7583               451
          5773    7196145             89            149       60        5500               757
          5774   12486284             89             96        7        3451               355
          5775    1518442             89             62      -27       -7421               320
          5776    5847751             89            101       12        3859               921
          5777     467678             89             58      -31      -11153               377
          5778     685117             89             54      -35      -15175               907
          5779    6206012             89             67      -22       -4599               551
          5780    7500172             89             60      -29       -9237               775
          5781   12084631             89             64      -25       -6216               493
          5782   13044372             89             59      -30       -9955               661
          5783    7407173             89             72      -17       -2048               668
          5784    5041670             89             78      -11         108               271
          5785    5529243             89             63      -26       -6873               654
          5786   12771297             89             62      -27       -7527               629
          5787    4377057             89             64      -25       -6077               463
          5788   10629074             89             59      -30      -10146               734
          5789    9634437             89             60      -29       -9264               451
          5790    4207650             89             71      -18       -2505               209
          5791    6351463             89             75      -14        -953               466
          5792    5506379             89             68      -21       -3942               569
          5793    7690455             89             60      -29       -9269               505
          5794   12092642             89             81       -8         818               348
          5795    4228727             89             68      -21       -3921               475
          5796    9465833             89             71      -18       -2504               238
          5797    9527975             89             66      -23       -5014               201
          5798    4915627             89             84       -5        1517               468
          5799    9016748             89             67      -22       -4460               277
          5800    2479142             89             73      -16       -1727               313
          5801    3771913             89             80       -9         496               614
          5802    4971499             89             68      -21       -3959               458
          5803    3222457             89             65      -24       -5533               769
          5804   13651471             89             77      -12        -277               433
          5805    7465873             89             76      -13        -554               333
          5806   12930762             89             77      -12        -176               400
          5807   12579462             89             56      -33      -12973               453
          5808    5059429             89             82       -7        1037               378
          5809    3750196             89             67      -22       -4463               592
          5810    7332977             89             67      -22       -4420               360
          5811    1087050             89             85       -4        1653               498
          5812    2813940             89            113       24        4690               394
          5813    9393230             89             77      -12        -163               174
          5814    7884052             89             68      -21       -3848               572
          5815    7012073             89             82       -7        1094               254
          5816    3002141             89             86       -3        1904               432
          5817    8914865             89             65      -24       -5671               428
          5818   13116429             89             78      -11         -21               421
          5819    7371091             89             61      -28       -8491               502
          5820   10282686             89             76      -13        -502               359
          5821     174860             89             61      -28       -8279               428
          5822    5898582             89             64      -25       -6114               502
          5823   11855385             89             72      -17       -1892               273
          5824    2409977             89             73      -16       -1618               314
          5825   13406355             89             70      -19       -2947               435
          5826   10450203             89             73      -16       -1682               367
          5827    5205292             89             66      -23       -4918               281
          5828    3648422             89             69      -20       -3508               338
          5829   10932199             89             51      -38      -19419               784
          5830    8889963             89             70      -19       -2856               294
          5831    9989644             89             79      -10         327               318
          5832    4906593             89             74      -15       -1347               463
          5833    8643662             89             49      -40      -22527               818
          5834    5143490             89             79      -10         365               309
          5835    9634837             89             64      -25       -6315               390
          5836    6375102             89             65      -24       -5705               421
          5837    3241372             89             67      -22       -4511               542
          5838    2472134             89             64      -25       -6404               483
          5839   10541022             89             67      -22       -4382               570
          5840    1842880             89             57      -32      -12022               484
          5841     745524             89             63      -26       -7006               277
          5842    4603716             89            104       15        4179               349
          5843   11048213             89             79      -10         281               476
          5844    8792965             89             93        4        3088               389
          5845      89198             89            138       49        5437               387
          5846    3847535             89             71      -18       -2412               432
          5847    2903251             89             60      -29       -9034               229
          5848    1778985             89             65      -24       -5628               404
          5849     561802             89             59      -30      -10198               686
          5850    5865791             89             63      -26       -7078               508
          5851    9320519             89             68      -21       -3747               267
          5852    7882337             89             89        0        2462               386
          5853    1937403             89             76      -13        -447               260
          5854    5173412             89             84       -5        1543               342
          5855   11819815             89             81       -8         843               470
          5856    2218837             89             69      -20       -3521               446
          5857    9808400             89             67      -22       -4518               184
          5858    5182137             89             71      -18       -2537               396
          5859    2014712             89             68      -21       -3832               214
          5860    8508200             89             75      -14        -913               460
          5861    3613403             89             72      -17       -1904               352
          5862    1589058             89             89        0        2459               379
          5863    1041518             89             66      -23       -5134               485
          5864    1223491             89             61      -28       -8428               441
          5865    1034181             89             78      -11         -25               486
          5866   11095554             89             79      -10         312               446
          5867     649124             89             62      -27       -7689               442
          5868    5697491             89             87       -2        2213               254
          5869    4507442             89             71      -18       -2466               301
          5870    2890779             89             63      -26       -7059               384
          5871    7821198             89             55      -34      -14346               557
          5872    9205669             89             70      -19       -2880               363
          5873     398015             89             82       -7        1129               196
          5874     892635             89            128       39        5272               385
          5875   12597827             89            137       48        5456               382
          5876   11337295             89             76      -13        -608               315
          5877   10387434             89             81       -8         847               399
          5878    3051404             89             86       -3        1985               242
          5879    6968587             89             71      -18       -2367               261
          5880   13522531             89            108       19        4470               378
          5881    9742223             89             73      -16       -1617               401
          5882    1328409             89             89        0        2584               357
          5883   11831362             89             63      -26       -7101               350
          5884    9136195             89             74      -15       -1341               394
          5885    7140361             89             62      -27       -7688               342
          5886   12653527             89             82       -7        1116               349
          5887    6027839             89             70      -19       -2950               362
          5888    2404673             89             85       -4        1809               385
          5889    4589777             89             78      -11          27               415
          5890    2729345             89             72      -17       -2081               416
          5891    3653790             89             80       -9         626               332
          5892   13640088             89             70      -19       -2975               403
          5893    2301718             89             74      -15       -1289               243
          5894    7697715             89             82       -7        1106               431
          5895   11617156             89            104       15        4245               338
          5896    8456825             89             70      -19       -2928               220
          5897    3103980             89             63      -26       -7132               417
          5898     373278             89             71      -18       -2353               290
          5899    8641004             89             70      -19       -2855               565
          5900     953516             89             64      -25       -6028               359
          5901    9019462             89             76      -13        -565               278
          5902    1058146             89             71      -18       -2526               526
          5903    4056012             89             66      -23       -5011               398
          5904   10645073             89             72      -17       -2065               438
          5905    3245312             89             62      -27       -7620               340
          5906    3231465             89             71      -18       -2344               465
          5907    3808479             89             76      -13        -385               370
          5908      32870             89             75      -14        -842               272
          5909    8887437             89             79      -10         511               222
          5910    6468827             89             64      -25       -6408               408
          5911    1202321             89             79      -10         345               243
          5912    4170313             89             67      -22       -4525               315
          5913   12117509             89             68      -21       -3917               475
          5914    2681298             89             68      -21       -3852               442
          5915   10961992             89             85       -4        1874               369
          5916    7640479             89             71      -18       -2475               288
          5917   10645162             89             77      -12        -226               185
          5918    9657255             89             87       -2        2136               298
          5919    2807013             89             96        7        3524               198
          5920     862157             89             73      -16       -1634               425
          5921    5085018             89             72      -17       -2004               329
          5922   11126608             89             87       -2        2191               194
          5923   10635901             89             70      -19       -2961               582
          5924    3714260             89             85       -4        1805               235
          5925   12402207             89             72      -17       -2078               264
          5926   13186568             89            108       19        4554               187
          5927     177428             89             76      -13        -468               371
          5928    2806866             89            147       58        5643               247
          5929    7517377             89             73      -16       -1507               456
          5930    8684209             89             69      -20       -3374               462
          5931    4165844             89             69      -20       -3401               499
          5932   10321950             89             61      -28       -8495               366
          5933    7005339             89             90        1        2842               276
          5934    6068260             89             63      -26       -7008               449
          5935    4609175             89             57      -32      -12163               579
          5936   10258947             89             65      -24       -5658               369
          5937     165297             89             76      -13        -550               287
          5938    1088935             89             69      -20       -3445               296
          5939   12989786             89             55      -34      -14415               357
          5940    3089764             89             86       -3        2005               286
          5941     208416             89             77      -12        -157               276
          5942     209418             89             88       -1        2406               299
          5943     877903             89             52      -37      -18396               415
          5944    2826065             89             83       -6        1350               326
          5945   10159910             89             57      -32      -12373               394
          5946   10989684             89             94        5        3309               237
          5947    9931448             89             83       -6        1383               302
          5948    6460221             89             62      -27       -7825               242
          5949    7201786             89             64      -25       -6294               283
          5950    3612852             89             69      -20       -3403               344
          5951    4102584             89             82       -7        1124               368
          5952   13209769             89             79      -10         343               230
          5953    4506020             89             83       -6        1355               260
          5954   12887677             89             53      -36      -17156               425
          5955   12438873             89            124       35        5230               277
          5956    6343105             89             61      -28       -8634               250
          5957   11335605             89             73      -16       -1637               283
          5958    8707994             89             89        0        2547               202
          5959    1169968             89             70      -19       -2953               250
          5960     730733             89             81       -8        1018               278
          5961   11813373             89             73      -16       -1583               158
          5962   13479459             88             71      -17       -2072               250
          5963     145759             88             68      -20       -3485               195
          5964   12378874             88             70      -18       -2556               518
          5965    1275250             88             74      -14        -950               226
          5966    4730279             88             90        2        2876               168
          5967    8165002             88             69      -19       -2965               214
          5968    1358342             88             71      -17       -2112               303
          5969    4854472             88             61      -27       -7886               356
          5970   13457498             88             91        3        2987               242
          5971    3681415             88             70      -18       -2562               472
          5972    3079936             88             82       -6        1340               377
          5973   12768149             88             69      -19       -3027               327
          5974    9144213             88             77      -11          52               276
          5975     370676             88            103       15        4268               180
          5976     749013             88             71      -17       -2170               350
          5977    8760874             88             68      -20       -3473               282
          5978   11493351             88             52      -36      -17369              2183
          5979    3348086             88             84       -4        1786               226
          5980    2837169             88             67      -21       -4057               430
          5981    8380545             88             75      -13        -550               191
          5982    1529192             88             72      -16       -1792               377
          5983    3285522             88             68      -20       -3625               375
          5984    4611815             88             59      -29       -9517               389
          5985    4282268             88             86       -2        2147               357
          5986   13360117             88             66      -22       -4636               343
          5987    2057378             88             74      -14        -925               727
          5988    3576489             88             74      -14        -938               466
          5989    5241858             88             60      -28       -8741               681
          5990    1138894             88             59      -29       -9802               459
          5991      39493             88             68      -20       -3621               433
          5992    2459941             88             74      -14        -984               495
          5993    8426643             88             61      -27       -7984               673
          5994   11879547             88             65      -23       -5195               512
          5995    2663814             88             78      -10         333               209
          5996   11106280             88             68      -20       -3578               401
          5997   10091870             88             61      -27       -7985               332
          5998    9677262             88             62      -26       -7237               586
          5999    3974803             88             62      -26       -7154               334
          6000    9016655             88             54      -34      -14818               572
          6001   12950948             88             77      -11          26               198
          6002    2140368             88             71      -17       -2082               277
          6003    2250016             88             65      -23       -5318               495
          6004    9633609             88             68      -20       -3518               198
          6005    4191172             88             94        6        3437               613
          6006    3005755             88             58      -30      -10608              1454
          6007   11735340             88             75      -13        -680               688
          6008    2753677             88             61      -27       -7931               277
          6009    3799938             88             61      -27       -8076               627
          6010   12377673             88             69      -19       -3122               638
          6011   11592569             88             67      -21       -4065               223
          6012   12119507             88             80       -8         885               424
          6013    1272773             88             59      -29       -9705               846
          6014   10445583             88             60      -28       -8833               969
          6015   11818218             88             74      -14        -977               464
          6016    8538335             88             73      -15       -1374               499
          6017   10572523             88             71      -17       -2110               375
          6018    3661264             88            111       23        4819               290
          6019   13510409             88             64      -24       -5967               219
          6020    8256623             88             70      -18       -2645               852
          6021    3891752             88             60      -28       -8950               501
          6022   13231128             88             69      -19       -3169               545
          6023    6381850             88             62      -26       -7198               587
          6024    3124057             88             72      -16       -1815               228
          6025    3391832             88             75      -13        -699               626
          6026    7538977             88             77      -11         -32               424
          6027    6074869             88             76      -12        -385               317
          6028   12410139             88             75      -13        -512               249
          6029    2167435             88             85       -3        1946               847
          6030   11097600             88             83       -5        1621               234
          6031     924495             88            124       36        5336               212
          6032   10203976             88             77      -11         -12              1242
          6033   10895954             88             71      -17       -2299               483
          6034    8402296             88             72      -16       -1849               524
          6035   10520599             88             59      -29       -9630               382
          6036   13069099             88             62      -26       -7364               545
          6037   10972969             88             71      -17       -2123               563
          6038    5110950             88             67      -21       -4118               658
          6039    3879200             88             78      -10         231               461
          6040   10848995             88             66      -22       -4780               829
          6041    4415201             88             79       -9         558               560
          6042    8881410             88             70      -18       -2756               367
          6043    8226085             88            104       16        4386               224
          6044   12272169             88             94        6        3470               202
          6045    4472269             88             86       -2        2139               593
          6046   12604704             88             85       -3        1925               344
          6047    3470392             88             62      -26       -7335               808
          6048   12081435             88             68      -20       -3527               939
          6049   10429948             88             63      -25       -6669               376
          6050    9468990             88             55      -33      -13518               307
          6051   10702566             88             56      -32      -12648               587
          6052    8387236             88             86       -2        2108               504
          6053   11767766             88             63      -25       -6619               989
          6054    8046835             88             72      -16       -1744               451
          6055    4490005             88             63      -25       -6436               239
          6056    3382970             88             62      -26       -7331               594
          6057    7741566             88             62      -26       -7266               837
          6058   11568441             88             63      -25       -6730               958
          6059    2953994             88             58      -30      -10726              1066
          6060    7140180             88             54      -34      -15018               409
          6061    1702076             88             62      -26       -7377               278
          6062    9864546             88             79       -9         600               248
          6063    4797567             88             67      -21       -4293               436
          6064    7750015             88             69      -19       -3080               564
          6065     973629             88             62      -26       -7213               258
          6066    2567980             88             69      -19       -3072               886
          6067   12269778             88             66      -22       -4794               347
          6068    1380181             88             65      -23       -5228               227
          6069     354153             88             64      -24       -5982               487
          6070    4362436             88             65      -23       -5249               355
          6071    8726707             88             60      -28       -8805               768
          6072    2540379             88             71      -17       -2053               327
          6073   12836150             88             63      -25       -6625               595
          6074    1106008             88             58      -30      -10559               744
          6075   10436507             88             60      -28       -9066               460
          6076     124586             88             81       -7        1142               291
          6077    1834292             88             59      -29       -9785               475
          6078    2470417             88             98       10        3889               804
          6079    6357155             88             74      -14        -980               331
          6080    9812952             88             67      -21       -4038               298
          6081   11808585             88             66      -22       -4646               297
          6082    5621080             88             67      -21       -4305               535
          6083    7311078             88             78      -10         273               247
          6084    3723389             88             66      -22       -4633               190
          6085    5847801             88             58      -30      -10804               835
          6086    6770071             88             71      -17       -2269               286
          6087   12896049             88             88        0        2545               350
          6088    6839722             88             69      -19       -3251               246
          6089    7164492             88             74      -14       -1113               420
          6090    5618171             88             75      -13        -583               321
          6091    6381425             88             58      -30      -10654               875
          6092   13447003             88             65      -23       -5421               444
          6093   13302814             88             69      -19       -2922               185
          6094    7585197             88             66      -22       -4673               501
          6095    1602339             88             61      -27       -8243               445
          6096    8130794             88             70      -18       -2635               406
          6097    7758247             88             77      -11          29               512
          6098    9892081             88             65      -23       -5484               377
          6099    2370047             88             86       -2        2209               623
          6100   10206148             88             54      -34      -15029               689
          6101      18830             88             73      -15       -1433               266
          6102    7332633             88             59      -29       -9883               652
          6103    7377616             88             76      -12        -262               475
          6104    5735370             88             64      -24       -6036               410
          6105    5261707             88             63      -25       -6664               534
          6106    1275238             88             72      -16       -1702               319
          6107   13367073             88             68      -20       -3745               325
          6108    5531868             88             73      -15       -1487               467
          6109    1634003             88             70      -18       -2727               471
          6110    6727347             88             81       -7        1208               513
          6111    6713283             88             62      -26       -7379               775
          6112    4953514             88             60      -28       -8902               432
          6113    3764494             88             70      -18       -2760               394
          6114   11930578             88             70      -18       -2683               467
          6115   13258980             88             65      -23       -5395               704
          6116    9774352             88             56      -32      -12746               706
          6117    4594425             88             58      -30      -10712               381
          6118   12869006             88             62      -26       -7250               553
          6119    5625250             88             67      -21       -4252               515
          6120     881713             88             73      -15       -1253               407
          6121      73289             88             63      -25       -6664               404
          6122    1689858             88             70      -18       -2610               864
          6123    5944473             88             56      -32      -12665               643
          6124    5249430             88             56      -32      -12883               717
          6125    3906354             88             55      -33      -13902               530
          6126     303380             88             68      -20       -3465               242
          6127    8399716             88             62      -26       -7501               490
          6128    6460904             88             58      -30      -10697               523
          6129    7442673             88             67      -21       -4183               373
          6130    2612872             88             60      -28       -8628               296
          6131    8598765             88             72      -16       -1721               240
          6132    1270072             88             70      -18       -2724               315
          6133    5005665             88             68      -20       -3532               383
          6134    9025605             88            160       72        5951               555
          6135    3545193             88             62      -26       -7387               576
          6136      34236             88             59      -29      -10005               462
          6137    3498737             88             69      -19       -3097               551
          6138   12236095             88             61      -27       -8072               520
          6139   10638886             88             64      -24       -5984               576
          6140   10258361             88             65      -23       -5233               523
          6141   11230205             88             64      -24       -6081               313
          6142    6924005             88             70      -18       -2580               469
          6143    2943597             88             73      -15       -1419               420
          6144    5573327             88             55      -33      -13869               376
          6145    2471645             88             61      -27       -7958               688
          6146    3228194             88             73      -15       -1302               169
          6147    1770547             88             67      -21       -4235               494
          6148    1593630             88             91        3        3180               212
          6149    8094951             88             65      -23       -5371               341
          6150   11921417             88             59      -29       -9480               413
          6151   12906920             88             51      -37      -19150               535
          6152    4065992             88             67      -21       -4346               307
          6153     241310             88             76      -12        -300               628
          6154     703448             88             73      -15       -1275               387
          6155     709246             88             83       -5        1614               362
          6156    2195947             88             65      -23       -5407               496
          6157    1632223             88             65      -23       -5249               394
          6158    3553756             88             68      -20       -3685               326
          6159    3888797             88             71      -17       -1951               222
          6160    7852239             88             92        4        3294               355
          6161      99619             88             56      -32      -12759               586
          6162    1772895             88             71      -17       -2072               427
          6163    2656849             88             79       -9         625               376
          6164    9813383             88             53      -35      -16470               664
          6165    5278801             88             59      -29       -9915               823
          6166    9991061             88             74      -14        -784               254
          6167     693742             88             65      -23       -5252               446
          6168     118148             88             63      -25       -6786               474
          6169   12316965             88             79       -9         576               183
          6170   10119162             88             74      -14        -911               293
          6171    5630996             88             61      -27       -8300               374
          6172    6453495             88             53      -35      -16803               514
          6173   11221355             88             83       -5        1664               213
          6174    6536818             88             62      -26       -7542               408
          6175   12213112             88             76      -12        -290               365
          6176   12513129             88             78      -10         465               351
          6177   11920602             88             63      -25       -6626               426
          6178   13472825             88             84       -4        1962               206
          6179    1586418             88             70      -18       -2614               388
          6180    4596826             88             57      -31      -11973               339
          6181    4056165             88             92        4        3247               233
          6182    5031342             88             75      -13        -582               305
          6183    6830986             88             60      -28       -8950               365
          6184    9628599             88             62      -26       -7347               470
          6185   10971625             88             62      -26       -7378               577
          6186     573287             88             96        8        3796               384
          6187    5377139             88             70      -18       -2684               448
          6188   10072530             88             68      -20       -3670               309
          6189    7694705             88             63      -25       -6583               441
          6190    2136757             88             60      -28       -9113               253
          6191    9029220             88             63      -25       -6513               306
          6192   10294122             88             88        0        2666               262
          6193    1887631             88             71      -17       -2233               212
          6194   12872152             88             63      -25       -6475               319
          6195   11000075             88             74      -14        -961               222
          6196   10456607             88             57      -31      -11925               536
          6197    9336124             88             69      -19       -2975               317
          6198    2061699             88             66      -22       -4876               295
          6199   10238819             88             73      -15       -1407               231
          6200    8285401             88             86       -2        2356               294
          6201    1828584             88             61      -27       -8033               257
          6202    1069923             88             75      -13        -601               279
          6203    4720502             88             74      -14        -955               476
          6204    8281751             88             66      -22       -4837               465
          6205    6061462             88             72      -16       -1806               447
          6206    8157361             88             60      -28       -8880               405
          6207   13478348             88             75      -13        -578               259
          6208    9372145             88             77      -11         188               236
          6209     553762             88             67      -21       -4242               288
          6210    9286413             88             55      -33      -14150               320
          6211    7331857             88             66      -22       -4752               416
          6212    8910308             88             76      -12         -47               354
          6213    6925383             88             94        6        3582               270
          6214   13638725             88             68      -20       -3703               457
          6215   13698785             88             68      -20       -3676               360
          6216    3806765             88             84       -4        1880               339
          6217    8074280             88             66      -22       -4753               270
          6218     749297             88             74      -14        -973               497
          6219   11288455             88             89        1        2919               370
          6220    9209823             88             70      -18       -2398               210
          6221    3697829             88             73      -15       -1365               265
          6222    6086631             88             58      -30      -10687               472
          6223    1779006             88             62      -26       -7440               413
          6224    9585884             88             83       -5        1655               320
          6225    8066351             88             73      -15       -1377               298
          6226   11029977             88             66      -22       -4769               315
          6227    9097973             88             82       -6        1427               327
          6228    3795019             88             68      -20       -3649               398
          6229    2918201             88             96        8        3869               243
          6230     584992             88             66      -22       -4773               411
          6231    8829286             88             88        0        2701               228
          6232   10226152             88            108       20        4832               270
          6233    9168623             88             69      -19       -3143               425
          6234    5793324             88             80       -8         909               489
          6235    7991960             88             78      -10         370               419
          6236   12309420             88             64      -24       -6074               328
          6237    2724503             88             67      -21       -4223               233
          6238    5714080             88             75      -13        -432               310
          6239   10844597             88             63      -25       -6724               386
          6240     613534             88             87       -1        2456               423
          6241    2129086             88             81       -7        1183               393
          6242    9829677             88             71      -17       -2222               367
          6243   11929826             88             83       -5        1715               322
          6244    8531419             88             83       -5        1645               387
          6245    8477573             88             92        4        3352               309
          6246    4540372             88             62      -26       -7409               386
          6247    7464428             88             70      -18       -2674               308
          6248   10693192             88             65      -23       -5359               362
          6249    5557448             88             85       -3        2127               248
          6250    6414527             88             84       -4        1913               344
          6251   10070347             88             61      -27       -7991               275
          6252     418062             88             74      -14        -980               351
          6253   11812337             88             71      -17       -2222               178
          6254    4302912             88             59      -29       -9982               367
          6255    6300928             88             81       -7        1205               353
          6256   10871682             88             76      -12        -234               255
          6257    5115913             87             81       -6        1419               174
          6258    5549342             87             89        2        2996               193
          6259    2423374             87             78       -9         628               372
          6260   11772396             87             62      -25       -6875               305
          6261    6520678             87             76      -11          42               308
          6262    9673294             87             81       -6        1422               242
          6263    6327465             87             76      -11          50               205
          6264   12837608             87             67      -20       -3740               735
          6265   12216187             87             65      -22       -4900               655
          6266    3268268             87             60      -27       -8446               700
          6267   10960770             87             72      -15       -1395               490
          6268    3092942             87             67      -20       -3771               232
          6269    2853750             87             72      -15       -1432               335
          6270    7868294             87             69      -18       -2723               284
          6271   12181055             87             64      -23       -5481               471
          6272    1174758             87             69      -18       -2686               435
          6273     477317             87             51      -36      -18445               460
          6274    6998067             87             52      -35      -17158               629
          6275    9842783             87             64      -23       -5517               391
          6276    7830378             87            108       21        4927               267
          6277    2243915             87             77      -10         287               324
          6278    4185963             87             66      -21       -4334               403
          6279    5317003             87             63      -24       -6232               499
          6280    1827474             87             65      -22       -4882               409
          6281    6559003             87             72      -15       -1435               186
          6282    8890525             87             69      -18       -2813               817
          6283    1752991             87             66      -21       -4393               355
          6284    8185997             87             64      -23       -5504               693
          6285   10172645             87             58      -29      -10265               260
          6286    1102190             87             55      -32      -13436               731
          6287    4708114             87             95        8        3802               390
          6288   13265110             87             71      -16       -1975               249
          6289   13217625             87             59      -28       -9301               390
          6290    6370412             87             59      -28       -9313               682
          6291    9354589             87             69      -18       -2785               230
          6292    2317962             87             62      -25       -6938               371
          6293    5012985             87             69      -18       -2749               313
          6294   11334663             87            100       13        4341               384
          6295   11438743             87             68      -19       -3315               200
          6296    8575735             87             84       -3        2047               269
          6297    6432985             87             73      -14       -1018               338
          6298    7342750             87             69      -18       -2759               486
          6299    8375901             87             64      -23       -5665               250
          6300    7705869             87             57      -30      -11241               545
          6301    5296438             87             68      -19       -3192               933
          6302    5393503             87             87        0        2615               501
          6303    9524768             87             77      -10         305               266
          6304   10229137             87             72      -15       -1389               444
          6305   11821307             87             79       -8         872               726
          6306    1325796             87             78       -9         618               174
          6307    1210264             87             53      -34      -15898               580
          6308   10931438             87            125       38        5632               222
          6309    8925309             87             59      -28       -9377               546
          6310    7426362             87             60      -27       -8436               564
          6311    7575127             87             63      -24       -6230               412
          6312    2099984             87             61      -26       -7705               780
          6313   12997068             87             80       -7        1207               365
          6314   11967030             87             58      -29      -10507               791
          6315   10870731             87             90        3        3165               220
          6316    5232733             87             68      -19       -3459               289
          6317   13135037             87             80       -7        1182               345
          6318   12458861             87             77      -10         368               271
          6319    2526879             87             60      -27       -8783               475
          6320   13510213             87             78       -9         591               310
          6321    4097937             87             79       -8         803               481
          6322   12701546             87             93        6        3619               538
          6323   11787438             87             75      -12        -318               415
          6324    1880870             87             75      -12        -245               238
          6325    4696950             87             58      -29      -10364               637
          6326    9762230             87             64      -23       -5775               763
          6327    7664294             87             59      -28       -9402               772
          6328   11470215             87             56      -31      -12397               993
          6329    9241237             87             68      -19       -3473               437
          6330    1907568             87             61      -26       -7946               487
          6331    3850074             87             66      -21       -4336               214
          6332    4537630             87             70      -17       -2418               282
          6333   10699207             87             80       -7        1102               304
          6334    3860617             87             69      -18       -2724               275
          6335    8015937             87             55      -32      -13607               750
          6336   12142741             87             60      -27       -8586               643
          6337   11493476             87             79       -8         899               387
          6338    5544742             87            105       18        4745               579
          6339    7729002             87             72      -15       -1476               278
          6340    3865569             87             63      -24       -6263               231
          6341     741889             87             67      -20       -3780               639
          6342    8994237             87             54      -33      -14637               842
          6343    5737450             87             78       -9         598               770
          6344   12345759             87            104       17        4703               436
          6345   11560124             87             67      -20       -3700               459
          6346    5233148             87             65      -22       -4835               188
          6347    4378559             87             71      -16       -2097               187
          6348    1380449             87             59      -28       -9499               697
          6349   10176135             87             62      -25       -6952               223
          6350    6596532             87             88        1        2897               206
          6351    7972988             87             94        7        3800               314
          6352    8653979             87             85       -2        2341               235
          6353   12474487             87             70      -17       -2326               240
          6354    1390194             87             72      -15       -1515               652
          6355    7361387             87             79       -8         936               403
          6356       7813             87             57      -30      -11388               559
          6357   11514043             87             68      -19       -3179               192
          6358    1810477             87             75      -12        -288               249
          6359   12065406             87             71      -16       -1871               725
          6360     743278             87             66      -21       -4616               352
          6361   11223001             87             70      -17       -2247               395
          6362   10785415             87             61      -26       -7773               612
          6363    7911282             87             72      -15       -1393               237
          6364     436080             87             79       -8         949               272
          6365    4988099             87             73      -14       -1231               496
          6366   13086340             87             58      -29      -10293               352
          6367    6320851             87             76      -11          28               465
          6368     698673             87             58      -29      -10642               575
          6369    3900391             87             71      -16       -1851               435
          6370    6045446             87             66      -21       -4351               385
          6371     610907             87             64      -23       -5745               340
          6372   12229514             87             76      -11          -9               232
          6373    2252175             87             72      -15       -1524               463
          6374   13141835             87             63      -24       -6275               236
          6375     741168             87             63      -24       -6568               353
          6376   11210286             87             76      -11           3               343
          6377    6403748             87             67      -20       -3845               430
          6378    4787220             87             57      -30      -11480               329
          6379    2003560             87             94        7        3726               288
          6380    1978810             87             49      -38      -21954               801
          6381    9263789             87             61      -26       -7833               320
          6382    7930935             87             67      -20       -3727               332
          6383   10005538             87             66      -21       -4340               322
          6384    6017624             87             63      -24       -6312               553
          6385    5727939             87             82       -5        1742               375
          6386   13099306             87             80       -7        1254               259
          6387    2769491             87             60      -27       -8847               369
          6388    5887408             87             87        0        2716               307
          6389   11735256             87            115       28        5371               444
          6390    2041020             87             57      -30      -11438               665
          6391    4792680             87             81       -6        1456               260
          6392    1649500             87             65      -22       -5010               244
          6393   10234741             87             59      -28       -9248               270
          6394    1120724             87             58      -29      -10426               552
          6395   12991356             87             63      -24       -6361               341
          6396   10848729             87             64      -23       -5855               684
          6397    6919621             87             61      -26       -7657               388
          6398    3987417             87             59      -28       -9521               266
          6399    6599328             87             59      -28       -9419               358
          6400     287052             87             55      -32      -13600               274
          6401    7793401             87             80       -7        1195               447
          6402    2279974             87             77      -10         372               424
          6403   13601452             87             69      -18       -2827               253
          6404    1630611             87             56      -31      -12367               511
          6405    4354020             87             94        7        3760               473
          6406    2698771             87             78       -9         742               192
          6407    7675130             87             49      -38      -21887               852
          6408    1505527             87             69      -18       -2873               442
          6409   13451610             87            111       24        5232               210
          6410    7563229             87            103       16        4655               594
          6411    8092197             87             96        9        4037               578
          6412    9019904             87             79       -8         961               496
          6413    4886866             87             73      -14       -1021               264
          6414     726204             87             64      -23       -5710               611
          6415   11776190             87             89        2        3052               482
          6416    2753080             87             76      -11         -30               440
          6417     419206             87             75      -12        -354               405
          6418    8409680             87            104       17        4788               257
          6419   10992165             87             78       -9         643               171
          6420   11568651             87             64      -23       -5711               256
          6421    9651897             87             66      -21       -4575               321
          6422    7273455             87             66      -21       -4260               228
          6423    5288023             87             63      -24       -6297               510
          6424    9167688             87             68      -19       -3257               315
          6425     115663             87             73      -14       -1003               160
          6426    1884616             87             59      -28       -9534               792
          6427   13507794             87             62      -25       -7057               267
          6428    8239087             87             73      -14       -1053               337
          6429    3959961             87             69      -18       -2744               224
          6430     583677             87             57      -30      -11504               663
          6431    7218092             87             65      -22       -5077               467
          6432   10138407             87            102       15        4614               373
          6433    2209887             87             63      -24       -6389               508
          6434    3762519             87             72      -15       -1457               214
          6435    9161448             87             62      -25       -7061               597
          6436    8365502             87             60      -27       -8629               305
          6437   12259405             87             69      -18       -2787               272
          6438    2214880             87             68      -19       -3435               400
          6439   12856344             87             67      -20       -3816               400
          6440      22268             87             78       -9         563               313
          6441    4619301             87             72      -15       -1531               304
          6442    9048424             87             69      -18       -2554               324
          6443    2592939             87             86       -1        2573               356
          6444   13603471             87             64      -23       -5902               306
          6445   12791054             87             79       -8         856               530
          6446   12611602             87             52      -35      -17475               671
          6447   11174909             87             70      -17       -2253               801
          6448    5813863             87             96        9        4102               429
          6449   10339625             87             75      -12        -246               478
          6450   12616293             87             68      -19       -3395               600
          6451    8814856             87             70      -17       -2334               268
          6452   11319299             87             64      -23       -5541               309
          6453    6807287             87             85       -2        2293               526
          6454   10377891             87             70      -17       -2305               484
          6455   12064659             87             98       11        4290               421
          6456   10575661             87             86       -1        2579               242
          6457    9389988             87             69      -18       -2828               385
          6458   10245412             87             60      -27       -8743               264
          6459    6139992             87             71      -16       -1871               294
          6460   11367594             87             75      -12        -323               247
          6461     593012             87             74      -13        -703               207
          6462    2855151             87             83       -4        1880               431
          6463   12189099             87             61      -26       -7724               548
          6464    1332595             87             65      -22       -4820               335
          6465    6473527             87             68      -19       -3319               738
          6466    8210317             87             74      -13        -753               344
          6467   13597565             87             54      -33      -14924               356
          6468    1349834             87             86       -1        2539               621
          6469    9349163             87            108       21        5090               453
          6470    3805085             87             77      -10         380               437
          6471    9364194             87             61      -26       -8044               481
          6472    2266975             87             65      -22       -4976               324
          6473    1549865             87             91        4        3480               163
          6474    4881909             87             78       -9         662               255
          6475      13964             87             92        5        3557               378
          6476   11714847             87             83       -4        1924               452
          6477    5073010             87             77      -10         390               307
          6478      13104             87             70      -17       -2410               362
          6479    8398349             87             63      -24       -6410               441
          6480   12954072             87             63      -24       -6140               286
          6481    2205334             87             70      -17       -2399               692
          6482    7884781             87             61      -26       -7755               640
          6483   12086600             87             62      -25       -7164               478
          6484    2693850             87            145       58        6179               372
          6485     212524             87             72      -15       -1509               438
          6486    5792330             87             72      -15       -1372               577
          6487    5019784             87             60      -27       -8784               544
          6488    8159619             87             99       12        4449               519
          6489    5770898             87             60      -27       -8466               342
          6490   10877711             87             73      -14        -917               205
          6491    4481240             87             98       11        4307               451
          6492    4637218             87             57      -30      -11458               328
          6493    2236641             87             76      -11          44               363
          6494    4521770             87             69      -18       -2918               475
          6495    6105890             87             57      -30      -11456               437
          6496    9881134             87             66      -21       -4471               416
          6497   10872262             87             65      -22       -5002               566
          6498    4421353             87             58      -29      -10526               589
          6499    1053570             87             77      -10         306               327
          6500    6402846             87             62      -25       -7039               368
          6501   13683071             87             66      -21       -4371               593
          6502   10685776             87             53      -34      -16204               623
          6503    3012161             87             68      -19       -3407               419
          6504   11006076             87             60      -27       -8811               277
          6505    8127736             87             71      -16       -1693               300
          6506    7396906             87            105       18        4890               386
          6507   11433199             87             80       -7        1211               512
          6508    4865519             87             85       -2        2509               200
          6509    4478454             87             68      -19       -3313               294
          6510   12417690             87             65      -22       -5086               481
          6511   13311350             87             67      -20       -3947               372
          6512   13233518             87             77      -10         434               354
          6513    1801158             87             86       -1        2586               474
          6514    6679619             87             62      -25       -7126               314
          6515    8176713             87             53      -34      -16242               389
          6516   10244005             87             71      -16       -1873               342
          6517   10276937             87             67      -20       -3896               363
          6518     419752             87             76      -11          58               252
          6519     459147             87             83       -4        2029               358
          6520    7052452             87             63      -24       -6132               405
          6521     704028             87             58      -29      -10329               581
          6522    6504526             87             66      -21       -4529               406
          6523    1711160             87             78       -9         890               349
          6524    6911542             87             63      -24       -6457               349
          6525   10276169             87             61      -26       -7923               258
          6526    6758448             87             62      -25       -6837               456
          6527    8849769             87             72      -15       -1461               407
          6528    3808054             87             62      -25       -7126               501
          6529    3487040             87             66      -21       -4376               570
          6530    4453998             87             86       -1        2623               275
          6531   11431643             87             63      -24       -6445               302
          6532    1270439             87             71      -16       -1887               469
          6533    8647176             87             91        4        3478               346
          6534   10453072             87             71      -16       -1920               243
          6535    4260231             87             61      -26       -7655               224
          6536   10394562             87             91        4        3490               407
          6537    4648974             87             77      -10         434               344
          6538    4929938             87             75      -12         -80               352
          6539    8031069             87             77      -10         419               433
          6540    4840904             87             89        2        3182               306
          6541    8300566             87             67      -20       -3786               456
          6542    7912409             87             65      -22       -5105               548
          6543    6114142             87             59      -28       -9682               493
          6544    9444771             87             71      -16       -1759               287
          6545    6809547             87             56      -31      -12531               516
          6546    7721620             87             71      -16       -1857               292
          6547    4103937             87            111       24        5341               317
          6548    1990268             87             70      -17       -2142               297
          6549    9010821             87             77      -10         420               357
          6550    4959944             87             64      -23       -5636               415
          6551   12464525             87             65      -22       -4933               369
          6552    7455493             87             76      -11         183               452
          6553    1377555             87             91        4        3488               325
          6554    9961061             87             62      -25       -7021               307
          6555    9118761             87             81       -6        1500               463
          6556    4119855             87             73      -14       -1052               348
          6557    1157074             87             54      -33      -14921               442
          6558    9550406             87             81       -6        1531               411
          6559    1438543             87             81       -6        1644               254
          6560   11060707             87            108       21        5194               461
          6561    7580527             87             60      -27       -8855               281
          6562    6283459             87             74      -13        -587               339
          6563    6347320             87             81       -6        1523               352
          6564   13412500             87             69      -18       -2850               341
          6565    2312916             87             70      -17       -2346               249
          6566    7204850             87             59      -28       -9760               307
          6567    8971426             87             53      -34      -16466               503
          6568    8088717             87             66      -21       -4403               371
          6569    4969404             87             81       -6        1508               289
          6570    4140876             87             73      -14        -971               322
          6571    3145357             87             80       -7        1273               247
          6572   11081850             87             73      -14       -1037               222
          6573    7250999             87             85       -2        2400               368
          6574     194782             87             85       -2        2473               278
          6575     917733             87             64      -23       -5759               242
          6576    5550226             87             78       -9         748               195
          6577    6314096             87             74      -13        -643               383
          6578    9745017             87             65      -22       -5040               243
          6579    4741142             87             54      -33      -15279               252
          6580    5564859             87             58      -29      -10731               233
          6581    4205433             87             83       -4        2076               178
          6582    4703426             87             54      -33      -15341               225
          6583    6052561             86             67      -19       -3407               300
          6584   12651953             86             68      -18       -2880               814
          6585    4735938             86             68      -18       -2882               316
          6586    2473757             86             63      -23       -5871               279
          6587   11122789             86             66      -20       -3947               243
          6588    6110497             86             80       -6        1517               205
          6589    9688286             86             59      -27       -8953               458
          6590    4158070             86             61      -25       -7313               240
          6591    8471472             86             71      -15       -1529               227
          6592    9592617             86             76      -10         367               199
          6593    7016453             86             56      -30      -11828              1239
          6594    7505473             86             63      -23       -5889               330
          6595   11385239             86             54      -32      -14178               594
          6596    3995376             86             62      -24       -6567               176
          6597    4045794             86             78       -8         954               672
          6598    6767145             86             77       -9         597               621
          6599     524138             86             70      -16       -2041               174
          6600    3025065             86             65      -21       -4655               437
          6601   10273537             86             59      -27       -8992              1490
          6602    6708701             86             74      -12        -421               488
          6603    5494702             86             69      -17       -2376               951
          6604   12364266             86             70      -16       -1982              1156
          6605   10382613             86             58      -28       -9972               497
          6606   12005239             86             81       -5        1725               358
          6607    5599954             86             67      -19       -3541               176
          6608    4313708             86             68      -18       -2910               233
          6609    2553854             86             73      -13        -782               495
          6610    9175826             86             72      -14       -1126               472
          6611     294643             86             98       12        4494               279
          6612   11355108             86             61      -25       -7438               729
          6613   13658606             86             55      -31      -13316               729
          6614   10793891             86             63      -23       -6001               481
          6615   10672183             86             73      -13        -692               617
          6616    5143689             86             69      -17       -2454               954
          6617    1959230             86             69      -17       -2547               922
          6618    6392390             86             79       -7        1225               230
          6619    4180302             86             81       -5        1768               208
          6620   13177640             86             80       -6        1456               359
          6621    6291383             86            107       21        5179               241
          6622    5113624             86             74      -12        -405               367
          6623    7293221             86             76      -10         247               422
          6624    8013091             86             57      -29      -11119               384
          6625    9331723             86             53      -33      -15574               965
          6626    9430448             86             72      -14       -1124               258
          6627    3983654             86             75      -11         -29               321
          6628    3761964             86             53      -33      -15567               886
          6629   10879318             86             88        2        3186               231
          6630   12531277             86             62      -24       -6594               255
          6631    7414769             86             65      -21       -4557               246
          6632   12760142             86             64      -22       -5614               413
          6633    1435121             86            107       21        5210               257
          6634    3157156             86             56      -30      -12061               536
          6635    2152429             86             65      -21       -4585               371
          6636   12082699             86             62      -24       -6735               356
          6637     938396             86             79       -7        1156               434
          6638   12423145             86             80       -6        1525               347
          6639    8068193             86             83       -3        2171               311
          6640   13111074             86             57      -29      -11098               527
          6641    4315694             86             59      -27       -9413               293
          6642     852819             86             65      -21       -4754               380
          6643    9847086             86             58      -28       -9983               487
          6644     449048             86             54      -32      -14344               940
          6645    3413693             86             68      -18       -2927               300
          6646    9968662             86             55      -31      -13197               261
          6647   11056106             86             91        5        3618               697
          6648     969616             86             60      -26       -8489               383
          6649    4135227             86             67      -19       -3682               514
          6650    2362961             86             98       12        4536               210
          6651    7909079             86             74      -12        -241               428
          6652    6091753             86             52      -34      -16980               708
          6653    3681929             86             93        7        3971               222
          6654    8269413             86             63      -23       -6047               283
          6655    4257275             86             62      -24       -6834               270
          6656   11299988             86             61      -25       -7366               175
          6657     935423             86             57      -29      -11082               534
          6658   11561670             86             74      -12        -341               211
          6659    3368086             86             57      -29      -11485               571
          6660   12768839             86             67      -19       -3677               289
          6661     193420             86             62      -24       -6767               277
          6662   13007708             86             66      -20       -3973               372
          6663    3511114             86             76      -10         320               449
          6664   11233378             86             91        5        3669               798
          6665    8172113             86             68      -18       -2942               636
          6666    2111049             86             71      -15       -1671               356
          6667    8538186             86             56      -30      -12290               459
          6668    2649453             86             75      -11         -73               377
          6669   12559954             86             84       -2        2446               307
          6670   11777317             86             70      -16       -2112               417
          6671       2464             86             55      -31      -13131               472
          6672    3373387             86             64      -22       -5507               326
          6673    9829877             86            102       16        4887               395
          6674   11735633             86             59      -27       -9059               748
          6675   11701938             86             78       -8         978               484
          6676    2330404             86             67      -19       -3405               285
          6677    9982267             86             70      -16       -1927               330
          6678     386941             86             57      -29      -10995               414
          6679    6754915             86             66      -20       -4013               222
          6680     417638             86             56      -30      -12097               568
          6681     153258             86             59      -27       -9032               638
          6682     828011             86             58      -28      -10191               815
          6683    8847731             86             66      -20       -4003               437
          6684   10958589             86             54      -32      -14428               368
          6685    6248842             86             90        4        3586               266
          6686   13545372             86             79       -7        1266               506
          6687    9368038             86             62      -24       -6860               393
          6688    2230341             86             70      -16       -1946               630
          6689     914436             86             53      -33      -15747               437
          6690   10270087             86             98       12        4569               355
          6691    4659106             86             79       -7        1245               308
          6692   11852519             86             85       -1        2684               223
          6693    6247242             86             83       -3        2157               267
          6694    7870698             86             55      -31      -13174               730
          6695    3177323             86             79       -7        1119               213
          6696    6200420             86             64      -22       -5332               369
          6697    2701448             86             71      -15       -1574               321
          6698    1267199             86             97       11        4430               385
          6699     182337             86             89        3        3348               471
          6700    6795736             86             56      -30      -12430               371
          6701    1502786             86             87        1        2930               333
          6702    6310230             86             65      -21       -4417               392
          6703    3726492             86             49      -37      -21534               713
          6704   11434745             86             72      -14       -1282               310
          6705    7699324             86             70      -16       -1953               374
          6706    4635815             86             91        5        3701               558
          6707    6439817             86             71      -15       -1692               350
          6708    6305323             86             70      -16       -2007               466
          6709    2138800             86             60      -26       -8368               399
          6710   12488731             86             94        8        4113               460
          6711    7321750             86             55      -31      -13527               334
          6712   13027983             86             60      -26       -8466               675
          6713    9117697             86             59      -27       -9103               337
          6714    3080817             86             61      -25       -7551               398
          6715    5177523             86             99       13        4686               332
          6716    1780045             86             82       -4        2037               239
          6717    8268544             86             72      -14       -1185               355
          6718   12824873             86             74      -12        -352               393
          6719    3742126             86             66      -20       -4069               232
          6720    3809684             86             85       -1        2587               500
          6721     125481             86             76      -10         315               337
          6722    7927448             86             65      -21       -4724               556
          6723   12055209             86             65      -21       -4809               447
          6724     866956             86             66      -20       -3965               708
          6725    2102282             86             67      -19       -3400               164
          6726   12778538             86             64      -22       -5485               340
          6727   11703177             86             71      -15       -1731               532
          6728    5504576             86            100       14        4730               604
          6729   12764330             86             77       -9         596               508
          6730    1836332             86             95        9        4276               502
          6731    8611181             86             57      -29      -11130               670
          6732    8834010             86             59      -27       -8993               222
          6733    7670827             86             64      -22       -5470               635
          6734   11227182             86             62      -24       -6752               460
          6735    4270745             86             58      -28      -10167               918
          6736    2016821             86             70      -16       -2173               325
          6737    4224585             86             58      -28      -10034               787
          6738    5313104             86             56      -30      -11940               384
          6739     722646             86             63      -23       -6216               465
          6740   10475475             86             62      -24       -6690               427
          6741    7273462             86             81       -5        1764               547
          6742   12131193             86             64      -22       -5327               667
          6743    5125456             86             70      -16       -2080               583
          6744    5390020             86             74      -12        -404               313
          6745    5806217             86             75      -11          45               527
          6746    6583961             86             77       -9         607               476
          6747    8514952             86             78       -8         879               306
          6748    7935955             86             90        4        3608               288
          6749    9949952             86             57      -29      -11169               412
          6750     282975             86             68      -18       -3046               436
          6751     496254             86             61      -25       -7584               483
          6752   12361123             86             93        7        4060               257
          6753   12663087             86             68      -18       -3015               228
          6754   12581258             86             64      -22       -5508               343
          6755    8424573             86             62      -24       -6521               518
          6756    6384136             86             78       -8         929               544
          6757   13563834             86            152       66        6510               407
          6758    2293084             86             54      -32      -14800               311
          6759    4763111             86             82       -4        2050               291
          6760   13276766             86             53      -33      -15796               401
          6761    2182035             86             62      -24       -6699               334
          6762    7757783             86             59      -27       -8927               358
          6763    5039873             86             58      -28      -10316               249
          6764   12088483             86             55      -31      -13110               275
          6765    7311710             86            100       14        4763               303
          6766   11029724             86             56      -30      -12218               370
          6767    7577203             86             76      -10         412               311
          6768    4066133             86             52      -34      -17229               486
          6769    8496436             86             74      -12        -331               443
          6770   12572484             86             80       -6        1510               471
          6771    5006326             86             67      -19       -3631               358
          6772   11475819             86             55      -31      -13457               722
          6773   10138746             86             57      -29      -11427               503
          6774    5239564             86             56      -30      -12220               390
          6775    8452733             86             62      -24       -6472               539
          6776    2670046             86             58      -28      -10162               530
          6777    6262501             86             71      -15       -1572               319
          6778    1606123             86             98       12        4630               325
          6779    2508649             86             61      -25       -7688               571
          6780    7778113             86             53      -33      -15807               474
          6781    3793800             86             58      -28      -10353               436
          6782    6151050             86             69      -17       -2544               628
          6783    5250389             86             93        7        4002               454
          6784       7570             86             83       -3        2349               255
          6785    3845673             86             59      -27       -9366               206
          6786   11677547             86             59      -27       -9325               474
          6787   10872994             86             69      -17       -2482               244
          6788   10220117             86             82       -4        1987               346
          6789    3638960             86             81       -5        1894               189
          6790    8288806             86             59      -27       -9049               520
          6791    6817096             86             74      -12        -192               261
          6792   12950090             86             60      -26       -8527               280
          6793    5503016             86             57      -29      -11466               464
          6794    8115609             86             79       -7        1370               181
          6795    1300105             86             54      -32      -14437               351
          6796      42547             86             60      -26       -8517               457
          6797    7540901             86             78       -8         979               339
          6798    9238745             86             61      -25       -7524               505
          6799    9995673             86             56      -30      -12302               538
          6800   11689838             86             80       -6        1682               380
          6801   10904495             86             61      -25       -7640               267
          6802    3569117             86             89        3        3396               334
          6803    4555931             86             90        4        3621               336
          6804    7675817             86             55      -31      -13533               472
          6805   12130836             86             86        0        2888               323
          6806   13431365             86             61      -25       -7671               459
          6807    3031136             86             65      -21       -4760               412
          6808   10937314             86             58      -28      -10280               202
          6809   10240554             86             75      -11         192               319
          6810     900449             86             66      -20       -4063               386
          6811    8188520             86             62      -24       -6804               243
          6812    3673289             86             58      -28      -10113               544
          6813   10312099             86             55      -31      -13521               472
          6814   12251559             86             66      -20       -4090               374
          6815    5844219             86            119       33        5931               384
          6816   11660804             86             63      -23       -5867               393
          6817    2197517             86             78       -8        1020               479
          6818    9220235             86             81       -5        1840               296
          6819    2602940             86             76      -10         486               181
          6820   10897874             86             55      -31      -13489               620
          6821    5003363             86             65      -21       -4739               407
          6822    4490821             86             56      -30      -12416               245
          6823   11596672             86             75      -11         -11               297
          6824    7805876             86             79       -7        1255               402
          6825   13293042             86             58      -28      -10216               395
          6826   13582386             86             79       -7        1234               463
          6827   12903135             86             86        0        2897               319
          6828   12066335             86             50      -36      -20096               307
          6829     668749             86             63      -23       -5929               479
          6830    2843557             86             80       -6        1623               332
          6831   11671405             86             60      -26       -8522               448
          6832    8851675             86            105       19        5268               219
          6833   10193453             86             57      -29      -11035               307
          6834    4812125             86             67      -19       -3630               429
          6835   11815173             86             59      -27       -9366               307
          6836    8736072             86             87        1        3049               303
          6837    8818964             86             60      -26       -8139               295
          6838    9946404             86             63      -23       -6202               347
          6839   11275340             86             75      -11          60               175
          6840   12187968             86             74      -12        -397               259
          6841    6225876             86             61      -25       -7597               329
          6842    9439887             86             67      -19       -3538               445
          6843    9788896             86             77       -9         677               243
          6844   10360446             86             69      -17       -2249               422
          6845   12644559             86             72      -14       -1115               544
          6846    6313174             86             67      -19       -3609               190
          6847    9794576             86             83       -3        2284               270
          6848    9515204             86             74      -12        -325               304
          6849   10953217             86             89        3        3428               449
          6850    1023234             86             68      -18       -2933               341
          6851     582952             86             63      -23       -6047               336
          6852   11515588             86             73      -13        -676               483
          6853    5473044             86             73      -13        -744               542
          6854   13232384             86             64      -22       -5381               366
          6855    4724468             86             60      -26       -8343               461
          6856    6867366             86             79       -7        1300               327
          6857   10310868             86             60      -26       -8363               472
          6858    5188174             86             66      -20       -4079               274
          6859    1273331             86             59      -27       -9105               331
          6860    4120492             86             53      -33      -15860               424
          6861    7909722             86             72      -14        -837               215
          6862    4738631             86             65      -21       -4733               525
          6863    1029271             86             87        1        3116               211
          6864    7534315             86             72      -14        -880               287
          6865    6501981             86             67      -19       -3369               166
          6866    2971064             86             71      -15       -1575               310
          6867    6828853             86             73      -13        -654               194
          6868   12420768             86             71      -15       -1386               206
          6869   12843594             86             88        2        3263               730
          6870    1239819             86             77       -9         744               336
          6871    2839388             86             68      -18       -3070               483
          6872   11880926             86             86        0        2913               276
          6873   10717490             86             80       -6        1594               383
          6874    3484921             86             80       -6        1539               492
          6875    2324175             86             81       -5        1823               298
          6876    5633035             86             81       -5        1872               365
          6877    1157097             86             57      -29      -11377               322
          6878    1128071             86             67      -19       -3371               278
          6879    7876957             86             60      -26       -8466               406
          6880   10020727             86            110       24        5622               260
          6881    6242609             86             62      -24       -6662               378
          6882    7581655             86             65      -21       -4618               260
          6883    8562141             86            127       41        6241               359
          6884   11165608             86             87        1        3103               365
          6885    7951636             86             73      -13        -683               463
          6886      36727             86             89        3        3516               230
          6887    2446163             86             59      -27       -9435               383
          6888   11816751             86             77       -9         778               210
          6889   10768221             86             85       -1        2718               203
          6890    2376615             86             60      -26       -8396               286
          6891    2801191             86             71      -15       -1506               338
          6892    1087312             86             55      -31      -13423               422
          6893    1350829             86             62      -24       -6766               298
          6894   11873015             86             89        3        3468               204
          6895   11887098             86             70      -16       -2003               389
          6896   13059080             86             54      -32      -14980               427
          6897    3608751             86             78       -8        1036               240
          6898    6898901             86             65      -21       -4708               371
          6899   11105488             86             65      -21       -4711               487
          6900    1368070             86             63      -23       -6125               342
          6901   10738435             86             77       -9         746               406
          6902    5426612             86             54      -32      -14408               275
          6903    5820601             86             67      -19       -3574               191
          6904   12380719             86             82       -4        2083               303
          6905   11939959             86            127       41        6272               246
          6906    1957630             86             63      -23       -6142               240
          6907    5485869             86             83       -3        2491               260
          6908    4867590             86             77       -9         700               206
          6909   12861837             85             63      -22       -5466               247
          6910   11932492             85             90        5        3818               162
          6911    6202405             85             90        5        3824               311
          6912    5749388             85             73      -12        -351               123
          6913    8909339             85             71      -14       -1168               267
          6914   10645574             85             64      -21       -4845               207
          6915    3190358             85             64      -21       -4810               314
          6916    1571915             85             61      -24       -7009               508
          6917    7447099             85             68      -17       -2602               625
          6918     286802             85             56      -29      -11491               873
          6919    2673448             85             66      -19       -3607               270
          6920   11437912             85             69      -16       -2030               227
          6921    2699464             85             93        8        4254               189
          6922   11069219             85             59      -26       -8648               525
          6923    8944861             85             84       -1        2736               244
          6924    3174910             85             73      -12        -329               280
          6925    6895038             85             59      -26       -8724               489
          6926   13621547             85             58      -27       -9603               805
          6927    2926090             85             70      -15       -1728               381
          6928    5858056             85             73      -12        -364               382
          6929   13349183             85             76       -9         638               315
          6930   13205243             85             78       -7        1280               302
          6931     735342             85             67      -18       -3126               367
          6932    9288788             85             92        7        4130               147
          6933   12367142             85             66      -19       -3662               355
          6934    4078443             85             68      -17       -2528               216
          6935   13309666             85             58      -27       -9672               365
          6936       1016             85             85        0        2913               265
          6937     400955             85             61      -24       -7036               602
          6938    3070632             85            107       22        5507               371
          6939   10122822             85             65      -20       -4268               521
          6940   13203078             85             81       -4        2073               203
          6941   12086904             85             53      -32      -15202               352
          6942    6992014             85             65      -20       -4353               889
          6943    2372313             85             55      -30      -12712              1204
          6944    7866622             85             55      -30      -12575               220
          6945   11011889             85             54      -31      -14021              1099
          6946      61191             85             62      -23       -6242               295
          6947    3834371             85             79       -6        1424               375
          6948   10279804             85             81       -4        2034               158
          6949    9352667             85             86        1        3153               179
          6950   12547945             85             66      -19       -3737               499
          6951    4629550             85             54      -31      -13912              1273
          6952    1453588             85             55      -30      -12766               411
          6953     358078             85            116       31        5975               347
          6954   13641128             85             70      -15       -1673               485
          6955    6127258             85             56      -29      -11567               306
          6956    4857838             85             58      -27       -9690               324
          6957    7024128             85             53      -32      -15298              1069
          6958   10942086             85             65      -20       -4310               734
          6959   10888092             85             64      -21       -5014               370
          6960     699687             85             79       -6        1549               141
          6961    7087994             85             65      -20       -4161               241
          6962    6847742             85             66      -19       -3719               243
          6963    2462828             85             81       -4        2042               607
          6964    9043282             85             58      -27       -9722               681
          6965   12031130             85             73      -12        -448               280
          6966   10008341             85             62      -23       -6279               369
          6967    4969765             85             68      -17       -2697               654
          6968    4796630             85             70      -15       -1615               159
          6969   11556849             85             80       -5        1771               488
          6970    6192151             85             60      -25       -7919               341
          6971    9647243             85             68      -17       -2600               661
          6972   11643779             85             86        1        3054               717
          6973    2603705             85             77       -8         963               422
          6974    4976507             85             80       -5        1658               231
          6975     781557             85             57      -28      -10783               590
          6976    8940203             85             54      -31      -14175               409
          6977   12626082             85             72      -13        -864               416
          6978    9678326             85             73      -12        -364               441
          6979    3137578             85             64      -21       -4862               216
          6980    3062174             85             66      -19       -3766               517
          6981    1082130             85             59      -26       -8721               477
          6982   10435063             85             56      -29      -11637               436
          6983    6328406             85             66      -19       -3772               444
          6984    4642380             85             54      -31      -13912               468
          6985     482567             85             68      -17       -2595               197
          6986   11758973             85             72      -13        -861               521
          6987    8197180             85             72      -13        -789               435
          6988   11288723             85             48      -37      -23024              1077
          6989    2106065             85             54      -31      -13966               300
          6990    7752928             85             69      -16       -2225               329
          6991    1391218             85             59      -26       -8768               452
          6992    7424346             85             79       -6        1590               817
          6993   10231439             85             76       -9         675               352
          6994    3950981             85             77       -8        1031               286
          6995    6695085             85             58      -27       -9755               540
          6996    4618974             85             74      -11         -94               422
          6997   12096322             85             74      -11         -52               831
          6998    6109466             85             61      -24       -7064               170
          6999     437047             85             62      -23       -6250               501
          7000     384309             85             68      -17       -2631               328
          7001    9277591             85             67      -18       -3132               394
          7002   13165109             85             72      -13        -652               192
          7003    5647664             85             68      -17       -2486               351
          7004    8013640             85             73      -12        -495               509
          7005    2221179             85             65      -20       -4408               357
          7006    1326040             85             72      -13        -803               661
          7007   13079501             85             80       -5        1806               340
          7008    1695090             85             68      -17       -2841               417
          7009     885513             85             75      -10         376               187
          7010    4916023             85             81       -4        2037               227
          7011    6655938             85             53      -32      -15352               433
          7012   13417765             85             63      -22       -5772               385
          7013    7117639             85             74      -11          35               352
          7014    5644038             85             53      -32      -15104               652
          7015    5336948             85             96       11        4706               262
          7016   10749084             85             62      -23       -6388               406
          7017    3446814             85             74      -11          28               241
          7018   10025311             85             61      -24       -7318               632
          7019    7393793             85             72      -13        -771               444
          7020    9185419             85             69      -16       -2069               361
          7021    4565217             85             66      -19       -3675               670
          7022    2964385             85             59      -26       -8902               210
          7023    8690084             85             46      -39      -27073               831
          7024    3495413             85             65      -20       -4315               551
          7025   13368024             85             79       -6        1506               305
          7026    3104110             85             62      -23       -6281               748
          7027    4640078             85             72      -13        -796               422
          7028    6749245             85             59      -26       -8853               306
          7029    2127829             85             75      -10         313               335
          7030    7657287             85             62      -23       -6411               719
          7031    5672046             85             62      -23       -6367               652
          7032    7851080             85             66      -19       -3548               230
          7033   11135748             85             80       -5        1848               313
          7034   10756766             85             70      -15       -1664               243
          7035   10346339             85             53      -32      -15285               368
          7036   11530676             85             60      -25       -7967               365
          7037    2152863             85             88        3        3591               237
          7038    1929859             85             53      -32      -15311               476
          7039    7428987             85             72      -13        -827               625
          7040    4663049             85             59      -26       -8896               326
          7041    1740075             85             63      -22       -5569               362
          7042   11654719             85             60      -25       -8053               398
          7043   10293596             85             84       -1        2778               347
          7044   11285055             85             56      -29      -11668               533
          7045    3643459             85             93        8        4305               989
          7046    6401068             85             67      -18       -3183               305
          7047     390833             85             58      -27       -9589               520
          7048    7656062             85             57      -28      -10882               333
          7049    3885254             85             88        3        3584               272
          7050    5331659             85             79       -6        1536               462
          7051    1317399             85             76       -9         697               745
          7052    4165557             85             80       -5        1892               485
          7053    2270509             85             94        9        4437               297
          7054    5101141             85             62      -23       -6551               260
          7055    3534894             85             66      -19       -3584               440
          7056    7209880             85             48      -37      -23024               873
          7057   11922362             85             75      -10         346               214
          7058    8021621             85             74      -11          65               361
          7059    5247146             85             91        6        4003               436
          7060    9316192             85             62      -23       -6488               250
          7061   13083412             85             82       -3        2326               523
          7062   12768399             85             65      -20       -4289               494
          7063    5979846             85             56      -29      -11753               750
          7064     447242             85             67      -18       -3080               520
          7065   11745816             85             51      -34      -18184               678
          7066    7218751             85             57      -28      -10659               405
          7067    7540580             85             52      -33      -16748               621
          7068   12831704             85             51      -34      -18039               760
          7069    6384856             85             66      -19       -3714               740
          7070    7390421             85             98       13        4894               412
          7071   12779105             85             80       -5        1754               238
          7072    2319580             85             68      -17       -2634               565
          7073    1065309             85             78       -7        1350               205
          7074    5715611             85             71      -14       -1142               386
          7075    1811219             85             55      -30      -13018               647
          7076   11981462             85             74      -11         -12               652
          7077     320906             85             92        7        4183               234
          7078    2694590             85             62      -23       -6539               472
          7079    9691789             85             59      -26       -8945               301
          7080   11095077             85             62      -23       -6193               486
          7081   12144625             85             57      -28      -10830               410
          7082   11470784             85             69      -16       -2037               425
          7083    6177923             85             73      -12        -418               386
          7084    3116900             85             66      -19       -3522               279
          7085   11704229             85             93        8        4378               316
          7086   12158556             85             70      -15       -1580               477
          7087    8700836             85             69      -16       -2103               616
          7088    9808255             85             89        4        3726               617
          7089    6202905             85             81       -4        2079               265
          7090   10287107             85             61      -24       -6907               506
          7091    8289125             85             62      -23       -6275               567
          7092   10547348             85             72      -13        -912               328
          7093   12351628             85             59      -26       -8819               207
          7094    7031747             85             59      -26       -8848               686
          7095    3026660             85             59      -26       -9105               480
          7096    5589536             85             57      -28      -10844               305
          7097    5331027             85             63      -22       -5761               650
          7098   12900476             85             69      -16       -2004               247
          7099     380555             85             65      -20       -4242               201
          7100    5815101             85             96       11        4780               372
          7101   13626389             85             67      -18       -3062               210
          7102   10724672             85             69      -16       -2085               696
          7103   10540799             85             58      -27       -9607               341
          7104    2723318             85             64      -21       -5067               700
          7105    2038374             85             52      -33      -16812               445
          7106    3008607             85             68      -17       -2793               217
          7107    5937602             85             68      -17       -2600               739
          7108    6113600             85             62      -23       -6443               447
          7109    2661522             85             63      -22       -5652               609
          7110    1957894             85             64      -21       -4995               278
          7111    8409380             85             66      -19       -3547               375
          7112    9453213             85             61      -24       -6978               520
          7113    7428782             85             59      -26       -8913               301
          7114    7815024             85             61      -24       -7183               519
          7115   13478063             85             82       -3        2402               346
          7116   10353564             85             83       -2        2708               222
          7117    9088475             85             57      -28      -10718               427
          7118    3927387             85             54      -31      -14196               354
          7119    8333650             85             64      -21       -4904               475
          7120   11172823             85             79       -6        1684               212
          7121    1395359             85             61      -24       -7166               256
          7122    3880738             85             74      -11         223               231
          7123   12219606             85             70      -15       -1529               661
          7124    3876524             85             58      -27       -9827               437
          7125    5401032             85             56      -29      -11558               577
          7126    9612671             85             53      -32      -15532               512
          7127    3746686             85             90        5        3966               275
          7128   11332666             85             69      -16       -2162               229
          7129    9400873             85             70      -15       -1581               403
          7130   12975156             85             81       -4        2256               167
          7131    8709115             85             57      -28      -10641               586
          7132      86565             85             63      -22       -5544               625
          7133    7078731             85            102       17        5325               278
          7134    1392453             85             75      -10         540               152
          7135    1042959             85             78       -7        1509               215
          7136    7627272             85             84       -1        2859               462
          7137     266441             85             96       11        4768               628
          7138    1814429             85             95       10        4680               410
          7139   12497963             85             80       -5        1816               546
          7140    3264106             85             88        3        3526               523
          7141    1101792             85             90        5        4032               168
          7142     224353             85             59      -26       -9113               337
          7143     635129             85             71      -14       -1121               341
          7144   12401927             85             79       -6        1703               325
          7145    5457028             85             62      -23       -6642               206
          7146    8462949             85             57      -28      -10647               351
          7147    2731593             85             56      -29      -11734               866
          7148    4351119             85             77       -8        1043               458
          7149    3073231             85             63      -22       -5690               437
          7150     178060             85             60      -25       -8057               718
          7151    1327206             85             79       -6        1615               530
          7152    2379131             85             85        0        3012               552
          7153   10408540             85             65      -20       -4001               246
          7154    5315678             85             61      -24       -7236               423
          7155    4578197             85             69      -16       -2174               373
          7156   10974549             85             64      -21       -4961               257
          7157    2476685             85             95       10        4655               310
          7158    1567332             85             65      -20       -4480               404
          7159    1404328             85             66      -19       -3680               530
          7160    5420760             85             58      -27       -9358               391
          7161   12186059             85             64      -21       -4933               540
          7162   10871239             85             52      -33      -16504               285
          7163   10125926             85             78       -7        1346               403
          7164    8860598             85             64      -21       -5137               522
          7165    7569687             85             65      -20       -4112               254
          7166   10590676             85             68      -17       -2607               235
          7167    4123322             85             54      -31      -14323               356
          7168    4522638             85             64      -21       -5088               287
          7169     284410             85            130       45        6636               243
          7170    4571455             85            110       25        5898               425
          7171   12868584             85             50      -35      -19721               486
          7172   13256065             85             61      -24       -7156               457
          7173    3284478             85             60      -25       -7982               563
          7174    2900946             85             63      -22       -5657               462
          7175   12436735             85             61      -24       -7179               479
          7176    1898970             85             54      -31      -13934               520
          7177    2812151             85             65      -20       -4440               567
          7178    5381525             85             67      -18       -3069               452
          7179    3232524             85             54      -31      -14306               495
          7180     357923             85             54      -31      -14622               448
          7181    5138797             85             89        4        3814               523
          7182    3815537             85             79       -6        1618               257
          7183   12369232             85             61      -24       -7347               422
          7184   13018297             85             61      -24       -7282               670
          7185    5714959             85             64      -21       -5002               433
          7186    7292881             85             53      -32      -15753               417
          7187   12996348             85             60      -25       -8141               482
          7188    9511725             85             74      -11          33               332
          7189    1511487             85             59      -26       -8886               412
          7190   10467754             85             60      -25       -8055               415
          7191   11383889             85             54      -31      -14238               605
          7192    3523758             85             69      -16       -2148               226
          7193   13107655             85            144       59        6879               280
          7194    3300618             85             64      -21       -4980               328
          7195   13312181             85             68      -17       -2743               461
          7196   10701389             85             91        6        4127               694
          7197    1017034             85             85        0        3065               419
          7198    7637201             85            101       16        5316               186
          7199    4161783             85             65      -20       -4329               561
          7200    4062149             85             60      -25       -8112               438
          7201    1890830             85             65      -20       -4272               453
          7202    1851739             85             57      -28      -10704               317
          7203     711578             85             80       -5        1897               242
          7204   13183524             85             67      -18       -3214               461
          7205   10928911             85             65      -20       -4293               430
          7206    2184111             85             74      -11         220               350
          7207    3706446             85             74      -11         293               317
          7208   10876657             85             62      -23       -6290               325
          7209     474938             85             57      -28      -10679               492
          7210    3040075             85             77       -8        1145               268
          7211    1776556             85             66      -19       -3522               236
          7212    5098446             85             71      -14       -1230               348
          7213   13019570             85             62      -23       -6443               270
          7214    4610072             85             67      -18       -3232               479
          7215    3826495             85             83       -2        2626               331
          7216   12103556             85             54      -31      -14628               517
          7217   10035828             85             60      -25       -8079               404
          7218    5636495             85             95       10        4691               602
          7219    6899867             85             83       -2        2662               307
          7220    2274167             85             65      -20       -4379               394
          7221   12386330             85             64      -21       -4900               305
          7222   12869041             85             90        5        3966               361
          7223   13462801             85             68      -17       -2628               242
          7224   13544753             85             61      -24       -7248               391
          7225     395013             85             89        4        3798               431
          7226    9518478             85            104       19        5531               382
          7227    3301754             85             75      -10         420               522
          7228    7050708             85             72      -13        -499               237
          7229    4587197             85             79       -6        1709               582
          7230    3662477             85             66      -19       -3579               417
          7231     814532             85             70      -15       -1549               191
          7232    2602746             85            122       37        6444               330
          7233    3609445             85             70      -15       -1538               291
          7234    6330754             85             57      -28      -10749               435
          7235   12169210             85             87        2        3462               620
          7236    7347133             85             56      -29      -11774               406
          7237    4330364             85             77       -8        1046               410
          7238    3449878             85             58      -27       -9936               337
          7239   12210847             85             69      -16       -2151               188
          7240    4548306             85             73      -12        -265               320
          7241     372083             85             91        6        4166               304
          7242    7503653             85             58      -27       -9908               374
          7243    9287265             85             59      -26       -8827               354
          7244    9577265             85             69      -16       -1869               212
          7245    6765149             85             79       -6        1675               259
          7246    8499279             85             85        0        3077               246
          7247    3623284             85             60      -25       -7959               352
          7248    1596641             85             79       -6        1680               413
          7249    7499279             85             82       -3        2427               462
          7250   12048925             85             74      -11          50               508
          7251   10985962             85             74      -11          45               296
          7252    9997172             85             54      -31      -14409               393
          7253    9104886             85             82       -3        2524               243
          7254    3540260             85             66      -19       -3778               238
          7255    2381885             85             80       -5        1985               238
          7256     252659             85             90        5        4031               209
          7257    2215840             85             76       -9         776               347
          7258    2959868             85             80       -5        1950               429
          7259    9454955             85             68      -17       -2238               351
          7260    7211165             85             67      -18       -3224               395
          7261   10240038             85             54      -31      -14394               462
          7262    5468114             85             80       -5        2128               407
          7263   13313082             85             77       -8        1127               234
          7264    7620924             85             81       -4        2210               638
          7265   12114116             85             48      -37      -23348               345
          7266    4440813             85             65      -20       -4365               382
          7267   10629396             85             72      -13        -594               287
          7268    9338513             85             60      -25       -7765               240
          7269    5709493             85             69      -16       -2034               322
          7270    3094838             85             80       -5        2008               454
          7271   12796958             85             68      -17       -2666               444
          7272     175010             85            108       23        5856               443
          7273     169528             85            112       27        6116               311
          7274     702131             85             70      -15       -1452               245
          7275    8075576             85             63      -22       -5550               295
          7276    9381754             85             51      -34      -18564               339
          7277    5545994             85             59      -26       -8712               193
          7278    9838381             85            103       18        5539               317
          7279     819953             85             86        1        3398               209
          7280    2009713             85             72      -13        -740               232
          7281    8029587             85             75      -10         649               215
          7282    5547218             85             71      -14       -1190               202
          7283    6188408             85             67      -18       -3220               255
          7284   12065465             85             67      -18       -3075               225
          7285    1252739             85             75      -10         540               288
          7286   12715167             85             73      -12        -146               311
          7287   13642259             85             54      -31      -14425               309
          7288   10092691             85             54      -31      -14282               544
          7289    4187321             85             76       -9         782               211
          7290   10032037             85             63      -22       -5698               218
          7291   11785297             85             57      -28      -10930               219
          7292   11719972             85             89        4        3971               214
          7293   12448506             85            104       19        5607               291
          7294    5959745             85             62      -23       -6503               331
          7295    3956321             85             52      -33      -17144               325
          7296   13329185             85             64      -21       -4861               310
          7297    5807320             85             54      -31      -14226               233
          7298    8568521             85             71      -14       -1016               223
          7299   12456960             85             78       -7        1412               296
          7300    8826188             85             54      -31      -14358               351
          7301   11512389             85             49      -36      -21802               372
          7302    9265811             85            104       19        5604               346
          7303    8552876             85             66      -19       -3757               292
          7304    8910570             85             84       -1        3004               231
          7305     971936             85             76       -9         832               256
          7306    3233056             85             53      -32      -15531               454
          7307    7446841             85            106       21        5810               285
          7308    5741989             85             55      -30      -13301               397
          7309   13423317             85             61      -24       -7225               244
          7310    1156335             85             61      -24       -7213               320
          7311    3273889             85             69      -16       -2091               232
          7312    7473450             84             72      -12        -341               293
          7313    1459502             84             72      -12        -314               151
          7314     392616             84             85        1        3288               325
          7315    1319503             84             56      -28      -11212               305
          7316   13618216             84             68      -16       -2161               264
          7317    1548529             84             64      -20       -4451               448
          7318   12349714             84             78       -6        1694               224
          7319    7302083             84             61      -23       -6619               339
          7320   12299814             84             60      -24       -7347               361
          7321    5324005             84             86        2        3487               486
          7322    6849598             84             72      -12        -354               165
          7323    3735524             84             79       -5        1960               170
          7324     243550             84             64      -20       -4487               360
          7325    6385437             84             85        1        3330               230
          7326    7559682             84             59      -25       -8196               413
          7327    5590810             84             58      -26       -9132               281
          7328    8089664             84             62      -22       -5851               231
          7329     156906             84             65      -19       -3877               470
          7330    2030035             84             59      -25       -8217               331
          7331    8036453             84             56      -28      -11246              1227
          7332     417808             84             65      -19       -3887               213
          7333    1071197             84             83       -1        2934               178
          7334     724509             84             61      -23       -6609               256
          7335    3626214             84             66      -18       -3269               421
          7336    6658247             84             68      -16       -2178               316
          7337    8669062             84             52      -32      -16138               435
          7338    8572979             84             58      -26       -9275               238
          7339    8358490             84             63      -21       -5193               473
          7340    6435263             84             62      -22       -5916               331
          7341   11038853             84             52      -32      -16097              1560
          7342     834581             84             71      -13        -707               143
          7343    3468856             84             69      -15       -1670               282
          7344   12451909             84             56      -28      -11284               238
          7345   10175301             84             64      -20       -4531               987
          7346    2117184             84             95       11        4914               337
          7347     866823             84             75       -9         808               182
          7348    7539349             84             71      -13        -912               391
          7349    1336925             84             88        4        3885               236
          7350    2255929             84             68      -16       -2234               599
          7351    8229876             84             69      -15       -1842               164
          7352    8767154             84             78       -6        1671               374
          7353   11535546             84             83       -1        2969               199
          7354    6161168             84             57      -27      -10117               307
          7355    4986000             84             66      -18       -3235               243
          7356    9716427             84             70      -14       -1317               372
          7357   10620233             84             71      -13        -920               611
          7358   12564917             84             56      -28      -11321               527
          7359    7101963             84             77       -7        1406               187
          7360    3801581             84             60      -24       -7739               412
          7361    9164906             84             63      -21       -5151               461
          7362    4235316             84             54      -30      -13680               395
          7363    9491147             84             95       11        4925               232
          7364    1628487             84             67      -17       -2683               219
          7365    1664312             84             74      -10         384               500
          7366   11976479             84             66      -18       -3391               674
          7367    9310395             84             63      -21       -5214               717
          7368    2508225             84             83       -1        2814               467
          7369    5835076             84             60      -24       -7418               358
          7370    6003749             84             65      -19       -4037               316
          7371     409953             84             66      -18       -3267               530
          7372    7100072             84             84        0        3176               313
          7373    1776799             84             77       -7        1379               640
          7374    4488315             84             59      -25       -8503               644
          7375   11825683             84             64      -20       -4443               272
          7376   13237717             84             68      -16       -2212               362
          7377    2674247             84             96       12        5052               185
          7378    3119680             84             72      -12        -296               264
          7379    1034395             84             57      -27      -10262               286
          7380   10734451             84             62      -22       -6014               618
          7381    6707558             84             72      -12        -319               398
          7382    6670214             84             54      -30      -13779               906
          7383    3737774             84             57      -27      -10233              1161
          7384    8592882             84             72      -12        -306               383
          7385     439783             84             61      -23       -6780               340
          7386   11558691             84             56      -28      -11536               519
          7387    3820782             84             74      -10         397               217
          7388   13408858             84             59      -25       -8555               643
          7389    9559421             84             61      -23       -6664               451
          7390     133794             84             62      -22       -6033               383
          7391    6582454             84             59      -25       -8557               304
          7392   12543566             84             83       -1        2931               249
          7393    4580701             84             59      -25       -8383               293
          7394    1237275             84             66      -18       -3338               176
          7395    1007229             84             74      -10         399               373
          7396     485132             84             70      -14       -1257               505
          7397    4359073             84             67      -17       -2616               212
          7398    6482726             84             57      -27      -10224               581
          7399     786714             84             66      -18       -3405               354
          7400    7799050             84             66      -18       -3314               347
          7401   13525155             84             73      -11         -71               381
          7402    2349875             84             69      -15       -1600               262
          7403    4254029             84             63      -21       -5380               548
          7404   12696355             84             99       15        5351               381
          7405    1753129             84             80       -4        2127               238
          7406    1860260             84             62      -22       -6093               404
          7407    2644383             84             54      -30      -13726               354
          7408   13631101             84             62      -22       -5968               307
          7409   10546223             84             66      -18       -3474               383
          7410   11245069             84             74      -10         386               345
          7411    8043710             84             81       -3        2456               253
          7412     439080             84             57      -27      -10431               843
          7413   11441850             84             66      -18       -3463               857
          7414    9420442             84             68      -16       -2414               316
          7415   13352906             84             63      -21       -5349               751
          7416    1096977             84             54      -30      -13552               524
          7417    9453188             84             72      -12        -503               345
          7418    7129695             84             58      -26       -9489               383
          7419    2162022             84             63      -21       -5177               513
          7420   12063312             84             64      -20       -4390               203
          7421    6615941             84             55      -29      -12546               667
          7422    2465471             84             67      -17       -2717               303
          7423    9699905             84             64      -20       -4622               487
          7424    4527180             84             50      -34      -19349               759
          7425    3808005             84             65      -19       -3873               355
          7426   10185152             84             69      -15       -1661               711
          7427    1366805             84            115       31        6392               311
          7428    7991213             84             72      -12        -304               231
          7429     384100             84             69      -15       -1813               390
          7430   11877452             84             70      -14       -1288               771
          7431   11359332             84             72      -12        -404               475
          7432   13216063             84             59      -25       -8328               317
          7433    9264495             84             62      -22       -5931               489
          7434   12169023             84             81       -3        2489               724
          7435      33284             84             75       -9         867               336
          7436    2641789             84             71      -13        -819               642
          7437    5932542             84             44      -40      -31286               916
          7438    2721915             84             71      -13        -802               624
          7439    1461745             84             68      -16       -2142               310
          7440     323309             84             69      -15       -1685               228
          7441    6399318             84             62      -22       -6065               327
          7442    8782892             84             56      -28      -11754               363
          7443   11296812             84             60      -24       -7522               435
          7444    4746651             84             73      -11         -38               622
          7445    3837013             84             63      -21       -5208               443
          7446    2136929             84             65      -19       -3770               298
          7447    9824173             84             70      -14       -1198               174
          7448    6077405             84             58      -26       -9650               165
          7449    2565664             84             66      -18       -3426               393
          7450    1830167             84             64      -20       -4771               391
          7451   12509357             84             58      -26       -9239               375
          7452    2322507             84             61      -23       -6846               344
          7453    1473594             84             62      -22       -6070               494
          7454   12574524             84             55      -29      -12907               786
          7455    2433298             84             75       -9         870               176
          7456   13497943             84             73      -11         185               327
          7457   11134266             84             92        8        4608               391
          7458   12488921             84             65      -19       -3914               532
          7459     800584             84             81       -3        2533               265
          7460    6522766             84             88        4        3904               515
          7461    7418425             84             68      -16       -2106               154
          7462    9749000             84             58      -26       -9240               755
          7463   10731406             84             71      -13        -924               502
          7464    4245696             84             71      -13        -969               397
          7465    4267104             84             75       -9         731               369
          7466     630291             84             73      -11          29               210
          7467       1911             84             60      -24       -7602               539
          7468   12913085             84             67      -17       -2815               622
          7469     588714             84             75       -9         792               253
          7470    6867207             84             89        5        4086               452
          7471   11747572             84             78       -6        1645               312
          7472    4354626             84             57      -27      -10420               596
          7473    8024045             84             61      -23       -6592               515
          7474     191675             84             55      -29      -12691               389
          7475   11594504             84             62      -22       -6012               398
          7476   10112503             84             58      -26       -9387               663
          7477    5026894             84             75       -9         710               416
          7478    1683649             84             68      -16       -2261               347
          7479   13043591             84             61      -23       -6838               419
          7480   11803811             84             56      -28      -11437               249
          7481    4886904             84             62      -22       -5961               462
          7482    7484669             84             55      -29      -12635               220
          7483    9954132             84             82       -2        2717               396
          7484    7925953             84             58      -26       -9398               461
          7485     312538             84             61      -23       -6927               482
          7486    5500374             84             84        0        3155               424
          7487    1333543             84             55      -29      -12618               202
          7488   12631373             84             57      -27      -10261               515
          7489    5162229             84             79       -5        2063               251
          7490    2061931             84             74      -10         358               553
          7491   11050197             84             62      -22       -5905               329
          7492    9489215             84             79       -5        1948               411
          7493    4198345             84             67      -17       -2843               389
          7494    7718606             84             69      -15       -1566               415
          7495    7200764             84             63      -21       -5383               265
          7496    1780113             84             56      -28      -11283               551
          7497    4969935             84             81       -3        2507               468
          7498   10650733             84             68      -16       -2141               300
          7499   12140464             84             64      -20       -4378               309
          7500     636138             84            101       17        5600               285
          7501     250587             84             74      -10         501               347
          7502    1664761             84             64      -20       -4776               281
          7503     501718             84             49      -35      -21153               398
          7504    3349342             84             95       11        4987               598
          7505    2893012             84             57      -27      -10514               533
          7506    6968146             84             93        9        4741               467
          7507    2237686             84             69      -15       -1759               319
          7508    2736633             84             68      -16       -2220               405
          7509   12419865             84             62      -22       -5956               370
          7510   10389494             84             77       -7        1436               258
          7511   12822725             84             68      -16       -2365               301
          7512   13223300             84             58      -26       -9628               270
          7513   11324641             84            168       84        7367               731
          7514     432507             84             56      -28      -11681               291
          7515   11836761             84            105       21        5948               172
          7516    6625798             84             60      -24       -7636               529
          7517   12535164             84             56      -28      -11499               420
          7518    1506043             84             74      -10         344               380
          7519    4897927             84             60      -24       -7470               484
          7520   11991624             84             91        7        4444               501
          7521    8645708             84             59      -25       -8312               456
          7522   11992290             84             80       -4        2258               635
          7523    5657666             84             91        7        4474               349
          7524    8620038             84             59      -25       -8414               361
          7525    9885171             84             65      -19       -3980               255
          7526   10131950             84             51      -33      -17861               601
          7527   13527738             84             93        9        4748               289
          7528   10014985             84             65      -19       -3991               426
          7529    6720622             84             56      -28      -11535               466
          7530     875406             84             55      -29      -12513               622
          7531    1960415             84             82       -2        2708               326
          7532   10739916             84             58      -26       -9532               566
          7533    4498403             84             63      -21       -5417               382
          7534    8593518             84             77       -7        1372               192
          7535   10440887             84             89        5        4104               294
          7536    4887197             84             63      -21       -5510               408
          7537   12081528             84             68      -16       -2264               141
          7538    1347613             84             82       -2        2774               460
          7539    9563943             84             50      -34      -19575               453
          7540    3905069             84             63      -21       -4961               235
          7541   11408625             84             56      -28      -11428               374
          7542    6830884             84             68      -16       -2168               301
          7543     514181             84             79       -5        2072               627
          7544    6689256             84             83       -1        3037               530
          7545    8785439             84             72      -12        -376               237
          7546    4382499             84             66      -18       -3524               473
          7547    6809376             84             62      -22       -6072               302
          7548    9827043             84             55      -29      -12612               456
          7549    8896084             84             93        9        4819               444
          7550      27472             84             60      -24       -7729               476
          7551    5004487             84             78       -6        1692               306
          7552   11364941             84             89        5        4122               381
          7553    2831749             84             64      -20       -4409               279
          7554    2811443             84             74      -10         631               295
          7555    4385393             84             60      -24       -7717               487
          7556    9949167             84             64      -20       -4512               407
          7557    1836078             84             80       -4        2302               278
          7558    6129135             84             59      -25       -8387               302
          7559    6457935             84             67      -17       -2799               400
          7560   10508942             84             61      -23       -6669               482
          7561   11692740             84             90        6        4323               442
          7562    3764883             84             82       -2        2766               398
          7563     396898             84             76       -8        1306               208
          7564   11080716             84             75       -9         985               311
          7565    1744468             84             81       -3        2564               285
          7566    6663387             84             75       -9         798               394
          7567   11853224             84             80       -4        2264               519
          7568    7388353             84             64      -20       -4497               384
          7569    7384959             84             73      -11         -35               340
          7570    5213749             84             78       -6        1761               190
          7571    5139244             84             90        6        4318               526
          7572    1625274             84             64      -20       -4701               436
          7573    6883520             84             59      -25       -8227               379
          7574    5548296             84             61      -23       -6548               310
          7575   10336266             84             63      -21       -5041               345
          7576    5361321             84            107       23        6132               367
          7577     899355             84             71      -13        -807               379
          7578     243373             84             63      -21       -5450               352
          7579     184328             84             74      -10         459               245
          7580    8380897             84             64      -20       -4702               220
          7581    2415407             84             60      -24       -7736               297
          7582    2890043             84             65      -19       -3840               313
          7583   10424880             84             61      -23       -6861               463
          7584    6810001             84             61      -23       -6871               384
          7585    4956198             84             59      -25       -8453               523
          7586   13650446             84             58      -26       -9302               495
          7587    5914151             84             77       -7        1419               518
          7588    4235032             84             77       -7        1406               491
          7589    8635753             84             85        1        3428               339
          7590     694453             84             83       -1        3112               361
          7591    4931116             84             53      -31      -15177               431
          7592    3954300             84            123       39        6856               359
          7593   12894152             84             57      -27      -10636               349
          7594     203902             84            103       19        5822               268
          7595    3528563             84             70      -14       -1256               419
          7596     824068             84             65      -19       -4027               377
          7597    5331752             84             58      -26       -9588               291
          7598    3970890             84             65      -19       -3957               290
          7599    8313802             84             68      -16       -2329               303
          7600    4960946             84             78       -6        1747               386
          7601   10853842             84            120       36        6752               324
          7602    8968602             84             69      -15       -1649               406
          7603     267753             84             70      -14       -1208               242
          7604     789651             84             58      -26       -9486               468
          7605    7516527             84             81       -3        2545               323
          7606   13024671             84             77       -7        1494               493
          7607    8548789             84             94       10        4951               377
          7608   11490587             84             71      -13        -851               420
          7609   11915114             84             98       14        5473               225
          7610    2021902             84             74      -10         405               325
          7611    8808878             84             71      -13        -828               227
          7612    2636412             84             92        8        4709               302
          7613    9711759             84             86        2        3691               254
          7614    4312717             84             63      -21       -5236               381
          7615    8176427             84             61      -23       -6962               332
          7616   12507030             84             62      -22       -5720               288
          7617    8515796             84             60      -24       -7722               254
          7618   11754475             84             86        2        3669               343
          7619    6376180             84             60      -24       -7647               330
          7620   13025313             84             68      -16       -2209               271
          7621    4654453             84            134       50        7156               490
          7622   12229214             84             63      -21       -5264               360
          7623    2827894             84             64      -20       -4734               491
          7624    9906445             84             70      -14       -1230               223
          7625    8720023             84             88        4        4014               207
          7626    7339266             84             66      -18       -3045               194
          7627   11689044             84             52      -32      -16372               417
          7628    1187982             84             71      -13        -790               258
          7629     743122             84             62      -22       -6041               362
          7630    2647899             84             71      -13        -817               479
          7631   12859865             84             63      -21       -5246               324
          7632    9519917             84             69      -15       -1741               555
          7633   11750761             84             60      -24       -7237               255
          7634    4386801             84             77       -7        1627               252
          7635    7743191             84             63      -21       -5437               251
          7636   10568408             84             78       -6        1799               293
          7637    5033850             84             62      -22       -6094               429
          7638    5348928             84             64      -20       -4375               316
          7639    8861269             84             83       -1        3110               329
          7640    5958117             84             81       -3        2591               339
          7641    8707911             84             88        4        4146               296
          7642    4922244             84             81       -3        2680               228
          7643     121599             84             83       -1        3085               201
          7644   13589439             84             67      -17       -2823               285
          7645    6169898             84             67      -17       -2804               211
          7646    8411500             84             65      -19       -3943               210
          7647    5330178             84             65      -19       -3944               375
          7648    2159106             84             83       -1        3092               238
          7649   12400145             84             77       -7        1486               300
          7650     193887             84            109       25        6344               210
          7651   13213786             84             74      -10         439               306
          7652   13009590             84             81       -3        2749               242
          7653    5982766             84             63      -21       -5407               297
          7654    1021773             84             55      -29      -12830               456
          7655    6763981             84             56      -28      -11482               391
          7656    3579476             84             72      -12        -318               320
          7657   11064111             84             61      -23       -6903               307
          7658    5580575             84             75       -9         850               291
          7659    5303131             84             80       -4        2335               277
          7660    9890870             84             75       -9         828               295
          7661    9352207             84             68      -16       -2296               206
          7662    6174313             83            109       26        6372               232
          7663   13703902             83             73      -10         422               225
          7664     318646             83             84        1        3479               131
          7665    9444724             83             69      -14       -1272               283
          7666    7226153             83             69      -14       -1316               210
          7667   13136984             83             61      -22       -6193               298
          7668   13280403             83             56      -27      -10749               592
          7669     582341             83             76       -7        1453               196
          7670    6841485             83             68      -15       -1826               436
          7671    5882460             83             59      -24       -7820               318
          7672    6546599             83             47      -36      -23974               764
          7673   10429250             83             62      -21       -5477               264
          7674    4111879             83             88        5        4167               237
          7675      79273             83             66      -17       -2849               146
          7676    6833325             83             69      -14       -1327               198
          7677    7222359             83             63      -20       -4740               287
          7678    6091006             83             83        0        3266               320
          7679    6360642             83             65      -18       -3451               146
          7680   12754408             83             60      -23       -7055               384
          7681    9445656             83             61      -22       -6251               522
          7682   10364630             83             65      -18       -3458               146
          7683    6008313             83             66      -17       -2854               303
          7684    3479800             83             65      -18       -3501               398
          7685    1611004             83             69      -14       -1388               228
          7686    4804172             83             83        0        3309               230
          7687    4061217             83             56      -27      -10792               308
          7688    1136910             83             67      -16       -2463               565
          7689    5648116             83             71      -12        -428               281
          7690    2643390             83             63      -20       -4812               336
          7691   11310600             83             57      -26       -9799               357
          7692   13377431             83             58      -25       -8821               396
          7693   10607265             83             71      -12        -470               330
          7694    5102478             83             63      -20       -4845               207
          7695   12313743             83             74       -9         711               324
          7696    6990967             83             58      -25       -8809               518
          7697    2811316             83             69      -14       -1334               323
          7698    1024656             83             76       -7        1437               200
          7699    4811572             83             50      -33      -18660               971
          7700    8292635             83             61      -22       -6311               553
          7701    1256686             83             87        4        4076               127
          7702    7623982             83             63      -20       -4833               472
          7703   12818302             83             81       -2        2848               208
          7704   12625122             83             66      -17       -2846               497
          7705     170290             83             60      -23       -7115              1067
          7706    4867327             83             91        8        4747               252
          7707   13246239             83             67      -16       -2353               310
          7708    9645600             83             74       -9         645               398
          7709    8967107             83             51      -32      -17337               486
          7710    8166472             83             66      -17       -2954               346
          7711    1786763             83             57      -26       -9815               311
          7712   10153201             83             68      -15       -2053               415
          7713    4556934             83             61      -22       -6342               732
          7714    4442342             83             85        2        3670               322
          7715    3218165             83             73      -10         307               351
          7716   11268185             83             57      -26      -10118               440
          7717   12563481             83             58      -25       -8908               380
          7718    5665949             83             65      -18       -3742               299
          7719    5994262             83             66      -17       -2999               364
          7720    6118172             83             67      -16       -2492               439
          7721    7735871             83             56      -27      -10821               688
          7722    1485521             83             64      -19       -4425               543
          7723    6183538             83             77       -6        1721               230
          7724   12139719             83             70      -13        -867               381
          7725    2377311             83             51      -32      -17272               681
          7726    4386069             83             55      -28      -12341               319
          7727      53260             83             63      -20       -4831               321
          7728    8450915             83             63      -20       -4903               224
          7729    8415090             83             79       -4        2275               357
          7730    8894653             83             54      -29      -13527               590
          7731    6120321             83             72      -11          37               205
          7732    7345536             83             67      -16       -2327               258
          7733    8488460             83             64      -19       -4200               702
          7734    2856128             83             65      -18       -3675               585
          7735   13360454             83             75       -8        1154               338
          7736    2327876             83             56      -27      -10747               185
          7737    5303751             83             70      -13        -806               330
          7738    7281374             83             66      -17       -3075               859
          7739    3315018             83             88        5        4130               217
          7740    4659563             83             62      -21       -5673               414
          7741    9621270             83             80       -3        2652               146
          7742     704258             83             65      -18       -3629               568
          7743    7513096             83            106       23        6256               270
          7744    3693379             83             64      -19       -4439               380
          7745    6169510             83             63      -20       -5072               843
          7746   10044685             83             71      -12        -421               512
          7747    8506423             83             65      -18       -3520               218
          7748    6100819             83             76       -7        1483               209
          7749     953454             83             84        1        3546               536
          7750    5236333             83             62      -21       -5596               716
          7751   13610626             83             76       -7        1478               370
          7752    1097942             83             57      -26       -9957               536
          7753   11499131             83             61      -22       -6570               346
          7754    8702787             83             63      -20       -4837               206
          7755    3990047             83             55      -28      -12131               402
          7756    9501123             83             73      -10         442               158
          7757    5882522             83             77       -6        1785               293
          7758    5523357             83             65      -18       -3549               329
          7759    6456737             83             70      -13        -925               286
          7760    2628007             83             80       -3        2619               268
          7761    9777824             83             87        4        4026               647
          7762    6554953             83             71      -12        -367               239
          7763    2508295             83             55      -28      -12210               727
          7764    3347375             83             75       -8        1085               348
          7765   13080570             83             64      -19       -4296               343
          7766   10187616             83             78       -5        2008               533
          7767    3568604             83             53      -30      -14496               944
          7768    4852981             83             87        4        4101               348
          7769   12868004             83             63      -20       -4828               401
          7770    7886413             83             62      -21       -5841               526
          7771    2631427             83             89        6        4402               866
          7772    5085001             83             57      -26      -10076               498
          7773   11622422             83             86        3        3905               647
          7774    4066893             83             65      -18       -3716               385
          7775    9417557             83            101       18        5849               407
          7776   13553680             83             55      -28      -12164               988
          7777    1583313             83             79       -4        2381               324
          7778   10419865             83             54      -29      -13213               634
          7779   11081603             83             57      -26       -9941               473
          7780   10949831             83             62      -21       -5594               408
          7781   13376495             83             60      -23       -7262               327
          7782    8692727             83             65      -18       -3426               205
          7783    1071447             83             98       15        5661               374
          7784    4198341             83             72      -11        -115               641
          7785    6710311             83             48      -35      -22122               598
          7786    4253972             83             76       -7        1404               299
          7787    4215794             83            101       18        5868               990
          7788   11626015             83             63      -20       -4821               385
          7789    7654938             83             63      -20       -4891               217
          7790   11622844             83             70      -13        -973               392
          7791     743774             83             67      -16       -2399               505
          7792    4509284             83             80       -3        2541               177
          7793    6257305             83             60      -23       -7184               309
          7794   12631038             83             77       -6        1805               229
          7795    4176549             83             63      -20       -4959               611
          7796    4228292             83             57      -26      -10133               270
          7797    3876350             83             61      -22       -6281               427
          7798    6726338             83             52      -31      -16202               459
          7799    4294751             83             81       -2        2928               219
          7800    9065773             83             56      -27      -10932               386
          7801   12484890             83             59      -24       -7994               449
          7802   13425441             83             58      -25       -8928               256
          7803    8475329             83             62      -21       -5667               302
          7804    6789061             83             53      -30      -14636               462
          7805    6523851             83             61      -22       -6515               373
          7806    3794318             83             65      -18       -3733               316
          7807    2544950             83             70      -13       -1006               421
          7808    1970346             83             48      -35      -22308               606
          7809    2463107             83             66      -17       -2885               378
          7810    9568326             83             64      -19       -4224               384
          7811    9754045             83             64      -19       -4327               512
          7812    2940908             83             54      -29      -13464               231
          7813    8175410             83             61      -22       -6402               411
          7814    5704847             83             63      -20       -4912               421
          7815    2956772             83             75       -8        1188               408
          7816     844515             83             98       15        5639               340
          7817   10551186             83             53      -30      -14866               902
          7818    5765604             83             52      -31      -15743               327
          7819    3100057             83             58      -25       -8920               478
          7820   12300961             83             56      -27      -11176               521
          7821    5237572             83             72      -11         -13               312
          7822    8596400             83             65      -18       -3674               486
          7823    7143828             83             56      -27      -11067               806
          7824    8094582             83             57      -26       -9852               431
          7825   13125641             83             86        3        4030               140
          7826   10674068             83             61      -22       -6425               428
          7827    5244030             83             69      -14       -1290               196
          7828    5037585             83             57      -26       -9837               268
          7829    2257375             83             58      -25       -8939               263
          7830   12165549             83             69      -14       -1353               322
          7831    5138704             83             64      -19       -4345               489
          7832    8492522             83            125       42        7144               922
          7833    5089954             83             65      -18       -3585               559
          7834    3950038             83            102       19        6032               211
          7835    1791727             83             64      -19       -4180               672
          7836   12028976             83             53      -30      -14466               637
          7837     134590             83             54      -29      -13436               663
          7838    2922242             83             65      -18       -3332               501
          7839   11516763             83             63      -20       -5035               564
          7840    1964435             83             61      -22       -6236               231
          7841    1453087             83             69      -14       -1438               431
          7842    7758894             83             66      -17       -3091               481
          7843    3076843             83             63      -20       -5068               447
          7844    9692782             83             73      -10         350               551
          7845    9200714             83             74       -9         980               233
          7846   13095252             83             59      -24       -7777               326
          7847    5424356             83             56      -27      -11331               580
          7848    2257245             83             64      -19       -4001               239
          7849   12631448             83             56      -27      -11381               360
          7850    5330664             83             75       -8        1307               319
          7851    1179883             83            111       28        6658               437
          7852   12499142             83             71      -12        -536               284
          7853    5909403             83             62      -21       -5757               637
          7854    8886856             83             54      -29      -13349               510
          7855    7696471             83             57      -26      -10225               426
          7856   10348412             83             58      -25       -9086               395
          7857    4104256             83             69      -14       -1382               391
          7858    4522462             83             80       -3        2606               243
          7859    5840282             83             56      -27      -11023               427
          7860    5997060             83             64      -19       -4384               384
          7861   13705883             83             74       -9         704               377
          7862   10989294             83             69      -14       -1413               197
          7863   12692984             83             50      -33      -18818               677
          7864    3556508             83             85        2        3808               203
          7865    7871720             83             63      -20       -5029               245
          7866    8951357             83             52      -31      -15856               518
          7867    4116105             83             53      -30      -14704               599
          7868    9115435             83             55      -28      -12677               434
          7869    5551354             83             65      -18       -3642               299
          7870   12607145             83             66      -17       -3159               329
          7871    1782159             83             68      -15       -1993               410
          7872    6365985             83             78       -5        2085               552
          7873    2328390             83             59      -24       -8073               310
          7874    8941100             83             89        6        4594               265
          7875     955554             83             77       -6        1850               383
          7876    3925220             83             81       -2        2966               472
          7877   11127116             83             66      -17       -2974               352
          7878    4619670             83             66      -17       -2921               353
          7879    4519567             83             56      -27      -11175               754
          7880    8487676             83             59      -24       -8396               285
          7881   10740928             83             60      -23       -7349               224
          7882   12265331             83             75       -8        1090               239
          7883    1277778             83             86        3        4055               384
          7884    3628073             83             69      -14       -1255               394
          7885    9736044             83             76       -7        1581               283
          7886    8191913             83             71      -12        -397               298
          7887    5828673             83             59      -24       -8081               568
          7888    4949007             83             64      -19       -4057               427
          7889    3883815             83             70      -13        -937               213
          7890    7340560             83             57      -26      -10135               376
          7891     457902             83             65      -18       -3679               248
          7892    6256166             83             66      -17       -3059               421
          7893   11800485             83             65      -18       -3505               804
          7894   10490256             83             76       -7        1495               221
          7895   11924721             83             55      -28      -12308               569
          7896    1756645             83             61      -22       -6253               326
          7897    1139908             83             69      -14       -1219               354
          7898   11417920             83             48      -35      -22502               578
          7899    7910099             83             75       -8        1290               312
          7900   10194617             83             74       -9        1042               162
          7901    8609705             83             69      -14       -1505               273
          7902   12763936             83             75       -8        1300               222
          7903   11026067             83             81       -2        2871               304
          7904    2711397             83             97       14        5627               400
          7905   11466572             83             83        0        3344               474
          7906   12050896             83             83        0        3369               274
          7907     464628             83             71      -12        -414               354
          7908   13226323             83             52      -31      -16053               468
          7909   11236176             83             63      -20       -4800               517
          7910     206030             83             91        8        4866               328
          7911   10032105             83             63      -20       -5121               472
          7912    6535261             83             64      -19       -4394               253
          7913     157281             83             71      -12        -431               526
          7914    9580477             83             54      -29      -13259               212
          7915    9148968             83             56      -27      -11178               432
          7916    6218187             83             82       -1        3179               287
          7917    6477532             83             66      -17       -2971               406
          7918     190144             83             85        2        3829               292
          7919    4929025             83             72      -11         159               472
          7920    9813271             83             68      -15       -2038               301
          7921    6551022             83             64      -19       -3930               270
          7922    2481240             83             75       -8        1214               318
          7923   10888151             83             72      -11         155               149
          7924   12804165             83             57      -26       -9882               493
          7925    3089134             83             49      -34      -20746               471
          7926    4199471             83             65      -18       -3469               659
          7927   10666513             83             58      -25       -8991               273
          7928    1877850             83             70      -13        -812               474
          7929     806806             83             47      -36      -24537               606
          7930     705233             83             85        2        3836               235
          7931    5669225             83             72      -11          47               253
          7932    7812089             83             82       -1        3287               256
          7933    8960080             83             52      -31      -15958               591
          7934   12752693             83             57      -26      -10195               683
          7935   11678172             83             61      -22       -6242               343
          7936   12704207             83             53      -30      -14691               234
          7937   11274671             83             92        9        5099               240
          7938    1633318             83             63      -20       -5067               519
          7939    2210459             83             61      -22       -6452               272
          7940    8641219             83             61      -22       -6609               282
          7941   12087389             83             82       -1        3188               299
          7942    4456516             83             46      -37      -26405               736
          7943    8008210             83             68      -15       -1673               194
          7944    9412695             83             68      -15       -1760               357
          7945   12234217             83             63      -20       -4754               393
          7946    6883898             83             73      -10         375               334
          7947    2952429             83             67      -16       -2427               336
          7948    7462881             83             73      -10         426               211
          7949    6745144             83             52      -31      -15897               375
          7950   10526640             83             54      -29      -13493               528
          7951    5653680             83             74       -9         841               466
          7952    4862800             83             60      -23       -7144               341
          7953    3871045             83             47      -36      -24634               350
          7954    4137820             83             55      -28      -12166               464
          7955    4897811             83             52      -31      -16410               309
          7956    9410245             83             61      -22       -6177               340
          7957    6039454             83             56      -27      -10733               297
          7958    5945932             83             54      -29      -13417               412
          7959    4620771             83             67      -16       -2154               559
          7960   13679679             83             56      -27      -11013               618
          7961    8950952             83             73      -10         593               378
          7962    4007683             83             57      -26       -9760               740
          7963    6139682             83             56      -27      -10903               512
          7964   13160962             83             67      -16       -2457               463
          7965   11298422             83            106       23        6414               366
          7966   12665599             83             57      -26      -10161               421
          7967    7858247             83             62      -21       -5586               239
          7968    7470031             83             63      -20       -5019               262
          7969    1959099             83             71      -12        -227               545
          7970    2474598             83             63      -20       -4969               308
          7971    8072256             83             59      -24       -8260               337
          7972     764396             83             68      -15       -1891               391
          7973    3502553             83             56      -27      -11378               303
          7974   12592019             83             75       -8        1219               362
          7975    2921835             83             66      -17       -2794               292
          7976    5901226             83             66      -17       -3041               329
          7977    9702694             83             57      -26      -10001               330
          7978      88301             83             61      -22       -6435               548
          7979    5148623             83             79       -4        2427               530
          7980   11568796             83             66      -17       -2975               319
          7981    7728765             83             75       -8        1151               379
          7982   13394658             83             67      -16       -2296               268
          7983   10169520             83             85        2        3816               332
          7984    3306221             83             71      -12        -446               243
          7985   12748917             83             75       -8        1282               254
          7986    7432820             83             83        0        3454               402
          7987    8179600             83             58      -25       -9107               587
          7988    3746288             83             60      -23       -7326               198
          7989   10576628             83             66      -17       -3017               448
          7990    2034925             83             59      -24       -8214               359
          7991    3558359             83             75       -8        1400               455
          7992    9692210             83             80       -3        2765               222
          7993   11824342             83             54      -29      -13412               434
          7994   12551709             83             75       -8        1178               280
          7995    3840170             83             77       -6        1933               259
          7996    2055944             83             71      -12        -132               276
          7997    6734040             83             56      -27      -11355               237
          7998   13704125             83             55      -28      -12371               467
          7999    3266388             83             62      -21       -5747               325
          8000   13700655             83             68      -15       -1746               281
          8001    8031816             83             61      -22       -6401               370
          8002    8366338             83             54      -29      -13170               622
          8003    8579902             83             74       -9        1054               343
          8004    5907899             83             70      -13        -835               435
          8005    8545007             83             68      -15       -1864               241
          8006    2035575             83             82       -1        3194               421
          8007    8732472             83             62      -21       -5615               406
          8008   13486719             83             53      -30      -14598               390
          8009    7689271             83             71      -12        -402               319
          8010    9231349             83             80       -3        2701               357
          8011    9679301             83             65      -18       -3459               342
          8012   12161557             83             73      -10         401               231
          8013    1337171             83             70      -13        -662               281
          8014   11634251             83             67      -16       -2307               365
          8015     726718             83             67      -16       -2383               446
          8016    6587481             83             70      -13        -878               366
          8017    8335500             83             69      -14       -1369               393
          8018   11011584             83             71      -12        -364               313
          8019   10795004             83             56      -27      -10842               357
          8020   12442570             83             62      -21       -5671               194
          8021     968785             83             56      -27      -10844               310
          8022    7363901             83             67      -16       -2246               329
          8023   11221679             83             67      -16       -2458               406
          8024    4237412             83             90        7        4867               304
          8025   13389419             83            105       22        6440               269
          8026    2444819             83             74       -9         856               211
          8027    5283039             83             52      -31      -16210               391
          8028    9776335             83             78       -5        2145               264
          8029    7879900             83             62      -21       -5566               177
          8030   11438833             83             99       16        5981               305
          8031    6478151             83             72      -11          85               180
          8032    9267828             83             66      -17       -3029               354
          8033   13028268             83             63      -20       -4966               326
          8034   11149851             83             93       10        5267               308
          8035    2179870             83             82       -1        3360               312
          8036   11083524             83            113       30        6924               242
          8037   12573599             83             69      -14       -1352               266
          8038    9204456             83             49      -34      -21293               472
          8039   10272852             83             91        8        4962               266
          8040    9627908             83             78       -5        2170               176
          8041    3998107             83             56      -27      -11349               364
          8042    3377551             83             62      -21       -5579               357
          8043    8218099             83             59      -24       -8218               397
          8044    3341585             83             63      -20       -4685               259
          8045    5782963             83             83        0        3570               277
          8046    4675838             83             68      -15       -1856               261
          8047   11370123             83             56      -27      -11387               299
          8048    4735978             83             64      -19       -4113               285
          8049    7714541             83             75       -8        1254               243
          8050    4146030             83             62      -21       -5665               342
          8051    6278480             83             50      -33      -19360               306
          8052    7932701             83            118       35        7127               468
          8053   13484554             83             59      -24       -8090               236
          8054    9535993             83             67      -16       -2390               236
          8055     940339             83             64      -19       -4272               385
          8056   13120312             83             74       -9         893               256
          8057    1152330             83             65      -18       -3528               286
          8058    6328563             83             71      -12        -397               314
          8059    2138522             83             75       -8        1344               148
          8060    7103356             83             78       -5        2220               244
          8061    4388507             83             52      -31      -16175               412
          8062    3995655             83             62      -21       -5647               332
          8063    6079845             83             76       -7        1599               306
          8064    3654903             83             76       -7        1607               314
          8065    4061932             83             55      -28      -12233               438
          8066    1524289             83             74       -9        1028               220
          8067    4911922             83             54      -29      -13796               358
          8068    4729626             83            124       41        7370               225
          8069    9622233             83             80       -3        2916               206
          8070   10761632             83             83        0        3470               347
          8071     381523             83             54      -29      -13782               215
          8072    2063608             83             59      -24       -8265               218
          8073    8456964             83             68      -15       -1835               255
          8074    4394636             83             77       -6        1885               329
          8075     549379             83             59      -24       -8283               313
          8076    3104452             83             69      -14       -1340               267
          8077   10932464             83             77       -6        1871               367
          8078    7448522             83             68      -15       -1555               257
          8079    4228601             83             70      -13        -783               320
          8080    1575772             83             49      -34      -21083               381
          8081    2869843             83             77       -6        2113               184
          8082    3790798             83             82       -1        3258               173
          8083   12960370             82             78       -4        2465               493
          8084    3273817             82             79       -3        2729               194
          8085    5223189             82             69      -13        -844               136
          8086    1688602             82             73       -9         840               156
          8087    3331835             82             80       -2        3012               202
          8088    3585326             82             66      -16       -2442               284
          8089     468304             82             61      -21       -5788               374
          8090    9174859             82             76       -6        1878               184
          8091     971117             82             65      -17       -3070               372
          8092   12473993             82             68      -14       -1363               219
          8093   12034265             82             75       -7        1552               146
          8094    6250533             82             60      -22       -6623               183
          8095    9343961             82             78       -4        2473               194
          8096    8585601             82             67      -15       -1883               226
          8097    7772127             82             70      -12        -428               185
          8098     616504             82             90        8        4994               295
          8099    5869905             82             64      -18       -3685               256
          8100   10239843             82             64      -18       -3601               243
          8101    3076769             82             55      -27      -11528              1016
          8102    9336580             82             65      -17       -2990               253
          8103    9372958             82             64      -18       -3704               268
          8104    7576576             82             72      -10         393               268
          8105    8969355             82             73       -9         801               471
          8106   10087287             82             68      -14       -1405               252
          8107    8176055             82             65      -17       -3052               309
          8108    9381651             82             59      -23       -7364               256
          8109    6297304             82             67      -15       -1903               283
          8110    4980671             82             58      -24       -8294               201
          8111     892001             82             58      -24       -8363               273
          8112     657090             82             86        4        4296               427
          8113    8867100             82             65      -17       -3060              1044
          8114    3430498             82             57      -25       -9369               292
          8115   10537690             82             94       12        5578               178
          8116    9931025             82             67      -15       -1986               430
          8117    8155596             82             65      -17       -3063               499
          8118    7371327             82             70      -12        -463               209
          8119    6364550             82             68      -14       -1595               216
          8120    2678836             82             57      -25       -9398               345
          8121    9328637             82             63      -19       -4361               251
          8122    5404744             82             68      -14       -1468               430
          8123    8905117             82             56      -26      -10541               385
          8124    8057353             82             77       -5        2098               231
          8125    4588702             82             57      -25       -9470               416
          8126   10938261             82             60      -22       -6628               346
          8127    8721812             82             80       -2        3045               232
          8128   12001481             82             54      -28      -12739               199
          8129   10650116             82             71      -11          -7               247
          8130    6559524             82             73       -9         792               335
          8131    7445959             82             54      -28      -12799               641
          8132    3097842             82             80       -2        2859               226
          8133    3882365             82             57      -25       -9469               169
          8134    2141050             82             70      -12        -528               484
          8135    3075671             82             85        3        4122               217
          8136    3040497             82             65      -17       -3297               389
          8137   10240757             82             69      -13       -1059               338
          8138    9322862             82             64      -18       -3881               171
          8139    3837326             82             63      -19       -4474               698
          8140    9790425             82             74       -8        1073               467
          8141    1667038             82             61      -21       -5968               337
          8142   13193159             82             67      -15       -2004               474
          8143    2510005             82             66      -16       -2500               446
          8144    7160317             82             49      -33      -20062               538
          8145   11077606             82             67      -15       -2054               475
          8146   10329313             82             60      -22       -6668               242
          8147   10899144             82             70      -12        -413               148
          8148     300642             82             74       -8        1207               328
          8149    1932035             82             80       -2        3050               394
          8150   10741266             82             75       -7        1562               394
          8151   10544950             82             73       -9         886               169
          8152    9651790             82             68      -14       -1378               433
          8153    8639687             82             55      -27      -11594               313
          8154    6066466             82             64      -18       -3682               421
          8155    7982549             82             62      -20       -5148               214
          8156     506380             82             73       -9         882               240
          8157    7470294             82             76       -6        1846               660
          8158    8397113             82             61      -21       -5940               460
          8159    6692247             82             68      -14       -1489               358
          8160    4480161             82             66      -16       -2465               285
          8161    5340918             82             59      -23       -7529               541
          8162    8118894             82             74       -8        1282               187
          8163    3185305             82             58      -24       -8570               230
          8164    7260117             82             86        4        4264               418
          8165   11975248             82             69      -13       -1070               320
          8166    9856023             82             55      -27      -11666               905
          8167    8605444             82             65      -17       -3215               453
          8168   12693936             82             62      -20       -4969               179
          8169    1286752             82             56      -26      -10660               878
          8170    6590082             82             82        0        3445               525
          8171   10301390             82             67      -15       -2082               447
          8172    9271139             82             56      -26      -10612               545
          8173    3018754             82             71      -11        -109               629
          8174    1328827             82             66      -16       -2495               734
          8175   10175861             82             91        9        5200               256
          8176    5778983             82             60      -22       -6883               677
          8177   12154284             82             88        6        4715               263
          8178    8634057             82             71      -11          38               409
          8179    7226325             82             57      -25       -9642               290
          8180    5534976             82             57      -25       -9548               290
          8181   11149304             82             45      -37      -27922               517
          8182   10398785             82             74       -8        1271               373
          8183    8210395             82             78       -4        2548               221
          8184    8684541             82             70      -12        -475               280
          8185    8695679             82             77       -5        2140               318
          8186   10754201             82             59      -23       -7318               362
          8187   12319602             82             69      -13        -845               327
          8188    1287138             82             64      -18       -3742               365
          8189    4075824             82             60      -22       -6680               311
          8190    8275389             82             68      -14       -1380               508
          8191    1058587             82             53      -29      -14240               852
          8192    9404120             82             68      -14       -1448               591
          8193    9066030             82             65      -17       -2940               267
          8194   10325625             82             58      -24       -8612               464
          8195   11291164             82             71      -11         -12               257
          8196    5535216             82             69      -13        -961               418
          8197    3631725             82             77       -5        2142               452
          8198   11984886             82             88        6        4732               172
          8199   13272806             82             73       -9         782               345
          8200    1321208             82             59      -23       -7429               569
          8201    6662376             82             66      -16       -2509               261
          8202    3033593             82             59      -23       -7812               551
          8203    9205458             82             83        1        3793               325
          8204    6412474             82            104       22        6560               242
          8205    5935118             82             75       -7        1462               254
          8206   11677032             82             51      -31      -17121               745
          8207    6151804             82             74       -8        1323               579
          8208   12002395             82             64      -18       -3835               328
          8209    8749194             82             50      -32      -18394               605
          8210    4541961             82             74       -8        1156               293
          8211   12829795             82             59      -23       -7885               441
          8212   12283960             82             78       -4        2533               208
          8213    4654809             82             71      -11          47               184
          8214    3420934             82             58      -24       -8463               449
          8215    3384234             82             86        4        4318               262
          8216     565415             82             51      -31      -17019               626
          8217    1863914             82             61      -21       -5889               305
          8218    9713882             82             61      -21       -5760               436
          8219    2323882             82             75       -7        1656               157
          8220    6655632             82             69      -13        -983               492
          8221    1289039             82             86        4        4295               540
          8222    5638937             82             54      -28      -12909               566
          8223      56650             82             58      -24       -8409               424
          8224    5196705             82             62      -20       -5191               574
          8225   12176074             82             66      -16       -2424               219
          8226   13141867             82             68      -14       -1538               565
          8227    7385951             82             69      -13        -908               285
          8228    1655829             82             86        4        4418               224
          8229    3569039             82             61      -21       -5842               276
          8230   12871882             82             69      -13        -862              1109
          8231    4413196             82             78       -4        2395               475
          8232     569223             82             56      -26      -10360               284
          8233    5855701             82             87        5        4597               355
          8234    5704668             82             62      -20       -5251               489
          8235   11661629             82             74       -8        1271               204
          8236    8071133             82             68      -14       -1434               495
          8237   10656530             82             53      -29      -14234               487
          8238    2750174             82             59      -23       -7579               420
          8239   12666277             82             85        3        4182               444
          8240    6041480             82             48      -34      -21910               827
          8241    8705201             82             58      -24       -8342               267
          8242   10234865             82            128       46        7634              1023
          8243    5289790             82             55      -27      -11696               593
          8244   12162069             82             61      -21       -6108               499
          8245    4004784             82             55      -27      -11795               602
          8246    1084982             82             64      -18       -3876               523
          8247    4703458             82             69      -13        -996               472
          8248   11061686             82             59      -23       -7443               558
          8249    4647014             82             53      -29      -14245               316
          8250    1656945             82             57      -25       -9699               518
          8251     630467             82             71      -11         -82               367
          8252    9663781             82             67      -15       -2002               393
          8253    5716805             82             58      -24       -8426               462
          8254    3390244             82             59      -23       -7944               306
          8255   11784618             82             78       -4        2492               222
          8256    9597368             82             58      -24       -8720               439
          8257    9176714             82             68      -14       -1534               317
          8258   10785759             82             64      -18       -3639               391
          8259    7896643             82             62      -20       -5350               791
          8260    6940716             82             55      -27      -11915               624
          8261    4252108             82             75       -7        1703               229
          8262    7060383             82             60      -22       -6951               587
          8263    8866581             82             62      -20       -5176               319
          8264    7723108             82            111       29        7055               270
          8265    5348849             82             64      -18       -3741               488
          8266    4263835             82             87        5        4522               703
          8267    4461327             82             68      -14       -1257               235
          8268    4726774             82             64      -18       -3690               357
          8269     106642             82             68      -14       -1257               348
          8270   10684868             82             65      -17       -3201               277
          8271    3797977             82             85        3        4209               217
          8272    9585208             82             65      -17       -3007               235
          8273    2600394             82             56      -26      -10901               472
          8274    1795496             82             59      -23       -7719               770
          8275    2556725             82             73       -9         823               249
          8276    7004600             82             85        3        4273               222
          8277    2252106             82             52      -30      -15157               378
          8278   11832057             82             59      -23       -7273               333
          8279    1651112             82             92       10        5370               720
          8280    8962900             82             65      -17       -3045               445
          8281    3030244             82             64      -18       -3829               354
          8282    8755174             82             69      -13        -713               157
          8283    8102036             82             90        8        5067               341
          8284     266419             82             56      -26      -10527               773
          8285    1218524             82             56      -26      -10602               462
          8286    7640674             82             75       -7        1742               149
          8287    2128823             82             65      -17       -3176               342
          8288   13177967             82             57      -25       -9594               682
          8289    2575250             82             54      -28      -12905               296
          8290    6541857             82             63      -19       -4340               525
          8291   11786557             82             61      -21       -6101               378
          8292    2938759             82             53      -29      -14196               334
          8293   10738813             82             53      -29      -14258               274
          8294    4035860             82             50      -32      -18331               501
          8295    8797692             82             64      -18       -3988               470
          8296    7361385             82             51      -31      -17014               469
          8297   10105272             82            116       34        7289               657
          8298    1812467             82             63      -19       -4423               301
          8299    9749451             82             60      -22       -6810               383
          8300    7690070             82             49      -33      -20156               687
          8301   13036456             82             74       -8        1313               518
          8302    9888662             82             58      -24       -8597               249
          8303    8919845             82             97       15        6065               237
          8304    8943790             82             59      -23       -7541               664
          8305    7364943             82             49      -33      -20375               588
          8306    6171146             82             87        5        4595               667
          8307    2899430             82             69      -13        -964               582
          8308    5285832             82             58      -24       -8488               302
          8309    5757896             82             83        1        3836               652
          8310     831837             82             52      -30      -15391               690
          8311   12738491             82             69      -13        -921               503
          8312    2008626             82             72      -10         336               635
          8313    1942683             82             62      -20       -5246               467
          8314   12748070             82             74       -8        1257               324
          8315    4455227             82             70      -12        -318               301
          8316     604498             82             63      -19       -4286               535
          8317     565270             82             58      -24       -8524               401
          8318   11295975             82             47      -35      -24022               540
          8319    8429404             82             58      -24       -8447               380
          8320    1342786             82             56      -26      -10682               437
          8321    7007280             82             64      -18       -3960               344
          8322     761903             82             81       -1        3337               470
          8323    1471148             82             61      -21       -5982               415
          8324    1042942             82             57      -25       -9742               454
          8325    2412750             82             60      -22       -6731               433
          8326   11853523             82             80       -2        3139               556
          8327   11491151             82             55      -27      -11550               391
          8328    3928129             82             64      -18       -3644               235
          8329   11242831             82             49      -33      -20322               367
          8330    4179001             82             73       -9         775               377
          8331    2953546             82             50      -32      -18890               595
          8332   11251818             82             79       -3        2877               174
          8333    4156325             82             57      -25       -9713               286
          8334    8193494             82             68      -14       -1586               579
          8335    2084029             82             66      -16       -2619               418
          8336   11490748             82             56      -26      -10704               575
          8337   13423004             82             46      -36      -26025               545
          8338    5572749             82             57      -25       -9691               396
          8339     305745             82             69      -13        -615               258
          8340    4466293             82             73       -9         822               441
          8341    8343252             82             59      -23       -7783               326
          8342    8143522             82             61      -21       -6205               406
          8343    5892651             82             55      -27      -11968               414
          8344    4664590             82             56      -26      -10549               457
          8345    6208758             82             60      -22       -6365               289
          8346    5417181             82             65      -17       -3257               282
          8347    4424769             82             61      -21       -5947               560
          8348    1723215             82             56      -26      -10832               416
          8349    8238087             82             70      -12        -495               474
          8350    9588543             82             46      -36      -25800               529
          8351    2829167             82             61      -21       -5998               334
          8352    8842925             82             55      -27      -11888               681
          8353    5785570             82             56      -26      -10386               322
          8354    9514450             82             79       -3        2877               205
          8355   10293573             82             73       -9         905               378
          8356    6107389             82             67      -15       -1858               379
          8357   12948685             82             56      -26      -10393               331
          8358   13650655             82             92       10        5527               335
          8359    7140775             82             64      -18       -3670               311
          8360   10755460             82             50      -32      -18660               424
          8361    6449291             82             51      -31      -16815               727
          8362    5339484             82            102       20        6518               483
          8363    6499010             82             60      -22       -6817               240
          8364    4371447             82             58      -24       -8329               426
          8365    5791534             82             66      -16       -2529               453
          8366   10500808             82             74       -8        1419               354
          8367     648902             82             60      -22       -6810               453
          8368    4977273             82             55      -27      -11855               415
          8369    4688632             82             67      -15       -1811               389
          8370    4272795             82             60      -22       -6774               383
          8371    5132437             82             58      -24       -8610               338
          8372     892245             82             53      -29      -14130               569
          8373    3896117             82             56      -26      -10983               655
          8374   12857243             82             79       -3        2995               288
          8375    7769383             82             59      -23       -7647               496
          8376    4113017             82             74       -8        1204               196
          8377   11053224             82             66      -16       -2523               289
          8378    2503010             82             74       -8        1227               565
          8379    4197133             82             61      -21       -6021               366
          8380    1206439             82             54      -28      -12769               412
          8381   11596966             82             63      -19       -4617               317
          8382    4977889             82             66      -16       -2651               381
          8383   12641888             82             66      -16       -2633               436
          8384    7166914             82             76       -6        1898               422
          8385   10858998             82             70      -12        -442               555
          8386    5315529             82             77       -5        2370               388
          8387    9001195             82             56      -26      -10806               707
          8388     170071             82             66      -16       -2504               260
          8389    3848197             82             64      -18       -3659               652
          8390    2898720             82             85        3        4297               269
          8391    6153088             82             90        8        5143               439
          8392   10437960             82             82        0        3779               169
          8393    7123822             82             66      -16       -2457               421
          8394    9275827             82            122       40        7612               436
          8395     171296             82             64      -18       -3819               331
          8396    6318516             82             88        6        4797               274
          8397    1117373             82             67      -15       -1765               403
          8398   12052335             82             61      -21       -6030               424
          8399    7688327             82             82        0        3580               246
          8400    4569819             82             55      -27      -12045               387
          8401   12672192             82             56      -26      -10557               515
          8402   12996695             82             59      -23       -7451               339
          8403    5889819             82             53      -29      -14154               349
          8404   11465971             82             67      -15       -2036               553
          8405    1696889             82             65      -17       -3187               330
          8406   10133549             82             62      -20       -5233               323
          8407    3412205             82             67      -15       -1863               313
          8408   11667047             82             56      -26      -10833               527
          8409    8356611             82             62      -20       -5269               348
          8410    5099597             82             71      -11          29               313
          8411    6991843             82             82        0        3710               278
          8412   13712141             82             48      -34      -22331               620
          8413   12401741             82             96       14        6061               347
          8414   11353876             82             57      -25       -9352               345
          8415   11005583             82             60      -22       -6914               252
          8416    7955894             82             69      -13        -969               323
          8417    3174560             82             65      -17       -3048               290
          8418    7822577             82             83        1        4030               200
          8419     325535             82             75       -7        1696               511
          8420    9841923             82             68      -14       -1509               311
          8421    1707977             82             89        7        4992               398
          8422    4031144             82             76       -6        1960               328
          8423    8710933             82             84        2        4068               222
          8424   10383051             82             84        2        4139               205
          8425    3393706             82             69      -13        -884               502
          8426   10560972             82             61      -21       -5915               267
          8427    4229299             82             58      -24       -8563               438
          8428     360570             82             77       -5        2251               361
          8429   12496697             82             55      -27      -11642               265
          8430    1402887             82             85        3        4340               190
          8431   13642591             82             68      -14       -1049               300
          8432     962937             82             53      -29      -13885               285
          8433     285348             82             50      -32      -18562               472
          8434    1752612             82            109       27        7127               351
          8435     810142             82             79       -3        2986               309
          8436    5869017             82             57      -25       -9595               312
          8437    3487223             82             51      -31      -17231               404
          8438   13186722             82             60      -22       -6557               263
          8439   12677871             82             63      -19       -4530               221
          8440    3514545             82             93       11        5667               285
          8441    9880115             82             51      -31      -17112               477
          8442    9940768             82             66      -16       -2551               429
          8443    8999334             82            111       29        7270               269
          8444    3792785             82             70      -12        -347               213
          8445    4432302             82             63      -19       -4404               298
          8446    6872172             82             58      -24       -8557               261
          8447    4389990             82             76       -6        1948               337
          8448    5126840             82             52      -30      -15775               320
          8449    4688135             82             58      -24       -8556               388
          8450    3476731             82             83        1        3867               489
          8451   11005120             82             56      -26      -10910               338
          8452    6165935             82             57      -25       -9805               400
          8453    7162548             82             68      -14       -1419               602
          8454    2238535             82             74       -8        1378               391
          8455    9503717             82             58      -24       -8743               208
          8456      34257             82             67      -15       -1901               442
          8457   11779883             82             62      -20       -5080               370
          8458   13404630             82             53      -29      -14417               524
          8459    4195583             82             78       -4        2688               269
          8460    8821005             82             67      -15       -1983               353
          8461      61782             82             77       -5        2476               249
          8462    4035836             82             56      -26      -10720               186
          8463    8879088             82             76       -6        1975               317
          8464    1655324             82             53      -29      -14490               372
          8465    1449674             82             53      -29      -14571               209
          8466    2326057             82             69      -13        -823               340
          8467    8576619             82            106       24        6956               253
          8468    9204147             82             56      -26      -10778               381
          8469   13604031             82             62      -20       -4915               326
          8470   11499239             82             61      -21       -6004               404
          8471    9601575             82             61      -21       -5896               296
          8472    2501644             82             60      -22       -6902               274
          8473    3113317             82             60      -22       -6735               214
          8474    1900680             82             74       -8        1238               329
          8475   11280623             82             75       -7        1669               312
          8476   12652499             82             56      -26      -10298               315
          8477   11950883             82             65      -17       -3005               269
          8478     735472             82             55      -27      -11960               343
          8479    5357372             82             65      -17       -3119               301
          8480    3201218             82             61      -21       -5955               259
          8481    3494341             82             64      -18       -3661               367
          8482    5454623             82             59      -23       -7817               225
          8483   12933375             82             74       -8        1343               249
          8484   11935217             82             64      -18       -3710               311
          8485    6547245             82             72      -10         475               305
          8486   12307037             82             54      -28      -12874               320
          8487    9909368             82             77       -5        2334               221
          8488   12777377             82             73       -9         896               230
          8489    9521351             82             51      -31      -17174               374
          8490   11595496             82             73       -9         880               278
          8491    9672194             82             59      -23       -7667               346
          8492    4588513             82             72      -10         483               445
          8493    5592728             82             76       -6        2035               319
          8494    4907263             82             56      -26      -10947               398
          8495    7535545             82             50      -32      -18970               345
          8496    7876838             82             82        0        3721               412
          8497   12455541             82             51      -31      -17347               366
          8498    9051904             82             66      -16       -2504               254
          8499    5404549             82             63      -19       -4580               309
          8500   10309610             82             55      -27      -12062               193
          8501    8454838             82             78       -4        2807               189
          8502   12429224             82             61      -21       -6056               241
          8503    8400239             82             67      -15       -1897               291
          8504    3212917             82             51      -31      -17320               490
          8505    6998363             82             64      -18       -3745               296
          8506     638509             82             56      -26      -10954               225
          8507    6875653             82             74       -8        1611               296
          8508   13718252             82             81       -1        3480               351
          8509   11035186             82             65      -17       -3169               223
          8510   12245045             82             59      -23       -7780               273
          8511    5846392             82             57      -25       -9711               328
          8512    2151047             82             68      -14       -1321               246
          8513    8861569             82             64      -18       -3847               215
          8514    6638486             82             66      -16       -2568               329
          8515    5841502             82             58      -24       -8567               354
          8516    2364422             82             61      -21       -6015               303
          8517    6062133             82             96       14        6150               298
          8518   11353534             82             73       -9        1165               338
          8519   12924408             82             69      -13        -889               333
          8520    6204571             82             56      -26      -10908               360
          8521   13464322             82             97       15        6230               296
          8522    7718077             82             67      -15       -1970               279
          8523    3193158             82             65      -17       -3145               235
          8524    7736402             82            102       20        6658               275
          8525    8555176             82             77       -5        2328               285
          8526    9130082             82             49      -33      -21018               218
          8527    1566554             82             56      -26      -10906               354
          8528   11381137             82             54      -28      -13256               250
          8529    1460449             82             70      -12        -388               279
          8530   10120272             82             59      -23       -7826               239
          8531    6585222             82             82        0        3711               254
          8532    6229292             82             76       -6        2049               253
          8533   12292149             82             53      -29      -14666               274
          8534    3033440             81             91       10        5588               203
          8535    4307783             81             62      -19       -4551               208
          8536     484729             81             55      -26      -10993               235
          8537    2240864             81             98       17        6427               179
          8538    1436857             81             65      -16       -2572               499
          8539    7904213             81             67      -14       -1427               121
          8540    5469854             81             73       -8        1268               485
          8541    3440980             81             59      -22       -6932               332
          8542    9020520             81             62      -19       -4603               774
          8543    2376267             81             62      -19       -4566               243
          8544    9185739             81             92       11        5738               403
          8545      23922             81             75       -6        1998               326
          8546   12787940             81             77       -4        2628               195
          8547    7426699             81             59      -22       -6929               162
          8548      69539             81             52      -29      -14772               777
          8549    8473678             81             59      -22       -6931               214
          8550   13177578             81             56      -25      -10005               429
          8551    4965528             81             73       -8        1190               400
          8552   11661953             81             80       -1        3464               452
          8553    3888728             81             58      -23       -7983               309
          8554   10733128             81             74       -7        1612               289
          8555    6740633             81             60      -21       -6218               318
          8556    9232933             81             70      -11          59               137
          8557   10555054             81             60      -21       -6117               349
          8558    2219113             81             67      -14       -1439               290
          8559    8095725             81             64      -17       -3276               311
          8560    8364099             81             65      -16       -2743               342
          8561   13709156             81             83        2        4182               200
          8562    7577116             81             75       -6        1941               412
          8563    2760883             81             69      -12        -686               276
          8564    3950684             81             60      -21       -6205               321
          8565    3324422             81             65      -16       -2796               359
          8566    6921007             81             87        6        4920               405
          8567    4051796             81             72       -9         824               249
          8568    5768958             81             63      -18       -3949               333
          8569    2015455             81             63      -18       -3982               636
          8570    3146259             81             85        4        4503               266
          8571     627861             81             52      -29      -14851               417
          8572      85336             81             57      -24       -9211               258
          8573    1041230             81             62      -19       -4660               277
          8574    2805034             81             58      -23       -7979               373
          8575    8550122             81             56      -25      -10201               209
          8576    3572529             81             64      -17       -3325               190
          8577    8603655             81             60      -21       -6238               480
          8578    4396820             81             67      -14       -1717               664
          8579    6469998             81             59      -22       -6888               365
          8580    7626524             81             49      -32      -19609               688
          8581    2948863             81             55      -26      -11072               665
          8582   10172793             81             57      -24       -8965               535
          8583    9056690             81             87        6        4936               469
          8584    5687561             81             67      -14       -1538               367
          8585    2674760             81             73       -8        1262               360
          8586    7239005             81             50      -31      -17909              1126
          8587    9737602             81             49      -32      -19674               612
          8588    1777007             81             54      -27      -12402               378
          8589    4029360             81             79       -2        3185               362
          8590    7715687             81             64      -17       -3291               513
          8591   12293404             81             63      -18       -4007               477
          8592    8011492             81             73       -8        1226               204
          8593    7205443             81             64      -17       -3370               171
          8594   10253900             81             65      -16       -2656               273
          8595   11333008             81             69      -12        -471               255
          8596    1479381             81             88        7        5148               517
          8597    4628288             81             60      -21       -6496               314
          8598   13099330             81             65      -16       -2665               354
          8599    1735058             81             52      -29      -14930               668
          8600    2313383             81             51      -30      -16485               378
          8601     216599             81             66      -15       -2000               434
          8602    3741010             81             54      -27      -12843               789
          8603   11147957             81             60      -21       -6252               531
          8604    9133437             81             66      -15       -1959               163
          8605   10395100             81             48      -33      -21426               614
          8606    8985656             81             72       -9         877               164
          8607     406873             81             62      -19       -4708               420
          8608     507968             81             65      -16       -2594               617
          8609   11656711             81             64      -17       -3690               414
          8610    3912436             81             62      -19       -4869               360
          8611   10292730             81            100       19        6610              1156
          8612    4331301             81             54      -27      -12553               425
          8613    9913486             81             65      -16       -2770               243
          8614    6146154             81             59      -22       -7073              1257
          8615    9734829             81             59      -22       -7392               443
          8616    5884030             81             66      -15       -2148               207
          8617   11105075             81             61      -20       -5632               391
          8618    4226317             81             67      -14       -1540               410
          8619    4654966             81             57      -24       -8885               233
          8620    6579569             81             68      -13        -853               507
          8621    1132679             81             77       -4        2689               323
          8622   12691288             81             67      -14       -1442               634
          8623    1187154             81             67      -14       -1411               604
          8624    3010871             81             56      -25       -9977               215
          8625    7051198             81             77       -4        2648               188
          8626     767483             81             66      -15       -2236               297
          8627   10705131             81             63      -18       -3794               202
          8628   10862031             81             83        2        4234               222
          8629    9137072             81             67      -14       -1677               487
          8630   10563041             81             68      -13        -809               203
          8631   12357837             81             86        5        4707               586
          8632   11043519             81             59      -22       -7109               439
          8633    9510174             81             57      -24       -9338               698
          8634    1169569             81             66      -15       -2276               500
          8635   12941470             81             80       -1        3502               750
          8636    3900458             81             67      -14       -1557               283
          8637    5936111             81             63      -18       -4134               294
          8638   12759370             81             56      -25      -10038               345
          8639    8968811             81             44      -37      -30272               571
          8640   10564914             81             59      -22       -7140               228
          8641    2105298             81             65      -16       -2620               328
          8642    5652509             81             88        7        5155               308
          8643    4372398             81             54      -27      -12502               422
          8644    9984074             81             61      -20       -5507               325
          8645    7628540             81             50      -31      -18080               621
          8646    3787081             81             52      -29      -14966               462
          8647   11822055             81             70      -11        -131               248
          8648    3616351             81             61      -20       -5798               196
          8649    3265179             81             79       -2        3159               278
          8650   11842971             81             71      -10         425               287
          8651   11175283             81             56      -25      -10183              1054
          8652    3543778             81             50      -31      -17934               290
          8653    9685279             81             71      -10         307               451
          8654    7787058             81             65      -16       -2662               695
          8655    9870325             81             68      -13       -1080               361
          8656    3098099             81             67      -14       -1415               585
          8657    4646585             81             66      -15       -2140               266
          8658    4454902             81             63      -18       -3847               335
          8659    4309281             81             68      -13       -1018               635
          8660    3451404             81             56      -25      -10376               537
          8661    7065707             81             84        3        4439               307
          8662    2577243             81             66      -15       -2082               553
          8663    4063549             81             57      -24       -9272               732
          8664    2047486             81             57      -24       -9291               589
          8665   10790464             81             61      -20       -5501               487
          8666   13676723             81             52      -29      -15096               645
          8667   10634858             81             55      -26      -11279               579
          8668    9280857             81             72       -9         741               628
          8669    5221188             81             74       -7        1745               315
          8670     184676             81             64      -17       -3289               322
          8671   11092810             81             61      -20       -5536               568
          8672    2594945             81             48      -33      -21512               851
          8673    5085898             81             61      -20       -5486               341
          8674       7744             81             68      -13       -1104               409
          8675    6715031             81             71      -10         448               178
          8676   11460023             81             49      -32      -19579               758
          8677    8199017             81             69      -12        -343               443
          8678    3722966             81             68      -13        -958               270
          8679   13489286             81             55      -26      -11416               452
          8680   12551692             81             75       -6        1896               233
          8681    6715587             81             52      -29      -15057               426
          8682   10410535             81             68      -13       -1142               304
          8683    9503443             81             77       -4        2731               120
          8684    9227249             81            111       30        7466               540
          8685    1801404             81             66      -15       -2221               360
          8686   12504576             81             71      -10         527               365
          8687   11520349             81             67      -14       -1492               216
          8688    2889291             81             67      -14       -1553               271
          8689    9590360             81             58      -23       -8138               372
          8690    1307354             81             92       11        5770               318
          8691   11500229             81             52      -29      -15237               458
          8692   12595027             81             64      -17       -3316               414
          8693     446381             81             74       -7        1657               261
          8694    3477383             81             66      -15       -2192               284
          8695    3765047             81             61      -20       -5450               516
          8696    2157463             81             59      -22       -7100               837
          8697    8850569             81             54      -27      -12385               670
          8698    3160441             81             65      -16       -2540               233
          8699   10279105             81            110       29        7432               593
          8700   12887006             81             56      -25       -9993               232
          8701    3297354             81             60      -21       -6550               469
          8702   11915172             81             61      -20       -5578               690
          8703    4838673             81             60      -21       -6408               563
          8704    9850887             81             66      -15       -2058               358
          8705   12343601             81             65      -16       -2622               509
          8706   12403774             81             60      -21       -6019               202
          8707    7040734             81             56      -25      -10038               397
          8708    6637499             81             80       -1        3445               304
          8709    8304337             81             65      -16       -2513               515
          8710    9729220             81             77       -4        2532               343
          8711    1868545             81             63      -18       -4171               672
          8712    7557945             81             63      -18       -4058               457
          8713    6531689             81            104       23        7078               327
          8714    7365720             81             66      -15       -2081               422
          8715    1864444             81             68      -13       -1004               585
          8716    4789811             81             54      -27      -12225               378
          8717    5707894             81             62      -19       -4958               264
          8718    5482342             81             54      -27      -12377               577
          8719    3007533             81             76       -5        2441               202
          8720    5219052             81             66      -15       -2029               208
          8721    7557594             81             56      -25      -10060               573
          8722   12133190             81             64      -17       -3273               180
          8723    3905293             81             65      -16       -2681               526
          8724    6477522             81             87        6        5103               251
          8725    4669098             81             84        3        4478               321
          8726    6485449             81             91       10        5709               306
          8727    7579101             81             71      -10         260               401
          8728   11900326             81             60      -21       -6330               622
          8729    8022997             81             85        4        4582               627
          8730   11485800             81             79       -2        3302               223
          8731     688509             81             52      -29      -15053               651
          8732    2606716             81             65      -16       -2520               300
          8733    9419552             81             62      -19       -4729               190
          8734    4930709             81             65      -16       -2818               341
          8735    9215455             81             53      -28      -13510               392
          8736    3728651             81             80       -1        3492               264
          8737    1870320             81             70      -11          95               233
          8738   11974706             81             74       -7        1654               320
          8739    9944263             81             74       -7        1625               354
          8740   12865979             81             65      -16       -2391               159
          8741   13343976             81             63      -18       -4105               373
          8742    3866476             81             73       -8        1222               408
          8743    4134892             81             58      -23       -8076               392
          8744   11355264             81             57      -24       -9241               318
          8745    8543879             81             78       -3        3040               530
          8746    2994144             81             61      -20       -5538               318
          8747   10951538             81             54      -27      -12851               359
          8748    2044229             81             72       -9        1031               231
          8749   11373975             81             60      -21       -6437               608
          8750    4182426             81             66      -15       -2158               550
          8751    9103414             81             57      -24       -9096               466
          8752    1577323             81             58      -23       -8261               558
          8753    1865836             81             71      -10         426               431
          8754     816887             81             68      -13       -1000               212
          8755   12442160             81             63      -18       -3820               196
          8756    7787201             81             71      -10         452               368
          8757   10875433             81             59      -22       -7470               486
          8758    4158882             81             66      -15       -2149               337
          8759       5672             81             79       -2        3261               304
          8760   10282596             81             54      -27      -12486               351
          8761    7460694             81             83        2        4219               395
          8762   10868546             81             77       -4        2757               407
          8763   10566087             81             82        1        4060               286
          8764    7719774             81             55      -26      -11479               454
          8765    9877011             81             63      -18       -3869               275
          8766    2945650             81             66      -15       -1800               219
          8767    2278889             81             56      -25      -10446               346
          8768    9412478             81             68      -13       -1092               425
          8769     112453             81             74       -7        1735               228
          8770    5933214             81             54      -27      -12930               417
          8771    1830923             81             80       -1        3428               458
          8772    2161647             81             64      -17       -3361               345
          8773   12770492             81             59      -22       -6862               218
          8774   11479401             81             60      -21       -6208               313
          8775    2276176             81             61      -20       -5647               608
          8776    3341171             81             76       -5        2372               394
          8777    9633685             81             70      -11         142               343
          8778    2983250             81             81        0        3896               285
          8779    2105876             81             61      -20       -5539               207
          8780    2613019             81             87        6        5034               451
          8781    9271210             81             67      -14       -1476               186
          8782   12296995             81             69      -12        -538               384
          8783    8377599             81             86        5        4932               224
          8784    6942933             81             57      -24       -9173               267
          8785    7788588             81             68      -13       -1099               435
          8786    2024012             81             63      -18       -4030               385
          8787    9318866             81             60      -21       -6238               265
          8788    3676241             81             65      -16       -2646               333
          8789    9143006             81             70      -11         -83               232
          8790    7310416             81             78       -3        3088               275
          8791   13267673             81             59      -22       -7213               465
          8792    6652611             81             61      -20       -5629               310
          8793   12217315             81             74       -7        1662               287
          8794    5854907             81             64      -17       -3287               473
          8795    8450191             81             85        4        4625               568
          8796    2476654             81             52      -29      -15221               339
          8797    4835020             81             57      -24       -9264               250
          8798     167420             81             69      -12        -543               207
          8799     160927             81             62      -19       -4538               455
          8800    1177320             81            120       39        7939               551
          8801     923548             81             59      -22       -7291               403
          8802   11999246             81             60      -21       -6288               384
          8803   13439535             81             53      -28      -14237               466
          8804   12900898             81             65      -16       -2588               583
          8805   11649656             81             77       -4        2656               389
          8806    8095736             81             57      -24       -9322               456
          8807    8925491             81             89        8        5412               578
          8808    2348246             81             50      -31      -17963               648
          8809    9786976             81             50      -31      -18530               395
          8810    1660106             81             94       13        6200               476
          8811    8699533             81             60      -21       -6331               576
          8812   10977945             81             74       -7        1860               150
          8813    3351086             81             70      -11          11               327
          8814   10731745             81             68      -13        -994               443
          8815    5608742             81             69      -12        -461               491
          8816     913970             81             74       -7        1858               260
          8817    8418139             81             52      -29      -15089               168
          8818    3279155             81             62      -19       -4871               235
          8819    3591837             81             77       -4        2808               244
          8820    9573042             81             96       15        6504               408
          8821    1021742             81             85        4        4792               173
          8822    8469162             81             85        4        4666               512
          8823     719830             81             60      -21       -6452               292
          8824    2357936             81             68      -13        -896               172
          8825     797465             81             51      -30      -16715               577
          8826    1612482             81             57      -24       -9364               278
          8827    3104262             81             63      -18       -3837               402
          8828    2902610             81             64      -17       -3327               395
          8829    5104756             81             61      -20       -5467               313
          8830    6428648             81             59      -22       -7187               490
          8831    5914193             81             56      -25      -10255               456
          8832    4739578             81             63      -18       -4175               246
          8833   10989722             81             94       13        6250               238
          8834    8720335             81             98       17        6709               224
          8835    5124619             81             66      -15       -2093               544
          8836    4504476             81             66      -15       -2045               261
          8837     279497             81             76       -5        2457               199
          8838    9540594             81             54      -27      -12799               310
          8839   12994920             81             72       -9         917               277
          8840    7968987             81             68      -13        -902               313
          8841    6594793             81             54      -27      -12603               233
          8842    7321742             81             73       -8        1460               188
          8843   11569055             81             50      -31      -18279               550
          8844    9577982             81             73       -8        1298               388
          8845   11728919             81             48      -33      -21517               344
          8846    6029200             81             63      -18       -4033               342
          8847    4480774             81             67      -14       -1233               306
          8848    5993667             81             54      -27      -12697               417
          8849   11660112             81             55      -26      -11670               344
          8850    9970811             81             78       -3        2969               390
          8851   13376687             81             64      -17       -3508               194
          8852   10344343             81            117       36        7918               260
          8853    1738191             81             58      -23       -8291               355
          8854   12675211             81             79       -2        3269               236
          8855    3929234             81             68      -13       -1095               324
          8856   11867495             81             62      -19       -4698               341
          8857    4915987             81             50      -31      -18200               330
          8858    8720284             81             66      -15       -2101               453
          8859   13077512             81             75       -6        2127               264
          8860   13444948             81             66      -15       -1932               198
          8861   11403728             81             79       -2        3473               151
          8862    9141440             81             64      -17       -3408               232
          8863    1336714             81             59      -22       -7246               362
          8864    9463405             81             63      -18       -3913               331
          8865   12191916             81             63      -18       -4066               426
          8866   11890032             81             72       -9         873               211
          8867     980101             81             59      -22       -7326               436
          8868    1975321             81             68      -13        -675               222
          8869    8636652             81             68      -13       -1013               372
          8870    4077613             81             67      -14       -1240               269
          8871    8648834             81             82        1        4064               488
          8872    1315338             81             91       10        5800               438
          8873   12756075             81             56      -25      -10160               410
          8874    3878335             81             58      -23       -8341               466
          8875    6982138             81             79       -2        3288               444
          8876    9629805             81             69      -12        -386               311
          8877    9305884             81             57      -24       -9324               220
          8878   11904864             81             55      -26      -11599               502
          8879    5782396             81             50      -31      -18273               668
          8880    7487451             81             55      -26      -11493               542
          8881   13702882             81             61      -20       -5304               330
          8882    7574902             81             54      -27      -12868               308
          8883    2460293             81             59      -22       -6838               403
          8884   13310730             81             60      -21       -6353               529
          8885    5250124             81             77       -4        2702               368
          8886    9858688             81             61      -20       -5717               338
          8887    7659656             81             60      -21       -6349               518
          8888   12096027             81             59      -22       -7379               366
          8889    7045403             81             64      -17       -3382               387
          8890    9122546             81             77       -4        2715               237
          8891    1523344             81             78       -3        3005               376
          8892    8025879             81             74       -7        1682               307
          8893   11542316             81             63      -18       -4100               335
          8894   10635116             81             69      -12        -497               260
          8895    1599493             81             59      -22       -7434               289
          8896     318327             81             49      -32      -20068               451
          8897    7421224             81             53      -28      -14153               408
          8898   12720338             81             52      -29      -15262               445
          8899   12244622             81             61      -20       -5361               416
          8900    2287513             81             59      -22       -7403               509
          8901   12974963             81             55      -26      -11676               382
          8902    9999336             81             73       -8        1415               421
          8903    7121571             81             51      -30      -16802               258
          8904   11592638             81             66      -15       -2095               272
          8905   10990171             81             53      -28      -14163               394
          8906    2280495             81             59      -22       -7082               353
          8907    9733186             81             58      -23       -8301               368
          8908    5591681             81             70      -11          51               317
          8909   12516460             81             65      -16       -2703               473
          8910   12055191             81             57      -24       -8939               208
          8911     892729             81             60      -21       -6314               352
          8912     865020             81             80       -1        3718               323
          8913    6322149             81             64      -17       -3207               249
          8914   12786581             81             67      -14       -1538               238
          8915    5647527             81            102       21        7108               482
          8916    8522968             81             79       -2        3384               144
          8917    5581235             81             75       -6        2090               305
          8918    1254606             81             81        0        3854               280
          8919    5521730             81             69      -12        -486               312
          8920    4883848             81             90        9        5812               248
          8921    9819671             81             72       -9         893               347
          8922    9390150             81             57      -24       -9377               223
          8923   13530658             81             58      -23       -8333               341
          8924    8029947             81             61      -20       -5665               315
          8925    3961109             81             56      -25      -10159               350
          8926   10870191             81             84        3        4579               231
          8927    3671916             81             66      -15       -1922               246
          8928    8599040             81             64      -17       -3325               358
          8929    7776133             81             73       -8        1465               283
          8930    6193287             81             61      -20       -5258               433
          8931    3084737             81            131       50        8407               463
          8932     913763             81             54      -27      -12549               429
          8933    6859121             81             67      -14       -1497               253
          8934    1674831             81             95       14        6429               335
          8935   10250916             81             66      -15       -2108               279
          8936    1348846             81             66      -15       -2049               294
          8937    2670295             81             66      -15       -2142               263
          8938    1643115             81             70      -11         122               315
          8939   11662238             81             65      -16       -2689               280
          8940   11216839             81            107       26        7506               191
          8941    6458276             81             67      -14       -1550               408
          8942    2148261             81             53      -28      -14282               325
          8943    3981512             81             95       14        6488               219
          8944    4915386             81             58      -23       -8338               280
          8945    5593391             81             71      -10         477               293
          8946    1738494             81             61      -20       -5645               299
          8947     274308             81             56      -25      -10503               255
          8948    1299107             81             76       -5        2469               257
          8949    4635620             81             84        3        4609               240
          8950    1658396             81             51      -30      -17054               381
          8951     241377             81             62      -19       -4735               290
          8952   11861330             81             63      -18       -4062               197
          8953   11195719             81             62      -19       -4857               175
          8954    1975788             81             51      -30      -16671               201
          8955    4284668             81             70      -11          47               273
          8956    1999517             81             60      -21       -6407               303
          8957     442699             81             92       11        6017               239
          8958    6810798             81             94       13        6304               238
          8959      56760             81             55      -26      -11639               258
          8960   10866215             81             72       -9         969               243
          8961    1875919             81             68      -13        -995               243
          8962    6374829             81             79       -2        3376               161
          8963   11990136             80             69      -11          25               186
          8964     581274             80             71       -9         918               170
          8965    5869573             80             52      -28      -14340               772
          8966   10576948             80             84        4        4753               604
          8967    2609513             80             62      -18       -4184               124
          8968    7290035             80             52      -28      -14318               235
          8969   12080480             80             73       -7        1684               242
          8970    7042367             80             72       -8        1313               148
          8971    3498145             80             50      -30      -17218               227
          8972   11461624             80             60      -20       -5728               384
          8973   10467140             80             57      -23       -8487               362
          8974   13214922             80             57      -23       -8524               202
          8975     352401             80             59      -21       -6590               589
          8976    2058236             80             50      -30      -17260               727
          8977    6868283             80             46      -34      -24650               891
          8978    3455645             80             58      -22       -7563               248
          8979    2582232             80             64      -16       -2822               199
          8980   13709693             80             58      -22       -7492               484
          8981    2066314             80             64      -16       -2810               150
          8982    5720889             80             55      -25      -10593               281
          8983    3676357             80             55      -25      -10634               257
          8984    7682804             80             72       -8        1278              1329
          8985   12011003             80             52      -28      -14480               537
          8986    7427374             80             64      -16       -2873               282
          8987    8955416             80             73       -7        1691               201
          8988   12649823             80             83        3        4617               252
          8989   12495193             80             56      -24       -9684               262
          8990    3270593             80             91       11        6033               239
          8991    6410505             80             56      -24       -9422               145
          8992    3530745             80             64      -16       -2853               366
          8993   13655287             80             73       -7        1736               338
          8994   11811946             80             56      -24       -9600               257
          8995   11149331             80             54      -26      -11850               290
          8996    5808178             80            153       73        8759               450
          8997   11972203             80             57      -23       -8545               193
          8998   10255018             80             71       -9         808               247
          8999   12878794             80             58      -22       -7662               599
          9000   12458252             80             49      -31      -19021              1125
          9001    7937789             80             81        1        4089               206
          9002   11110120             80             54      -26      -11859               664
          9003    2063439             80             66      -14       -1583               225
          9004    1187118             80             52      -28      -14466               581
          9005   10457591             80             67      -13       -1092               847
          9006    5034131             80             88        8        5529               431
          9007    1587567             80             62      -18       -4313               402
          9008    9737933             80             94       14        6432               361
          9009    5913318             80             94       14        6460               328
          9010   12202136             80             66      -14       -1611               157
          9011    6553101             80             47      -33      -22860               623
          9012    9184094             80             61      -19       -4868               344
          9013    3334453             80             79       -1        3627               387
          9014   12594967             80             66      -14       -1724               305
          9015   12127073             80             57      -23       -8520               406
          9016    9520030             80             67      -13       -1036               222
          9017    7662390             80             75       -5        2445               676
          9018    8183910             80             53      -27      -13183               691
          9019   11241753             80             57      -23       -8782               571
          9020   10623618             80             70      -10         339               364
          9021    4649126             80             57      -23       -8592               352
          9022    5971433             80             56      -24       -9569               200
          9023    3771695             80             58      -22       -7466               258
          9024    7265189             80             62      -18       -4171               141
          9025    8982136             80             65      -15       -2266               573
          9026    6534425             80             80        0        3954               210
          9027    9453226             80             59      -21       -6599               351
          9028    5419002             80             49      -31      -19219               390
          9029    3459591             80             53      -27      -13236               384
          9030    1992262             80             53      -27      -13208               402
          9031    9048336             80             61      -19       -5033               216
          9032    1425852             80             61      -19       -5024               248
          9033    2993977             80             55      -25      -10815               492
          9034    3915115             80             63      -17       -3584               418
          9035    5022701             80             66      -14       -1691               644
          9036   12458360             80             66      -14       -1932               396
          9037   11844370             80             60      -20       -6117               303
          9038    6775548             80             69      -11         -77               519
          9039    9497495             80             55      -25      -11072               540
          9040    9870604             80             61      -19       -4963               212
          9041   12521306             80             88        8        5483               700
          9042   12161004             80             61      -19       -5136               223
          9043    5140374             80             58      -22       -7468               172
          9044   11380270             80             67      -13       -1093               374
          9045   13456560             80             63      -17       -3665               125
          9046    5305063             80             59      -21       -6483               238
          9047     195291             80             61      -19       -4919               226
          9048    6597240             80             60      -20       -5667               780
          9049     853489             80             55      -25      -10710               592
          9050    9467668             80             60      -20       -5792               611
          9051   10416573             80             57      -23       -8522               225
          9052    2547177             80             74       -6        2042               404
          9053    6164784             80             61      -19       -4947               300
          9054    7637411             80             55      -25      -10921               403
          9055    7088931             80             58      -22       -7511               356
          9056    9942041             80             59      -21       -6779               637
          9057    5492691             80             63      -17       -3413               218
          9058   11635262             80             63      -17       -3738               151
          9059    4547996             80             55      -25      -11002               362
          9060   13609652             80             66      -14       -1596               250
          9061   10745410             80             53      -27      -13170               647
          9062    1579619             80             80        0        3968               133
          9063   11820439             80             67      -13       -1045               283
          9064   11986163             80             69      -11         -42               270
          9065    7137249             80             83        3        4631               406
          9066    4965240             80             80        0        3896               271
          9067    7708429             80             63      -17       -3540               659
          9068    3242484             80             69      -11        -120               772
          9069    8211352             80             56      -24       -9802               420
          9070    2423258             80             62      -18       -4308               332
          9071    5964639             80             52      -28      -14739               384
          9072    4382902             80             60      -20       -5901               349
          9073     837316             80             59      -21       -6708               598
          9074   11384656             80             71       -9         702               599
          9075   10643932             80             92       12        6156               191
          9076    4998006             80             53      -27      -13655               633
          9077   11076705             80             52      -28      -14678               461
          9078   11268363             80             82        2        4463               194
          9079    4651358             80             60      -20       -5831               384
          9080    2186730             80             55      -25      -10917               395
          9081    2502950             80             71       -9         929               406
          9082    7060809             80             69      -11         -73               514
          9083    4852180             80             55      -25      -11046               545
          9084   10586749             80             56      -24       -9791               337
          9085    5229404             80             64      -16       -2916               330
          9086   11570286             80             76       -4        2646               708
          9087   11636922             80             69      -11          80               136
          9088   11106442             80             63      -17       -3842               369
          9089    6756868             80             58      -22       -7698               748
          9090    8512413             80             81        1        4068               251
          9091    2633464             80             70      -10         239               422
          9092    8689902             80             74       -6        1993               235
          9093    8302848             80             73       -7        1815               285
          9094    3497259             80             60      -20       -5874               142
          9095     919622             80             76       -4        2833               220
          9096    9686959             80             56      -24       -9807               322
          9097    8231662             80             59      -21       -7005               255
          9098    8490369             80             60      -20       -5854               378
          9099    4163161             80             74       -6        2064               328
          9100    1110832             80             73       -7        1612               439
          9101    7077296             80             68      -12        -628               574
          9102     150721             80             60      -20       -6163               338
          9103   11692035             80             57      -23       -9100               340
          9104    1426708             80             55      -25      -10932               734
          9105    2446152             80             63      -17       -3860               291
          9106    9626647             80             55      -25      -10863               852
          9107    1747943             80             73       -7        1674               273
          9108    2086478             80             64      -16       -3033               248
          9109    2158662             80             58      -22       -7742               229
          9110   12568683             80             67      -13       -1232               438
          9111   11403878             80             98       18        6954               537
          9112   10791856             80             62      -18       -4681               290
          9113     217673             80             67      -13       -1290               390
          9114    9933812             80             56      -24       -9839               284
          9115    2575449             80             77       -3        3164               203
          9116   11900386             80             58      -22       -7674               258
          9117    3288003             80             56      -24       -9705               602
          9118    2240567             80             55      -25      -10797               503
          9119    5965562             80             51      -29      -16146               290
          9120    8389514             80             68      -12        -489               282
          9121   11991126             80             63      -17       -3783               237
          9122    5590617             80             58      -22       -7535               365
          9123     476277             80             64      -16       -2973               178
          9124    7540431             80             50      -30      -17754               801
          9125     153492             80             79       -1        3528               365
          9126    2663938             80             60      -20       -5902               428
          9127    3815465             80             63      -17       -3772               342
          9128    1457408             80             58      -22       -7873               358
          9129      84152             80             63      -17       -3449               178
          9130    3449587             80             58      -22       -7816               734
          9131   10719846             80             72       -8        1339               321
          9132    4276962             80             52      -28      -14635               432
          9133     412200             80             73       -7        1602               497
          9134   12810051             80             59      -21       -6832               317
          9135   11142151             80             60      -20       -5835               572
          9136    8997447             80             54      -26      -12057               600
          9137    9460594             80             77       -3        3138               170
          9138   12085114             80             66      -14       -1644               232
          9139    6507576             80             77       -3        3170               185
          9140    2987796             80             55      -25      -10843               652
          9141    5414270             80             56      -24       -9744               485
          9142    9728521             80             69      -11          -7               301
          9143    6432922             80             51      -29      -16043               852
          9144    2355112             80             58      -22       -8022               372
          9145    7438293             80             49      -31      -19737               460
          9146    4535716             80             56      -24      -10010               454
          9147   13214572             80             54      -26      -12005               387
          9148     109620             80             57      -23       -8488               274
          9149    8979915             80             52      -28      -14523               658
          9150    5202597             80             63      -17       -3720               509
          9151   13397251             80             60      -20       -6153               254
          9152    3215759             80             61      -19       -4820               238
          9153   11401279             80             54      -26      -12032               353
          9154    5583423             80             67      -13       -1255               318
          9155     465504             80             56      -24       -9771               561
          9156   12856668             80             49      -31      -19523               567
          9157   12214137             80             64      -16       -2893               273
          9158    1444339             80             61      -19       -4985               473
          9159   13460269             80             63      -17       -3670               576
          9160    9579998             80             68      -12        -652               525
          9161   10938367             80             59      -21       -6845               160
          9162   13011300             80             50      -30      -17821               628
          9163    8083009             80             55      -25      -10800               184
          9164   10507917             80             72       -8        1326               668
          9165    9345859             80             68      -12        -560               450
          9166   13675044             80             51      -29      -16439               599
          9167    2309484             80             64      -16       -2952               271
          9168    8589978             80             69      -11          34               209
          9169    7108645             80             67      -13       -1255               513
          9170    9998654             80             78       -2        3518               401
          9171     170358             80             46      -34      -24944               942
          9172    9500199             80             54      -26      -12433               688
          9173    6732871             80             54      -26      -11896               666
          9174    4566940             80             55      -25      -10827               645
          9175    9109301             80             61      -19       -5043               485
          9176    8500265             80             55      -25      -10966               403
          9177    1870705             80             64      -16       -2738               442
          9178    8854115             80             68      -12        -426               372
          9179     198282             80             61      -19       -5095               509
          9180    8307375             80             52      -28      -15061               400
          9181   13479343             80             74       -6        2003               428
          9182   11064803             80             62      -18       -4204               375
          9183    5817194             80             56      -24       -9618               314
          9184     163627             80             54      -26      -11803               261
          9185    5626065             80             74       -6        2140               461
          9186    6324290             80             51      -29      -16195               629
          9187    1693475             80             56      -24       -9892               364
          9188    2946455             80             56      -24      -10011               218
          9189    7918359             80             68      -12        -658               393
          9190     785711             80             59      -21       -6349               290
          9191   12004089             80             59      -21       -6697               379
          9192    1242655             80             77       -3        3136               142
          9193   10665321             80             68      -12        -627               412
          9194    7362236             80             60      -20       -5808               288
          9195    8126960             80             47      -33      -22894               534
          9196    5469131             80             59      -21       -6890               430
          9197   12989225             80             65      -15       -2275               714
          9198    6376757             80             61      -19       -5060               513
          9199   11784602             80             63      -17       -3725               320
          9200    4601239             80             46      -34      -25191               413
          9201   13706065             80             62      -18       -4484               444
          9202    9593459             80             53      -27      -13222               327
          9203   11499603             80             74       -6        2019               273
          9204    6838068             80             72       -8        1449               264
          9205    4747736             80             63      -17       -3485               359
          9206    4704439             80             53      -27      -13389               655
          9207    5769602             80             55      -25      -11069               486
          9208   10656684             80             55      -25      -10918               318
          9209    8461143             80             58      -22       -7790               528
          9210    4945911             80             64      -16       -2651               368
          9211    1007110             80             72       -8        1316               259
          9212    3665902             80             67      -13       -1189               287
          9213    6376297             80             71       -9        1038               244
          9214     322330             80             67      -13       -1211               634
          9215     977892             80             58      -22       -7997               252
          9216   12413978             80             53      -27      -13277               889
          9217    7720984             80             61      -19       -5033               259
          9218    3614086             80             59      -21       -7021               414
          9219    5084457             80             66      -14       -1767               325
          9220    1015204             80             75       -5        2445               173
          9221    2134971             80             66      -14       -1617               213
          9222    1346162             80             57      -23       -8662               326
          9223   12830787             80             52      -28      -14427               705
          9224    2380779             80             60      -20       -5679               344
          9225   10572526             80             61      -19       -4907               248
          9226    1405452             80             49      -31      -19803               645
          9227    9341031             80             55      -25      -10997               409
          9228     403308             80             58      -22       -7805               360
          9229    7694553             80             74       -6        2020               216
          9230    5443930             80             49      -31      -19500               402
          9231    6704960             80             61      -19       -5245               369
          9232     294690             80             55      -25      -11115               287
          9233    6103515             80             56      -24       -9680               460
          9234    7840670             80             57      -23       -8699               340
          9235    3491615             80             58      -22       -7747               264
          9236    3186334             80             60      -20       -6020               251
          9237    5027411             80             60      -20       -6006               616
          9238    7572387             80             57      -23       -8750               490
          9239    5565188             80             59      -21       -6650               207
          9240    4751267             80             59      -21       -6628               508
          9241   11704129             80            102       22        7388               496
          9242        328             80             80        0        3916               514
          9243    1349669             80             68      -12        -544               190
          9244     406800             80             45      -35      -27031               450
          9245   13498741             80             78       -2        3445               446
          9246    3552147             80             78       -2        3465               369
          9247   12407299             80             74       -6        2373               271
          9248     136918             80             57      -23       -9035               484
          9249    9607206             80             63      -17       -3485               367
          9250    6891024             80             68      -12        -668               590
          9251    4175824             80             64      -16       -2964               439
          9252    3196750             80             56      -24       -9535               292
          9253   11119538             80             61      -19       -5058               298
          9254    2461683             80             59      -21       -7006               328
          9255    4674364             80             64      -16       -2879               482
          9256    5075686             80             68      -12        -382               233
          9257   10345831             80             57      -23       -8603               237
          9258    4116568             80             51      -29      -16306               380
          9259   11987326             80             58      -22       -7764               416
          9260    8224560             80             77       -3        3187               238
          9261    3852763             80             77       -3        3247               453
          9262   11686741             80             70      -10         608               332
          9263   10496266             80            138       58        8867               241
          9264   12953981             80             61      -19       -4940               345
          9265   12076867             80             65      -15       -2119               281
          9266    2991320             80             52      -28      -15124               257
          9267    6920848             80             92       12        6325               357
          9268    8727384             80             92       12        6435               329
          9269   12125617             80             73       -7        1716               259
          9270    3804627             80             58      -22       -7544               550
          9271    9022642             80             59      -21       -6661               319
          9272    7908175             80             47      -33      -23209               554
          9273     686992             80             55      -25      -10933               541
          9274   11831204             80             50      -30      -17736               309
          9275   13591434             80             66      -14       -1589               270
          9276    3380790             80             73       -7        1832               204
          9277    9337974             80             72       -8        1322               241
          9278    6417275             80             74       -6        2050               385
          9279    1861484             80             52      -28      -14287               353
          9280   10392508             80             57      -23       -8414               380
          9281    5758568             80             52      -28      -14458               426
          9282     762579             80             78       -2        3546               201
          9283     275741             80             63      -17       -3482               365
          9284    3066333             80             83        3        4725               327
          9285    2546406             80             54      -26      -12178               288
          9286    4573299             80             78       -2        3451               405
          9287   12661730             80             59      -21       -6445               359
          9288     451814             80             57      -23       -8891               506
          9289   10976898             80             64      -16       -2978               323
          9290   10428502             80             64      -16       -2839               211
          9291    3219895             80             57      -23       -8829               214
          9292    6960228             80             54      -26      -12328               620
          9293     691542             80             82        2        4609               168
          9294    1503395             80             59      -21       -6903               416
          9295    7870149             80             87        7        5556               326
          9296    1374349             80             63      -17       -3448               481
          9297   10492635             80             62      -18       -4319               218
          9298    6034299             80             56      -24       -9746               325
          9299   11059885             80             64      -16       -2959               364
          9300    5567515             80             59      -21       -6835               371
          9301    7752098             80             58      -22       -7832               501
          9302    8969759             80             74       -6        2336               370
          9303    9465279             80             56      -24       -9912               418
          9304    7729782             80             49      -31      -19517               481
          9305    6575145             80             69      -11          47               351
          9306    9580901             80             68      -12        -503               269
          9307   11162181             80             74       -6        2138               335
          9308    8212838             80             51      -29      -16235               384
          9309    6792031             80             86        6        5390               423
          9310    7819869             80             63      -17       -3613               351
          9311    6163535             80             62      -18       -4303               472
          9312    9257756             80             54      -26      -12316               517
          9313   10148544             80             57      -23       -8938               305
          9314    5254353             80             77       -3        3162               433
          9315   12928453             80             55      -25      -10953               427
          9316    4933737             80             52      -28      -14427               358
          9317    8619158             80             70      -10         809               178
          9318    9823473             80             74       -6        2150               435
          9319    8577157             80             50      -30      -17460               540
          9320    1214724             80             71       -9        1019               213
          9321   10950795             80             92       12        6378               348
          9322    8769678             80             48      -32      -20989               293
          9323    6844898             80             77       -3        3208               192
          9324    4250587             80             53      -27      -12942               378
          9325     983090             80             52      -28      -14989               350
          9326   11529298             80             99       19        7284               395
          9327   13571723             80             44      -36      -29811               607
          9328    4034729             80             61      -19       -4939               543
          9329    2101263             80            107       27        7851               522
          9330    6501499             80             82        2        4583               202
          9331    9810866             80             63      -17       -3489               338
          9332   10261800             80             67      -13        -954               298
          9333    6892204             80             63      -17       -3557               294
          9334    7555608             80             57      -23       -8325               318
          9335    8559135             80             77       -3        3141               313
          9336    3697077             80             56      -24       -9818               263
          9337    5205705             80             61      -19       -4779               367
          9338    1626044             80             70      -10         479               309
          9339     732477             80             55      -25      -11018               296
          9340    7998718             80             76       -4        2942               462
          9341    2606092             80             60      -20       -5704               225
          9342    6330412             80             62      -18       -4405               399
          9343    8622188             80             54      -26      -12211               339
          9344    4339548             80             88        8        5757               229
          9345   11281733             80             60      -20       -5826               301
          9346    6972715             80            112       32        8208               258
          9347   11810535             80             55      -25      -10978               415
          9348    4635128             80             81        1        4367               382
          9349    1947872             80             63      -17       -3692               257
          9350     881163             80             87        7        5617               212
          9351     579926             80             65      -15       -2050               257
          9352   12331591             80             61      -19       -5133               203
          9353    5508781             80             62      -18       -3949               234
          9354   10930728             80             56      -24      -10082               275
          9355   12124820             80             65      -15       -2238               380
          9356    7074384             80             53      -27      -13335               233
          9357    6562476             80             88        8        5795               212
          9358    6101425             80             66      -14       -1704               239
          9359    5484223             80             67      -13       -1106               323
          9360    3924243             80             75       -5        2569               220
          9361   13201170             80             48      -32      -21692               415
          9362   12303653             80             62      -18       -4442               233
          9363    6382968             80             73       -7        1785               297
          9364    8218103             80             53      -27      -13664               300
          9365    1345685             80             56      -24       -9875               380
          9366    6288981             80             49      -31      -19335               517
          9367    7359903             80             94       14        6708               313
          9368   10104876             80             52      -28      -14894               383
          9369    7777972             80             71       -9        1199               329
          9370   12271318             80             57      -23       -8849               303
          9371    6068891             80             53      -27      -13182               325
          9372   13008390             80             60      -20       -5698               217
          9373   12948483             80             53      -27      -13583               407
          9374    1091929             80             69      -11           5               287
          9375    5647079             80             59      -21       -6763               403
          9376   13298618             80            106       26        7885               200
          9377    8665570             80             61      -19       -5144               413
          9378    7267464             80             56      -24      -10036               518
          9379    1474764             80             59      -21       -6694               367
          9380    6101810             80             74       -6        2154               309
          9381   10690188             80             72       -8        1551               244
          9382     534998             80             60      -20       -5813               197
          9383    4681347             80             57      -23       -8773               268
          9384    4420630             80             75       -5        2662               230
          9385    6859687             80             61      -19       -4842               159
          9386    1844347             80             58      -22       -7219               406
          9387    3408487             80            115       35        8370               187
          9388    4994858             80             55      -25      -10941               226
          9389    2026347             80             62      -18       -3900               342
          9390    4985890             80             91       11        6316               309
          9391    5194086             80             74       -6        2157               361
          9392    4561281             80             62      -18       -4298               305
          9393    5895754             80             52      -28      -15008               302
          9394    4867822             80             61      -19       -5118               405
          9395    9739272             80             57      -23       -8729               283
          9396      86328             80             88        8        5937               256
          9397    3340569             80             56      -24       -9829               225
          9398    1415614             80             57      -23       -8515               191
          9399    5903774             80             80        0        4065               337
          9400   13362398             80             64      -16       -2941               276
          9401    1052151             80             65      -15       -2228               252
          9402    6051266             80             58      -22       -7876               270
          9403    4847231             80             60      -20       -5744               373
          9404    9760443             80            106       26        7856               331
          9405   13278629             80             65      -15       -2015               239
          9406    6220981             80             65      -15       -1975               331
          9407   12235397             80             63      -17       -3429               232
          9408    8256657             80             68      -12        -282               188
          9409    5593234             80             71       -9        1096               174
          9410   10695386             80             97       17        7118               272
          9411   10176694             80             84        4        5095               333
          9412    7667085             80             55      -25      -11215               226
          9413   11630721             80             65      -15       -2032               329
          9414    3135174             80             51      -29      -16615               370
          9415    9089121             80             83        3        4916               179
          9416    4356119             80             55      -25      -11123               271
          9417    4109577             80             62      -18       -4291               415
          9418    6574602             80             55      -25      -11162               277
          9419     331318             80             56      -24       -9875               196
          9420    8887043             80             58      -22       -7726               263
          9421   10474276             80             81        1        4368               290
          9422    1700677             80             61      -19       -5140               215
          9423     999954             80             76       -4        2931               313
          9424   13380343             80             50      -30      -18107               350
          9425   11856027             80             58      -22       -7573               290
          9426    8333124             80             63      -17       -3480               292
          9427    4999011             80             61      -19       -5124               336
          9428    9516785             80            112       32        8276               285
          9429   11328929             80             53      -27      -13735               426
          9430    2150592             80             67      -13        -940               190
          9431    9722278             80             64      -16       -2615               326
          9432    5320523             80             87        7        5669               213
          9433    7058653             80             85        5        5305               328
          9434   12752234             80             72       -8        1473               247
          9435    9883723             80             56      -24      -10032               280
          9436    3802186             80             51      -29      -16604               264
          9437    1675124             80             61      -19       -4817               237
          9438    7289298             80             55      -25      -11076               271
          9439    6211600             80             66      -14       -1530               403
          9440    1076533             80             64      -16       -2834               370
          9441   11492493             80             47      -33      -23784               386
          9442     944106             80             74       -6        2215               275
          9443    7615524             80             74       -6        2208               354
          9444    7184491             80             72       -8        1513               250
          9445      20485             80             57      -23       -8509               207
          9446    7975093             80             62      -18       -4365               211
          9447    4730050             80             69      -11         238               306
          9448   11366337             80             52      -28      -14584               317
          9449     111496             80             58      -22       -7686               244
          9450   13562193             80             74       -6        2212               254
          9451    3138602             80             50      -30      -18168               302
          9452    8541925             80             57      -23       -8713               274
          9453   10834825             80             84        4        5154               215
          9454    5995104             80             78       -2        3578               279
          9455    7109622             80             55      -25      -11149               213
          9456    5205652             80             84        4        5094               263
          9457   12127096             80             71       -9        1372               190
          9458    2976351             80             53      -27      -13771               181
          9459    3243459             79             69      -10         515               442
          9460    7337767             79             69      -10         534               289
          9461    2820611             79             60      -19       -5202               438
          9462    3280586             79             53      -26      -12485               496
          9463    6489767             79             81        2        4616               269
          9464   11831895             79             65      -14       -1664               382
          9465   12497404             79             57      -22       -7927               411
          9466   10809189             79             60      -19       -5177               201
          9467    4402360             79             66      -13       -1104               319
          9468    7751302             79             59      -20       -5973               182
          9469    3466097             79             68      -11         -39               266
          9470    4447423             79             59      -20       -6057               189
          9471    4470168             79             58      -21       -7037               681
          9472    7608412             79             65      -14       -1629               322
          9473    6880792             79             56      -23       -8990               320
          9474   12297480             79             56      -23       -9062               598
          9475    2527033             79             54      -25      -11221               220
          9476    6510262             79             65      -14       -1639               137
          9477   11304838             79             72       -7        1846               177
          9478    1861685             79             59      -20       -6085               453
          9479    7157106             79             58      -21       -7036               561
          9480    2492267             79             66      -13       -1101               241
          9481    7225230             79             70       -9         932               267
          9482    4708922             79             65      -14       -1729               566
          9483   11794025             79             86        7        5666               192
          9484    4797737             79             65      -14       -1707               295
          9485    5966204             79             68      -11          25               175
          9486    7466525             79             75       -4        2879               225
          9487    6370540             79             60      -19       -5203               263
          9488    1968849             79             64      -15       -2227               261
          9489   11337331             79             56      -23       -9048               422
          9490    3754329             79             58      -21       -7003               379
          9491    4080958             79             69      -10         463               318
          9492   11009063             79             63      -16       -2948               304
          9493    8746992             79             47      -32      -22330               339
          9494    9715888             79             63      -16       -3056               237
          9495    7877034             79             64      -15       -2285               215
          9496   12724722             79             87        8        5801               316
          9497    9989952             79             60      -19       -5418               375
          9498   11970299             79             69      -10         541               214
          9499   11698047             79             74       -5        2564               806
          9500   11018232             79             63      -16       -2902               152
          9501    2336134             79             81        2        4642               301
          9502    7814354             79             57      -22       -8000               209
          9503    9411739             79             50      -29      -16852              1674
          9504    1676980             79             69      -10         451               289
          9505    6415435             79             62      -17       -3750               319
          9506     274026             79             74       -5        2409               363
          9507    9574463             79             75       -4        2882               595
          9508    9042047             79             61      -18       -4565               391
          9509    5146036             79             68      -11         -54               241
          9510    9404842             79             61      -18       -4394               464
          9511    8402729             79             55      -24      -10103               331
          9512    1489720             79             62      -17       -3699               539
          9513    1001668             79             84        5        5307               321
          9514    3961798             79             61      -18       -4475              1373
          9515    8826888             79             59      -20       -6042               399
          9516   10980179             79             76       -3        3270               375
          9517    9414138             79             57      -22       -8006               256
          9518    8391390             79             54      -25      -11325               246
          9519   13318534             79             71       -8        1386               366
          9520   13366281             79             73       -6        2062               415
          9521   13440568             79             54      -25      -11245               385
          9522    3398473             79             70       -9         964               292
          9523    5760616             79             69      -10         454               285
          9524    5631841             79             56      -23       -8932               253
          9525   10103820             79             66      -13       -1063               163
          9526   11563277             79             86        7        5722               306
          9527    5719165             79             55      -24      -10207               440
          9528    2453766             79             58      -21       -7134               726
          9529   12840911             79             62      -17       -3757               232
          9530   10964461             79             56      -23       -9045              1059
          9531    4451035             79             56      -23       -9177               516
          9532     282436             79             71       -8        1348               263
          9533    3181055             79             63      -16       -3003               171
          9534    7978486             79             58      -21       -6939               245
          9535   12923031             79             52      -27      -14171               517
          9536    1230686             79             68      -11         -79               197
          9537    9804992             79             55      -24      -10229               255
          9538   12418722             79             66      -13       -1201               406
          9539     318771             79             61      -18       -4353               374
          9540     955738             79             61      -18       -4349               203
          9541     820307             79             78       -1        3851               193
          9542   11705995             79             68      -11          10               300
          9543   13343825             79             66      -13       -1056               376
          9544   12189554             79             54      -25      -11559               203
          9545   13395442             79             46      -33      -24404               664
          9546    5882866             79             50      -29      -17038               799
          9547    8184621             79             53      -26      -12849               414
          9548   10262586             79             69      -10         560               187
          9549    1035404             79             60      -19       -5407               414
          9550   11152884             79             61      -18       -4661               572
          9551   11536411             79             65      -14       -1654               175
          9552    5789621             79             86        7        5752               192
          9553    5374907             79             70       -9        1042               301
          9554    1584635             79             65      -14       -1702               543
          9555    7716823             79             60      -19       -5351               294
          9556    4440523             79             49      -30      -18608               490
          9557    1235442             79             70       -9        1022               195
          9558   13016785             79             72       -7        1869               282
          9559    5631179             79             59      -20       -6437               320
          9560    3451423             79             78       -1        3940               172
          9561   11531834             79             55      -24      -10530               550
          9562    9983595             79             70       -9        1021               232
          9563     241778             79             59      -20       -6329               548
          9564      49340             79             71       -8        1448               234
          9565   13009403             79             64      -15       -2360              1135
          9566    4209229             79             54      -25      -11612               461
          9567    8220267             79             64      -15       -2211               284
          9568   13032644             79             64      -15       -2421               607
          9569    5075407             79             78       -1        3918               145
          9570    8846100             79             85        6        5550               216
          9571    2491281             79             60      -19       -5342               239
          9572    7971445             79             64      -15       -2226               144
          9573    7187694             79             50      -29      -17341               253
          9574    2625026             79             60      -19       -5502               465
          9575    7444890             79             54      -25      -11421               331
          9576    8400664             79             51      -28      -15522               924
          9577    2994936             79             54      -25      -11291               276
          9578    4622280             79             75       -4        2996               378
          9579     978238             79             72       -7        1832               325
          9580    5050577             79            101       22        7697               280
          9581    2617192             79             55      -24      -10629               455
          9582    1953958             79             50      -29      -16885               441
          9583   11423770             79             59      -20       -6449               555
          9584    9571833             79             61      -18       -4598               367
          9585    3994346             79             55      -24      -10419               502
          9586   11239871             79             59      -20       -5937               253
          9587    8900920             79             85        6        5593               302
          9588    6572793             79             59      -20       -6332               353
          9589    8375542             79             82        3        4839               368
          9590    1821321             79             62      -17       -3698               444
          9591   12413888             79             71       -8        1217               346
          9592    7455533             79             56      -23       -9016               329
          9593    9850742             79             60      -19       -5510               536
          9594    2938337             79             56      -23       -9432               499
          9595   12662911             79             58      -21       -6944               260
          9596   11683493             79             66      -13       -1155               394
          9597    1465490             79             56      -23       -9245               614
          9598    5456736             79             56      -23       -9160               436
          9599   11919639             79             62      -17       -3626               610
          9600    8208328             79             55      -24      -10094               405
          9601    9766452             79             58      -21       -7196               240
          9602    2776199             79             46      -33      -24606               658
          9603   12620015             79             73       -6        2163               292
          9604    4434131             79             55      -24      -10332               590
          9605    6672942             79             86        7        5782               220
          9606   11876508             79             63      -16       -3045               739
          9607    6926160             79             57      -22       -7880               340
          9608    2299797             79             69      -10         659               159
          9609    8842435             79             91       12        6632               210
          9610     813801             79             66      -13       -1009               303
          9611   13590474             79             74       -5        2717               178
          9612    4371430             79             74       -5        2597               323
          9613   12212177             79             68      -11         118               178
          9614    3535089             79             50      -29      -17255               707
          9615    6524198             79             57      -22       -8444               313
          9616   10911154             79             57      -22       -8281               301
          9617   10406624             79             55      -24       -9969               237
          9618    3724579             79             50      -29      -17061               641
          9619     670033             79             65      -14       -1825               229
          9620    4373870             79             63      -16       -2970               455
          9621    3838284             79             64      -15       -2323               154
          9622    5502422             79             75       -4        2962               384
          9623    8947556             79             76       -3        3328               277
          9624    4558440             79             57      -22       -8095              1186
          9625    5010241             79             66      -13       -1203               286
          9626   10648502             79             58      -21       -7095               410
          9627    9616057             79             44      -35      -29151               743
          9628    2687159             79             70       -9         895               198
          9629    3588239             79             65      -14       -1728               304
          9630   11452917             79             56      -23       -9198               542
          9631    7679365             79             49      -30      -18583               428
          9632    1085108             79             53      -26      -12917               587
          9633    4780411             79             63      -16       -2989               187
          9634    7311229             79             73       -6        2156               424
          9635    3265613             79             66      -13       -1235               659
          9636    4234423             79             54      -25      -11282               231
          9637   13122225             79             59      -20       -6154               510
          9638    3742681             79             65      -14       -1831               351
          9639    6985681             79             60      -19       -5263               578
          9640    5888063             79             54      -25      -11943               216
          9641    1755599             79             79        0        4115               440
          9642   11407284             79             54      -25      -11636               491
          9643    5947771             79             61      -18       -4528               255
          9644    8785666             79             62      -17       -3623               538
          9645     660073             79             63      -16       -3047               443
          9646   11282547             79             66      -13       -1391               447
          9647    1510794             79             77       -2        3704               444
          9648    4361297             79             60      -19       -5263               608
          9649    2403687             79             57      -22       -8503               572
          9650    1942056             79             61      -18       -4391               354
          9651    9018090             79             69      -10         387               690
          9652   13715810             79             47      -32      -22598               445
          9653    7330379             79             76       -3        3276               269
          9654   12217816             79             82        3        4924               323
          9655    6685940             79             67      -12        -680               668
          9656   12213647             79             58      -21       -7202               613
          9657    5675070             79             57      -22       -8181               323
          9658    8075009             79             88        9        6075               293
          9659    1876806             79             89       10        6350               218
          9660   12757189             79             52      -27      -13989               532
          9661    8158857             79             75       -4        3072               389
          9662    3292277             79             73       -6        2095               712
          9663    1768026             79            103       24        7944               323
          9664    6230307             79             55      -24      -10506               277
          9665    7773553             79             60      -19       -5186               352
          9666    5402801             79             54      -25      -11449               235
          9667    2890323             79             55      -24      -10491               658
          9668   12322449             79             48      -31      -20724               456
          9669    7072140             79             84        5        5359               427
          9670    5637603             79             83        4        5295               191
          9671    5672746             79             64      -15       -2391               221
          9672    3397285             79             46      -33      -24888               434
          9673    1021282             79             49      -30      -18859               566
          9674    4333562             79             55      -24      -10329               635
          9675     508460             79             79        0        4300               271
          9676    8603372             79             64      -15       -2515               451
          9677   12903561             79             65      -14       -1692               443
          9678    8961212             79             81        2        4737               299
          9679    5152667             79             41      -38      -38160               478
          9680    3584386             79             65      -14       -1708               244
          9681     677579             79             55      -24      -10142               468
          9682    7397376             79             64      -15       -2558               400
          9683    9197447             79             53      -26      -13160               436
          9684     314854             79             53      -26      -12733               406
          9685    6000112             79             58      -21       -7308               494
          9686    5143850             79             54      -25      -11776               423
          9687    2598402             79             58      -21       -7333               373
          9688   11156509             79             52      -27      -14320               923
          9689   11417932             79             71       -8        1623               358
          9690   10321179             79             52      -27      -14275               341
          9691    7334085             79             50      -29      -16783               488
          9692    1323784             79             62      -17       -3991               330
          9693    4573198             79             59      -20       -6342               516
          9694     713343             79             45      -34      -27000               407
          9695   12281998             79             53      -26      -13010               322
          9696    4396127             79             78       -1        4062               269
          9697    1122400             79             62      -17       -3867               174
          9698    9276567             79             61      -18       -4805               327
          9699    2836408             79             63      -16       -2867               208
          9700    1450469             79             64      -15       -2243               191
          9701   11669396             79             55      -24       -9930               223
          9702     739024             79             64      -15       -2471               625
          9703    3582830             79             46      -33      -24802               574
          9704    3869558             79             65      -14       -1812               293
          9705    6516523             79             70       -9        1141               139
          9706    7029050             79             64      -15       -2190               338
          9707    5886730             79             58      -21       -7214               291
          9708    5392592             79             58      -21       -7005               262
          9709   12048895             79             58      -21       -7303               601
          9710    3133388             79             57      -22       -8030               220
          9711    4631763             79             50      -29      -17534               610
          9712   13697386             79             66      -13       -1190               233
          9713    5301865             79             96       17        7308               463
          9714   13554508             79             91       12        6733               389
          9715   10275705             79             60      -19       -5479               367
          9716     255981             79             65      -14       -1713               730
          9717     167872             79             65      -14       -1436               478
          9718   12243331             79             79        0        4127               320
          9719    5469803             79             67      -12        -469               529
          9720   13218976             79             73       -6        2346               274
          9721   10594885             79             59      -20       -6180               428
          9722    4655516             79             59      -20       -6183               668
          9723    4252517             79             45      -34      -26529               262
          9724    7579445             79             50      -29      -17347               268
          9725    7521341             79             59      -20       -6447               214
          9726    5096483             79             67      -12        -639               343
          9727    9171861             79             73       -6        2409               319
          9728    7175784             79            144       65        9397               746
          9729    9950920             79             78       -1        3882               501
          9730    7731586             79             61      -18       -4470               498
          9731     754976             79             87        8        6102               119
          9732    2100055             79             63      -16       -3046               565
          9733    8199281             79             56      -23       -9473               381
          9734    2635217             79             61      -18       -4622               277
          9735    4864999             79             80        1        4495               162
          9736    9110211             79             56      -23       -9391               278
          9737    3234977             79             59      -20       -6219               395
          9738    5845569             79             57      -22       -8426               452
          9739    1703576             79             50      -29      -17358               475
          9740    7514167             79             75       -4        2983               712
          9741    3554097             79             62      -17       -3820               300
          9742   13419227             79             54      -25      -11477               463
          9743    8316423             79             68      -11        -105               398
          9744    1423988             79             62      -17       -3667               619
          9745    1902166             79             72       -7        1883               263
          9746    5104179             79             65      -14       -1863               288
          9747   12659888             79             57      -22       -7976               394
          9748     798283             79             59      -20       -6516               570
          9749    7171264             79             93       14        7021               310
          9750     711761             79             71       -8        1567               313
          9751   10898324             79             86        7        5856               410
          9752    1072322             79             49      -30      -18864               358
          9753   11531955             79             62      -17       -3469               201
          9754   10837373             79             68      -11        -107               225
          9755    2067587             79             52      -27      -14406               470
          9756    6156497             79             60      -19       -5527               441
          9757    8985727             79             55      -24      -10556               502
          9758    6994007             79             76       -3        3308               230
          9759   13157705             79             74       -5        2657               456
          9760   11896494             79             63      -16       -2762               436
          9761    6873764             79             67      -12        -674               278
          9762    3250457             79             63      -16       -3256               423
          9763    8034295             79             74       -5        2838               244
          9764    1063219             79             53      -26      -12954               516
          9765   11877860             79             79        0        4380               257
          9766   10874554             79             50      -29      -17439               442
          9767   10727638             79             56      -23       -9241               405
          9768    7417780             79             81        2        4705               357
          9769    1865712             79             52      -27      -14457               473
          9770    3568334             79             55      -24      -10527               361
          9771   10070783             79             49      -30      -18585               374
          9772    8130661             79             67      -12        -635               407
          9773     248708             79             60      -19       -5361               366
          9774    7219124             79             57      -22       -7906               375
          9775    9553433             79             52      -27      -14073               404
          9776   13551228             79             60      -19       -5232               146
          9777    7611351             79             65      -14       -1848               396
          9778    8102147             79             56      -23       -9623               342
          9779    8034392             79             58      -21       -7292               523
          9780    3029106             79             82        3        5024               436
          9781    4109884             79             53      -26      -13151               652
          9782    7931254             79             49      -30      -18798               407
          9783    9307589             79             52      -27      -14311               448
          9784    9403843             79             53      -26      -12866               429
          9785     769231             79             75       -4        3080               232
          9786    8867782             79             81        2        4761               380
          9787    4796793             79             48      -31      -20718               366
          9788    8502906             79             63      -16       -3036               274
          9789    2843150             79             73       -6        2506               214
          9790    6978713             79             70       -9         897               245
          9791     677155             79             59      -20       -6389               547
          9792    3105669             79             58      -21       -7251               254
          9793    9505989             79             52      -27      -14072               363
          9794     137824             79             73       -6        2418               202
          9795    7890039             79             48      -31      -20811               540
          9796    5475468             79             44      -35      -29103               636
          9797    6310897             79             48      -31      -20629               348
          9798   10468137             79             61      -18       -4638               331
          9799    7177652             79             60      -19       -5393               456
          9800   12680603             79             88        9        6348               175
          9801   10611270             79             69      -10         487               454
          9802   10237860             79             50      -29      -16982               323
          9803    8700724             79             54      -25      -11923               306
          9804   12901065             79             73       -6        2304               368
          9805   11870794             79             50      -29      -17282               448
          9806    5303758             79             63      -16       -3078               576
          9807    5193477             79             52      -27      -14316               453
          9808      73218             79             63      -16       -2818               424
          9809   13430652             79            113       34        8705               412
          9810    8021424             79             57      -22       -8450               511
          9811    6518562             79             87        8        6132               289
          9812    6775912             79             83        4        5346               184
          9813    6771908             79             56      -23       -9556               465
          9814    9033224             79             56      -23       -9566               335
          9815    5118314             79             63      -16       -3056               271
          9816    6589248             79             88        9        6237               584
          9817    1819152             79             58      -21       -7288               327
          9818   11036526             79             72       -7        1821               403
          9819    7390684             79             54      -25      -11487               509
          9820    1250065             79             67      -12        -372               338
          9821    4616799             79             60      -19       -5354               294
          9822    5906694             79             56      -23       -9509               400
          9823   13144171             79             50      -29      -17252               573
          9824    3758887             79             70       -9         947               261
          9825   12226133             79             54      -25      -11534               459
          9826    5970365             79             78       -1        3926               287
          9827    7696743             79             51      -28      -15947               531
          9828    3440699             79             44      -35      -29436               599
          9829    5844230             79             65      -14       -1557               288
          9830    9215016             79             58      -21       -7220               330
          9831    4243050             79             55      -24      -10238               295
          9832    2425055             79             51      -28      -15509               500
          9833   13153701             79             52      -27      -14240               457
          9834    9267921             79             57      -22       -8378               467
          9835    3200245             79             49      -30      -19379               471
          9836    3488509             79             95       16        7338               236
          9837     454959             79             46      -33      -24803               348
          9838    5280631             79             62      -17       -3519               203
          9839   12656778             79             56      -23       -9434               402
          9840    4696243             79             65      -14       -1681               512
          9841    8270880             79             70       -9        1038               475
          9842    2490962             79             62      -17       -3747               256
          9843    4521863             79             57      -22       -8426               425
          9844   11936627             79             86        7        6002               174
          9845    5321510             79             64      -15       -1986               273
          9846    1097087             79             54      -25      -11593               546
          9847    7843495             79             89       10        6470               253
          9848    5787244             79             62      -17       -3573               256
          9849   10705319             79             48      -31      -20598               489
          9850    2762771             79             47      -32      -22949               342
          9851    5127782             79             89       10        6427               392
          9852    5006173             79             56      -23       -9453               331
          9853    1256523             79             59      -20       -6072               257
          9854    8385504             79             55      -24      -10499               308
          9855    7196655             79             55      -24      -10324               444
          9856     628157             79            104       25        8164               419
          9857    8888564             79             59      -20       -6019               215
          9858    8771986             79             63      -16       -3033               269
          9859    2882030             79             61      -18       -4625               282
          9860    7849438             79             44      -35      -29300               538
          9861    3015933             79             83        4        5283               328
          9862    5932871             79             57      -22       -7835               254
          9863     881304             79             77       -2        3746               247
          9864     744267             79             70       -9        1077               218
          9865    9953369             79             60      -19       -5213               250
          9866    8707703             79             58      -21       -7019               274
          9867    3066441             79             74       -5        2684               302
          9868    8698078             79             63      -16       -2809               390
          9869    3924535             79             56      -23       -9433               377
          9870   11286824             79             62      -17       -3887               252
          9871    5123731             79             57      -22       -8288               341
          9872   13164997             79             63      -16       -3129               181
          9873    8907024             79             86        7        5890               348
          9874    9906271             79             53      -26      -12878               364
          9875     585168             79             54      -25      -11746               498
          9876    4181881             79             74       -5        2733               229
          9877   11620809             79             44      -35      -29776               366
          9878   11601703             79             87        8        6247               164
          9879    5747902             79             66      -13       -1129               279
          9880    4015433             79             93       14        7126               178
          9881   11570624             79            103       24        8111               341
          9882    6602479             79             58      -21       -7379               248
          9883    8652106             79             58      -21       -7184               683
          9884     104678             79             81        2        4912               395
          9885    6075985             79             46      -33      -24870               387
          9886    5181144             79             66      -13       -1043               337
          9887   12683927             79             65      -14       -1657               387
          9888    2495136             79             78       -1        4066               197
          9889    4638583             79             90       11        6668               315
          9890   13312110             79             57      -22       -8391               301
          9891    1588698             79             82        3        5106               277
          9892   13011536             79             85        6        5783               205
          9893    3603071             79             63      -16       -3122               242
          9894    7495617             79             47      -32      -23120               336
          9895    4445097             79             83        4        5361               256
          9896    7640063             79             72       -7        2084               429
          9897    8637279             79             72       -7        2167               345
          9898    5186198             79             56      -23       -8716               299
          9899   13123472             79             83        4        5447               262
          9900   10709833             79             99       20        7807               401
          9901    8469487             79             71       -8        1558               294
          9902    7817496             79             56      -23       -9223               211
          9903   12159592             79             53      -26      -12927               318
          9904    6847503             79             49      -30      -19206               352
          9905    6769358             79             68      -11         183               196
          9906     441474             79             51      -28      -15882               437
          9907    4519960             79             69      -10         848               170
          9908    4326587             79             59      -20       -6407               228
          9909   10757158             79            101       22        7999               260
          9910    4758600             79             56      -23       -9187               440
          9911    4484867             79             73       -6        2328               284
          9912   12900002             79             62      -17       -3825               369
          9913    9961241             79             90       11        6667               202
          9914   10050907             79             62      -17       -3829               293
          9915     412730             79             64      -15       -2160               231
          9916   13646303             79             55      -24      -10694               304
          9917    9220164             79             51      -28      -16113               236
          9918    6795691             79             61      -18       -4372               302
          9919    2148827             79             70       -9        1043               377
          9920    6151720             79             69      -10         501               240
          9921    5860766             79             83        4        5328               220
          9922    2237837             79             59      -20       -6041               207
          9923    5061123             79             44      -35      -29570               485
          9924     586869             79             97       18        7693               188
          9925   12064413             79             52      -27      -14580               277
          9926     237763             79             77       -2        3768               248
          9927      70374             79             64      -15       -2417               260
          9928    7474377             79             48      -31      -21391               367
          9929    5289764             79             58      -21       -7122               438
          9930   10894430             79             61      -18       -4645               166
          9931    7966829             79             65      -14       -1626               310
          9932    3858499             79             83        4        5353               270
          9933    8263844             79             62      -17       -3772               355
          9934    6029353             79             66      -13       -1135               426
          9935     805962             79             85        6        5772               364
          9936   11334950             79             74       -5        2783               323
          9937   10992292             79             81        2        5024               232
          9938   10165038             79             62      -17       -3746               357
          9939   13357118             79             92       13        7095               188
          9940   11163710             79             75       -4        3115               335
          9941    6203597             79             48      -31      -21070               302
          9942    5235636             79             69      -10         546               337
          9943    4243920             79             49      -30      -18959               304
          9944    3242177             79             54      -25      -11644               365
          9945    2301274             79             63      -16       -2918               298
          9946     304942             79             96       17        7535               348
          9947    4010830             79             95       16        7415               298
          9948   10904317             79             56      -23       -9498               262
          9949   12268361             79             52      -27      -14554               393
          9950    7989097             79             62      -17       -3722               268
          9951     634204             79             66      -13       -1104               288
          9952    4954817             79             45      -34      -27280               280
          9953    3712885             79             71       -8        1673               259
          9954    7169337             79             58      -21       -7321               307
          9955    8263015             79             63      -16       -3116               248
          9956   10538359             79             64      -15       -2276               248
          9957    9815581             79             59      -20       -6384               246
          9958   11171547             79             63      -16       -2935               383
          9959    7323726             79             61      -18       -4639               272
          9960    2776417             79             56      -23       -9027               436
          9961    3853179             79             48      -31      -21112               497
          9962   10396903             79             59      -20       -6276               260
          9963   10511433             79             59      -20       -6315               333
          9964   10774586             79             71       -8        1513               344
          9965    6494194             79             73       -6        2481               252
          9966    7803620             79             63      -16       -2968               296
          9967    7215032             79             62      -17       -3698               142
          9968     508563             79             73       -6        2355               277
          9969    7955692             79             59      -20       -6288               158
          9970   11141602             79             65      -14       -1650               283
          9971    1164401             79             78       -1        4102               255
          9972   12286415             79             72       -7        1973               149
          9973   11038666             79             77       -2        3766               175
          9974    4685431             79             64      -15       -2380               167
          9975    5404518             79             65      -14       -1689               356
          9976    3824144             79             57      -22       -8335               305
          9977    9237861             79             49      -30      -19609               374
          9978   11330898             79             63      -16       -2835               263
          9979    5225157             79             54      -25      -11926               215
          9980    9947690             79             64      -15       -2357               357
          9981   10408528             79             61      -18       -4592               298
          9982    4376765             79             64      -15       -2118               205
          9983    3651827             79             72       -7        2245               194
          9984    4195203             79             57      -22       -8017               291
          9985    1444229             79             61      -18       -4523               306
          9986    2337055             79             92       13        7190               167
          9987    5275885             79             64      -15       -2344               376
          9988    9257864             79             65      -14       -1664               273
          9989   13220721             79             55      -24      -10644               301
          9990    5316307             79             51      -28      -15122               264
          9991     675891             79             56      -23       -9402               326
          9992    6790622             79             56      -23       -9483               262
          9993    9932259             79             83        4        5579               193
          9994    1580356             79             78       -1        4101               197
          9995    8326828             79             93       14        7233               248
          9996   10064218             79             64      -15       -2111               181
          9997    7760707             79             53      -26      -13042               337
          9998    8521306             79             55      -24      -10618               285
          9999    3765111             79             51      -28      -15829               224
         10000   12481291             79             72       -7        2034               282
