rank_baseline,author_id,h_index_r1.00,h_index_r0.75,delta_h,delta_rank,num_publications
1,2909828,288,298,10,0,2173
2,2036634,252,261,9,0,927
3,3118255,252,255,3,-2,584
4,3905565,249,252,3,-2,1253
5,6558419,248,257,9,1,849
6,9772016,245,243,-2,-3,2466
7,6795552,245,261,16,4,1273
8,8784928,242,251,9,1,735
9,11384487,241,238,-3,-2,1653
10,3566237,235,239,4,0,1805
11,5187963,234,228,-6,-9,1527
12,12709842,233,238,5,0,1288
13,3078355,230,249,19,5,1202
14,9516779,228,237,9,0,1307
15,10683466,222,231,9,-2,1024
16,3546501,222,238,16,3,1350
17,13091167,220,226,6,-4,1337
18,2986463,218,235,17,3,1599
19,7019150,216,224,8,-4,783
20,6990667,215,216,1,-10,1341
21,11922989,214,222,8,-5,1322
22,8815400,213,220,7,-5,681
23,4498000,211,210,-1,-9,1065
24,13120003,211,217,6,-5,1405
25,6009653,211,226,15,3,1045
26,12239711,211,208,-3,-11,878
27,4013524,211,224,13,2,839
28,9642557,209,220,11,0,1728
29,101090,209,233,24,13,782
30,3303308,206,224,18,6,1152
31,1127410,206,202,-4,-17,1004
32,12452097,205,201,-4,-17,1157
33,9964935,205,204,-1,-11,885
34,1497768,204,206,2,-4,1155
35,7811568,203,203,0,-10,817
36,7945633,203,213,10,5,1028
37,908173,202,200,-2,-13,2535
38,4226882,202,231,29,20,556
39,10928932,201,208,7,4,2036
40,7708141,201,210,9,7,651
41,2132626,201,206,5,0,679
42,10020021,200,205,5,0,1093
43,1898713,200,229,29,24,474
44,13391059,198,186,-12,-31,1825
45,2752276,198,198,0,-8,953
46,5802147,198,206,8,6,1087
47,12064581,198,194,-4,-10,983
48,3443989,197,204,7,5,727
49,1787155,195,202,7,2,683
50,12885095,194,202,8,4,639
51,13718786,194,190,-4,-13,734
52,2398791,194,206,12,13,537
53,8375151,194,198,4,-2,921
54,3653795,193,209,16,20,1097
55,12504769,192,192,0,-3,1075
56,8169729,190,197,7,0,978
57,3063839,190,188,-2,-11,1271
58,8077292,190,185,-5,-25,1254
59,12977538,190,191,1,-3,687
60,5639696,189,198,9,8,442
61,12709092,189,186,-3,-18,1597
62,9553359,189,180,-9,-42,796
63,13103046,189,200,11,12,974
64,13032220,188,184,-4,-21,561
65,2579314,188,186,-2,-13,1433
66,6826428,188,185,-3,-15,1667
67,11083570,188,188,0,-2,854
68,8456779,188,198,10,14,370
69,12943379,187,181,-6,-29,1525
70,13673999,187,181,-6,-29,1147
71,8649812,186,192,6,12,1278
72,8435304,185,191,6,11,1414
73,12537065,185,189,4,7,1103
74,2563296,185,187,2,1,654
75,9665806,185,191,6,12,636
76,7733186,184,179,-5,-32,1148
77,7738768,184,208,24,41,613
78,6755308,184,180,-4,-27,1258
79,5031730,183,183,0,-11,1482
80,1204811,183,173,-10,-47,1141
81,12792640,183,192,9,21,724
82,9252184,182,182,0,-13,641
83,8555229,181,185,4,1,1015
84,3232452,181,185,4,0,1282
85,8567115,180,176,-4,-30,1573
86,11758319,179,174,-5,-36,1479
87,3052931,179,186,7,11,365
88,985018,179,183,4,-3,916
89,3653221,179,181,2,-12,1547
90,12748302,178,187,9,19,763
91,11062698,177,187,10,17,705
92,1690800,176,180,4,-11,2763
93,4220000,176,174,-2,-30,1060
94,7898192,176,190,14,29,1277
95,6358547,176,184,8,8,1348
96,66436,176,184,8,8,807
97,4824452,175,173,-2,-29,555
98,9663796,175,176,1,-19,964
99,2049097,174,166,-8,-68,1853
100,2879564,174,184,10,14,645
101,1414397,174,187,13,31,793
102,6853236,174,189,15,35,581
103,8197217,174,181,7,1,498
104,12580511,173,181,8,7,743
105,821788,173,168,-5,-46,721
106,11237548,173,177,4,-7,1109
107,11095942,173,173,0,-22,1268
108,3234892,173,167,-6,-55,1227
109,6500557,172,167,-5,-52,1258
110,105101,172,174,2,-15,1232
111,11615886,172,187,15,39,896
112,7703871,172,166,-6,-58,711
113,9238635,172,175,3,-7,791
114,1644939,171,167,-4,-48,719
115,6671105,171,180,9,8,604
116,4479236,170,170,0,-27,489
117,8463126,170,167,-3,-43,2121
118,9799654,170,176,6,4,514
119,3966887,170,171,1,-21,458
120,1816213,169,167,-2,-38,1285
121,472781,169,174,5,-3,798
122,1360463,169,171,2,-17,868
123,4801700,169,165,-4,-49,1358
124,4468912,169,172,3,-11,620
125,13229925,169,171,2,-16,994
126,671306,169,173,4,-4,1056
127,11831050,169,183,14,34,676
128,2260002,169,178,9,17,536
129,9886262,169,186,17,49,473
130,8066685,168,164,-4,-47,928
131,12237274,168,186,18,54,1038
132,5422420,168,183,15,40,465
133,11081471,168,176,8,17,1253
134,2960952,168,170,2,-13,767
135,7909688,168,173,5,2,541
136,11891718,167,160,-7,-83,858
137,2885945,167,166,-1,-28,472
138,2460564,167,181,14,42,499
139,2465983,167,164,-3,-35,1355
140,8614840,167,182,15,46,558
141,11789899,167,181,14,41,1071
142,9427293,167,179,12,33,544
143,5312840,167,163,-4,-50,500
144,5165833,166,166,0,-22,988
145,10987843,166,177,11,33,613
146,3154408,166,163,-3,-41,1853
147,4898397,166,161,-5,-65,773
148,6680173,166,162,-4,-50,1479
149,13690353,166,180,14,43,447
150,2027962,166,173,7,18,906
151,11188688,166,159,-7,-86,683
152,7425343,166,175,9,31,575
153,9067721,165,167,2,-4,855
154,6724779,165,175,10,35,733
155,6312414,165,156,-9,-111,1277
156,2701585,165,160,-5,-67,1031
157,1549041,165,160,-5,-69,962
158,9635713,165,170,5,14,377
159,5181920,164,157,-7,-91,3865
160,7961189,164,167,3,1,383
161,12611655,164,154,-10,-126,482
162,13248739,164,157,-7,-89,1172
163,4995275,164,163,-1,-22,394
164,1178692,164,168,4,15,367
165,11751146,164,164,0,-13,698
166,5306143,164,167,3,2,1036
167,6837858,164,164,0,-12,1188
168,3427110,164,159,-5,-66,792
169,4074180,164,163,-1,-20,687
170,7978331,164,171,7,28,697
171,13104577,164,163,-1,-20,719
172,11214711,164,163,-1,-20,1075
173,10627261,164,173,9,42,548
174,237762,163,183,20,85,836
175,7798789,163,164,1,0,1380
176,7805689,163,170,7,31,1266
177,6003655,163,168,5,22,1190
178,4861431,163,162,-1,-27,412
179,2776191,162,156,-6,-88,1777
180,8755657,162,160,-2,-40,1029
181,3421764,162,155,-7,-94,1383
182,3251246,162,166,4,13,928
183,11718556,162,168,6,31,844
184,1560583,162,160,-2,-41,572
185,5181155,162,162,0,-18,912
186,5835021,162,163,1,-2,482
187,8860077,161,178,17,77,888
188,12887932,161,162,1,-13,669
189,1809847,161,153,-8,-116,719
190,1181300,161,172,11,53,592
191,2483920,160,172,12,57,492
192,8005973,160,156,-4,-70,340
193,556651,160,161,1,-16,1366
194,7493207,160,168,8,44,1793
195,10794292,160,157,-3,-60,1595
196,3479577,160,163,3,10,776
197,6225476,160,157,-3,-59,922
198,11172599,160,162,2,1,553
199,10118333,160,164,4,19,539
200,5089676,159,154,-5,-85,289
201,582870,159,161,2,-5,329
202,11465499,159,163,4,18,435
203,4101466,159,175,16,85,552
204,3459958,159,162,3,8,837
205,3809384,159,164,5,29,443
206,8041858,159,152,-7,-106,1645
207,11001177,159,161,2,-6,1550
208,9171307,159,165,6,37,815
209,7813478,159,160,1,-13,405
210,8017595,159,159,0,-22,826
211,135874,159,157,-2,-47,601
212,9624370,158,154,-4,-77,2081
213,11723599,158,158,0,-28,1410
214,4774013,158,161,3,4,729
215,11041206,158,162,4,15,669
216,490297,158,155,-3,-66,874
217,7014758,158,158,0,-27,833
218,4961259,158,162,4,14,908
219,6088022,158,158,0,-27,600
220,10586408,157,162,5,25,542
221,4935977,157,153,-4,-77,1098
222,7569995,157,155,-2,-55,1094
223,9725375,157,161,4,12,745
224,4740827,157,173,16,96,523
225,4709876,157,153,-4,-75,824
226,169530,157,159,2,-9,1281
227,10370425,157,172,15,91,1297
228,4088575,157,162,5,29,1680
229,2325531,157,168,11,75,625
230,10128707,157,156,-1,-41,624
231,9054802,157,160,3,7,391
232,7104680,157,168,11,76,585
233,6731879,156,156,0,-30,380
234,11514652,156,158,2,-6,1490
235,8679580,156,157,1,-18,563
236,11012791,156,148,-8,-125,1124
237,6870015,156,159,3,6,938
238,6052377,156,154,-2,-52,401
239,11055524,156,159,3,6,835
240,801139,156,155,-1,-36,408
241,7463923,156,153,-3,-62,1091
242,4415660,156,166,10,74,402
243,9043796,156,158,2,-2,959
244,10509641,156,164,8,63,923
245,3981634,156,164,8,62,500
246,6470877,156,161,5,29,1067
247,2745601,156,158,2,-1,440
248,10218082,156,157,1,-13,438
249,7512878,155,156,1,-15,3258
250,8693805,155,142,-13,-214,2021
251,8879664,155,145,-10,-167,1720
252,4161887,155,158,3,13,538
253,594134,155,160,5,32,428
254,10542938,155,159,4,25,1658
255,4856924,155,155,0,-23,1376
256,11337892,155,148,-7,-108,970
257,322195,155,151,-4,-75,564
258,3869622,155,153,-2,-48,657
259,4892116,155,165,10,86,731
260,1975725,155,154,-1,-34,718
261,11521821,155,160,5,33,402
262,3983375,154,156,2,-6,672
263,8686107,154,155,1,-17,1050
264,13684795,154,151,-3,-69,1309
265,10209666,154,147,-7,-123,959
266,7204989,154,156,2,-7,897
267,5331423,154,147,-7,-125,783
268,8570362,154,164,10,86,426
269,7159174,154,158,4,22,641
270,6585549,154,163,9,76,382
271,3180855,153,161,8,63,445
272,12069290,153,149,-4,-78,2128
273,2658409,153,150,-3,-68,1137
274,4711920,153,155,2,-5,658
275,865370,153,170,17,129,903
276,7480960,153,148,-5,-92,1236
277,6453968,153,148,-5,-93,433
278,11776138,153,151,-2,-56,1130
279,4024057,153,162,9,77,506
280,746540,153,161,8,64,837
281,13491348,153,153,0,-27,828
282,9731660,152,148,-4,-75,1026
283,6535423,152,148,-4,-73,539
284,10015265,152,149,-3,-65,711
285,12555196,152,147,-5,-96,1119
286,166990,152,148,-4,-74,606
287,1242573,152,149,-3,-64,633
288,6424941,152,156,4,18,700
289,13659634,152,148,-4,-74,364
290,4849823,152,157,5,30,644
291,12629806,152,161,9,76,441
292,6505239,152,152,0,-29,724
293,5078543,151,147,-4,-83,404
294,10222543,151,145,-6,-126,1316
295,12675874,151,150,-1,-44,999
296,934687,151,159,8,66,882
297,10851275,151,169,18,149,1087
298,7170358,151,150,-1,-45,534
299,1464061,151,151,0,-32,578
300,7899061,151,157,6,41,845
301,6977461,151,154,3,9,429
302,12017134,151,150,-1,-43,517
303,9338435,151,160,9,76,637
304,13491536,150,149,-1,-43,486
305,8794486,150,148,-2,-54,652
306,8736088,150,147,-3,-73,719
307,12036667,150,152,2,-3,439
308,2031834,150,146,-4,-92,1053
309,1922765,150,157,7,57,380
310,13039147,150,153,3,8,473
311,13235419,150,146,-4,-97,992
312,1648624,150,149,-1,-43,552
313,5380972,149,146,-3,-85,1372
314,8140432,149,144,-5,-122,538
315,3829461,149,137,-12,-252,2048
316,9891695,149,147,-2,-69,828
317,12248926,149,144,-5,-122,910
318,1091390,149,149,0,-35,1040
319,2795506,149,158,9,76,1105
320,11706030,149,152,3,5,872
321,5023184,149,152,3,4,977
322,5024671,149,153,4,15,920
323,9693135,149,153,4,22,459
324,581753,149,159,10,88,627
325,634539,149,157,8,68,482
326,969703,149,148,-1,-46,729
327,2980459,149,152,3,7,363
328,5572671,148,153,5,33,553
329,4447470,148,150,2,-7,715
330,9308643,148,161,13,123,433
331,10476158,148,151,3,7,633
332,11202602,148,149,1,-16,856
333,11011273,148,156,8,68,391
334,8360480,148,144,-4,-103,1121
335,7297836,148,157,9,81,338
336,9457498,148,145,-3,-88,428
337,10318924,148,168,20,184,1877
338,3414669,148,153,5,39,451
339,813880,148,143,-5,-120,577
340,11788229,148,145,-3,-88,870
341,13046665,148,148,0,-24,654
342,10579853,148,145,-3,-87,910
343,10099792,148,145,-3,-87,805
344,10801873,148,144,-4,-100,875
345,799233,148,148,0,-29,492
346,3978719,148,146,-2,-69,721
347,8086929,148,146,-2,-67,680
348,12995966,148,155,7,65,533
349,2468788,147,150,3,9,1190
350,5660226,147,143,-4,-100,1272
351,10761065,147,156,9,82,974
352,8085036,147,146,-1,-47,1126
353,12203369,147,133,-14,-308,1274
354,2840520,147,139,-8,-174,1066
355,9683503,147,152,5,41,1202
356,773954,147,155,8,75,395
357,8542601,147,148,1,-12,596
358,4463879,147,151,4,29,336
359,1862434,147,141,-6,-125,662
360,3358870,147,144,-3,-85,750
361,4323104,147,147,0,-32,456
362,4101734,147,172,25,224,517
363,8738144,146,157,11,114,379
364,8115288,146,154,8,78,495
365,11063113,146,140,-6,-133,1239
366,6568216,146,147,1,-11,789
367,5054989,146,147,1,-16,1319
368,6722165,146,143,-3,-83,1007
369,6922052,146,158,12,127,618
370,8894253,146,146,0,-34,1179
371,6880726,146,147,1,-20,579
372,6639896,146,143,-3,-81,489
373,5231410,146,149,3,19,908
374,9424666,146,143,-3,-88,530
375,6563944,146,147,1,-19,657
376,13163956,146,153,7,67,541
377,10062121,146,155,9,93,623
378,2295401,146,161,15,160,746
379,9625704,145,153,8,83,461
380,12169351,145,151,6,57,695
381,13458359,145,148,3,23,943
382,3332484,145,147,2,2,1632
383,12929157,145,136,-9,-200,1510
384,12637545,145,142,-3,-83,1502
385,9969692,145,151,6,59,646
386,3437423,145,153,8,89,409
387,850749,145,154,9,99,349
388,4359941,145,151,6,61,577
389,7634095,145,145,0,-32,677
390,10272637,145,142,-3,-76,1017
391,1502835,145,147,2,7,728
392,8156850,145,151,6,64,521
393,13566595,145,146,1,-8,378
394,10206442,145,158,13,156,302
395,7248794,145,147,2,5,504
396,3183171,145,146,1,-14,625
397,8346761,145,154,9,104,413
398,13149009,144,138,-6,-141,648
399,1822010,144,150,6,62,475
400,5383568,144,136,-8,-182,1000
401,13120868,144,140,-4,-98,1728
402,11044805,144,141,-3,-80,1085
403,10762827,144,146,2,1,1002
404,11691208,144,139,-5,-123,914
405,11016824,144,140,-4,-98,1174
406,4517289,144,140,-4,-100,610
407,5016052,144,140,-4,-100,971
408,3234457,144,141,-3,-84,699
409,6872121,144,163,19,219,556
410,6354336,144,150,6,66,725
411,7599636,144,144,0,-32,310
412,7588114,144,143,-1,-51,1293
413,131737,143,145,2,-4,346
414,4808180,143,144,1,-24,1012
415,9974429,143,139,-4,-109,778
416,5490285,143,145,2,-3,438
417,5882197,143,145,2,-5,809
418,12751751,143,139,-4,-107,656
419,9386249,143,145,2,-6,710
420,11208733,143,144,1,-21,523
421,4921825,143,156,13,149,740
422,11064177,143,146,3,13,752
423,7987482,143,136,-7,-176,1304
424,11151604,143,142,-1,-48,376
425,9945717,143,147,4,36,848
426,4753887,143,152,9,107,778
427,257160,143,141,-2,-63,549
428,7048619,143,141,-2,-65,544
429,6953248,143,130,-13,-333,822
430,8233431,143,141,-2,-66,281
431,239806,142,134,-8,-202,1727
432,6632154,142,144,2,-3,748
433,8382816,142,141,-1,-47,1026
434,2699514,142,134,-8,-204,1522
435,6306647,142,139,-3,-88,692
436,102068,142,136,-6,-148,903
437,8456786,142,138,-4,-105,739
438,4596262,142,152,10,127,1217
439,9477860,142,142,0,-26,341
440,1783126,142,138,-4,-103,470
441,2275911,142,138,-4,-103,1082
442,3936543,142,146,4,37,1323
443,10935129,142,144,2,1,1571
444,3646933,142,141,-1,-39,617
445,3850817,142,138,-4,-109,916
446,11013929,142,161,19,232,354
447,3092815,142,154,12,156,558
448,1860982,142,141,-1,-41,415
449,2268676,142,151,9,114,581
450,4901910,142,146,4,43,663
451,1784073,141,138,-3,-90,1152
452,10263596,141,143,2,5,277
453,5570238,141,136,-5,-133,1186
454,5644017,141,140,-1,-46,997
455,8882255,141,152,11,142,636
456,11955484,141,143,2,2,1151
457,2850933,141,142,1,-12,776
458,12105080,141,139,-2,-72,776
459,471248,141,152,11,141,384
460,6269580,141,142,1,-11,1035
461,1293946,141,140,-1,-43,342
462,5858883,141,135,-6,-159,1158
463,11731890,141,137,-4,-108,700
464,7719400,141,138,-3,-93,1179
465,7617876,141,148,7,94,506
466,11389780,141,145,4,33,689
467,1503385,141,139,-2,-67,313
468,689225,140,141,1,-8,840
469,2526199,140,141,1,-8,580
470,3766688,140,146,6,73,242
471,9315732,140,143,3,19,796
472,11520814,140,133,-7,-193,1133
473,9738976,140,137,-3,-97,1615
474,1125251,140,138,-2,-73,729
475,8041099,140,138,-2,-76,1696
476,2851955,140,147,7,89,640
477,1447564,140,143,3,22,794
478,6102629,140,138,-2,-80,607
479,104283,140,148,8,117,350
480,6189194,140,140,0,-32,904
481,5755120,139,143,4,35,281
482,2380914,139,145,6,66,1391
483,8283744,139,134,-5,-151,1365
484,11721204,139,134,-5,-156,905
485,6476519,139,132,-7,-204,1359
486,9600895,139,149,10,134,874
487,6576341,139,134,-5,-152,671
488,6795558,139,136,-3,-100,809
489,2319621,139,138,-1,-57,837
490,5238027,139,139,0,-39,538
491,1158410,139,136,-3,-103,626
492,6305099,139,140,1,-17,1093
493,1938122,139,145,6,66,969
494,5336568,139,138,-1,-58,893
495,8068019,139,140,1,-15,847
496,2893288,139,135,-4,-124,997
497,4216435,139,135,-4,-129,741
498,11196681,139,133,-6,-178,858
499,3051726,139,141,2,2,659
500,250147,139,148,9,125,493
501,3218548,138,136,-2,-80,294
502,8169855,138,137,-1,-64,1312
503,11343707,138,130,-8,-240,657
504,7741716,138,147,9,126,751
505,7411820,138,130,-8,-244,929
506,12300358,138,134,-4,-131,478
507,8426744,138,146,8,104,488
508,2403426,138,136,-2,-85,1046
509,9147425,138,141,3,23,1094
510,8841281,138,136,-2,-88,496
511,8725898,138,153,15,207,637
512,4899356,138,150,12,166,750
513,8210896,138,137,-1,-60,968
514,8912720,138,152,14,192,568
515,6609264,137,139,2,-6,933
516,11843773,137,133,-4,-141,799
517,6415132,137,145,8,94,1076
518,6388574,137,142,5,50,769
519,7943099,137,134,-3,-122,720
520,6003788,137,132,-5,-174,1154
521,2198854,137,128,-9,-300,607
522,6486996,137,132,-5,-176,1093
523,1672594,137,131,-6,-201,1523
524,1783956,137,133,-4,-147,1225
525,13316561,137,146,9,119,604
526,7483890,137,131,-6,-199,871
527,9134444,137,132,-5,-170,409
528,2129620,137,137,0,-44,742
529,7283332,137,130,-7,-227,982
530,9639727,137,138,1,-19,527
531,11788401,137,142,5,56,677
532,5417754,137,140,3,24,425
533,5520576,137,140,3,19,604
534,12621161,137,145,8,103,407
535,9605283,137,133,-4,-146,610
536,509816,137,146,9,123,592
537,8890940,137,138,1,-27,734
538,811427,137,147,10,143,384
539,2269569,137,145,8,105,556
540,6051957,136,139,3,20,452
541,3090533,136,135,-1,-72,1108
542,3808824,136,137,1,-26,590
543,8744064,136,135,-1,-66,348
544,587808,136,130,-6,-206,752
545,7459416,136,129,-7,-233,508
546,2572999,136,129,-7,-230,695
547,13002384,136,131,-5,-173,558
548,13080812,136,129,-7,-238,1075
549,1706702,136,131,-5,-172,612
550,7140362,136,140,4,45,627
551,1969242,136,134,-2,-92,484
552,11441644,136,133,-3,-114,532
553,9322610,136,133,-3,-109,374
554,2397923,136,136,0,-35,505
555,6608535,136,152,16,239,440
556,11462600,136,135,-1,-63,663
557,4576087,136,143,7,99,305
558,12515950,136,132,-4,-143,810
559,7053596,136,145,9,133,333
560,3870569,136,135,-1,-63,612
561,6019599,136,141,5,70,588
562,12398209,136,142,6,88,694
563,11647755,136,138,2,1,761
564,6779401,136,145,9,132,688
565,8693252,136,131,-5,-168,389
566,3072389,136,156,20,292,492
567,7857947,135,131,-4,-147,1223
568,12120479,135,138,3,28,468
569,4183247,135,135,0,-42,868
570,5007106,135,143,8,121,720
571,6410157,135,133,-2,-89,1154
572,4944262,135,135,0,-36,904
573,1341896,135,147,12,191,382
574,8471580,135,135,0,-40,797
575,1647272,135,139,4,49,1275
576,13608647,135,136,1,-11,1053
577,11130391,135,142,7,107,724
578,10449702,135,128,-7,-245,696
579,5999551,135,131,-4,-147,1481
580,8810744,135,144,9,140,744
581,4838563,135,128,-7,-247,799
582,12865354,135,138,3,32,737
583,3144174,135,136,1,-13,879
584,2715773,135,138,3,25,594
585,10091561,135,135,0,-39,780
586,8268352,135,134,-1,-60,583
587,1425678,135,140,5,76,414
588,10047510,135,137,2,10,442
589,6040369,135,138,3,29,436
590,7452949,135,140,5,75,549
591,1868219,134,132,-2,-93,481
592,657676,134,141,7,114,2383
593,11078591,134,127,-7,-267,919
594,9993404,134,127,-7,-265,350
595,10491551,134,132,-2,-92,1873
596,7251705,134,135,1,-16,643
597,8063411,134,137,3,28,445
598,3955749,134,150,16,256,1347
599,9289760,134,129,-5,-192,677
600,8708204,134,136,2,9,755
601,4529787,134,135,1,-15,669
602,8316946,134,133,-1,-68,583
603,11583021,134,129,-5,-190,527
604,2697635,134,136,2,14,449
605,5271961,134,148,14,239,580
606,84410,134,137,3,32,649
607,11015496,134,134,0,-38,528
608,10187361,134,141,7,120,721
609,8837594,134,142,8,136,640
610,13332980,134,134,0,-38,330
611,6975392,134,135,1,-14,524
612,985750,134,136,2,11,429
613,13715733,134,129,-5,-188,728
614,7736586,134,134,0,-35,612
615,3245386,134,129,-5,-191,541
616,3666024,134,139,5,80,410
617,7225928,134,132,-2,-93,540
618,7689763,134,140,6,100,275
619,7350785,133,135,2,12,818
620,2655698,133,130,-3,-128,698
621,12154668,133,131,-2,-95,569
622,7594496,133,124,-9,-395,899
623,9738056,133,132,-1,-62,586
624,9377906,133,129,-4,-160,1400
625,6299425,133,127,-6,-247,867
626,13707061,133,130,-3,-128,660
627,4810416,133,150,17,289,381
628,4867277,133,141,8,141,650
629,7036534,133,128,-5,-196,419
630,1742796,133,139,6,99,714
631,7938681,133,131,-2,-87,508
632,11370404,133,132,-1,-68,829
633,7903380,133,136,3,36,395
634,8170244,133,136,3,39,695
635,8668512,133,131,-2,-93,306
636,1713627,133,148,15,263,1397
637,3486995,133,137,4,62,589
638,9422404,133,143,10,178,554
639,9221051,133,141,8,154,583
640,5483222,133,137,4,63,719
641,4764454,133,133,0,-34,895
642,6435505,133,129,-4,-158,932
643,11380201,133,132,-1,-59,712
644,5210112,133,130,-3,-119,582
645,3217749,133,128,-5,-207,624
646,3609906,133,129,-4,-161,432
647,11499573,133,141,8,153,298
648,5371014,133,132,-1,-63,469
649,579225,132,129,-3,-122,449
650,11680030,132,130,-2,-90,474
651,13567623,132,130,-2,-94,722
652,6688301,132,143,11,204,640
653,391440,132,139,7,131,382
654,4399470,132,138,6,109,1289
655,2076644,132,130,-2,-92,510
656,4787608,132,132,0,-35,785
657,11882341,132,132,0,-33,712
658,7821394,132,138,6,110,553
659,11396879,132,129,-3,-131,1022
660,10677432,132,134,2,25,268
661,7508360,132,128,-4,-163,458
662,2509027,132,151,19,332,678
663,13066778,132,129,-3,-122,510
664,8426727,132,130,-2,-95,673
665,3937506,132,138,6,110,1041
666,10380431,132,128,-4,-168,706
667,11487689,132,126,-6,-263,822
668,3730327,132,135,3,46,590
669,6182612,132,125,-7,-315,687
670,4253050,132,146,14,258,586
671,2452123,132,122,-10,-472,731
672,5927536,132,146,14,261,442
673,7167783,132,139,7,138,483
674,9043785,132,130,-2,-92,310
675,13606153,132,147,15,279,295
676,6971465,132,136,4,70,677
677,4599122,132,128,-4,-177,550
678,6019391,132,133,1,-4,403
679,12669591,131,133,2,23,425
680,11995675,131,129,-2,-93,341
681,6596282,131,135,4,71,2200
682,2379844,131,151,20,357,598
683,9753501,131,130,-1,-63,1306
684,4904211,131,136,5,99,891
685,12564436,131,127,-4,-181,1017
686,3880529,131,127,-4,-182,271
687,8740419,131,130,-1,-64,871
688,1429883,131,133,2,25,556
689,11770271,131,126,-5,-233,860
690,9656186,131,128,-3,-132,280
691,11895628,131,124,-7,-331,1281
692,9361395,131,136,5,100,424
693,6221490,131,140,9,191,511
694,1133516,131,127,-4,-188,523
695,2077437,131,134,3,51,720
696,3988361,131,127,-4,-187,835
697,9991,131,130,-1,-61,522
698,11472473,131,125,-6,-279,965
699,25449,131,125,-6,-279,927
700,11467445,131,128,-3,-133,722
701,4358691,131,125,-6,-279,754
702,10260030,131,127,-4,-189,923
703,2632386,131,136,5,103,643
704,12130158,131,131,0,-28,920
705,3927147,131,138,7,149,667
706,8345627,131,137,6,130,754
707,1874524,131,132,1,3,678
708,7199561,131,128,-3,-133,493
709,4335098,131,132,1,4,697
710,990085,131,139,8,177,368
711,2955818,131,139,8,179,416
712,395965,131,131,0,-23,399
713,406144,131,131,0,-24,411
714,1245724,130,127,-3,-143,505
715,8285378,130,126,-4,-195,826
716,12712539,130,128,-2,-99,383
717,21780,130,126,-4,-192,417
718,4072474,130,128,-2,-99,1233
719,2685968,130,129,-1,-60,1124
720,3478498,130,132,2,34,268
721,4520608,130,125,-5,-236,311
722,3444327,130,131,1,7,669
723,976485,130,127,-3,-146,564
724,3728019,130,141,11,243,673
725,6510018,130,128,-2,-95,1442
726,1397447,130,141,11,247,527
727,11027930,130,125,-5,-237,584
728,8931330,130,127,-3,-149,1223
729,6571422,130,129,-1,-54,551
730,9737076,130,148,18,363,1549
731,6073771,130,125,-5,-241,528
732,9291623,130,127,-3,-149,1157
733,10596173,130,129,-1,-54,973
734,3509005,130,125,-5,-237,1265
735,11411812,130,131,1,13,294
736,2952352,130,135,5,121,299
737,6344469,130,125,-5,-242,1050
738,5156997,130,126,-4,-197,560
739,10385651,130,128,-2,-100,1013
740,9782620,130,138,8,179,848
741,11849987,130,127,-3,-154,973
742,2420057,130,132,2,39,435
743,11428558,130,125,-5,-251,724
744,8298423,130,127,-3,-157,408
745,7969179,130,128,-2,-103,696
746,13105952,130,125,-5,-245,620
747,12605497,130,136,6,142,560
748,12690907,130,132,2,42,266
749,636206,130,134,4,98,441
750,9695651,130,123,-7,-348,386
751,5481038,130,129,-1,-59,657
752,5588476,130,128,-2,-99,424
753,1433696,130,129,-1,-56,371
754,11269239,129,130,1,13,719
755,6830458,129,127,-2,-101,298
756,9622700,129,126,-3,-152,539
757,1267647,129,126,-3,-154,920
758,3040717,129,130,1,16,426
759,2208801,129,125,-4,-199,785
760,6967526,129,124,-5,-255,996
761,1594974,129,127,-2,-110,685
762,7069433,129,132,3,70,635
763,9990259,129,125,-4,-198,608
764,10535537,129,138,9,211,727
765,10917883,129,131,2,42,453
766,10814448,129,132,3,71,1064
767,3788772,129,123,-6,-305,359
768,6511959,129,126,-3,-165,756
769,3130258,129,123,-6,-313,834
770,6314658,129,127,-2,-115,888
771,5001251,129,143,14,315,471
772,10832345,129,127,-2,-112,479
773,5712434,129,124,-5,-262,778
774,9728608,129,127,-2,-115,600
775,1290653,129,121,-8,-415,1043
776,11249458,129,127,-2,-120,746
777,7150427,129,133,4,100,704
778,3803677,129,124,-5,-268,692
779,2440090,129,126,-3,-164,782
780,3305779,129,124,-5,-262,716
781,9524778,129,131,2,50,343
782,10870100,129,129,0,-20,594
783,9320498,129,138,9,220,606
784,1454352,129,141,12,289,705
785,408222,129,125,-4,-215,738
786,2538282,129,138,9,221,552
787,2584088,129,134,5,133,478
788,9116865,129,131,2,50,336
789,12619922,129,126,-3,-158,566
790,10499135,128,125,-3,-164,989
791,13637563,128,122,-6,-314,542
792,9277283,128,131,3,79,743
793,11342748,128,125,-3,-163,672
794,5619654,128,124,-4,-215,344
795,2227225,128,126,-2,-118,575
796,2612731,128,132,4,108,1037
797,4895726,128,125,-3,-166,1438
798,11808652,128,124,-4,-218,1137
799,500274,128,121,-7,-363,509
800,7815137,128,126,-2,-117,699
801,8135221,128,123,-5,-275,689
802,11505053,128,129,1,25,864
803,3172048,128,133,5,139,769
804,13660475,128,127,-1,-69,491
805,1410714,128,123,-5,-275,884
806,12530533,128,133,5,133,942
807,11296668,128,143,15,350,826
808,4882351,128,133,5,140,467
809,3508551,128,130,2,52,498
810,13259303,128,121,-7,-362,789
811,596415,128,120,-8,-432,702
812,2424602,128,128,0,-19,466
813,12343624,128,124,-4,-221,869
814,3745999,128,122,-6,-311,848
815,12304779,128,134,6,168,499
816,2634882,128,129,1,17,763
817,740183,128,119,-9,-482,858
818,3824259,128,120,-8,-420,440
819,3004300,128,121,-7,-355,496
820,8143029,128,129,1,25,673
821,10095171,128,140,12,308,607
822,7777100,128,123,-5,-263,350
823,11035696,128,126,-2,-114,703
824,10252367,128,128,0,-20,501
825,12537528,128,135,7,196,689
826,7182010,128,135,7,196,667
827,8810443,128,129,1,24,482
828,11655654,128,129,1,31,379
829,4775284,128,125,-3,-167,800
830,3560594,128,133,5,151,524
831,1224157,128,126,-2,-111,332
832,7331556,128,135,7,200,490
833,769038,128,140,12,317,301
834,96145,128,125,-3,-167,402
835,832205,127,129,2,63,925
836,5492909,127,130,3,84,666
837,9441118,127,126,-1,-79,533
838,7889002,127,126,-1,-76,678
839,12460383,127,119,-8,-444,2112
840,3572607,127,123,-4,-228,631
841,9514755,127,126,-1,-77,908
842,5014355,127,123,-4,-225,563
843,2955806,127,121,-6,-323,1049
844,9290537,127,118,-9,-506,843
845,6282057,127,129,2,65,328
846,5145934,127,120,-7,-378,1389
847,11124262,127,125,-2,-121,681
848,8175108,127,125,-2,-121,519
849,4004552,127,133,6,180,630
850,10590428,127,124,-3,-176,525
851,2344650,127,127,0,-29,1018
852,10898128,127,128,1,22,1140
853,4326566,127,125,-2,-132,470
854,13697333,127,126,-1,-73,615
855,12115946,127,125,-2,-112,560
856,2618186,127,127,0,-37,432
857,508737,127,127,0,-33,750
858,2990579,127,126,-1,-71,304
859,3292817,127,122,-5,-271,538
860,9835674,127,120,-7,-377,381
861,3881870,127,125,-2,-127,723
862,7036424,127,127,0,-38,784
863,13659730,127,133,6,189,368
864,10659035,127,128,1,18,548
865,1122115,127,122,-5,-273,410
866,12287851,127,131,4,136,364
867,3206448,127,124,-3,-177,425
868,9735122,127,132,5,161,495
869,700529,127,133,6,191,387
870,10539140,127,136,9,268,513
871,10447246,127,128,1,22,596
872,8290022,127,128,1,32,267
873,12248322,127,135,8,242,294
874,11235872,127,128,1,24,255
875,2172662,127,130,3,107,510
876,7765894,127,131,4,140,562
877,8188613,127,126,-1,-72,229
878,11841679,126,128,2,65,313
879,5674740,126,123,-3,-180,406
880,12605113,126,128,2,66,261
881,2574707,126,123,-3,-180,256
882,10532608,126,124,-2,-128,436
883,1706195,126,133,7,225,641
884,11890810,126,131,5,167,899
885,7431009,126,127,1,21,495
886,4962179,126,122,-4,-225,415
887,767860,126,127,1,22,692
888,10034794,126,127,1,25,333
889,5800261,126,120,-6,-328,1427
890,9583892,126,131,5,171,675
891,13566611,126,124,-2,-121,975
892,464294,126,128,2,74,537
893,7548048,126,122,-4,-220,463
894,7169167,126,120,-6,-322,359
895,3026506,126,123,-3,-176,845
896,7011580,126,126,0,-23,1166
897,11641614,126,134,8,255,672
898,5857436,126,124,-2,-123,770
899,8772248,126,147,21,513,1051
900,10116933,126,129,3,118,415
901,5787191,126,120,-6,-324,788
902,2235509,126,128,2,75,584
903,4608569,126,120,-6,-323,1173
904,3061623,126,123,-3,-177,751
905,6757536,126,131,5,178,627
906,356321,126,121,-5,-270,738
907,3866805,126,131,5,178,988
908,8556261,126,124,-2,-122,424
909,1675658,126,128,2,74,314
910,12262873,126,118,-8,-449,1121
911,4204636,126,124,-2,-118,551
912,3511630,126,125,-1,-75,604
913,12253965,126,128,2,75,1093
914,11012191,126,135,9,286,453
915,12393602,126,121,-5,-263,312
916,12896556,126,123,-3,-177,444
917,665405,126,126,0,-22,455
918,12474728,126,130,4,154,560
919,11546360,126,124,-2,-130,750
920,11414057,126,120,-6,-343,454
921,2325905,126,118,-8,-471,878
922,12014636,126,125,-1,-81,493
923,5182974,126,132,6,211,415
924,7454613,126,134,8,272,594
925,6884285,126,119,-7,-404,565
926,4036002,126,124,-2,-130,397
927,9944882,125,123,-2,-131,253
928,11659910,125,128,3,112,397
929,996312,125,125,0,-26,1265
930,10535657,125,134,9,294,323
931,2658184,125,129,4,156,665
932,1928397,125,122,-3,-178,689
933,2135951,125,124,-1,-74,336
934,8118071,125,121,-4,-224,824
935,8789330,125,122,-3,-182,724
936,10259888,125,124,-1,-75,383
937,7061204,125,123,-2,-138,768
938,7084073,125,121,-4,-219,242
939,4902525,125,118,-7,-415,1461
940,9413168,125,120,-5,-288,1115
941,292677,125,118,-7,-414,908
942,1464206,125,135,10,324,1267
943,10891976,125,125,0,-43,1242
944,9854245,125,119,-6,-351,987
945,11255820,125,126,1,14,750
946,12803450,125,126,1,12,588
947,356373,125,124,-1,-92,784
948,3365189,125,121,-4,-229,840
949,1967658,125,121,-4,-236,759
950,813620,125,120,-5,-295,633
951,1892797,125,121,-4,-229,724
952,1189659,125,122,-3,-172,852
953,12994913,125,122,-3,-183,575
954,13577331,125,121,-4,-234,1000
955,4680226,125,124,-1,-90,524
956,5849019,125,128,3,111,381
957,9562642,125,119,-6,-357,643
958,7290163,125,125,0,-16,353
959,890273,125,120,-5,-295,278
960,1244577,125,125,0,-29,711
961,3664185,125,133,8,281,377
962,1220795,125,126,1,16,463
963,13301996,125,122,-3,-187,399
964,397582,125,128,3,111,638
965,7437741,125,132,7,257,764
966,5214505,125,136,11,363,532
967,4047855,125,137,12,387,557
968,1563838,124,138,14,430,264
969,4185804,124,127,3,107,660
970,11996570,124,123,-1,-95,625
971,13321205,124,126,2,56,765
972,4630214,124,122,-2,-147,763
973,3636331,124,125,1,11,400
974,3057981,124,122,-2,-144,549
975,6461321,124,117,-7,-429,567
976,12077016,124,125,1,0,462
977,12673125,124,127,3,110,290
978,9734522,124,125,1,8,779
979,11044059,124,126,2,55,1030
980,10981971,124,128,4,151,325
981,8966626,124,121,-3,-189,1258
982,1317443,124,125,1,9,480
983,739196,124,122,-2,-140,764
984,1187512,124,128,4,142,656
985,3685474,124,132,8,286,270
986,6887457,124,119,-5,-325,545
987,6021265,124,130,6,234,420
988,1894177,124,114,-10,-653,955
989,7440739,124,129,5,200,421
990,8891041,124,127,3,98,550
991,11968750,124,128,4,159,419
992,9521931,124,116,-8,-516,606
993,4558383,124,127,3,90,808
994,1748681,124,122,-2,-141,576
995,8178937,124,126,2,57,401
996,3829502,124,129,5,198,562
997,12480811,124,121,-3,-187,308
998,10466891,124,123,-1,-88,261
999,1835531,124,135,11,372,368
1000,2522634,124,122,-2,-133,517
1001,10061335,124,124,0,-47,351
1002,4998111,124,132,8,293,672
1003,655953,124,124,0,-50,308
1004,12268612,124,124,0,-46,400
1005,6392432,124,130,6,240,318
1006,11441969,124,139,15,469,453
1007,7849560,124,131,7,268,395
1008,1715701,123,116,-7,-463,827
1009,9917710,123,117,-6,-388,486
1010,11520281,123,120,-3,-203,1096
1011,10049955,123,123,0,-52,351
1012,13550762,123,125,2,53,906
1013,7301616,123,117,-6,-387,2075
1014,10642843,123,129,6,240,415
1015,10802141,123,123,0,-58,764
1016,8263919,123,119,-4,-273,963
1017,4438625,123,122,-1,-99,580
1018,700521,123,119,-4,-273,638
1019,4245592,123,132,9,323,355
1020,4762161,123,117,-6,-392,470
1021,13410044,123,122,-1,-101,658
1022,7767222,123,119,-4,-266,230
1023,1144802,123,116,-7,-475,1093
1024,6106258,123,133,10,352,910
1025,7659204,123,127,4,155,231
1026,2790742,123,121,-2,-142,1216
1027,4239620,123,120,-3,-202,522
1028,5239712,123,126,3,100,876
1029,2967842,123,125,2,63,528
1030,8781280,123,116,-7,-461,521
1031,12541096,123,126,3,108,359
1032,10600885,123,122,-1,-94,796
1033,8189092,123,119,-4,-268,981
1034,9672660,123,124,1,-3,1027
1035,8235390,123,127,4,147,281
1036,5965719,123,113,-10,-689,1168
1037,11217710,123,125,2,44,904
1038,5708095,123,118,-5,-326,720
1039,1469072,123,143,20,578,376
1040,1671647,123,119,-4,-277,864
1041,2208266,123,121,-2,-146,741
1042,9626651,123,118,-5,-324,592
1043,10723751,123,121,-2,-140,757
1044,4123817,123,120,-3,-216,715
1045,1176101,123,129,6,249,423
1046,9787277,123,121,-2,-148,439
1047,6888095,123,118,-5,-339,772
1048,12479112,123,119,-4,-268,597
1049,13180452,123,128,5,202,443
1050,8280410,123,120,-3,-211,446
1051,8008396,123,122,-1,-97,545
1052,9063030,123,117,-6,-397,343
1053,7520532,123,129,6,249,478
1054,12868174,123,117,-6,-403,683
1055,4152850,123,124,1,1,373
1056,6882062,123,129,6,245,711
1057,8535139,123,118,-5,-328,530
1058,13065867,123,126,3,108,655
1059,11298802,123,124,1,8,497
1060,2166348,123,123,0,-44,483
1061,6629732,123,123,0,-42,500
1062,11450010,123,130,7,292,381
1063,6283088,123,127,4,157,478
1064,8772760,123,126,3,112,310
1065,4370292,122,133,11,410,270
1066,12719509,122,119,-3,-211,434
1067,10813706,122,120,-2,-142,354
1068,9656017,122,120,-2,-147,557
1069,12144570,122,116,-6,-406,1138
1070,1248479,122,117,-5,-331,702
1071,5502455,122,115,-7,-476,1043
1072,431721,122,119,-3,-208,260
1073,9494010,122,124,2,54,1064
1074,13203563,122,121,-1,-87,1472
1075,4008390,122,122,0,-39,654
1076,12926869,122,121,-1,-88,751
1077,11079537,122,120,-2,-144,917
1078,2152980,122,120,-2,-144,233
1079,12610157,122,116,-6,-409,802
1080,5249834,122,118,-4,-265,618
1081,7359589,122,120,-2,-133,512
1082,3445028,122,119,-3,-210,854
1083,8879588,122,127,5,207,303
1084,10572868,122,121,-1,-83,1419
1085,5312142,122,118,-4,-267,1168
1086,9890581,122,133,11,427,297
1087,12424665,122,128,6,251,719
1088,13148924,122,113,-9,-618,1940
1089,11759039,122,119,-3,-208,1128
1090,7233653,122,135,13,473,706
1091,4037918,122,114,-8,-541,997
1092,641717,122,122,0,-42,680
1093,178122,122,120,-2,-151,710
1094,2761062,122,122,0,-33,792
1095,11731495,122,128,6,258,864
1096,10497814,122,121,-1,-79,322
1097,2563587,122,119,-3,-211,997
1098,4765919,122,123,1,15,317
1099,3500055,122,121,-1,-74,446
1100,3561375,122,118,-4,-268,673
1101,5694646,122,116,-6,-409,754
1102,3729300,122,119,-3,-208,734
1103,4852636,122,117,-5,-321,519
1104,8902401,122,118,-4,-271,846
1105,13653781,122,125,3,113,629
1106,4998479,122,119,-3,-201,791
1107,12267893,122,123,1,12,693
1108,10415086,122,124,2,70,332
1109,2370667,122,118,-4,-272,399
1110,576664,122,123,1,22,441
1111,13005961,122,130,8,344,728
1112,11394403,122,126,4,167,616
1113,898067,122,130,8,344,351
1114,6281154,122,120,-2,-161,734
1115,10766527,122,124,2,63,432
1116,3014503,122,134,12,463,472
1117,1632775,122,125,3,118,453
1118,5818700,122,121,-1,-84,691
1119,1957526,122,125,3,115,376
1120,6069486,122,123,1,20,376
1121,8381641,122,137,15,542,308
1122,190458,122,119,-3,-210,472
1123,6521015,121,124,3,117,321
1124,48276,121,123,2,62,399
1125,12297296,121,120,-1,-87,314
1126,12091099,121,118,-3,-222,906
1127,10927353,121,118,-3,-216,1030
1128,11740222,121,121,0,-28,692
1129,12138887,121,122,1,21,487
1130,1527028,121,115,-6,-422,1102
1131,1237316,121,123,2,62,884
1132,848577,121,123,2,54,735
1133,4558458,121,117,-4,-275,790
1134,6063608,121,117,-4,-279,1293
1135,12184045,121,117,-4,-275,602
1136,4157024,121,120,-1,-84,191
1137,10183122,121,120,-1,-90,541
1138,6029282,121,118,-3,-213,832
1139,3087824,121,113,-8,-566,1972
1140,7494931,121,113,-8,-562,610
1141,2486332,121,124,3,117,695
1142,11943090,121,120,-1,-90,703
1143,13029611,121,119,-2,-151,752
1144,352326,121,129,8,350,423
1145,7122190,121,116,-5,-352,636
1146,8511356,121,132,11,453,723
1147,6083850,121,124,3,111,817
1148,11839082,121,124,3,120,292
1149,4020961,121,114,-7,-494,751
1150,638877,121,119,-2,-153,1147
1151,7709741,121,117,-4,-281,918
1152,8492899,121,118,-3,-206,484
1153,12999959,121,118,-3,-225,774
1154,2371503,121,127,6,256,1079
1155,13215047,121,123,2,66,736
1156,1477448,121,114,-7,-495,901
1157,1686604,121,120,-1,-107,390
1158,688531,121,120,-1,-89,580
1159,2489160,121,122,1,18,299
1160,8853118,121,126,5,228,308
1161,9013659,121,125,4,171,351
1162,13311174,121,120,-1,-91,618
1163,10299677,121,122,1,19,756
1164,755009,121,120,-1,-93,704
1165,11460531,121,136,15,561,1284
1166,7943671,121,129,8,361,446
1167,9365542,121,116,-5,-355,322
1168,9757946,121,117,-4,-282,414
1169,4075915,121,122,1,24,377
1170,6783396,121,119,-2,-153,465
1171,4188609,121,116,-5,-360,846
1172,10032151,121,117,-4,-286,446
1173,12563418,121,126,5,222,279
1174,12570955,121,119,-2,-160,436
1175,11579522,121,128,7,320,445
1176,6871192,121,127,6,271,380
1177,10303591,120,122,2,70,374
1178,5133685,120,119,-1,-100,356
1179,537673,120,116,-4,-295,366
1180,5215769,120,122,2,71,385
1181,1150543,120,115,-5,-362,648
1182,8363537,120,114,-6,-424,951
1183,8775865,120,119,-1,-107,491
1184,10200815,120,114,-6,-421,840
1185,12903726,120,116,-4,-297,1201
1186,12499332,120,115,-5,-362,1057
1187,10829354,120,124,4,174,573
1188,10537264,120,133,13,521,1503
1189,7892735,120,140,20,688,592
1190,10010205,120,115,-5,-365,757
1191,9014020,120,117,-3,-225,631
1192,11532582,120,114,-6,-422,1088
1193,4835217,120,117,-3,-225,446
1194,10857118,120,127,7,320,470
1195,6521191,120,121,1,30,479
1196,11837410,120,120,0,-39,1818
1197,13178304,120,114,-6,-431,1030
1198,11461200,120,118,-2,-155,484
1199,1558914,120,116,-4,-307,769
1200,13184412,120,127,7,321,421
1201,3367313,120,129,9,413,253
1202,2323151,120,115,-5,-359,815
1203,4340730,120,122,2,74,295
1204,4929379,120,118,-2,-169,701
1205,1874529,120,117,-3,-221,885
1206,10587955,120,121,1,27,418
1207,9086106,120,124,4,174,347
1208,10121813,120,122,2,77,706
1209,8290941,120,118,-2,-158,826
1210,13401339,120,113,-7,-509,625
1211,469343,120,119,-1,-87,428
1212,11924257,120,124,4,169,801
1213,5797552,120,127,7,335,214
1214,763316,120,126,6,289,336
1215,12000208,120,128,8,389,490
1216,3455003,120,117,-3,-223,492
1217,10846453,120,118,-2,-157,594
1218,4674878,120,120,0,-18,391
1219,6856447,120,117,-3,-226,645
1220,12524511,120,116,-4,-296,994
1221,11408426,120,112,-8,-595,726
1222,10946433,120,127,7,323,365
1223,8215271,120,121,1,26,776
1224,1387017,120,113,-7,-514,577
1225,5832862,120,117,-3,-219,777
1226,10474557,120,123,3,134,462
1227,3229469,120,117,-3,-225,446
1228,9058568,120,111,-9,-682,664
1229,9716632,120,127,7,335,358
1230,3619855,120,120,0,-44,535
1231,11677282,120,119,-1,-82,368
1232,8450478,120,121,1,31,471
1233,917015,120,122,2,87,396
1234,3312347,120,126,6,286,309
1235,2286837,120,123,3,136,455
1236,9877690,120,127,7,334,458
1237,840740,120,140,20,718,545
1238,13258390,120,119,-1,-93,276
1239,2899761,120,140,20,722,383
1240,9372571,119,125,6,287,440
1241,12679451,119,118,-1,-97,561
1242,11035594,119,112,-7,-526,950
1243,6297325,119,114,-5,-357,978
1244,11441791,119,113,-6,-439,1586
1245,9063836,119,127,8,384,657
1246,3579843,119,125,6,286,647
1247,12581325,119,124,5,229,575
1248,12802697,119,120,1,29,1325
1249,3426870,119,126,7,337,585
1250,5081651,119,119,0,-36,503
1251,6306931,119,117,-2,-160,541
1252,10411770,119,125,6,277,636
1253,9516178,119,119,0,-32,669
1254,9424198,119,114,-5,-363,1085
1255,13205926,119,127,8,369,611
1256,3508747,119,124,5,236,298
1257,2903900,119,129,10,465,723
1258,5766929,119,119,0,-35,602
1259,9797177,119,113,-6,-449,931
1260,436293,119,115,-4,-308,737
1261,6993588,119,119,0,-21,273
1262,486090,119,113,-6,-460,600
1263,4108038,119,110,-9,-706,1165
1264,3285106,119,115,-4,-300,618
1265,6965114,119,124,5,251,336
1266,6908840,119,117,-2,-161,966
1267,5080835,119,122,3,139,533
1268,6928749,119,123,4,181,632
1269,2499173,119,120,1,11,731
1270,1327132,119,112,-7,-534,448
1271,7066547,119,115,-4,-296,327
1272,101497,119,119,0,-30,431
1273,9412648,119,118,-1,-90,613
1274,3487337,119,120,1,25,572
1275,11451082,119,121,2,86,1116
1276,5965135,119,114,-5,-368,810
1277,9762871,119,117,-2,-146,456
1278,4411326,119,117,-2,-160,628
1279,4666632,119,111,-8,-619,806
1280,12959153,119,121,2,82,579
1281,539937,119,120,1,19,434
1282,3735671,119,116,-3,-237,474
1283,8952263,119,122,3,143,648
1284,2293321,119,122,3,133,449
1285,3606276,119,122,3,138,655
1286,10446600,119,123,4,196,325
1287,2200336,119,134,15,637,444
1288,3374427,119,120,1,20,373
1289,9636869,119,123,4,195,307
1290,8949494,119,117,-2,-170,608
1291,11170552,119,120,1,35,343
1292,147785,119,114,-5,-380,443
1293,6076664,119,123,4,191,383
1294,10866287,119,129,10,482,299
1295,5869257,119,118,-1,-100,468
1296,7398962,119,116,-3,-238,564
1297,8744566,119,124,5,240,440
1298,5244991,119,122,3,145,608
1299,4926331,119,119,0,-37,278
1300,757708,118,118,0,-37,565
1301,6619881,118,126,8,394,472
1302,733660,118,108,-10,-807,560
1303,8241999,118,112,-6,-466,411
1304,2855523,118,120,2,94,283
1305,10708463,118,114,-4,-298,768
1306,4207331,118,110,-8,-630,772
1307,676215,118,119,1,23,924
1308,6161888,118,118,0,-32,274
1309,13452224,118,124,6,301,439
1310,13356965,118,115,-3,-232,350
1311,8896539,118,115,-3,-230,310
1312,8000240,118,122,4,200,524
1313,962654,118,112,-6,-462,635
1314,10919337,118,116,-2,-170,1027
1315,11071011,118,117,-1,-91,809
1316,4016510,118,116,-2,-171,308
1317,2642294,118,116,-2,-172,598
1318,10409983,118,114,-4,-298,710
1319,11590103,118,115,-3,-243,280
1320,8264434,118,114,-4,-299,627
1321,6708026,118,113,-5,-386,657
1322,10559139,118,115,-3,-243,1161
1323,933325,118,123,5,239,773
1324,4217427,118,125,7,342,864
1325,11222915,118,116,-2,-182,630
1326,7838821,118,116,-2,-168,528
1327,6451848,118,122,4,207,400
1328,238914,118,116,-2,-176,539
1329,1323533,118,121,3,147,482
1330,12662701,118,113,-5,-391,1184
1331,4652604,118,115,-3,-244,690
1332,11793659,118,124,6,292,541
1333,962068,118,115,-3,-238,814
1334,3735608,118,113,-5,-392,810
1335,2482785,118,116,-2,-160,410
1336,13345359,118,130,12,581,224
1337,3603465,118,111,-7,-539,519
1338,96389,118,120,2,90,338
1339,3079155,118,118,0,-40,718
1340,2591950,118,114,-4,-308,914
1341,10343291,118,120,2,95,1061
1342,208012,118,121,3,156,527
1343,204462,118,122,4,204,614
1344,9164869,118,124,6,319,267
1345,13294379,118,112,-6,-480,755
1346,3573696,118,131,13,612,851
1347,4294252,118,123,5,251,576
1348,10043192,118,120,2,98,466
1349,12133276,118,109,-9,-723,1030
1350,12541546,118,124,6,319,446
1351,8291323,118,125,7,356,412
1352,9183876,118,125,7,369,209
1353,7290430,118,116,-2,-175,429
1354,2979219,118,119,1,34,354
1355,3871786,118,116,-2,-174,708
1356,7795460,118,119,1,30,395
1357,5033958,118,117,-1,-97,322
1358,9146179,118,127,9,454,244
1359,94748,118,125,7,357,508
1360,12764317,118,114,-4,-316,388
1361,9773849,117,124,7,356,269
1362,5066448,117,122,5,256,977
1363,5178935,117,116,-1,-110,1048
1364,12947173,117,112,-5,-406,440
1365,8206644,117,115,-2,-185,840
1366,6423842,117,116,-1,-113,365
1367,11053972,117,115,-2,-178,461
1368,2705218,117,116,-1,-104,324
1369,6832898,117,117,0,-40,420
1370,1566902,117,114,-3,-241,811
1371,12046441,117,116,-1,-112,406
1372,299812,117,119,2,93,307
1373,11414068,117,110,-7,-569,365
1374,1519190,117,112,-5,-410,936
1375,2727534,117,129,12,594,448
1376,9421176,117,117,0,-44,749
1377,3485564,117,123,6,300,657
1378,1537385,117,112,-5,-417,487
1379,4063816,117,115,-2,-184,523
1380,2069751,117,113,-4,-324,716
1381,1477997,117,111,-6,-500,1327
1382,6742153,117,113,-4,-321,1032
1383,13157760,117,111,-6,-490,814
1384,10315037,117,120,3,154,387
1385,6982424,117,118,1,23,796
1386,104136,117,114,-3,-249,748
1387,5327197,117,118,1,17,795
1388,4430257,117,118,1,32,303
1389,183310,117,117,0,-46,1310
1390,11357187,117,120,3,148,395
1391,1485912,117,109,-8,-668,604
1392,5296611,117,125,8,411,633
1393,1475624,117,120,3,154,343
1394,11275592,117,118,1,14,619
1395,9852686,117,126,9,455,719
1396,11243223,117,119,2,84,650
1397,5456253,117,123,6,306,526
1398,7233323,117,128,11,555,571
1399,7707064,117,126,9,473,324
1400,5298627,117,112,-5,-398,418
1401,10501443,117,118,1,19,498
1402,9281365,117,117,0,-28,587
1403,12829936,117,118,1,27,469
1404,5591640,117,118,1,32,631
1405,9392849,117,121,4,236,309
1406,223237,117,118,1,22,844
1407,9974904,117,112,-5,-413,484
1408,1198562,117,119,2,86,483
1409,3728453,117,118,1,20,479
1410,4880638,117,115,-2,-175,467
1411,9980324,117,124,7,379,487
1412,5991192,117,118,1,22,336
1413,2891171,117,110,-7,-584,565
1414,9508508,117,112,-5,-417,563
1415,586734,117,114,-3,-253,696
1416,912103,117,121,4,225,579
1417,12602282,117,114,-3,-238,513
1418,13019693,117,119,2,90,414
1419,3315898,117,129,12,611,393
1420,5550508,117,121,4,220,486
1421,1688986,117,120,3,154,389
1422,13619590,117,119,2,95,425
1423,11179052,117,124,7,368,552
1424,11475490,116,116,0,-42,670
1425,2118729,116,112,-4,-337,1348
1426,8328857,116,115,-1,-113,385
1427,11468801,116,111,-5,-433,301
1428,1243201,116,116,0,-50,396
1429,7269973,116,117,1,30,772
1430,6489687,116,116,0,-40,323
1431,5066731,116,114,-2,-176,557
1432,3915585,116,112,-4,-341,408
1433,5101959,116,113,-3,-253,1508
1434,9481939,116,117,1,31,730
1435,10573729,116,116,0,-42,470
1436,7409521,116,111,-5,-421,429
1437,6813852,116,118,2,90,434
1438,8623374,116,112,-4,-336,635
1439,7822403,116,109,-7,-596,750
1440,2565018,116,120,4,222,409
1441,4580292,116,112,-4,-339,728
1442,12522036,116,111,-5,-426,753
1443,3526632,116,114,-2,-172,970
1444,3046837,116,116,0,-36,457
1445,9945100,116,112,-4,-334,355
1446,11199825,116,115,-1,-108,623
1447,6398081,116,122,6,332,664
1448,1991228,116,114,-2,-164,1087
1449,12215124,116,113,-3,-239,573
1450,10734897,116,112,-4,-331,451
1451,3836571,116,114,-2,-167,672
1452,5517485,116,111,-5,-422,937
1453,5657953,116,117,1,48,407
1454,10502852,116,114,-2,-176,718
1455,4437984,116,110,-6,-501,552
1456,13119976,116,130,14,696,583
1457,13447666,116,116,0,-39,412
1458,8321358,116,111,-5,-420,378
1459,5190812,116,125,9,494,379
1460,5580481,116,112,-4,-343,883
1461,7559150,116,120,4,220,906
1462,8806556,116,116,0,-31,594
1463,9332907,116,114,-2,-166,821
1464,10229909,116,124,8,441,391
1465,1603218,116,112,-4,-340,491
1466,4661834,116,113,-3,-249,1002
1467,987999,116,116,0,-33,314
1468,2351522,116,119,3,172,455
1469,2362167,116,117,1,36,427
1470,3929009,116,116,0,-33,1013
1471,10378973,116,115,-1,-109,869
1472,9928325,116,112,-4,-347,1068
1473,6155379,116,109,-7,-590,540
1474,4936803,116,119,3,159,548
1475,6094140,116,120,4,203,783
1476,9577627,116,115,-1,-113,645
1477,8777904,116,114,-2,-186,443
1478,10351500,116,114,-2,-168,280
1479,11351545,116,124,8,432,641
1480,680845,116,115,-1,-107,696
1481,7385170,116,123,7,384,430
1482,8613304,116,117,1,31,587
1483,2104858,116,127,11,586,360
1484,11590406,116,122,6,352,275
1485,13597435,116,114,-2,-180,632
1486,640837,116,113,-3,-259,441
1487,1865739,116,114,-2,-172,585
1488,12181746,116,125,9,491,445
1489,1906865,116,120,4,234,602
1490,12277490,116,111,-5,-422,401
1491,13407284,116,113,-3,-250,559
1492,3711523,116,118,2,127,288
1493,10575422,116,114,-2,-173,583
1494,2482917,116,118,2,101,659
1495,3008615,116,116,0,-29,535
1496,10512219,116,121,5,291,523
1497,10311209,116,114,-2,-173,417
1498,8356928,116,121,5,295,356
1499,2511468,116,116,0,-34,590
1500,10421128,116,117,1,38,647
1501,8797076,116,109,-7,-600,336
1502,166580,116,108,-8,-695,297
1503,9273529,115,110,-5,-429,507
1504,10883531,115,116,1,39,371
1505,13165025,115,112,-3,-259,807
1506,12395992,115,110,-5,-428,715
1507,2504632,115,118,3,166,627
1508,2202623,115,107,-8,-703,492
1509,6919022,115,121,6,354,433
1510,6686390,115,113,-2,-172,259
1511,11457083,115,109,-6,-527,1599
1512,6925870,115,118,3,166,328
1513,437984,115,113,-2,-174,389
1514,3680393,115,109,-6,-523,705
1515,937249,115,111,-4,-352,862
1516,7161623,115,123,8,437,419
1517,11889130,115,123,8,453,226
1518,3206803,115,116,1,32,886
1519,4770644,115,112,-3,-264,315
1520,2482416,115,128,13,701,478
1521,8608611,115,112,-3,-270,973
1522,7369868,115,109,-6,-522,1343
1523,7286836,115,112,-3,-269,597
1524,3005735,115,114,-1,-100,433
1525,6328132,115,115,0,-33,318
1526,958315,115,111,-4,-356,358
1527,10199032,115,112,-3,-270,691
1528,11451275,115,116,1,38,356
1529,11764202,115,110,-5,-431,418
1530,5645987,115,117,2,123,352
1531,4669393,115,110,-5,-431,849
1532,4015792,115,105,-10,-929,1237
1533,10638710,115,119,4,233,585
1534,1723313,115,116,1,33,412
1535,8510590,115,111,-4,-356,641
1536,11014544,115,111,-4,-339,459
1537,4541457,115,127,12,650,359
1538,910178,115,112,-3,-270,437
1539,8281506,115,111,-4,-349,290
1540,11346057,115,112,-3,-274,644
1541,8473232,115,116,1,29,750
1542,6556287,115,114,-1,-105,502
1543,12909855,115,121,6,351,591
1544,2461938,115,116,1,21,686
1545,8102625,115,113,-2,-182,344
1546,9387765,115,116,1,29,592
1547,12724013,115,115,0,-39,594
1548,6251805,115,119,4,229,712
1549,5187358,115,118,3,162,555
1550,2825363,115,120,5,281,667
1551,5849657,115,113,-2,-197,502
1552,6270844,115,117,2,116,580
1553,10101533,115,113,-2,-186,498
1554,2211200,115,113,-2,-197,284
1555,432337,115,120,5,282,297
1556,1740233,115,118,3,168,431
1557,11781289,115,112,-3,-284,475
1558,6037185,115,112,-3,-285,1125
1559,5980183,115,117,2,100,426
1560,11871473,115,112,-3,-286,522
1561,5317349,115,133,18,878,332
1562,3945690,114,121,7,408,719
1563,10205683,114,110,-4,-368,205
1564,3256844,114,112,-2,-203,760
1565,4071008,114,116,2,98,349
1566,9926635,114,111,-3,-292,1012
1567,11926944,114,110,-4,-371,509
1568,11410770,114,110,-4,-375,997
1569,6034807,114,109,-5,-463,1342
1570,12373230,114,117,3,172,534
1571,3491640,114,113,-1,-113,522
1572,10983493,114,118,4,223,807
1573,8451280,114,110,-4,-378,806
1574,761319,114,114,0,-35,252
1575,12285007,114,113,-1,-120,678
1576,1522726,114,114,0,-44,853
1577,10004905,114,114,0,-50,419
1578,12988801,114,111,-3,-301,1346
1579,13405349,114,110,-4,-384,532
1580,12402157,114,117,3,163,276
1581,10307184,114,126,12,661,393
1582,6679491,114,106,-8,-754,1044
1583,3232731,114,114,0,-51,679
1584,5988181,114,113,-1,-130,876
1585,13720441,114,115,1,29,308
1586,1256184,114,115,1,35,299
1587,4808268,114,120,6,353,875
1588,7120545,114,117,3,167,374
1589,11299126,114,116,2,90,553
1590,4673858,114,121,7,430,300
1591,1992608,114,123,9,521,615
1592,6691003,114,121,7,421,837
1593,9114055,114,115,1,20,667
1594,6620897,114,118,4,233,1109
1595,8060333,114,110,-4,-373,566
1596,3637113,114,120,6,373,424
1597,6026746,114,115,1,14,822
1598,6662848,114,114,0,-23,502
1599,7927095,114,111,-3,-294,899
1600,1760734,114,110,-4,-378,911
1601,3793292,114,117,3,179,477
1602,6337169,114,113,-1,-129,317
1603,5099243,114,111,-3,-292,371
1604,4686772,114,114,0,-41,505
1605,5959242,114,112,-2,-212,865
1606,3119403,114,107,-7,-647,341
1607,8218082,114,113,-1,-125,618
1608,1941515,114,113,-1,-112,742
1609,358073,114,121,7,428,352
1610,2327537,114,117,3,181,396
1611,7142825,114,113,-1,-129,436
1612,8851672,114,115,1,35,847
1613,5101807,114,117,3,199,313
1614,2992249,114,118,4,231,588
1615,1273728,114,111,-3,-271,358
1616,9284622,114,108,-6,-548,549
1617,12077409,114,109,-5,-466,506
1618,7062597,114,119,5,300,263
1619,10465221,114,120,6,353,546
1620,10390434,114,112,-2,-208,493
1621,11780923,114,115,1,28,481
1622,13210057,114,112,-2,-210,352
1623,944431,114,111,-3,-288,683
1624,12160795,114,126,12,680,483
1625,5693584,114,112,-2,-202,317
1626,7435019,114,110,-4,-383,651
1627,11701696,114,113,-1,-123,522
1628,3279054,114,110,-4,-373,243
1629,13425946,114,111,-3,-295,510
1630,7937908,114,110,-4,-390,513
1631,13123254,114,113,-1,-122,360
1632,5990476,114,116,2,96,418
1633,13635144,114,108,-6,-551,522
1634,5358705,114,111,-3,-288,557
1635,9492894,114,121,7,429,508
1636,8394737,114,114,0,-37,373
1637,3123618,114,114,0,-37,424
1638,6752925,114,122,8,486,217
1639,4103200,114,120,6,363,331
1640,4733375,113,114,1,43,309
1641,781510,113,109,-4,-388,591
1642,5718028,113,112,-1,-119,228
1643,2290167,113,113,0,-37,237
1644,857536,113,111,-2,-211,1069
1645,4823440,113,106,-7,-670,694
1646,8186116,113,112,-1,-120,494
1647,8096016,113,111,-2,-207,464
1648,12875761,113,112,-1,-115,341
1649,10853490,113,112,-1,-116,222
1650,1278146,113,118,5,311,375
1651,8498523,113,106,-7,-672,2357
1652,3312983,113,111,-2,-213,302
1653,2243846,113,104,-9,-911,810
1654,3807637,113,108,-5,-462,506
1655,6105109,113,112,-1,-121,555
1656,12737159,113,115,2,103,514
1657,7612271,113,109,-4,-383,672
1658,92860,113,113,0,-36,696
1659,7491754,113,115,2,102,658
1660,6934747,113,109,-4,-379,449
1661,470547,113,116,3,169,590
1662,11015402,113,108,-5,-463,523
1663,6124500,113,112,-1,-115,351
1664,6332937,113,112,-1,-132,826
1665,5819648,113,116,3,180,254
1666,770179,113,113,0,-34,729
1667,6144563,113,122,9,546,549
1668,5141983,113,115,2,102,467
1669,10066910,113,114,1,46,759
1670,5188124,113,108,-5,-456,552
1671,12234605,113,107,-6,-570,939
1672,9372573,113,112,-1,-122,351
1673,3380508,113,110,-3,-299,1063
1674,5667798,113,120,7,443,464
1675,381663,113,103,-10,-1056,1228
1676,11205932,113,104,-9,-911,928
1677,11684234,113,110,-3,-298,449
1678,2970324,113,106,-7,-668,652
1679,11584468,113,117,4,254,562
1680,6211615,113,115,2,108,540
1681,9896963,113,110,-3,-292,523
1682,6450747,113,118,5,311,911
1683,8885257,113,112,-1,-110,441
1684,3657835,113,109,-4,-367,430
1685,4721792,113,108,-5,-460,782
1686,1138134,113,107,-6,-576,823
1687,7982155,113,114,1,65,313
1688,2944294,113,111,-2,-209,772
1689,2259535,113,109,-4,-368,449
1690,9344235,113,116,3,175,691
1691,11872253,113,113,0,-43,404
1692,4195915,113,114,1,34,578
1693,10567908,113,108,-5,-454,800
1694,5323029,113,106,-7,-671,259
1695,10633507,113,122,9,558,486
1696,1849980,113,117,4,250,413
1697,11350850,113,109,-4,-382,492
1698,8852987,113,109,-4,-384,657
1699,12039482,113,108,-5,-456,483
1700,415401,113,109,-4,-378,572
1701,7279536,113,110,-3,-313,540
1702,10234851,113,111,-2,-204,490
1703,11167127,113,113,0,-49,512
1704,6116835,113,121,8,505,619
1705,8762221,113,113,0,-31,637
1706,5679255,113,110,-3,-293,372
1707,9953402,113,112,-1,-133,462
1708,9672074,113,122,9,566,658
1709,12584325,113,121,8,516,529
1710,5188146,113,125,12,712,395
1711,3381761,113,110,-3,-305,515
1712,4546767,113,115,2,121,529
1713,3029635,113,126,13,777,280
1714,5279856,113,114,1,57,606
1715,1046052,113,110,-3,-285,521
1716,2307276,113,116,3,186,474
1717,10874827,113,111,-2,-200,285
1718,12852845,113,110,-3,-300,620
1719,6964218,113,111,-2,-200,534
1720,9241877,113,118,5,329,420
1721,9811390,113,112,-1,-114,479
1722,3680267,113,111,-2,-187,284
1723,8141152,113,109,-4,-365,265
1724,10701426,113,115,2,128,470
1725,9539228,113,111,-2,-195,402
1726,1501889,113,112,-1,-121,602
1727,6579295,113,112,-1,-122,414
1728,12662648,112,117,5,332,232
1729,3934193,112,108,-4,-379,321
1730,1083023,112,115,3,192,293
1731,1646236,112,123,11,671,285
1732,3477122,112,113,1,51,461
1733,1793088,112,109,-3,-297,494
1734,8470707,112,118,6,392,448
1735,5561380,112,119,7,448,562
1736,10102797,112,112,0,-36,545
1737,10695977,112,117,5,335,605
1738,3140265,112,110,-2,-202,232
1739,11232910,112,106,-6,-587,1507
1740,8915577,112,115,3,191,780
1741,2476676,112,112,0,-46,906
1742,1819155,112,113,1,51,1102
1743,1023781,112,106,-6,-588,794
1744,4872638,112,114,2,136,384
1745,6133877,112,112,0,-44,386
1746,13662082,112,103,-9,-963,879
1747,2023547,112,114,2,137,300
1748,2809367,112,121,9,589,490
1749,2979295,112,106,-6,-586,359
1750,7273154,112,106,-6,-584,699
1751,4404561,112,115,3,182,434
1752,11114539,112,109,-3,-306,1274
1753,11417313,112,110,-2,-221,829
1754,7093574,112,107,-5,-486,888
1755,8442069,112,123,11,681,359
1756,5240481,112,112,0,-44,527
1757,1464745,112,104,-8,-855,782
1758,8932019,112,119,7,453,723
1759,13461977,112,113,1,36,570
1760,10302351,112,110,-2,-211,323
1761,4890321,112,108,-4,-374,1082
1762,11676123,112,106,-6,-590,944
1763,11019253,112,109,-3,-298,885
1764,1428991,112,117,5,336,588
1765,7514944,112,117,5,331,693
1766,6193863,112,119,7,457,523
1767,4466270,112,112,0,-43,527
1768,1455567,112,106,-6,-583,558
1769,909493,112,115,3,190,385
1770,4401925,112,109,-3,-282,767
1771,1411664,112,105,-7,-715,331
1772,8585926,112,114,2,122,538
1773,13430355,112,112,0,-34,486
1774,2829142,112,117,5,331,399
1775,10250869,112,115,3,187,416
1776,8056294,112,114,2,124,814
1777,7670162,112,111,-1,-117,742
1778,9382006,112,120,8,527,765
1779,8023545,112,106,-6,-571,671
1780,4453258,112,115,3,196,570
1781,2534354,112,105,-7,-716,1180
1782,8250206,112,109,-3,-278,389
1783,5729451,112,109,-3,-279,343
1784,13329607,112,113,1,49,343
1785,10492108,112,104,-8,-841,353
1786,3703740,112,114,2,133,1012
1787,8669450,112,111,-1,-117,584
1788,6331649,112,111,-1,-112,423
1789,1057214,112,107,-5,-497,607
1790,6754367,112,115,3,208,323
1791,9439490,112,107,-5,-486,566
1792,3676206,112,109,-3,-288,684
1793,2839800,112,114,2,129,277
1794,4947118,112,114,2,132,424
1795,11768343,112,112,0,-35,290
1796,3246500,112,116,4,270,601
1797,29232,112,114,2,130,581
1798,10907068,112,110,-2,-196,461
1799,12890600,112,122,10,650,545
1800,5353006,112,115,3,208,301
1801,7406712,112,111,-1,-113,365
1802,3228990,112,113,1,45,420
1803,10766683,112,110,-2,-220,431
1804,11373572,112,116,4,272,425
1805,105929,112,123,11,704,427
1806,6999993,112,112,0,-44,264
1807,10224000,111,111,0,-44,294
1808,7936974,111,110,-1,-120,210
1809,469848,111,115,4,272,363
1810,371010,111,105,-6,-610,354
1811,10749212,111,111,0,-42,321
1812,3221123,111,107,-4,-392,760
1813,8080269,111,105,-6,-609,727
1814,5660455,111,115,4,270,292
1815,5543096,111,112,1,44,663
1816,5730081,111,130,19,1072,440
1817,4435704,111,114,3,216,328
1818,839104,111,106,-5,-502,392
1819,4540335,111,107,-4,-399,1263
1820,10487800,111,108,-3,-294,560
1821,333219,111,116,5,352,293
1822,2535477,111,109,-2,-212,597
1823,1235286,111,111,0,-40,403
1824,9565405,111,114,3,222,629
1825,13583214,111,104,-7,-737,322
1826,6106942,111,106,-5,-499,849
1827,8868931,111,108,-3,-291,1879
1828,10189611,111,107,-4,-385,446
1829,11896907,111,123,12,763,473
1830,5403139,111,111,0,-40,935
1831,751135,111,127,16,956,1199
1832,4172085,111,114,3,207,723
1833,9650273,111,116,5,357,550
1834,7773070,111,110,-1,-124,860
1835,4876442,111,113,2,124,1499
1836,7526596,111,113,2,143,571
1837,9904199,111,106,-5,-502,654
1838,10610530,111,114,3,212,1116
1839,10816493,111,111,0,-32,463
1840,5703593,111,107,-4,-389,678
1841,7077766,111,107,-4,-380,603
1842,643487,111,108,-3,-288,490
1843,2480495,111,126,15,922,402
1844,10661178,111,110,-1,-122,543
1845,9869113,111,107,-4,-401,1076
1846,12566422,111,105,-6,-611,609
1847,13372717,111,107,-4,-397,915
1848,7786046,111,105,-6,-612,932
1849,3437103,111,116,5,347,496
1850,10603838,111,114,3,212,606
1851,4519166,111,106,-5,-498,524
1852,3705671,111,104,-7,-761,1018
1853,5272287,111,110,-1,-124,621
1854,5178120,111,120,9,614,976
1855,11697919,111,108,-3,-289,864
1856,9029967,111,105,-6,-624,1142
1857,11970028,111,114,3,221,469
1858,2831583,111,107,-4,-400,531
1859,1174957,111,112,1,46,699
1860,13619733,111,104,-7,-741,679
1861,17764,111,112,1,55,751
1862,4917693,111,107,-4,-387,827
1863,6616197,111,103,-8,-887,633
1864,13146843,111,108,-3,-275,401
1865,9702895,111,110,-1,-94,405
1866,3501672,111,108,-3,-286,601
1867,12240540,111,117,6,426,1109
1868,3899113,111,114,3,235,416
1869,3195953,111,117,6,438,458
1870,2293973,111,115,4,300,651
1871,1108655,111,112,1,59,396
1872,8863771,111,110,-1,-120,626
1873,4491874,111,107,-4,-401,599
1874,9247122,111,106,-5,-493,805
1875,12198991,111,108,-3,-273,752
1876,13195243,111,116,5,363,387
1877,10552817,111,106,-5,-485,494
1878,977899,111,117,6,436,389
1879,6604654,111,117,6,442,722
1880,13705875,111,111,0,-19,508
1881,13248886,111,112,1,57,735
1882,1155388,111,107,-4,-383,592
1883,3464918,111,111,0,-19,667
1884,5786158,111,102,-9,-1041,665
1885,4284549,111,110,-1,-125,503
1886,8093384,111,116,5,365,435
1887,4530302,111,110,-1,-116,436
1888,1657757,111,120,9,618,278
1889,8425497,111,112,1,53,624
1890,12560097,111,112,1,56,530
1891,7551550,111,114,3,235,375
1892,1958826,111,119,8,567,691
1893,12682081,111,126,15,952,350
1894,2674400,111,118,7,500,428
1895,6853709,111,110,-1,-127,509
1896,6485086,111,109,-2,-201,412
1897,7527708,111,117,6,444,462
1898,3476341,111,110,-1,-115,384
1899,6721830,111,110,-1,-105,335
1900,3929973,111,106,-5,-504,656
1901,529594,111,109,-2,-201,545
1902,6465364,111,115,4,312,267
1903,12533617,111,110,-1,-116,511
1904,5945188,111,115,4,310,324
1905,7359621,111,117,6,444,344
1906,9527566,111,112,1,62,447
1907,11444961,110,107,-3,-293,929
1908,7845224,110,115,5,368,420
1909,1724912,110,111,1,53,372
1910,3192211,110,127,17,1052,337
1911,11335968,110,116,6,443,206
1912,4940948,110,110,0,-27,200
1913,1848305,110,119,9,632,261
1914,13277114,110,109,-1,-128,885
1915,1641604,110,109,-1,-133,575
1916,513291,110,107,-3,-301,488
1917,8802712,110,113,3,216,466
1918,7116262,110,104,-6,-661,1239
1919,10300670,110,111,1,47,320
1920,6628168,110,112,2,130,632
1921,1527910,110,113,3,205,362
1922,13651025,110,111,1,42,696
1923,9814245,110,115,5,364,592
1924,6326845,110,108,-2,-209,439
1925,7675968,110,104,-6,-666,382
1926,2157549,110,118,8,569,918
1927,10706369,110,107,-3,-316,1482
1928,11966102,110,103,-7,-794,611
1929,1877127,110,104,-6,-657,1088
1930,11427095,110,110,0,-56,628
1931,99937,110,108,-2,-198,576
1932,2132177,110,109,-1,-118,496
1933,6606326,110,113,3,209,721
1934,8200784,110,111,1,57,589
1935,13363568,110,103,-7,-801,1155
1936,9645929,110,107,-3,-321,964
1937,1565447,110,104,-6,-660,1121
1938,4090133,110,115,5,362,451
1939,13115475,110,107,-3,-321,605
1940,1258328,110,105,-5,-526,550
1941,13551084,110,114,4,301,655
1942,3735480,110,107,-3,-305,352
1943,10106689,110,124,14,916,608
1944,9891657,110,111,1,55,732
1945,12873710,110,105,-5,-530,852
1946,673598,110,115,5,365,448
1947,8404842,110,106,-4,-406,1038
1948,2307855,110,106,-4,-406,780
1949,10743901,110,106,-4,-393,522
1950,122180,110,115,5,372,398
1951,8122176,110,99,-11,-1401,1842
1952,8810062,110,104,-6,-658,397
1953,12371272,110,121,11,790,236
1954,10595216,110,118,8,577,451
1955,13073897,110,120,10,703,480
1956,7615243,110,107,-3,-296,531
1957,466100,110,112,2,146,553
1958,234845,110,115,5,384,404
1959,12822183,110,109,-1,-114,742
1960,13641787,110,106,-4,-399,752
1961,3687995,110,104,-6,-656,514
1962,941207,110,105,-5,-532,918
1963,128322,110,113,3,235,721
1964,5497417,110,108,-2,-182,421
1965,93802,110,108,-2,-211,388
1966,1380250,110,107,-3,-303,712
1967,2180320,110,104,-6,-673,654
1968,433320,110,108,-2,-194,518
1969,6192905,110,105,-5,-535,479
1970,577828,110,105,-5,-555,528
1971,5371643,110,111,1,53,628
1972,11883666,110,113,3,259,248
1973,6089991,110,113,3,227,368
1974,5708531,110,112,2,159,209
1975,10786546,110,107,-3,-304,490
1976,11547762,110,106,-4,-400,437
1977,136718,110,103,-7,-782,480
1978,7963785,110,111,1,71,529
1979,11228022,110,108,-2,-202,769
1980,11658966,110,111,1,65,233
1981,8900964,110,108,-2,-187,406
1982,8738406,110,117,7,526,364
1983,8906453,110,112,2,157,578
1984,10164616,110,119,9,654,315
1985,13085077,110,109,-1,-100,340
1986,7138518,110,110,0,-29,441
1987,6244426,110,108,-2,-195,376
1988,3672757,110,116,6,453,327
1989,7123888,110,106,-4,-416,417
1990,11304027,110,110,0,-35,437
1991,105674,110,110,0,-30,434
1992,9532224,110,111,1,67,587
1993,12769542,110,109,-1,-107,472
1994,6318313,110,107,-3,-305,466
1995,8567215,110,103,-7,-819,610
1996,12366688,110,114,4,321,418
1997,1851105,110,119,9,662,389
1998,5761168,110,117,7,534,429
1999,3021339,109,107,-2,-202,402
2000,9906427,109,104,-5,-555,305
2001,1576763,109,103,-6,-690,1036
2002,8514283,109,111,2,141,957
2003,5621423,109,110,1,59,289
2004,11489712,109,103,-6,-692,1282
2005,6333338,109,118,9,661,642
2006,1883148,109,113,4,317,1092
2007,2969748,109,110,1,66,344
2008,6067884,109,106,-3,-311,322
2009,3184537,109,110,1,63,261
2010,11763714,109,103,-6,-687,525
2011,3971905,109,107,-2,-209,532
2012,3427979,109,107,-2,-210,320
2013,5361052,109,109,0,-20,447
2014,8088751,109,105,-4,-429,859
2015,8536712,109,106,-3,-315,1470
2016,6156420,109,100,-9,-1124,735
2017,7281494,109,113,4,332,469
2018,3818812,109,113,4,319,482
2019,5164890,109,105,-4,-430,951
2020,5290874,109,107,-2,-218,581
2021,5992815,109,109,0,-26,300
2022,8548648,109,105,-4,-428,1101
2023,2037852,109,108,-1,-101,507
2024,9184229,109,104,-5,-548,332
2025,12633616,109,105,-4,-431,374
2026,9568129,109,106,-3,-312,624
2027,8428368,109,109,0,-22,600
2028,3150249,109,113,4,331,423
2029,3000435,109,114,5,392,722
2030,13312502,109,107,-2,-218,367
2031,9075753,109,107,-2,-199,432
2032,9261081,109,104,-5,-570,538
2033,7257387,109,104,-5,-587,859
2034,3943923,109,105,-4,-430,338
2035,4320906,109,116,7,526,733
2036,6426834,109,109,0,-18,208
2037,11331485,109,103,-6,-700,785
2038,10818838,109,104,-5,-580,833
2039,9388660,109,112,3,230,235
2040,9730179,109,113,4,328,852
2041,6915518,109,105,-4,-431,905
2042,8622748,109,109,0,-26,679
2043,132963,109,113,4,326,410
2044,10284757,109,107,-2,-220,524
2045,9940590,109,107,-2,-226,986
2046,11248393,109,109,0,-28,800
2047,12133892,109,124,15,1006,457
2048,7108803,109,110,1,53,780
2049,431104,109,111,2,157,737
2050,4558491,109,113,4,317,634
2051,3191335,109,107,-2,-205,484
2052,12316518,109,102,-7,-857,674
2053,9661091,109,102,-7,-860,842
2054,9552234,109,117,8,607,458
2055,4960270,109,102,-7,-842,599
2056,7303203,109,107,-2,-216,444
2057,5667316,109,107,-2,-185,362
2058,6231180,109,102,-7,-837,423
2059,10685003,109,110,1,69,388
2060,10194827,109,104,-5,-575,555
2061,8397322,109,104,-5,-562,588
2062,2501729,109,107,-2,-222,684
2063,321062,109,108,-1,-91,232
2064,2968853,109,108,-1,-115,640
2065,3350148,109,105,-4,-466,676
2066,9772894,109,105,-4,-433,346
2067,1651384,109,101,-8,-987,412
2068,6520196,109,108,-1,-93,402
2069,10269508,109,112,3,230,624
2070,5115845,109,108,-1,-101,545
2071,4916561,109,116,7,553,305
2072,6828398,109,109,0,-18,269
2073,4099084,109,102,-7,-853,671
2074,8144880,109,121,12,870,281
2075,5619938,109,100,-9,-1143,935
2076,3874248,109,107,-2,-216,749
2077,4560631,109,106,-3,-324,708
2078,9699262,109,116,7,553,532
2079,1506850,109,110,1,74,246
2080,8372486,109,102,-7,-849,530
2081,4940890,109,108,-1,-92,289
2082,7608237,109,111,2,166,307
2083,12405417,109,107,-2,-218,436
2084,5962226,109,103,-6,-710,537
2085,1128747,109,103,-6,-711,433
2086,1878772,109,108,-1,-101,493
2087,9843933,109,112,3,265,359
2088,12951613,109,111,2,162,465
2089,11829305,109,117,8,626,344
2090,5178378,109,112,3,242,374
2091,3967787,109,104,-5,-591,419
2092,3512564,108,107,-1,-110,636
2093,3619486,108,114,6,495,349
2094,1010172,108,110,2,159,218
2095,8148855,108,107,-1,-115,690
2096,6737540,108,107,-1,-110,229
2097,13003340,108,105,-3,-329,315
2098,3427361,108,111,3,239,506
2099,9373608,108,111,3,235,551
2100,8859900,108,106,-2,-228,533
2101,2064245,108,110,2,149,517
2102,6202500,108,103,-5,-596,1936
2103,1871735,108,109,1,62,539
2104,10178877,108,112,4,327,203
2105,10913941,108,110,2,160,181
2106,721865,108,104,-4,-464,722
2107,4077871,108,105,-3,-329,273
2108,1812522,108,112,4,323,481
2109,9666272,108,115,7,549,1469
2110,11158708,108,102,-6,-743,1202
2111,9680195,108,111,3,242,488
2112,6940732,108,111,3,250,244
2113,208653,108,113,5,415,1963
2114,6079208,108,117,9,699,422
2115,9279980,108,103,-5,-587,356
2116,1304139,108,99,-9,-1190,1196
2117,1928561,108,107,-1,-111,700
2118,4786177,108,101,-7,-891,449
2119,8066939,108,103,-5,-597,1120
2120,1545323,108,108,0,-12,628
2121,10254107,108,103,-5,-606,801
2122,6587146,108,105,-3,-320,209
2123,1921709,108,109,1,57,601
2124,3790896,108,112,4,336,283
2125,6159451,108,112,4,339,329
2126,825802,108,110,2,161,427
2127,13099206,108,101,-7,-907,689
2128,2853524,108,108,0,-3,670
2129,11146802,108,103,-5,-595,557
2130,6645061,108,110,2,146,507
2131,13218611,108,117,9,712,517
2132,540385,108,106,-2,-216,715
2133,1862719,108,107,-1,-122,790
2134,9456289,108,101,-7,-903,772
2135,6080464,108,100,-8,-1007,309
2136,2842523,108,108,0,2,528
2137,1566613,108,105,-3,-344,460
2138,8608254,108,110,2,158,404
2139,6759306,108,108,0,2,270
2140,7634240,108,110,2,152,376
2141,37390,108,106,-2,-223,738
2142,5552453,108,105,-3,-328,611
2143,1210638,108,110,2,147,555
2144,5663114,108,114,6,505,451
2145,5753118,108,109,1,75,694
2146,3317346,108,111,3,259,256
2147,10276004,108,104,-4,-474,358
2148,523461,108,103,-5,-622,681
2149,5023413,108,109,1,78,376
2150,11263617,108,119,11,829,810
2151,6348456,108,103,-5,-610,518
2152,4762640,108,111,3,268,290
2153,2575485,108,110,2,155,602
2154,11171974,108,104,-4,-482,588
2155,5968510,108,103,-5,-614,810
2156,295086,108,102,-6,-756,844
2157,10858307,108,105,-3,-362,600
2158,8037295,108,105,-3,-348,485
2159,3386612,108,120,12,900,427
2160,11929314,108,98,-10,-1398,880
2161,5298658,108,102,-6,-776,485
2162,12885694,108,116,8,642,445
2163,10255244,108,113,5,426,526
2164,8204061,108,109,1,77,391
2165,1016331,108,111,3,264,352
2166,10756777,108,105,-3,-357,343
2167,4861184,108,107,-1,-128,681
2168,2312617,108,112,4,367,401
2169,3894480,108,112,4,346,676
2170,11625011,108,103,-5,-622,332
2171,9717941,108,106,-2,-189,264
2172,8710222,108,110,2,155,616
2173,211825,108,112,4,340,434
2174,7554019,108,113,5,420,429
2175,13605710,108,106,-2,-217,491
2176,7550233,108,106,-2,-219,532
2177,402439,108,105,-3,-361,495
2178,8250967,108,107,-1,-124,630
2179,4229137,108,109,1,84,639
2180,12227083,108,105,-3,-368,672
2181,2156423,108,113,5,425,581
2182,9740400,108,107,-1,-122,573
2183,11874318,108,103,-5,-610,483
2184,7052535,108,106,-2,-216,554
2185,1600435,108,113,5,430,508
2186,9782324,108,105,-3,-354,330
2187,13404983,108,102,-6,-763,464
2188,9501056,108,104,-4,-481,654
2189,524719,108,103,-5,-613,508
2190,2479117,108,112,4,345,460
2191,5869212,108,105,-3,-350,434
2192,9610616,108,105,-3,-347,464
2193,917529,108,106,-2,-222,440
2194,624166,108,98,-10,-1431,482
2195,5910000,108,119,11,862,467
2196,5561137,108,109,1,100,308
2197,6882059,108,108,0,1,350
2198,12452979,107,103,-4,-485,459
2199,4074269,107,107,0,-6,1055
2200,13605967,107,106,-1,-116,580
2201,6529378,107,104,-3,-355,441
2202,10679649,107,109,2,171,963
2203,13422994,107,120,13,992,299
2204,9691913,107,107,0,-5,432
2205,12045015,107,104,-3,-353,466
2206,1839219,107,108,1,93,441
2207,6588481,107,105,-2,-220,444
2208,1668662,107,103,-4,-479,468
2209,10214769,107,107,0,-5,250
2210,4439305,107,115,8,664,336
2211,3074090,107,104,-3,-356,620
2212,10222202,107,103,-4,-487,781
2213,722753,107,103,-4,-481,315
2214,1845427,107,101,-6,-787,857
2215,3891594,107,101,-6,-777,434
2216,571692,107,102,-5,-633,1200
2217,10558830,107,110,3,269,328
2218,11702138,107,105,-2,-213,488
2219,3479707,107,103,-4,-481,465
2220,6966947,107,105,-2,-221,569
2221,13622606,107,106,-1,-111,833
2222,4996520,107,102,-5,-626,690
2223,9578602,107,103,-4,-469,243
2224,179309,107,100,-7,-911,868
2225,1226272,107,106,-1,-108,294
2226,11771794,107,101,-6,-781,645
2227,12638808,107,112,5,445,236
2228,1491810,107,105,-2,-209,597
2229,10927751,107,102,-5,-623,743
2230,1425331,107,109,2,185,411
2231,3934940,107,107,0,-2,468
2232,4034823,107,103,-4,-486,681
2233,2510963,107,107,0,-3,372
2234,5436206,107,102,-5,-613,235
2235,2498569,107,99,-8,-1069,860
2236,8437906,107,108,1,100,570
2237,268184,107,104,-3,-344,723
2238,11478884,107,114,7,625,444
2239,4079644,107,104,-3,-334,343
2240,4490600,107,108,1,118,277
2241,3866754,107,108,1,114,458
2242,2689380,107,99,-8,-1069,550
2243,7972054,107,106,-1,-97,989
2244,5407431,107,104,-3,-350,903
2245,9057816,107,101,-6,-784,479
2246,8098629,107,110,3,270,472
2247,4459073,107,103,-4,-493,993
2248,13266352,107,107,0,14,556
2249,8040996,107,104,-3,-347,627
2250,2053,107,103,-4,-479,457
2251,6477906,107,103,-4,-474,628
2252,13689428,107,102,-5,-624,431
2253,4121993,107,107,0,18,241
2254,10674288,107,106,-1,-87,717
2255,11206,107,107,0,-11,516
2256,1660001,107,117,10,808,649
2257,9500176,107,106,-1,-88,334
2258,5152488,107,105,-2,-201,491
2259,6238844,107,107,0,28,283
2260,10534734,107,106,-1,-95,433
2261,5588199,107,105,-2,-194,551
2262,1760762,107,110,3,275,594
2263,3370957,107,104,-3,-365,1077
2264,10124805,107,101,-6,-781,722
2265,5229641,107,105,-2,-225,648
2266,2349671,107,118,11,906,532
2267,2042830,107,110,3,303,365
2268,9406011,107,104,-3,-339,566
2269,7097984,107,104,-3,-316,228
2270,10924615,107,118,11,901,644
2271,6552450,107,109,2,202,677
2272,3389889,107,105,-2,-216,606
2273,2922097,107,108,1,132,455
2274,10113875,107,105,-2,-213,604
2275,3633943,107,104,-3,-323,245
2276,10023840,107,110,3,287,571
2277,10416247,107,109,2,200,489
2278,2847955,107,108,1,138,542
2279,4645661,107,110,3,298,389
2280,6518328,107,111,4,390,240
2281,13352176,107,106,-1,-82,818
2282,5306934,107,105,-2,-247,770
2283,7610463,107,121,14,1087,820
2284,10164231,107,110,3,302,430
2285,6884926,107,103,-4,-469,846
2286,4570466,107,104,-3,-329,448
2287,5817947,107,104,-3,-358,697
2288,4989368,107,104,-3,-346,791
2289,10025533,107,109,2,213,779
2290,6585709,107,114,7,636,683
2291,6581458,107,102,-5,-629,722
2292,13028463,107,105,-2,-219,289
2293,11195780,107,106,-1,-82,389
2294,3094887,107,108,1,122,517
2295,522298,107,104,-3,-358,629
2296,8572190,107,107,0,8,453
2297,9920597,107,105,-2,-220,702
2298,5028307,107,107,0,11,501
2299,12474854,107,112,5,478,257
2300,2575469,107,107,0,32,317
2301,7536486,107,106,-1,-68,577
2302,8786433,107,102,-5,-619,503
2303,9521222,107,102,-5,-608,290
2304,757108,107,105,-2,-214,336
2305,10744173,107,108,1,128,414
2306,3552115,107,100,-7,-920,437
2307,11880178,107,116,9,780,427
2308,3289744,107,112,5,466,413
2309,4310566,107,106,-1,-73,538
2310,10123685,107,102,-5,-624,568
2311,8206618,107,117,10,856,372
2312,4049195,107,106,-1,-77,567
2313,7965064,107,104,-3,-348,344
2314,3212319,107,103,-4,-467,780
2315,13045751,107,111,4,402,271
2316,2773860,107,104,-3,-331,286
2317,10260977,107,101,-6,-784,601
2318,8230537,107,112,5,500,350
2319,12833812,107,107,0,22,496
2320,8884200,107,109,2,222,305
2321,4104894,107,106,-1,-76,696
2322,9187276,107,114,7,661,431
2323,3112189,107,111,4,420,437
2324,12610223,107,104,-3,-331,379
2325,13278669,107,104,-3,-348,690
2326,8571644,107,104,-3,-340,305
2327,10863285,107,110,3,303,464
2328,6576376,107,105,-2,-219,493
2329,6177574,107,115,8,734,321
2330,4376798,107,102,-5,-642,421
2331,10799859,107,105,-2,-218,298
2332,11313138,107,104,-3,-348,427
2333,13540197,107,111,4,410,407
2334,3811287,107,109,2,231,479
2335,8351052,107,109,2,231,444
2336,1251647,107,109,2,229,308
2337,3805509,106,108,2,227,348
2338,10432536,106,106,0,24,475
2339,11432786,106,111,5,487,445
2340,11776031,106,107,1,137,660
2341,1599074,106,107,1,134,781
2342,10462008,106,104,-2,-215,476
2343,7796651,106,105,-1,-80,327
2344,4602470,106,105,-1,-77,280
2345,1959842,106,103,-3,-344,648
2346,7824186,106,106,0,25,950
2347,6444856,106,116,10,866,482
2348,1206884,106,105,-1,-84,739
2349,11302153,106,107,1,125,805
2350,2900445,106,105,-1,-78,617
2351,3695482,106,105,-1,-88,530
2352,6840331,106,107,1,126,563
2353,1325045,106,110,4,399,899
2354,1134597,106,102,-4,-489,480
2355,2665454,106,99,-7,-935,737
2356,678244,106,110,4,401,703
2357,1270554,106,105,-1,-72,305
2358,12407182,106,106,0,21,702
2359,4985164,106,108,2,242,346
2360,12754312,106,98,-8,-1115,1463
2361,1227317,106,107,1,124,927
2362,13479191,106,99,-7,-958,638
2363,11212834,106,102,-4,-506,534
2364,11536517,106,103,-3,-339,217
2365,659503,106,105,-1,-88,700
2366,8221067,106,113,7,657,603
2367,630263,106,105,-1,-98,419
2368,10473216,106,113,7,650,656
2369,1031772,106,98,-8,-1132,1017
2370,9186457,106,105,-1,-76,286
2371,359707,106,100,-6,-783,494
2372,8079200,106,114,8,730,825
2373,9231929,106,107,1,123,451
2374,10317474,106,101,-5,-646,424
2375,12628099,106,104,-2,-234,579
2376,10710734,106,102,-4,-461,237
2377,1826125,106,102,-4,-502,1428
2378,5789845,106,103,-3,-360,499
2379,4046362,106,109,3,324,369
2380,2972362,106,104,-2,-234,776
2381,4939325,106,106,0,25,961
2382,5835663,106,109,3,315,378
2383,9259927,106,106,0,17,497
2384,6535195,106,108,2,235,695
2385,13340153,106,107,1,115,455
2386,2549091,106,104,-2,-238,844
2387,2709708,106,105,-1,-118,400
2388,9086539,106,102,-4,-517,437
2389,11826693,106,100,-6,-781,467
2390,2659799,106,109,3,325,870
2391,2366742,106,109,3,316,513
2392,10906951,106,113,7,663,248
2393,10035984,106,105,-1,-76,245
2394,206809,106,105,-1,-115,358
2395,6177904,106,117,11,955,201
2396,4455157,106,101,-5,-665,596
2397,707605,106,111,5,492,618
2398,7397459,106,99,-7,-950,547
2399,8451385,106,108,2,246,203
2400,10021664,106,104,-2,-239,858
2401,1549978,106,106,0,54,291
2402,917704,106,108,2,227,738
2403,13560534,106,103,-3,-339,233
2404,3013092,106,99,-7,-988,769
2405,12266001,106,101,-5,-658,461
2406,12440339,106,100,-6,-806,398
2407,6811273,106,106,0,24,392
2408,2811750,106,100,-6,-814,618
2409,6480635,106,105,-1,-119,421
2410,6613808,106,98,-8,-1149,374
2411,5858326,106,109,3,325,526
2412,11506127,106,104,-2,-238,693
2413,3866553,106,110,4,405,284
2414,8125593,106,108,2,228,560
2415,9223924,106,99,-7,-953,348
2416,6868623,106,108,2,233,567
2417,9372956,106,106,0,45,430
2418,13333602,106,112,6,589,399
2419,10996844,106,99,-7,-986,662
2420,7250107,106,102,-4,-504,701
2421,6835383,106,100,-6,-803,589
2422,2543816,106,112,6,584,514
2423,6161768,106,110,4,432,332
2424,5555224,106,105,-1,-97,236
2425,8806111,106,108,2,245,278
2426,11953061,106,108,2,248,442
2427,4032102,106,110,4,425,274
2428,10755104,106,109,3,335,319
2429,2837862,106,121,15,1221,370
2430,12713190,106,104,-2,-235,353
2431,8430349,106,106,0,38,432
2432,7413691,106,121,15,1225,528
2433,4478205,106,100,-6,-816,453
2434,5114462,106,105,-1,-103,343
2435,9520188,106,101,-5,-661,415
2436,13226768,106,102,-4,-525,331
2437,993015,106,102,-4,-533,457
2438,8839226,106,106,0,40,213
2439,1600919,106,106,0,30,250
2440,10081910,106,107,1,147,290
2441,8589519,106,101,-5,-671,257
2442,7999124,105,110,5,513,285
2443,3916837,105,113,8,764,317
2444,12925190,105,104,-1,-110,292
2445,1585689,105,101,-4,-533,489
2446,2596823,105,103,-2,-240,300
2447,13328302,105,114,9,843,358
2448,5050636,105,104,-1,-112,520
2449,3425304,105,103,-2,-244,677
2450,3417344,105,101,-4,-541,843
2451,2644742,105,107,2,236,223
2452,13497513,105,107,2,236,780
2453,7636576,105,100,-5,-673,548
2454,9660144,105,105,0,20,1323
2455,4505483,105,109,4,419,231
2456,642816,105,97,-8,-1200,360
2457,6032880,105,105,0,24,571
2458,9495127,105,108,3,339,447
2459,9136956,105,102,-3,-379,641
2460,6248168,105,102,-3,-386,1424
2461,9941707,105,103,-2,-244,676
2462,3377198,105,105,0,24,787
2463,229119,105,110,5,516,211
2464,9225884,105,99,-6,-828,300
2465,12383660,105,104,-1,-119,969
2466,12910661,105,104,-1,-112,434
2467,10598603,105,100,-5,-681,585
2468,320140,105,105,0,33,468
2469,1025984,105,103,-2,-241,481
2470,1791635,105,114,9,839,605
2471,12035582,105,102,-3,-394,689
2472,6845127,105,104,-1,-117,592
2473,9784822,105,103,-2,-240,477
2474,2832928,105,105,0,23,591
2475,5664514,105,113,8,765,439
2476,5726971,105,107,2,244,504
2477,60448,105,104,-1,-106,754
2478,3529184,105,100,-5,-671,336
2479,6967691,105,102,-3,-395,587
2480,12348109,105,107,2,241,877
2481,839875,105,99,-6,-836,896
2482,6893816,105,102,-3,-389,988
2483,10891318,105,97,-8,-1202,561
2484,3936139,105,104,-1,-90,334
2485,3905524,105,105,0,23,535
2486,9498324,105,102,-3,-389,517
2487,13019973,105,107,2,233,654
2488,10583442,105,107,2,227,303
2489,7954772,105,104,-1,-106,245
2490,2183456,105,100,-5,-679,608
2491,12325690,105,101,-4,-531,503
2492,1236422,105,104,-1,-100,548
2493,9764634,105,105,0,30,541
2494,12323321,105,103,-2,-264,719
2495,7811842,105,97,-8,-1204,884
2496,12597237,105,105,0,11,744
2497,1705418,105,105,0,24,758
2498,9139101,105,108,3,356,688
2499,2262947,105,98,-7,-1016,930
2500,8499104,105,104,-1,-122,562
2501,5626225,105,102,-3,-376,559
2502,4299,105,103,-2,-242,343
2503,10706675,105,102,-3,-360,343
2504,8053939,105,102,-3,-383,731
2505,9788446,105,105,0,38,763
2506,265346,105,107,2,230,571
2507,9754574,105,105,0,33,563
2508,13203062,105,110,5,555,265
2509,5416035,105,102,-3,-371,517
2510,3777107,105,100,-5,-678,632
2511,8320609,105,102,-3,-367,387
2512,578935,105,106,1,151,909
2513,1866018,105,98,-7,-999,788
2514,2307067,105,99,-6,-822,496
2515,7879253,105,100,-5,-659,923
2516,92776,105,101,-4,-540,927
2517,3816806,105,98,-7,-988,511
2518,10450321,105,110,5,535,973
2519,5879390,105,102,-3,-374,793
2520,593164,105,130,25,1759,410
2521,1253089,105,96,-9,-1367,733
2522,10287475,105,102,-3,-370,383
2523,12351031,105,101,-4,-536,295
2524,6572712,105,107,2,261,586
2525,12805962,105,103,-2,-241,809
2526,3468172,105,103,-2,-223,328
2527,10595615,105,102,-3,-371,881
2528,2184386,105,105,0,26,805
2529,1678590,105,102,-3,-379,375
2530,4121218,105,106,1,156,409
2531,3924318,105,101,-4,-522,437
2532,13681318,105,106,1,174,423
2533,3181173,105,108,3,377,371
2534,6533847,105,105,0,27,639
2535,5249037,105,105,0,37,345
2536,4803751,105,108,3,377,557
2537,6052543,105,101,-4,-512,581
2538,10490493,105,111,6,630,319
2539,2983226,105,101,-4,-521,486
2540,3209347,105,110,5,533,457
2541,11140618,105,100,-5,-658,575
2542,12020144,105,119,14,1236,373
2543,2557349,105,103,-2,-234,387
2544,9680630,105,113,8,795,471
2545,10896602,105,103,-2,-255,637
2546,13143491,105,105,0,38,578
2547,9312027,105,120,15,1276,324
2548,5005712,105,106,1,177,210
2549,929202,105,108,3,380,509
2550,2970081,105,116,11,1036,318
2551,2041541,105,101,-4,-542,678
2552,6018686,105,119,14,1228,588
2553,2014286,105,104,-1,-98,464
2554,10595716,105,110,5,548,294
2555,13522362,105,109,4,474,405
2556,13287544,105,97,-8,-1197,505
2557,8658988,105,103,-2,-218,374
2558,7736469,105,102,-3,-386,779
2559,42530,105,98,-7,-1011,496
2560,10430553,105,112,7,723,448
2561,6874860,105,106,1,167,283
2562,3307610,105,102,-3,-371,440
2563,6560061,105,108,3,372,582
2564,5157772,105,107,2,259,272
2565,9865689,105,100,-5,-683,474
2566,11124880,105,103,-2,-249,447
2567,10123886,105,108,3,372,567
2568,2586463,105,110,5,575,493
2569,12564018,105,103,-2,-242,312
2570,12537745,105,103,-2,-246,510
2571,8767622,105,102,-3,-389,545
2572,10553857,105,109,4,467,303
2573,7203433,105,98,-7,-1047,540
2574,7620923,105,98,-7,-1044,397
2575,3256186,105,103,-2,-249,427
2576,1118834,105,110,5,549,334
2577,4904550,105,105,0,27,494
2578,10726818,104,101,-3,-401,185
2579,9521438,104,110,6,646,873
2580,13219903,104,108,4,468,750
2581,3576139,104,100,-4,-539,321
2582,3157035,104,106,2,269,235
2583,7474226,104,101,-3,-404,425
2584,5506759,104,102,-2,-249,230
2585,4874089,104,102,-2,-249,697
2586,5093451,104,101,-3,-402,377
2587,5020544,104,97,-7,-1062,251
2588,2088500,104,106,2,270,413
2589,3784403,104,104,0,23,631
2590,10807723,104,108,4,479,166
2591,535058,104,101,-3,-405,597
2592,9402073,104,102,-2,-240,222
2593,1102549,104,101,-3,-410,555
2594,3246202,104,104,0,26,322
2595,12556212,104,101,-3,-391,225
2596,2441186,104,102,-2,-259,308
2597,6535447,104,109,5,551,334
2598,11494037,104,105,1,173,199
2599,10130510,104,99,-5,-699,1043
2600,11553779,104,103,-1,-111,515
2601,13491667,104,103,-1,-106,619
2602,8715496,104,98,-6,-878,1022
2603,11561559,104,99,-5,-685,164
2604,13283897,104,99,-5,-706,554
2605,9884864,104,103,-1,-118,432
2606,7785396,104,101,-3,-410,368
2607,7401899,104,96,-8,-1232,547
2608,161574,104,111,7,723,351
2609,4147486,104,102,-2,-257,593
2610,6855394,104,99,-5,-706,1196
2611,9266478,104,105,1,128,345
2612,120783,104,98,-6,-885,976
2613,8481546,104,96,-8,-1237,1276
2614,13551621,104,113,9,918,439
2615,3151279,104,110,6,665,310
2616,12747657,104,103,-1,-101,356
2617,9439827,104,104,0,-12,769
2618,1124555,104,106,2,275,494
2619,149264,104,105,1,171,434
2620,9312667,104,103,-1,-113,421
2621,12166786,104,102,-2,-249,282
2622,10079340,104,110,6,637,420
2623,4075729,104,102,-2,-231,297
2624,503729,104,105,1,179,242
2625,7669922,104,108,4,497,262
2626,5040158,104,101,-3,-401,700
2627,5199619,104,119,15,1323,387
2628,1814339,104,110,6,661,340
2629,8176646,104,99,-5,-724,1450
2630,10012750,104,104,0,-7,872
2631,8686688,104,102,-2,-265,987
2632,6599635,104,112,8,833,251
2633,4890493,104,102,-2,-277,641
2634,5170220,104,103,-1,-105,304
2635,797712,104,101,-3,-427,540
2636,8788960,104,104,0,17,278
2637,7611830,104,105,1,146,309
2638,214798,104,104,0,5,949
2639,5029507,104,106,2,282,365
2640,646595,104,114,10,991,436
2641,5178264,104,102,-2,-261,502
2642,8642795,104,98,-6,-888,410
2643,7221904,104,99,-5,-722,606
2644,6641929,104,113,9,914,328
2645,5068095,104,103,-1,-144,717
2646,3415297,104,105,1,170,320
2647,690625,104,103,-1,-133,678
2648,9330194,104,103,-1,-135,638
2649,9681664,104,103,-1,-127,667
2650,5732795,104,101,-3,-420,447
2651,4203980,104,107,3,369,651
2652,13108760,104,105,1,136,410
2653,6200972,104,103,-1,-102,413
2654,3577306,104,100,-4,-544,489
2655,4389456,104,103,-1,-135,622
2656,7672097,104,112,8,854,247
2657,10148837,104,105,1,125,427
2658,1583092,104,103,-1,-148,492
2659,12496830,104,102,-2,-269,528
2660,9040376,104,103,-1,-118,364
2661,10929172,104,102,-2,-282,365
2662,5133357,104,109,5,573,300
2663,9985480,104,104,0,17,478
2664,13445579,104,108,4,494,772
2665,4158340,104,107,3,369,491
2666,10014329,104,96,-8,-1274,500
2667,7818823,104,101,-3,-420,729
2668,12338047,104,98,-6,-914,741
2669,1430298,104,99,-5,-720,768
2670,859106,104,105,1,140,379
2671,12498069,104,113,9,927,366
2672,10499255,104,102,-2,-280,621
2673,2395085,104,108,4,488,457
2674,3492120,104,105,1,139,448
2675,12050691,104,109,5,583,397
2676,5469562,104,104,0,27,397
2677,3445714,104,105,1,144,286
2678,13357800,104,121,17,1483,412
2679,9910771,104,104,0,11,463
2680,1177605,104,111,7,759,482
2681,11208080,104,101,-3,-419,333
2682,2025405,104,98,-6,-913,785
2683,8393729,104,102,-2,-264,290
2684,5219065,104,104,0,21,508
2685,6107101,104,106,2,282,380
2686,6696155,104,100,-4,-566,327
2687,4710649,104,103,-1,-135,536
2688,11403002,104,103,-1,-124,267
2689,11756626,104,108,4,499,295
2690,7069928,104,104,0,13,446
2691,11404998,104,103,-1,-136,230
2692,9070421,104,107,3,382,389
2693,66398,104,114,10,1015,365
2694,4007479,104,101,-3,-420,301
2695,10170086,103,101,-2,-282,185
2696,830084,103,102,-1,-134,907
2697,8885239,103,99,-4,-576,647
2698,11288479,103,99,-4,-572,197
2699,4881377,103,98,-5,-748,978
2700,9506218,103,99,-4,-580,178
2701,12837598,103,100,-3,-423,540
2702,12944103,103,98,-5,-763,1075
2703,9912816,103,109,6,660,1400
2704,8845423,103,99,-4,-578,270
2705,1648265,103,101,-2,-290,366
2706,13716054,103,107,4,487,445
2707,1024539,103,101,-2,-299,420
2708,3752530,103,101,-2,-289,293
2709,10605544,103,101,-2,-296,611
2710,1824001,103,102,-1,-132,538
2711,11538531,103,97,-6,-942,297
2712,13055028,103,102,-1,-144,901
2713,6227227,103,98,-5,-759,321
2714,8119530,103,108,5,599,437
2715,6623949,103,103,0,14,219
2716,274746,103,102,-1,-123,342
2717,513832,103,104,1,146,408
2718,675824,103,98,-5,-736,396
2719,6333914,103,94,-9,-1517,1649
2720,13455379,103,97,-6,-940,947
2721,2469481,103,107,4,496,429
2722,5342348,103,106,3,378,501
2723,11314671,103,99,-4,-579,574
2724,11581492,103,101,-2,-286,597
2725,8943975,103,99,-4,-578,691
2726,5918038,103,99,-4,-586,624
2727,11946806,103,99,-4,-588,257
2728,3850620,103,99,-4,-585,506
2729,4455632,103,99,-4,-576,516
2730,5225005,103,97,-6,-932,347
2731,7529945,103,103,0,-17,507
2732,3875778,103,100,-3,-427,1244
2733,1860289,103,105,2,289,450
2734,4457566,103,100,-3,-427,592
2735,1871828,103,99,-4,-597,1148
2736,7523288,103,108,5,613,408
2737,12257498,103,105,2,283,372
2738,2808610,103,104,1,132,773
2739,7152408,103,113,10,1049,417
2740,9274208,103,101,-2,-283,502
2741,12008409,103,104,1,137,583
2742,7253393,103,97,-6,-948,1243
2743,12364714,103,103,0,13,1165
2744,843948,103,98,-5,-769,483
2745,7794917,103,108,5,624,234
2746,3558570,103,108,5,595,380
2747,8298487,103,103,0,6,291
2748,11913436,103,96,-7,-1133,1130
2749,3080438,103,103,0,35,317
2750,2539109,103,104,1,142,382
2751,13655753,103,100,-3,-417,752
2752,886305,103,97,-6,-935,733
2753,7280215,103,98,-5,-757,691
2754,12246953,103,98,-5,-755,404
2755,7749873,103,100,-3,-411,588
2756,408294,103,95,-8,-1329,812
2757,9080942,103,110,7,787,351
2758,7660934,103,99,-4,-585,662
2759,7284651,103,98,-5,-744,493
2760,5048535,103,103,0,26,440
2761,3390361,103,96,-7,-1130,915
2762,6901288,103,95,-8,-1329,714
2763,9532280,103,100,-3,-408,507
2764,5534063,103,108,5,599,289
2765,2092309,103,97,-6,-943,560
2766,6994221,103,105,2,263,535
2767,8564620,103,98,-5,-794,682
2768,3025891,103,99,-4,-577,429
2769,11271845,103,100,-3,-406,360
2770,3362995,103,98,-5,-755,322
2771,326804,103,103,0,-2,569
2772,13603382,103,100,-3,-428,721
2773,9528857,103,99,-4,-605,586
2774,5426515,103,105,2,285,455
2775,7760167,103,107,4,500,300
2776,12593556,103,104,1,145,191
2777,6034150,103,99,-4,-551,414
2778,10284177,103,99,-4,-595,560
2779,8901018,103,108,5,621,544
2780,13416106,103,97,-6,-924,684
2781,555335,103,101,-2,-300,444
2782,9857928,103,111,8,886,453
2783,9092526,103,102,-1,-134,390
2784,7083063,103,113,10,1041,634
2785,9183368,103,99,-4,-605,631
2786,3191939,103,98,-5,-770,598
2787,12154309,103,106,3,409,623
2788,7076101,103,106,3,389,684
2789,270711,103,101,-2,-288,466
2790,9231807,103,100,-3,-440,497
2791,11442864,103,97,-6,-949,619
2792,1178351,103,104,1,133,523
2793,935724,103,114,11,1124,356
2794,8299537,103,105,2,280,412
2795,4596120,103,101,-2,-299,440
2796,9763585,103,102,-1,-142,339
2797,9372277,103,103,0,-10,775
2798,11000783,103,107,4,513,324
2799,12945756,103,101,-2,-287,221
2800,2770782,103,103,0,3,338
2801,10657958,103,101,-2,-272,539
2802,1045245,103,106,3,423,557
2803,571647,103,110,7,791,442
2804,9724470,103,97,-6,-931,440
2805,6117909,103,100,-3,-412,378
2806,12914697,103,95,-8,-1336,806
2807,9489983,103,108,5,618,480
2808,118115,103,98,-5,-764,435
2809,8049858,103,102,-1,-144,339
2810,5967208,103,109,6,716,377
2811,12483324,103,114,11,1151,508
2812,140706,103,95,-8,-1322,347
2813,13290909,103,110,7,802,535
2814,4488355,103,114,11,1143,653
2815,5922563,103,106,3,419,377
2816,1831643,103,113,10,1074,352
2817,219296,103,99,-4,-579,458
2818,5673054,103,105,2,336,192
2819,8467684,103,101,-2,-283,332
2820,8274196,103,106,3,414,327
2821,3511643,103,104,1,159,293
2822,5194182,103,103,0,12,511
2823,3227543,103,98,-5,-769,578
2824,5144463,103,104,1,167,334
2825,353677,103,104,1,153,349
2826,4918391,103,96,-7,-1153,492
2827,2503126,103,102,-1,-136,514
2828,11228217,103,102,-1,-113,271
2829,1720242,103,100,-3,-416,265
2830,12687809,103,99,-4,-595,311
2831,3991513,103,96,-7,-1144,515
2832,1961328,103,110,7,804,335
2833,1697592,103,107,4,530,300
2834,11728665,103,100,-3,-421,452
2835,10851979,103,102,-1,-140,274
2836,5846055,103,96,-7,-1155,274
2837,6115201,103,113,10,1077,262
2838,4928048,102,99,-3,-429,393
2839,8178250,102,110,8,909,236
2840,5138167,102,99,-3,-431,359
2841,9566314,102,97,-5,-801,293
2842,1623363,102,103,1,158,264
2843,3322075,102,101,-1,-137,265
2844,12173874,102,101,-1,-140,1094
2845,5648688,102,96,-6,-966,686
2846,9503756,102,100,-2,-273,294
2847,10320082,102,107,5,635,236
2848,2742335,102,101,-1,-145,500
2849,7899175,102,100,-2,-278,334
2850,7606433,102,99,-3,-434,281
2851,1795593,102,94,-8,-1373,727
2852,12427742,102,98,-4,-598,325
2853,2528311,102,98,-4,-604,634
2854,334153,102,100,-2,-271,319
2855,8103385,102,106,4,526,262
2856,8931081,102,102,0,12,409
2857,13214023,102,106,4,533,411
2858,8886498,102,97,-5,-797,414
2859,7049321,102,99,-3,-424,426
2860,3543221,102,103,1,154,229
2861,9597797,102,103,1,157,1495
2862,5948493,102,98,-4,-608,352
2863,7336412,102,104,2,286,649
2864,6522696,102,104,2,299,286
2865,8545974,102,101,-1,-139,615
2866,1119143,102,110,8,909,575
2867,9233488,102,97,-5,-807,555
2868,7563572,102,97,-5,-802,831
2869,13709718,102,97,-5,-796,402
2870,7416131,102,95,-7,-1172,260
2871,3088083,102,101,-1,-144,338
2872,1241572,102,100,-2,-280,303
2873,2695962,102,111,9,990,399
2874,8996994,102,99,-3,-420,217
2875,7755811,102,102,0,14,582
2876,258702,102,103,1,148,381
2877,7285020,102,100,-2,-285,433
2878,7744104,102,100,-2,-265,449
2879,10238389,102,99,-3,-442,788
2880,338306,102,102,0,22,195
2881,8258347,102,100,-2,-279,304
2882,11557652,102,98,-4,-610,1345
2883,5254707,102,116,14,1372,278
2884,1538005,102,102,0,27,753
2885,6849861,102,102,0,0,378
2886,4209063,102,101,-1,-144,516
2887,4568872,102,96,-6,-967,395
2888,832849,102,109,7,824,355
2889,1227196,102,98,-4,-613,606
2890,8807268,102,107,5,663,338
2891,12438373,102,96,-6,-985,1004
2892,8781915,102,99,-3,-450,405
2893,1005299,102,100,-2,-284,1051
2894,2361382,102,102,0,13,680
2895,6726937,102,99,-3,-460,563
2896,483885,102,101,-1,-169,519
2897,3306581,102,100,-2,-296,573
2898,6067885,102,99,-3,-448,981
2899,6697669,102,99,-3,-434,383
2900,485375,102,102,0,-7,492
2901,4898885,102,103,1,156,569
2902,2973905,102,94,-8,-1383,977
2903,5774488,102,104,2,260,580
2904,7407591,102,100,-2,-277,230
2905,4196593,102,108,6,767,278
2906,8130211,102,102,0,18,395
2907,6667052,102,98,-4,-641,588
2908,13238354,102,98,-4,-655,526
2909,7631935,102,100,-2,-286,816
2910,646206,102,95,-7,-1177,387
2911,12607278,102,96,-6,-982,509
2912,10045441,102,97,-5,-809,662
2913,2487233,102,103,1,181,378
2914,82987,102,107,5,634,490
2915,7879488,102,97,-5,-810,706
2916,10428569,102,107,5,635,589
2917,596105,102,102,0,14,489
2918,4135792,102,99,-3,-459,867
2919,10114634,102,100,-2,-283,641
2920,7117143,102,104,2,282,695
2921,4926280,102,95,-7,-1175,380
2922,8865118,102,99,-3,-461,393
2923,4041027,102,104,2,275,497
2924,1977887,102,106,4,539,439
2925,6066995,102,99,-3,-450,369
2926,10661276,102,104,2,284,364
2927,8455171,102,98,-4,-628,609
2928,7753717,102,101,-1,-141,483
2929,4562364,102,113,11,1182,564
2930,8630391,102,103,1,170,236
2931,6432921,102,108,6,768,354
2932,3430410,102,104,2,274,589
2933,5578251,102,98,-4,-642,451
2934,3897068,102,98,-4,-643,531
2935,12204465,102,103,1,151,523
2936,2985828,102,96,-6,-1011,567
2937,9096471,102,98,-4,-605,395
2938,8031494,102,107,5,647,408
2939,2893766,102,97,-5,-824,777
2940,9626792,102,99,-3,-455,358
2941,7799564,102,98,-4,-658,457
2942,12496859,102,100,-2,-278,552
2943,5328685,102,95,-7,-1158,253
2944,7760640,102,101,-1,-145,273
2945,1550375,102,103,1,159,301
2946,4509924,102,99,-3,-461,499
2947,11901385,102,105,3,421,330
2948,10344417,102,102,0,26,455
2949,9918385,102,99,-3,-464,611
2950,5249853,102,95,-7,-1177,416
2951,8444238,102,102,0,50,297
2952,8935301,102,99,-3,-451,403
2953,13059182,102,102,0,7,449
2954,8310945,102,100,-2,-286,302
2955,1591977,102,113,11,1197,635
2956,52674,102,94,-8,-1436,524
2957,220756,102,98,-4,-641,503
2958,11851747,102,108,6,766,488
2959,5228731,102,100,-2,-279,797
2960,11087252,102,103,1,178,218
2961,1137930,102,104,2,286,377
2962,7229824,102,100,-2,-284,257
2963,451041,102,106,4,552,471
2964,12681649,102,97,-5,-823,324
2965,448729,102,98,-4,-647,464
2966,347331,102,105,3,421,228
2967,3193758,102,102,0,-6,514
2968,12489709,102,111,9,1041,547
2969,12921604,102,108,6,771,394
2970,1627712,102,97,-5,-826,410
2971,7797348,102,103,1,148,319
2972,13359804,102,114,12,1295,267
2973,4246482,102,106,4,555,289
2974,8302256,102,106,4,558,421
2975,12344345,101,101,0,-6,421
2976,3550354,101,99,-2,-299,534
2977,10490506,101,94,-7,-1238,3618
2978,11176178,101,96,-5,-830,519
2979,9399014,101,98,-3,-466,475
2980,10640920,101,99,-2,-301,740
2981,1118901,101,114,13,1382,265
2982,9540285,101,95,-6,-1029,719
2983,11078298,101,96,-5,-836,222
2984,5431721,101,98,-3,-465,217
2985,6328404,101,94,-7,-1232,350
2986,4796087,101,102,1,151,447
2987,9320704,101,106,5,665,701
2988,5281095,101,98,-3,-463,408
2989,2557182,101,97,-4,-659,706
2990,3566917,101,94,-7,-1235,642
2991,8493564,101,107,6,783,274
2992,13233997,101,95,-6,-1038,709
2993,12335879,101,110,9,1056,378
2994,174868,101,104,3,431,260
2995,12132317,101,95,-6,-1038,773
2996,1334876,101,101,0,2,221
2997,9716992,101,102,1,147,351
2998,8104551,101,113,12,1306,944
2999,5729701,101,97,-4,-664,693
3000,5336603,101,98,-3,-478,804
3001,1157951,101,99,-2,-294,374
3002,1378549,101,98,-3,-475,912
3003,10555904,101,104,3,428,622
3004,3924074,101,98,-3,-465,608
3005,2239310,101,103,2,290,674
3006,4063749,101,99,-2,-279,246
3007,11677215,101,100,-1,-129,504
3008,6564313,101,98,-3,-476,719
3009,11409693,101,100,-1,-120,254
3010,8047752,101,92,-9,-1659,1198
3011,7437173,101,101,0,-6,641
3012,9700042,101,101,0,-16,495
3013,3662318,101,102,1,154,348
3014,6597995,101,103,2,288,347
3015,5031780,101,99,-2,-285,288
3016,10318750,101,101,0,-5,685
3017,11968911,101,101,0,-21,402
3018,8818161,101,99,-2,-329,476
3019,6413195,101,101,0,0,533
3020,3985404,101,99,-2,-303,661
3021,8070615,101,105,4,574,286
3022,9358794,101,94,-7,-1261,1023
3023,9194640,101,96,-5,-863,663
3024,8284429,101,101,0,-11,680
3025,8208882,101,98,-3,-483,494
3026,8111678,101,98,-3,-481,691
3027,4750880,101,99,-2,-310,367
3028,13388251,101,97,-4,-640,293
3029,13715908,101,98,-3,-470,755
3030,11549421,101,99,-2,-304,695
3031,5458741,101,98,-3,-495,583
3032,1526461,101,99,-2,-309,619
3033,11463948,101,100,-1,-150,468
3034,10653208,101,103,2,287,586
3035,11819733,101,95,-6,-1040,969
3036,4291377,101,97,-4,-670,505
3037,2253107,101,104,3,426,472
3038,650377,101,110,9,1059,482
3039,486117,101,97,-4,-666,564
3040,203476,101,95,-6,-1040,678
3041,12622213,101,96,-5,-862,440
3042,8846333,101,105,4,549,450
3043,437295,101,94,-7,-1239,936
3044,12101946,101,103,2,292,507
3045,4519779,101,99,-2,-293,397
3046,2524270,101,103,2,283,716
3047,5633386,101,97,-4,-669,225
3048,8872597,101,102,1,159,381
3049,7369939,101,103,2,277,476
3050,7234426,101,108,7,883,898
3051,12941300,101,95,-6,-1048,780
3052,8009139,101,96,-5,-852,385
3053,3832923,101,100,-1,-141,723
3054,11664436,101,95,-6,-1051,519
3055,4570287,101,99,-2,-299,424
3056,11669333,101,109,8,972,642
3057,3746492,101,106,5,687,678
3058,8380409,101,104,3,414,733
3059,1647045,101,105,4,567,401
3060,2721359,101,103,2,304,234
3061,6234902,101,96,-5,-876,581
3062,9984874,101,98,-3,-467,435
3063,10848010,101,103,2,278,523
3064,3171995,101,100,-1,-112,432
3065,2877204,101,103,2,277,508
3066,122408,101,120,19,1801,534
3067,1616297,101,99,-2,-326,361
3068,3935447,101,108,7,918,425
3069,11678795,101,95,-6,-1061,727
3070,13299255,101,100,-1,-138,532
3071,9788168,101,95,-6,-1037,726
3072,2558144,101,96,-5,-861,745
3073,10584435,101,101,0,-7,493
3074,4748040,101,98,-3,-497,370
3075,7447248,101,99,-2,-301,495
3076,7898461,101,94,-7,-1244,612
3077,1657774,101,98,-3,-497,657
3078,1145734,101,100,-1,-131,552
3079,10831987,101,101,0,-3,640
3080,2652768,101,98,-3,-477,285
3081,3838369,101,103,2,302,701
3082,7603462,101,107,6,799,421
3083,9192866,101,100,-1,-123,521
3084,2592778,101,109,8,993,297
3085,7940943,101,102,1,140,425
3086,10363204,101,103,2,312,447
3087,3317758,101,103,2,292,327
3088,6000364,101,100,-1,-144,525
3089,11459028,101,101,0,6,376
3090,12653785,101,101,0,19,267
3091,11807562,101,97,-4,-656,490
3092,4878567,101,93,-8,-1470,528
3093,5738425,101,97,-4,-656,551
3094,6062588,101,105,4,599,242
3095,3618282,101,101,0,7,518
3096,2902009,101,103,2,297,507
3097,6803234,101,97,-4,-674,784
3098,9723530,101,102,1,180,417
3099,11674613,101,103,2,298,259
3100,7534393,101,95,-6,-1028,238
3101,342075,101,101,0,4,632
3102,9105382,101,101,0,11,705
3103,1093429,101,96,-5,-869,544
3104,4257586,101,98,-3,-496,434
3105,12077378,101,106,5,693,591
3106,12513232,101,100,-1,-104,387
3107,1340505,101,101,0,8,410
3108,13592659,101,103,2,299,608
3109,10456032,101,100,-1,-118,482
3110,6513790,101,101,0,3,372
3111,4270231,101,103,2,313,223
3112,750265,101,107,6,805,448
3113,9016676,101,103,2,296,560
3114,418504,101,99,-2,-302,227
3115,6805766,101,98,-3,-504,243
3116,11180622,101,103,2,295,379
3117,8724172,101,106,5,707,290
3118,8643180,101,99,-2,-313,359
3119,338016,101,100,-1,-138,476
3120,10919069,101,98,-3,-512,509
3121,10944519,101,104,3,442,288
3122,6335444,101,101,0,7,317
3123,12965343,101,104,3,442,407
3124,34252,100,97,-3,-515,373
3125,6520963,100,100,0,7,297
3126,1940176,100,95,-5,-878,287
3127,12398143,100,94,-6,-1081,246
3128,672182,100,95,-5,-882,797
3129,7398846,100,99,-1,-145,227
3130,6066465,100,106,6,813,373
3131,12078962,100,94,-6,-1083,463
3132,6653977,100,99,-1,-147,345
3133,3539260,100,94,-6,-1083,469
3134,10799154,100,96,-4,-678,238
3135,875442,100,95,-5,-874,255
3136,9122964,100,98,-2,-312,273
3137,9054494,100,105,5,713,415
3138,8591496,100,94,-6,-1082,385
3139,221509,100,100,0,11,665
3140,11749899,100,102,2,299,231
3141,13204143,100,104,4,580,763
3142,9849355,100,110,10,1193,492
3143,3341080,100,96,-4,-675,326
3144,2772435,100,98,-2,-311,178
3145,1145988,100,105,5,715,504
3146,4286196,100,98,-2,-314,628
3147,9548734,100,93,-7,-1308,448
3148,7332521,100,96,-4,-679,219
3149,8373768,100,98,-2,-313,322
3150,1064788,100,98,-2,-340,500
3151,2368943,100,103,3,439,458
3152,12836890,100,94,-6,-1087,455
3153,3372621,100,93,-7,-1308,1369
3154,11677580,100,96,-4,-689,508
3155,8739532,100,102,2,319,260
3156,13601654,100,101,1,144,314
3157,2108136,100,93,-7,-1306,695
3158,12401805,100,97,-3,-513,647
3159,1106334,100,97,-3,-522,333
3160,2464454,100,93,-7,-1308,1177
3161,2354694,100,97,-3,-503,335
3162,385909,100,96,-4,-679,342
3163,1465913,100,99,-1,-159,432
3164,10742026,100,98,-2,-321,467
3165,10432718,100,104,4,577,439
3166,11604618,100,96,-4,-693,357
3167,2174426,100,99,-1,-130,321
3168,8305466,100,101,1,166,309
3169,10629509,100,104,4,593,567
3170,9347290,100,102,2,308,619
3171,3762820,100,97,-3,-521,843
3172,5098394,100,99,-1,-163,707
3173,9555627,100,95,-5,-898,379
3174,7430705,100,95,-5,-879,993
3175,6423364,100,102,2,307,330
3176,3985613,100,97,-3,-508,294
3177,8728266,100,101,1,134,544
3178,1184386,100,101,1,179,333
3179,1247428,100,95,-5,-875,697
3180,6833912,100,94,-6,-1092,667
3181,6908835,100,98,-2,-335,586
3182,10192321,100,94,-6,-1086,430
3183,6602155,100,94,-6,-1084,554
3184,11906715,100,97,-3,-510,462
3185,6483077,100,102,2,302,759
3186,6541930,100,103,3,466,408
3187,6979635,100,96,-4,-695,775
3188,6962879,100,101,1,174,326
3189,2348493,100,100,0,-1,657
3190,7330464,100,98,-2,-334,450
3191,12230340,100,98,-2,-280,240
3192,3855747,100,101,1,140,763
3193,9811547,100,101,1,129,518
3194,2279248,100,105,5,694,242
3195,9146543,100,97,-3,-527,446
3196,5327916,100,96,-4,-703,570
3197,11498341,100,95,-5,-884,525
3198,6974156,100,100,0,52,300
3199,1725155,100,101,1,123,506
3200,7190069,100,104,4,570,322
3201,10401421,100,102,2,297,309
3202,5193256,100,104,4,586,806
3203,781593,100,96,-4,-668,299
3204,883585,100,99,-1,-146,341
3205,10313175,100,95,-5,-908,683
3206,12557411,100,96,-4,-692,377
3207,3394473,100,92,-8,-1506,819
3208,745229,100,93,-7,-1322,804
3209,3867124,100,98,-2,-342,475
3210,11218188,100,104,4,607,246
3211,12291874,100,98,-2,-332,501
3212,1296314,100,97,-3,-501,770
3213,6996849,100,95,-5,-907,545
3214,7363179,100,97,-3,-498,186
3215,2410291,100,100,0,35,417
3216,9870693,100,94,-6,-1083,394
3217,5777622,100,93,-7,-1333,510
3218,6137455,100,98,-2,-335,614
3219,3880831,100,102,2,304,408
3220,3918628,100,106,6,843,394
3221,3510517,100,101,1,154,595
3222,10456002,100,96,-4,-714,237
3223,4088303,100,104,4,569,572
3224,9106183,100,107,7,965,390
3225,11905703,100,99,-1,-145,367
3226,1799537,100,97,-3,-494,586
3227,10707138,100,120,20,1994,283
3228,9962117,100,103,3,457,345
3229,4085624,100,99,-1,-151,722
3230,2687292,100,99,-1,-158,615
3231,3588641,100,96,-4,-710,784
3232,3081391,100,93,-7,-1313,574
3233,3985029,100,105,5,721,306
3234,1399869,100,103,3,470,404
3235,3935170,100,88,-12,-2543,536
3236,13052815,100,99,-1,-165,544
3237,2272913,100,98,-2,-330,535
3238,3408584,100,102,2,299,559
3239,4985531,100,100,0,3,501
3240,264840,100,101,1,182,313
3241,1849381,100,95,-5,-896,328
3242,4763482,100,96,-4,-677,421
3243,2284393,100,104,4,587,457
3244,1906111,100,97,-3,-497,424
3245,11586200,100,95,-5,-894,434
3246,9285940,100,101,1,178,344
3247,449709,100,95,-5,-877,730
3248,10605856,100,89,-11,-2266,507
3249,5084197,100,94,-6,-1110,535
3250,13084836,100,97,-3,-494,655
3251,10398174,100,105,5,731,522
3252,8827473,100,99,-1,-154,445
3253,4658284,100,98,-2,-340,508
3254,5568992,100,100,0,20,319
3255,727483,100,99,-1,-165,422
3256,7591785,100,101,1,178,279
3257,12428451,100,99,-1,-141,454
3258,5788273,100,95,-5,-901,627
3259,7220044,100,107,7,965,425
3260,1925566,100,101,1,168,290
3261,3017642,100,106,6,871,384
3262,12522800,100,100,0,31,553
3263,2636361,100,108,8,1089,354
3264,7737265,100,98,-2,-281,239
3265,11721032,100,104,4,638,428
3266,12242211,100,106,6,878,349
3267,13547659,100,97,-3,-498,606
3268,4150560,100,99,-1,-150,620
3269,11344112,100,107,7,980,563
3270,9921212,100,93,-7,-1279,390
3271,2378949,100,94,-6,-1083,237
3272,9325372,100,92,-8,-1514,485
3273,2921227,100,102,2,319,398
3274,10623960,100,105,5,730,524
3275,4028132,100,98,-2,-309,444
3276,5904499,100,96,-4,-684,417
3277,8259560,100,99,-1,-110,267
3278,8540573,100,94,-6,-1100,404
3279,10540221,100,107,7,973,398
3280,2775578,100,106,6,878,535
3281,752336,100,95,-5,-909,237
3282,11457587,100,98,-2,-328,288
3283,9016466,100,102,2,326,304
3284,13123235,100,107,7,986,298
3285,4622620,100,102,2,323,448
3286,2258406,100,103,3,483,250
3287,6437874,100,105,5,741,314
3288,8277273,100,96,-4,-690,530
3289,10921197,100,95,-5,-900,441
3290,11729124,100,109,9,1184,396
3291,10796673,100,100,0,54,307
3292,4615822,100,102,2,325,445
3293,827703,100,94,-6,-1122,459
3294,4580493,100,96,-4,-687,555
3295,7326052,100,110,10,1269,460
3296,5716832,100,99,-1,-138,378
3297,13079407,100,95,-5,-903,361
3298,7351555,100,98,-2,-329,359
3299,12652832,100,101,1,186,356
3300,12445439,100,105,5,748,305
3301,11249823,100,105,5,748,266
3302,1217942,100,100,0,39,267
3303,3369843,100,98,-2,-335,307
3304,10619486,100,100,0,39,280
3305,13367326,100,98,-2,-331,311
3306,4041335,99,106,7,994,180
3307,5931059,99,96,-3,-497,228
3308,3671109,99,98,-1,-135,188
3309,11033554,99,94,-5,-902,418
3310,11888337,99,92,-7,-1321,352
3311,12497569,99,97,-2,-335,402
3312,9229336,99,99,0,34,347
3313,6222322,99,101,2,324,243
3314,12604319,99,95,-4,-704,318
3315,11467587,99,95,-4,-713,592
3316,5071219,99,96,-3,-512,466
3317,5254134,99,108,9,1197,221
3318,2877884,99,103,4,610,296
3319,6405031,99,96,-3,-512,493
3320,1708004,99,101,2,322,297
3321,12547998,99,93,-6,-1135,711
3322,13251968,99,95,-4,-709,235
3323,2682331,99,91,-8,-1569,985
3324,6338566,99,93,-6,-1129,587
3325,13277985,99,95,-4,-711,480
3326,10047697,99,98,-1,-153,340
3327,6517586,99,105,6,875,714
3328,6440642,99,98,-1,-139,421
3329,10038766,99,97,-2,-343,308
3330,4504913,99,96,-3,-518,692
3331,6432028,99,103,4,610,527
3332,7266440,99,96,-3,-510,510
3333,7015952,99,95,-4,-713,606
3334,11163136,99,95,-4,-689,266
3335,11976589,99,97,-2,-340,1104
3336,13036034,99,98,-1,-138,533
3337,5672541,99,98,-1,-136,907
3338,6736485,99,95,-4,-714,1051
3339,655619,99,107,8,1088,605
3340,12839646,99,94,-5,-924,490
3341,5433207,99,94,-5,-906,305
3342,2259290,99,94,-5,-916,663
3343,7573304,99,97,-2,-334,489
3344,145309,99,99,0,36,287
3345,8905039,99,97,-2,-338,410
3346,12172878,99,96,-3,-514,935
3347,7921344,99,106,7,974,476
3348,12377888,99,92,-7,-1326,449
3349,4597191,99,94,-5,-895,701
3350,9348662,99,96,-3,-518,416
3351,2763516,99,98,-1,-155,570
3352,5923198,99,98,-1,-171,667
3353,3954275,99,98,-1,-151,339
3354,9959476,99,98,-1,-157,722
3355,8755334,99,101,2,324,405
3356,9858742,99,97,-2,-344,553
3357,12733416,99,97,-2,-319,610
3358,1055250,99,98,-1,-130,472
3359,695911,99,100,1,218,362
3360,3450013,99,99,0,9,717
3361,9889309,99,105,6,877,349
3362,4308607,99,103,4,619,465
3363,6942467,99,91,-8,-1556,325
3364,2387453,99,105,6,885,717
3365,1815666,99,100,1,186,378
3366,12512717,99,94,-5,-905,568
3367,740198,99,96,-3,-507,392
3368,6784252,99,97,-2,-347,287
3369,2994202,99,94,-5,-919,732
3370,9625695,99,102,3,479,737
3371,589198,99,99,0,42,313
3372,12644594,99,94,-5,-904,442
3373,10536063,99,98,-1,-127,480
3374,7870155,99,96,-3,-527,900
3375,685094,99,94,-5,-912,856
3376,652351,99,99,0,14,487
3377,6286079,99,104,5,795,205
3378,838304,99,99,0,64,278
3379,3411846,99,95,-4,-695,584
3380,9396708,99,94,-5,-910,921
3381,9183118,99,98,-1,-136,423
3382,6883979,99,97,-2,-355,573
3383,13549394,99,97,-2,-326,485
3384,1171088,99,105,6,907,339
3385,4583101,99,97,-2,-306,543
3386,10151280,99,96,-3,-497,207
3387,11066400,99,98,-1,-140,526
3388,11395678,99,107,8,1143,324
3389,10139450,99,116,17,1884,312
3390,4828371,99,100,1,183,417
3391,1953975,99,96,-3,-486,572
3392,10922726,99,97,-2,-319,388
3393,10820099,99,94,-5,-910,238
3394,6552220,99,94,-5,-906,496
3395,11609634,99,99,0,39,252
3396,8369964,99,96,-3,-526,328
3397,6806522,99,99,0,66,427
3398,10388761,99,93,-6,-1124,550
3399,11700059,99,96,-3,-463,358
3400,1820946,99,96,-3,-496,451
3401,6593207,99,98,-1,-119,303
3402,80670,99,96,-3,-485,244
3403,12264976,99,93,-6,-1116,881
3404,8671981,99,108,9,1247,291
3405,6860998,99,95,-4,-685,376
3406,713037,99,100,1,203,418
3407,3072739,99,102,3,480,514
3408,10348932,99,95,-4,-714,573
3409,12740516,99,99,0,43,418
3410,697049,99,96,-3,-510,431
3411,10961425,99,93,-6,-1133,695
3412,6558606,99,97,-2,-327,671
3413,2049514,99,92,-7,-1336,458
3414,13005485,99,105,6,904,443
3415,1070032,99,97,-2,-333,538
3416,9684976,99,94,-5,-893,583
3417,13512776,99,99,0,56,313
3418,12800872,99,102,3,488,515
3419,1672355,99,108,9,1226,319
3420,5602616,99,103,4,653,280
3421,6121354,99,94,-5,-924,455
3422,13548318,99,96,-3,-486,361
3423,5710504,99,105,6,901,332
3424,11647347,99,98,-1,-167,595
3425,7858217,99,96,-3,-500,506
3426,4806844,99,103,4,658,379
3427,610491,99,102,3,508,354
3428,1923524,99,99,0,18,671
3429,12808562,99,98,-1,-168,494
3430,4461185,99,92,-7,-1342,697
3431,7371800,99,100,1,206,466
3432,12794009,99,100,1,213,287
3433,2359626,99,99,0,54,715
3434,3076846,99,95,-4,-710,405
3435,11553006,99,100,1,200,370
3436,663155,99,95,-4,-702,259
3437,1713685,99,99,0,40,401
3438,7587662,99,97,-2,-293,188
3439,6779944,99,99,0,45,316
3440,10070458,99,100,1,197,377
3441,10273851,99,96,-3,-516,544
3442,8474273,99,101,2,332,573
3443,12930218,99,106,7,1052,504
3444,1167707,99,97,-2,-330,609
3445,13279689,99,102,3,513,214
3446,13170008,99,102,3,497,386
3447,2775735,99,96,-3,-519,530
3448,2959595,99,103,4,635,721
3449,8965631,99,95,-4,-705,476
3450,5067219,99,98,-1,-165,354
3451,10689773,99,97,-2,-333,507
3452,6047284,99,108,9,1258,264
3453,7494683,99,96,-3,-534,280
3454,3286418,99,97,-2,-327,541
3455,13314996,99,102,3,499,352
3456,1776100,99,96,-3,-521,326
3457,4145886,99,113,14,1698,366
3458,2313950,99,94,-5,-937,207
3459,1847602,99,102,3,494,458
3460,7870536,99,95,-4,-737,465
3461,12680918,99,103,4,643,235
3462,8841150,99,106,7,1048,372
3463,2000438,99,98,-1,-154,268
3464,636152,99,99,0,35,280
3465,4905156,99,98,-1,-143,220
3466,1877773,99,106,7,1058,458
3467,3327693,99,94,-5,-957,554
3468,13239957,99,103,4,677,243
3469,8177450,99,103,4,641,301
3470,6171736,98,95,-3,-532,315
3471,9932448,98,103,5,786,447
3472,1620785,98,99,1,203,300
3473,403846,98,97,-1,-168,196
3474,5040903,98,96,-2,-332,217
3475,9215831,98,93,-5,-964,760
3476,1641513,98,93,-5,-961,443
3477,4297671,98,101,3,494,359
3478,6280536,98,98,0,36,238
3479,6599562,98,93,-5,-961,1498
3480,9332398,98,101,3,495,317
3481,7556106,98,94,-4,-737,268
3482,5785733,98,93,-5,-959,241
3483,939277,98,95,-3,-537,611
3484,131338,98,101,3,494,348
3485,635356,98,95,-3,-539,400
3486,2512609,98,98,0,28,492
3487,9678879,98,98,0,24,761
3488,4526175,98,94,-4,-738,775
3489,4039024,98,93,-5,-961,230
3490,13091953,98,95,-3,-547,808
3491,12329400,98,96,-2,-339,697
3492,5206262,98,95,-3,-542,645
3493,7764495,98,102,4,653,363
3494,9451477,98,91,-7,-1401,365
3495,11222642,98,94,-4,-740,455
3496,5858347,98,99,1,189,437
3497,10969124,98,103,5,802,348
3498,5278132,98,98,0,42,194
3499,3241572,98,96,-2,-346,557
3500,10459384,98,98,0,32,486
3501,8873727,98,98,0,25,534
3502,11439789,98,95,-3,-514,247
3503,12324127,98,98,0,7,762
3504,13333350,98,99,1,208,297
3505,10803391,98,91,-7,-1403,329
3506,6572176,98,97,-1,-155,447
3507,5413358,98,93,-5,-958,396
3508,2843925,98,96,-2,-341,257
3509,2280642,98,98,0,15,496
3510,9953856,98,97,-1,-163,976
3511,9629597,98,101,3,478,700
3512,13627349,98,100,2,379,231
3513,8938642,98,98,0,22,1537
3514,9733528,98,100,2,367,237
3515,3111203,98,90,-8,-1643,326
3516,5121411,98,97,-1,-170,958
3517,6634954,98,94,-4,-734,710
3518,4902397,98,99,1,209,241
3519,11982902,98,100,2,382,341
3520,2231030,98,93,-5,-960,661
3521,2567803,98,102,4,661,842
3522,12786544,98,96,-2,-350,428
3523,2071534,98,96,-2,-357,847
3524,12384434,98,97,-1,-155,501
3525,4276998,98,93,-5,-958,378
3526,5861632,98,103,5,807,303
3527,7286862,98,91,-7,-1375,530
3528,7162907,98,98,0,47,242
3529,4166485,98,101,3,490,438
3530,1338423,98,91,-7,-1399,563
3531,5979863,98,104,6,951,243
3532,4447197,98,95,-3,-526,481
3533,241591,98,97,-1,-156,549
3534,12209293,98,99,1,207,637
3535,7417170,98,103,5,789,554
3536,7408586,98,95,-3,-499,377
3537,9989681,98,90,-8,-1631,1505
3538,6843807,98,92,-6,-1147,571
3539,7141007,98,100,2,361,619
3540,10158737,98,101,3,500,517
3541,3849881,98,99,1,240,259
3542,8324598,98,100,2,369,391
3543,2455035,98,93,-5,-928,432
3544,7767086,98,96,-2,-340,611
3545,1509493,98,94,-4,-728,782
3546,13069110,98,94,-4,-728,575
3547,9813492,98,93,-5,-953,828
3548,10566797,98,106,8,1180,1071
3549,5271109,98,102,4,667,620
3550,4520409,98,105,7,1079,234
3551,4761635,98,94,-4,-711,306
3552,4054475,98,104,6,952,334
3553,4339320,98,105,7,1057,468
3554,9189759,98,100,2,399,284
3555,6671843,98,96,-2,-355,727
3556,11185402,98,94,-4,-757,669
3557,8605968,98,94,-4,-722,215
3558,9605701,98,98,0,40,584
3559,12635279,98,99,1,229,350
3560,10549611,98,90,-8,-1642,948
3561,6745638,98,97,-1,-167,767
3562,6035565,98,101,3,520,316
3563,7152657,98,95,-3,-516,376
3564,2796926,98,98,0,50,688
3565,10417091,98,97,-1,-159,574
3566,2542296,98,96,-2,-313,497
3567,5170066,98,91,-7,-1396,570
3568,882508,98,92,-6,-1152,318
3569,697053,98,93,-5,-913,346
3570,12361625,98,94,-4,-751,582
3571,13311233,98,93,-5,-970,667
3572,58800,98,96,-2,-342,399
3573,7168863,98,95,-3,-539,463
3574,715265,98,100,2,360,427
3575,1816586,98,98,0,56,467
3576,9596060,98,95,-3,-547,799
3577,13508225,98,94,-4,-765,709
3578,11364610,98,96,-2,-316,524
3579,2763488,98,97,-1,-147,506
3580,314547,98,101,3,536,366
3581,6077903,98,93,-5,-961,684
3582,6470566,98,104,6,989,220
3583,7403437,98,99,1,214,390
3584,10324322,98,98,0,22,545
3585,11916217,98,99,1,214,442
3586,6179725,98,94,-4,-730,556
3587,9006637,98,100,2,422,211
3588,3581874,98,94,-4,-735,528
3589,12456155,98,100,2,393,545
3590,4281582,98,101,3,518,216
3591,4279918,98,99,1,231,380
3592,43833,98,97,-1,-151,268
3593,5955962,98,97,-1,-158,339
3594,428335,98,94,-4,-752,652
3595,9488451,98,98,0,51,440
3596,11315025,98,96,-2,-353,470
3597,4118390,98,95,-3,-546,659
3598,3422375,98,94,-4,-732,291
3599,7724377,98,102,4,685,367
3600,1126669,98,100,2,396,642
3601,7001896,98,98,0,55,361
3602,8619466,98,98,0,42,327
3603,3164307,98,92,-6,-1165,693
3604,11436775,98,100,2,420,377
3605,646463,98,98,0,26,423
3606,12517,98,104,6,981,383
3607,11259534,98,96,-2,-338,372
3608,3793467,98,96,-2,-326,485
3609,9795845,98,103,5,805,319
3610,2257027,98,95,-3,-541,435
3611,3326291,98,91,-7,-1393,426
3612,1794039,98,95,-3,-545,496
3613,12974109,98,92,-6,-1171,327
3614,1159617,98,94,-4,-746,387
3615,5897387,98,93,-5,-925,270
3616,2482213,98,95,-3,-560,757
3617,972111,98,100,2,375,552
3618,7273024,98,101,3,528,320
3619,3857455,98,94,-4,-739,568
3620,12634322,98,98,0,33,394
3621,3739512,98,96,-2,-330,379
3622,6906553,98,92,-6,-1132,566
3623,3509374,98,97,-1,-139,495
3624,1088652,98,99,1,200,525
3625,13291983,98,95,-3,-531,457
3626,3310993,98,96,-2,-301,291
3627,10675771,98,98,0,26,620
3628,1538219,98,97,-1,-128,493
3629,12009864,98,95,-3,-540,495
3630,12170923,98,108,10,1442,518
3631,5441484,98,95,-3,-516,422
3632,522414,98,101,3,537,282
3633,10553614,98,94,-4,-710,545
3634,6770590,98,92,-6,-1157,560
3635,4566653,98,98,0,28,674
3636,8959985,98,95,-3,-548,469
3637,7256738,98,99,1,211,525
3638,7373726,98,97,-1,-140,440
3639,7716440,98,103,5,834,366
3640,3997079,98,105,7,1116,270
3641,9334043,98,99,1,224,316
3642,6899962,98,96,-2,-322,478
3643,4570568,98,97,-1,-112,478
3644,4056890,98,98,0,31,351
3645,2314014,98,94,-4,-735,356
3646,7277530,98,99,1,225,479
3647,691728,98,93,-5,-955,631
3648,5710047,98,98,0,72,233
3649,12593748,98,97,-1,-131,458
3650,2424933,98,97,-1,-135,390
3651,9250978,98,94,-4,-730,443
3652,1878442,98,98,0,67,332
3653,4159761,98,97,-1,-129,365
3654,1803686,98,94,-4,-743,450
3655,4848402,98,102,4,684,375
3656,8032333,98,102,4,705,252
3657,6163373,98,95,-3,-520,276
3658,9032204,98,92,-6,-1177,412
3659,5484959,98,99,1,224,328
3660,3681051,98,103,5,835,469
3661,7107501,98,93,-5,-954,318
3662,2647943,98,101,3,546,363
3663,6301579,98,102,4,697,254
3664,4975552,98,90,-8,-1677,365
3665,2767578,98,104,6,987,303
3666,11716231,98,98,0,43,315
3667,5692729,98,96,-2,-329,230
3668,643181,98,96,-2,-322,294
3669,3825105,98,96,-2,-325,369
3670,8757533,98,100,2,406,315
3671,11164538,98,95,-3,-517,272
3672,5439408,98,98,0,43,303
3673,1702500,98,101,3,565,259
3674,13020541,98,99,1,236,232
3675,12715461,98,99,1,238,267
3676,6579809,98,96,-2,-325,391
3677,10996840,98,100,2,411,219
3678,9145291,98,98,0,41,244
3679,10670733,97,94,-3,-527,532
3680,10508667,97,102,5,851,314
3681,4302364,97,94,-3,-528,384
3682,602116,97,99,2,405,943
3683,3839810,97,100,3,562,198
3684,2201224,97,95,-2,-330,454
3685,10074983,97,96,-1,-124,389
3686,4020694,97,92,-5,-951,769
3687,3079693,97,97,0,42,302
3688,12249804,97,93,-4,-757,319
3689,8764020,97,92,-5,-953,667
3690,4552686,97,96,-1,-135,592
3691,10033446,97,98,1,239,279
3692,5431321,97,100,3,562,757
3693,11257999,97,94,-3,-530,621
3694,4768232,97,96,-1,-132,316
3695,2967003,97,103,6,1005,205
3696,6579359,97,96,-1,-141,682
3697,5394602,97,99,2,406,1061
3698,8685642,97,91,-6,-1188,287
3699,8181352,97,94,-3,-532,658
3700,13443375,97,97,0,41,503
3701,10425331,97,100,3,567,505
3702,2823638,97,97,0,52,259
3703,10554179,97,94,-3,-537,684
3704,5951201,97,98,1,215,691
3705,10218727,97,94,-3,-541,802
3706,4639569,97,100,3,561,230
3707,13295814,97,95,-2,-344,1291
3708,11442392,97,101,4,697,435
3709,12195929,97,99,2,423,159
3710,8964709,97,101,4,702,349
3711,2646030,97,96,-1,-124,450
3712,3725592,97,89,-8,-1693,1241
3713,6176238,97,101,4,688,654
3714,3162777,97,97,0,56,401
3715,13638930,97,100,3,577,713
3716,7294125,97,92,-5,-961,1089
3717,5006236,97,94,-3,-526,1287
3718,10279786,97,96,-1,-129,273
3719,850115,97,92,-5,-959,595
3720,3662111,97,98,1,237,325
3721,4925305,97,99,2,403,491
3722,2973254,97,102,5,858,343
3723,7759772,97,92,-5,-949,569
3724,2880715,97,105,8,1246,252
3725,11760532,97,95,-2,-336,535
3726,618905,97,93,-4,-758,595
3727,6128071,97,89,-8,-1698,909
3728,7640441,97,96,-1,-142,1221
3729,5157980,97,97,0,36,745
3730,12144790,97,95,-2,-362,551
3731,3400184,97,96,-1,-124,350
3732,13431017,97,93,-4,-753,457
3733,6164187,97,94,-3,-544,441
3734,3339123,97,98,1,236,334
3735,4515576,97,93,-4,-746,536
3736,6854241,97,97,0,34,609
3737,12816611,97,102,5,865,233
3738,8372530,97,90,-7,-1435,353
3739,8615252,97,95,-2,-349,398
3740,646437,97,110,13,1779,352
3741,3783195,97,104,7,1109,462
3742,8746569,97,96,-1,-171,585
3743,234284,97,97,0,33,755
3744,12540042,97,91,-6,-1202,496
3745,5755649,97,89,-8,-1720,831
3746,1841592,97,101,4,671,533
3747,6390043,97,101,4,715,291
3748,1338573,97,100,3,592,207
3749,3981814,97,95,-2,-368,592
3750,13635823,97,93,-4,-758,415
3751,4895919,97,95,-2,-326,309
3752,944903,97,90,-7,-1469,1037
3753,8087934,97,109,12,1697,285
3754,283782,97,94,-3,-561,583
3755,6956097,97,96,-1,-134,546
3756,6319712,97,102,5,872,302
3757,1368422,97,92,-5,-979,388
3758,10700280,97,101,4,684,558
3759,8073950,97,97,0,79,180
3760,3958346,97,91,-6,-1208,449
3761,6526302,97,95,-2,-336,485
3762,11135348,97,103,6,1000,758
3763,1338550,97,94,-3,-544,549
3764,1668043,97,95,-2,-330,745
3765,2709172,97,93,-4,-750,373
3766,1735520,97,97,0,37,466
3767,12375350,97,96,-1,-130,296
3768,12424285,97,94,-3,-559,558
3769,11946397,97,92,-5,-962,644
3770,12333259,97,98,1,248,425
3771,2890487,97,97,0,38,358
3772,793569,97,102,5,899,327
3773,1519828,97,92,-5,-909,295
3774,3044783,97,100,3,569,341
3775,2694858,97,93,-4,-757,740
3776,1820027,97,93,-4,-744,454
3777,7098996,97,95,-2,-273,216
3778,24221,97,99,2,415,308
3779,13237884,97,93,-4,-749,622
3780,10706499,97,99,2,421,404
3781,470781,97,98,1,246,258
3782,4228485,97,95,-2,-353,778
3783,6625782,97,97,0,56,356
3784,2116084,97,99,2,420,379
3785,3195493,97,92,-5,-944,474
3786,12405884,97,88,-9,-2008,391
3787,4202872,97,98,1,235,277
3788,7170814,97,92,-5,-976,881
3789,1081437,97,104,7,1148,414
3790,6456118,97,95,-2,-326,479
3791,1885274,97,93,-4,-740,313
3792,904541,97,100,3,571,551
3793,6416232,97,93,-4,-741,325
3794,3978561,97,99,2,380,657
3795,10560565,97,93,-4,-757,619
3796,1842909,97,93,-4,-771,380
3797,957967,97,97,0,55,648
3798,6000418,97,98,1,234,311
3799,6953037,97,95,-2,-356,598
3800,12179578,97,95,-2,-363,502
3801,10082089,97,90,-7,-1456,407
3802,6846754,97,96,-1,-157,313
3803,7710008,97,96,-1,-152,525
3804,1458846,97,97,0,52,449
3805,10906146,97,90,-7,-1447,517
3806,5700090,97,102,5,870,476
3807,8474420,97,98,1,221,263
3808,9525566,97,106,9,1427,274
3809,1441729,97,95,-2,-332,536
3810,4318263,97,95,-2,-335,550
3811,8037572,97,101,4,760,249
3812,6331905,97,96,-1,-105,306
3813,4622829,97,98,1,263,512
3814,3183509,97,98,1,224,631
3815,3542627,97,97,0,55,555
3816,7521730,97,96,-1,-122,342
3817,12842158,97,98,1,229,531
3818,10516396,97,92,-5,-919,287
3819,2356458,97,95,-2,-288,338
3820,9081576,97,92,-5,-979,504
3821,9135666,97,97,0,45,573
3822,6335648,97,96,-1,-141,373
3823,11447892,97,93,-4,-742,414
3824,7112993,97,96,-1,-145,408
3825,6472271,97,91,-6,-1215,552
3826,9670665,97,100,3,593,402
3827,3184956,97,95,-2,-345,663
3828,6172615,97,97,0,71,362
3829,1238802,97,98,1,215,535
3830,678949,97,90,-7,-1453,377
3831,5774195,97,102,5,876,534
3832,12232456,97,93,-4,-724,478
3833,6186842,97,100,3,594,469
3834,11704346,97,96,-1,-112,397
3835,5660978,97,97,0,58,445
3836,4769253,97,96,-1,-131,428
3837,10812381,97,104,7,1173,549
3838,8161374,97,92,-5,-978,639
3839,1200558,97,97,0,73,248
3840,8803038,97,99,2,413,337
3841,1406716,97,100,3,590,484
3842,10413528,97,98,1,237,409
3843,5508967,97,101,4,740,303
3844,10729718,97,100,3,591,444
3845,1487660,97,94,-3,-541,433
3846,5295550,97,102,5,904,203
3847,7272608,97,92,-5,-995,530
3848,4340557,97,93,-4,-758,473
3849,6223405,97,101,4,751,302
3850,5541449,97,94,-3,-546,300
3851,3780388,97,92,-5,-987,282
3852,3761804,97,92,-5,-922,338
3853,10059937,97,95,-2,-322,232
3854,3150262,97,94,-3,-550,458
3855,10259468,97,97,0,87,246
3856,5314983,97,107,10,1547,386
3857,13217147,97,90,-7,-1471,475
3858,6677069,97,94,-3,-564,294
3859,1491654,97,99,2,436,314
3860,11060653,97,98,1,226,381
3861,7462630,97,105,8,1310,268
3862,4760029,97,102,5,893,376
3863,8583976,97,106,9,1446,515
3864,13626814,97,92,-5,-994,400
3865,3935107,97,99,2,425,312
3866,7604280,96,105,9,1447,416
3867,9421339,96,95,-1,-136,428
3868,1810237,96,95,-1,-137,347
3869,8691832,96,93,-3,-561,405
3870,1457794,96,98,2,426,434
3871,8136923,96,96,0,61,501
3872,5503209,96,90,-6,-1251,623
3873,12688941,96,91,-5,-998,469
3874,3600381,96,91,-5,-1002,601
3875,13451057,96,96,0,68,866
3876,12008645,96,104,8,1317,427
3877,9333933,96,93,-3,-556,438
3878,5691105,96,93,-3,-564,979
3879,3321559,96,97,1,235,303
3880,2175087,96,95,-1,-135,560
3881,7320192,96,95,-1,-136,569
3882,1858165,96,97,1,231,369
3883,7150084,96,104,8,1314,682
3884,5538419,96,94,-2,-335,296
3885,5669155,96,93,-3,-563,274
3886,1727441,96,96,0,57,1438
3887,7151837,96,92,-4,-756,558
3888,1310475,96,94,-2,-340,716
3889,4155953,96,98,2,430,320
3890,12403819,96,96,0,70,348
3891,3646997,96,96,0,69,500
3892,4618267,96,93,-3,-557,632
3893,2071791,96,97,1,239,244
3894,6939213,96,91,-5,-1002,1481
3895,239133,96,91,-5,-999,923
3896,8980240,96,93,-3,-555,522
3897,10768960,96,93,-3,-567,797
3898,2063673,96,93,-3,-560,388
3899,12043925,96,95,-1,-133,446
3900,7973923,96,111,15,2034,470
3901,819310,96,93,-3,-565,502
3902,11025266,96,89,-7,-1490,655
3903,2798396,96,90,-6,-1240,889
3904,11292249,96,91,-5,-994,782
3905,6158372,96,106,10,1578,412
3906,4204931,96,92,-4,-752,566
3907,2716808,96,92,-4,-749,428
3908,13344846,96,95,-1,-135,698
3909,11445215,96,93,-3,-553,771
3910,1442292,96,94,-2,-344,669
3911,8256955,96,88,-8,-1806,1002
3912,1327359,96,91,-5,-979,494
3913,10872199,96,90,-6,-1250,567
3914,12130339,96,91,-5,-986,660
3915,6118671,96,96,0,71,190
3916,2243506,96,94,-2,-333,707
3917,4922189,96,91,-5,-984,692
3918,12909672,96,93,-3,-554,899
3919,6223251,96,96,0,62,889
3920,8941605,96,95,-1,-125,685
3921,1804188,96,89,-7,-1507,797
3922,6218028,96,90,-6,-1267,574
3923,4526772,96,91,-5,-987,344
3924,7439831,96,104,8,1319,367
3925,12955389,96,89,-7,-1489,294
3926,6154229,96,99,3,602,265
3927,11164536,96,96,0,58,248
3928,7903882,96,99,3,602,515
3929,11111943,96,96,0,65,773
3930,9745455,96,105,9,1472,228
3931,1667116,96,94,-2,-311,236
3932,8325178,96,93,-3,-544,633
3933,3628271,96,89,-7,-1466,327
3934,7187243,96,103,7,1181,354
3935,6053135,96,90,-6,-1242,812
3936,13045848,96,96,0,83,255
3937,9505593,96,90,-6,-1243,928
3938,2080052,96,101,5,902,785
3939,4027278,96,94,-2,-321,340
3940,4578086,96,92,-4,-767,516
3941,11140630,96,97,1,238,644
3942,669773,96,89,-7,-1505,550
3943,5219157,96,96,0,58,400
3944,479756,96,90,-6,-1241,400
3945,6638239,96,94,-2,-320,450
3946,2151458,96,92,-4,-760,771
3947,11179743,96,95,-1,-116,734
3948,8019616,96,93,-3,-538,205
3949,12651276,96,89,-7,-1496,486
3950,8859677,96,93,-3,-571,621
3951,2281036,96,93,-3,-562,874
3952,10439860,96,95,-1,-137,996
3953,10787926,96,91,-5,-1005,723
3954,7987678,96,95,-1,-111,412
3955,9245274,96,94,-2,-306,486
3956,2034977,96,93,-3,-547,744
3957,4495136,96,93,-3,-517,411
3958,12269942,96,91,-5,-989,581
3959,12018459,96,98,2,431,701
3960,8754471,96,95,-1,-124,229
3961,549243,96,102,6,1067,291
3962,4061699,96,100,4,776,550
3963,6040870,96,100,4,799,349
3964,5900534,96,93,-3,-554,395
3965,7725850,96,98,2,427,378
3966,1270018,96,96,0,48,761
3967,8195153,96,97,1,249,239
3968,8579616,96,94,-2,-351,659
3969,13013676,96,88,-8,-1799,666
3970,5145374,96,92,-4,-771,377
3971,10007459,96,100,4,789,520
3972,1377035,96,95,-1,-88,275
3973,3295289,96,91,-5,-978,391
3974,9607184,96,92,-4,-761,446
3975,1063565,96,107,11,1702,414
3976,10512848,96,95,-1,-124,494
3977,5942067,96,92,-4,-767,881
3978,10004403,96,94,-2,-318,606
3979,877216,96,92,-4,-754,597
3980,13243590,96,94,-2,-311,512
3981,11822587,96,95,-1,-125,326
3982,7664201,96,95,-1,-84,380
3983,1200549,96,94,-2,-321,892
3984,2130700,96,96,0,89,447
3985,10176189,96,92,-4,-720,315
3986,6179082,96,99,3,600,370
3987,6851551,96,90,-6,-1250,626
3988,13032245,96,92,-4,-759,248
3989,7091837,96,95,-1,-122,464
3990,5595229,96,90,-6,-1232,596
3991,9521442,96,98,2,454,359
3992,8654027,96,100,4,791,466
3993,12598502,96,98,2,452,470
3994,9333649,96,93,-3,-552,362
3995,6584122,96,105,9,1482,318
3996,6395863,96,98,2,431,509
3997,3187148,96,108,12,1854,482
3998,796793,96,93,-3,-528,296
3999,522579,96,97,1,282,342
4000,9432911,96,95,-1,-125,807
4001,6928861,96,96,0,73,307
4002,10662011,96,98,2,429,394
4003,12003450,96,108,12,1843,552
4004,11034272,96,98,2,421,620
4005,2771123,96,95,-1,-121,345
4006,11707327,96,99,3,639,394
4007,11222345,96,95,-1,-96,556
4008,420947,96,91,-5,-970,502
4009,10270606,96,97,1,264,546
4010,8182462,96,91,-5,-1007,422
4011,4628641,96,99,3,602,327
4012,11401333,96,91,-5,-985,502
4013,5471306,96,103,7,1226,394
4014,8083391,96,94,-2,-342,388
4015,8102936,96,94,-2,-357,470
4016,12327939,96,97,1,282,382
4017,1862184,96,95,-1,-150,456
4018,13267014,96,98,2,482,465
4019,11964123,96,90,-6,-1210,526
4020,12871071,96,101,5,954,177
4021,9892965,96,94,-2,-317,502
4022,2412035,96,105,9,1507,419
4023,990819,96,96,0,75,411
4024,10337568,96,98,2,493,271
4025,6282086,96,100,4,814,288
4026,6537546,96,92,-4,-776,446
4027,7129172,96,95,-1,-119,320
4028,10505196,96,93,-3,-527,265
4029,1681091,96,100,4,779,398
4030,369470,96,89,-7,-1502,721
4031,4926117,96,95,-1,-118,367
4032,10193859,96,98,2,478,243
4033,11314077,96,97,1,264,515
4034,2271561,96,99,3,677,213
4035,10112757,96,103,7,1227,462
4036,13678174,96,96,0,97,351
4037,11504977,96,98,2,488,194
4038,4579954,96,99,3,680,196
4039,7511884,96,92,-4,-762,433
4040,1355887,96,93,-3,-514,420
4041,12432151,96,91,-5,-1020,556
4042,2147765,96,96,0,98,212
4043,7218602,96,104,8,1373,760
4044,1883478,96,93,-3,-547,419
4045,2233617,96,95,-1,-129,513
4046,5964278,96,99,3,631,256
4047,396568,96,101,5,941,386
4048,12624554,96,96,0,90,290
4049,2565965,96,94,-2,-314,287
4050,9140173,96,105,9,1523,603
4051,9148389,96,92,-4,-731,353
4052,11458245,96,106,10,1665,333
4053,282806,96,96,0,92,253
4054,2156314,96,96,0,80,560
4055,4144026,96,93,-3,-525,354
4056,7129322,96,93,-3,-539,532
4057,10106769,96,92,-4,-755,444
4058,12942183,96,100,4,830,320
4059,8553164,96,94,-2,-289,279
4060,9758644,96,94,-2,-347,580
4061,12244346,96,107,11,1761,227
4062,3263297,96,99,3,643,344
4063,10167809,96,95,-1,-89,351
4064,662880,96,88,-8,-1812,427
4065,2840992,96,104,8,1394,313
4066,3994099,96,96,0,98,335
4067,10607498,96,99,3,676,181
4068,4839828,96,102,6,1094,383
4069,5832889,96,96,0,99,477
4070,8010811,96,99,3,637,527
4071,10886742,96,97,1,276,432
4072,4162494,96,93,-3,-525,302
4073,12101377,96,98,2,469,393
4074,7699519,96,94,-2,-305,186
4075,6069787,96,97,1,282,308
4076,1194929,96,87,-9,-2135,398
4077,9162767,96,95,-1,-109,298
4078,4548742,96,92,-4,-775,423
4079,13086723,96,103,7,1260,384
4080,10727938,96,95,-1,-107,475
4081,3978093,96,91,-5,-1011,525
4082,5577114,96,92,-4,-733,245
4083,6445689,96,93,-3,-529,289
4084,9371585,96,93,-3,-533,392
4085,6120558,96,94,-2,-333,373
4086,506965,96,103,7,1260,353
4087,1274070,96,90,-6,-1245,364
4088,5137878,96,94,-2,-313,214
4089,6039916,96,101,5,972,358
4090,9113528,96,96,0,108,349
4091,7399445,96,94,-2,-326,420
4092,5489659,96,89,-7,-1560,262
4093,13515948,96,101,5,982,286
4094,13562488,96,92,-4,-757,275
4095,6634332,96,99,3,654,277
4096,12256713,96,95,-1,-108,313
4097,8646601,95,92,-3,-532,226
4098,4703865,95,95,0,91,222
4099,633536,95,93,-2,-332,172
4100,6144087,95,100,5,977,704
4101,4207949,95,91,-4,-772,359
4102,11885128,95,86,-9,-2211,859
4103,6925252,95,93,-2,-341,792
4104,7895514,95,94,-1,-108,262
4105,5815838,95,88,-7,-1580,639
4106,8007722,95,95,0,87,407
4107,368461,95,90,-5,-1018,492
4108,9226887,95,89,-6,-1275,479
4109,8418510,95,93,-2,-338,240
4110,6219158,95,96,1,293,232
4111,9772749,95,91,-4,-768,180
4112,7419242,95,99,4,825,429
4113,4576822,95,95,0,91,303
4114,13077265,95,95,0,89,634
4115,12784636,95,91,-4,-775,664
4116,6252972,95,90,-5,-1020,1502
4117,8442958,95,96,1,302,230
4118,9624693,95,92,-3,-531,219
4119,2045814,95,94,-1,-102,267
4120,6056235,95,92,-3,-526,448
4121,4922266,95,94,-1,-132,438
4122,6705393,95,99,4,833,291
4123,8949095,95,90,-5,-1022,766
4124,12940756,95,94,-1,-108,634
4125,8738378,95,94,-1,-112,240
4126,3241940,95,90,-5,-1012,470
4127,10479479,95,90,-5,-1024,1254
4128,3576011,95,89,-6,-1261,743
4129,9884036,95,86,-9,-2206,1495
4130,13288232,95,94,-1,-100,240
4131,11026788,95,94,-1,-124,864
4132,8294735,95,97,2,465,650
4133,9967491,95,91,-4,-778,704
4134,11533534,95,92,-3,-514,243
4135,9618043,95,90,-5,-1014,865
4136,6396656,95,100,5,985,560
4137,1181371,95,97,2,455,522
4138,8060152,95,89,-6,-1279,319
4139,4401578,95,95,0,82,486
4140,6518746,95,102,7,1295,226
4141,2131159,95,92,-3,-530,410
4142,5044612,95,92,-3,-548,582
4143,203061,95,95,0,87,374
4144,7224594,95,93,-2,-315,177
4145,10388770,95,91,-4,-778,1020
4146,12977167,95,102,7,1279,433
4147,4189461,95,91,-4,-770,606
4148,5739796,95,92,-3,-555,378
4149,4727653,95,101,6,1125,409
4150,8214855,95,102,7,1260,451
4151,12917452,95,89,-6,-1282,742
4152,415882,95,100,5,995,411
4153,4163888,95,95,0,98,564
4154,10488004,95,95,0,81,423
4155,2592255,95,88,-7,-1576,396
4156,2345840,95,96,1,300,313
4157,2647923,95,88,-7,-1587,746
4158,9018383,95,93,-2,-352,456
4159,5499369,95,92,-3,-545,737
4160,1682516,95,93,-2,-351,691
4161,8890517,95,92,-3,-558,720
4162,12141311,95,92,-3,-530,247
4163,1402077,95,93,-2,-351,605
4164,2874137,95,92,-3,-531,499
4165,11670162,95,91,-4,-772,450
4166,6456069,95,91,-4,-775,258
4167,11601599,95,105,10,1699,547
4168,5321157,95,91,-4,-794,536
4169,867196,95,91,-4,-791,700
4170,9555393,95,95,0,123,713
4171,9879840,95,92,-3,-550,782
4172,2443312,95,100,5,1022,317
4173,8221267,95,94,-1,-116,644
4174,2100350,95,100,5,983,609
4175,3379235,95,88,-7,-1583,494
4176,2240820,95,91,-4,-788,809
4177,93592,95,90,-5,-1017,617
4178,10151133,95,95,0,85,716
4179,6254322,95,97,2,441,293
4180,2288330,95,89,-6,-1260,213
4181,3098235,95,91,-4,-758,243
4182,5577004,95,91,-4,-785,462
4183,5035118,95,100,5,1030,327
4184,6451306,95,97,2,477,433
4185,11763244,95,86,-9,-2231,1057
4186,8895354,95,87,-8,-1871,687
4187,12843090,95,92,-3,-502,355
4188,8777518,95,91,-4,-771,478
4189,2709219,95,96,1,273,485
4190,10042115,95,88,-7,-1584,740
4191,8017581,95,98,3,698,396
4192,3846123,95,94,-1,-100,452
4193,9460615,95,87,-8,-1872,277
4194,6725041,95,88,-7,-1607,634
4195,9972872,95,88,-7,-1554,500
4196,1200960,95,101,6,1150,532
4197,6502701,95,91,-4,-760,380
4198,7288472,95,94,-1,-128,633
4199,6051622,95,94,-1,-102,549
4200,12454454,95,94,-1,-122,1025
4201,570450,95,92,-3,-527,477
4202,5663195,95,92,-3,-558,546
4203,3854723,95,97,2,471,225
4204,4035155,95,102,7,1281,454
4205,8330191,95,88,-7,-1595,645
4206,13245805,95,107,12,1939,389
4207,512672,95,98,3,667,351
4208,1481200,95,105,10,1768,210
4209,5872322,95,93,-2,-349,357
4210,10830784,95,104,9,1558,802
4211,6209049,95,101,6,1164,240
4212,7072309,95,92,-3,-559,535
4213,8400253,95,94,-1,-85,509
4214,8891082,95,99,4,874,206
4215,13123730,95,100,5,1000,272
4216,6477573,95,96,1,290,646
4217,7313491,95,101,6,1132,595
4218,5885653,95,92,-3,-533,467
4219,11072023,95,99,4,880,214
4220,10215904,95,97,2,484,518
4221,196704,95,93,-2,-353,649
4222,9120338,95,100,5,1025,482
4223,2197126,95,89,-6,-1310,762
4224,10223681,95,94,-1,-107,523
4225,10336634,95,89,-6,-1314,623
4226,4578377,95,94,-1,-113,640
4227,9524868,95,92,-3,-515,415
4228,6156859,95,93,-2,-338,476
4229,12948395,95,96,1,305,606
4230,9197944,95,94,-1,-88,590
4231,2380830,95,89,-6,-1287,710
4232,12833559,95,95,0,134,510
4233,13116075,95,84,-11,-2918,487
4234,229922,95,90,-5,-1005,460
4235,12354012,95,94,-1,-79,382
4236,3371442,95,96,1,305,753
4237,488112,95,89,-6,-1298,526
4238,3175189,95,90,-5,-1007,566
4239,6108990,95,92,-3,-526,411
4240,10355525,95,90,-5,-976,345
4241,96284,95,94,-1,-135,486
4242,4711983,95,97,2,519,270
4243,10919311,95,92,-3,-551,694
4244,853221,95,92,-3,-522,470
4245,7927761,95,88,-7,-1604,463
4246,2802079,95,93,-2,-315,603
4247,4234041,95,92,-3,-515,610
4248,8145643,95,91,-4,-727,402
4249,2153123,95,97,2,530,187
4250,10402254,95,88,-7,-1587,472
4251,10799048,95,90,-5,-1015,678
4252,5316580,95,91,-4,-791,743
4253,10239588,95,89,-6,-1269,353
4254,3110324,95,92,-3,-544,473
4255,12017712,95,96,1,299,547
4256,5879609,95,97,2,502,392
4257,5988658,95,98,3,689,329
4258,643869,95,92,-3,-546,864
4259,731352,95,91,-4,-766,306
4260,5561207,95,92,-3,-455,631
4261,4937923,95,90,-5,-966,332
4262,9021174,95,93,-2,-328,597
4263,12270440,95,94,-1,-89,679
4264,5374670,95,90,-5,-1013,546
4265,3209594,95,91,-4,-740,427
4266,10708491,95,91,-4,-767,669
4267,2786114,95,95,0,105,512
4268,12277060,95,90,-5,-1016,394
4269,8974341,95,93,-2,-313,582
4270,4421746,95,90,-5,-1008,818
4271,9432103,95,91,-4,-760,569
4272,7631978,95,94,-1,-92,273
4273,10977696,95,95,0,123,560
4274,12622954,95,92,-3,-515,598
4275,1744530,95,86,-9,-2249,545
4276,7470650,95,99,4,876,299
4277,3475517,95,97,2,531,441
4278,12347683,95,95,0,100,513
4279,10822479,95,91,-4,-759,507
4280,10725574,95,93,-2,-327,607
4281,6625026,95,107,12,2003,569
4282,2005269,95,89,-6,-1347,617
4283,9634601,95,96,1,329,395
4284,6413153,95,94,-1,-109,434
4285,12056314,95,99,4,873,374
4286,8646072,95,95,0,115,421
4287,11302797,95,105,10,1744,505
4288,11485656,95,100,5,1047,239
4289,9559850,95,95,0,131,426
4290,591171,95,93,-2,-296,772
4291,4389318,95,93,-2,-303,338
4292,1018416,95,94,-1,-36,190
4293,8632502,95,98,3,677,324
4294,7739919,95,95,0,109,284
4295,6671592,95,89,-6,-1314,733
4296,11760230,95,94,-1,-120,516
4297,395071,95,97,2,524,438
4298,7999172,95,106,11,1885,474
4299,5424910,95,91,-4,-784,487
4300,3964017,95,95,0,139,284
4301,13164890,95,91,-4,-761,298
4302,10352369,95,85,-10,-2644,325
4303,5772154,95,91,-4,-766,217
4304,10336764,95,97,2,532,392
4305,5814537,95,93,-2,-295,456
4306,10416812,95,99,4,902,252
4307,4487262,95,97,2,528,300
4308,4705582,95,92,-3,-541,285
4309,9573319,95,90,-5,-1014,332
4310,4945603,95,102,7,1342,261
4311,13463753,95,98,3,690,291
4312,1508580,95,94,-1,-90,282
4313,12175559,95,109,14,2214,277
4314,8182939,95,103,8,1494,313
4315,12306036,95,100,5,1057,404
4316,9877789,95,96,1,330,265
4317,2974502,95,100,5,1055,414
4318,1514905,95,96,1,333,210
4319,5904095,95,96,1,322,459
4320,575083,95,92,-3,-509,230
4321,7529471,95,107,12,2013,405
4322,621880,95,108,13,2123,327
4323,7781423,95,92,-3,-542,260
4324,392806,94,94,0,117,233
4325,11032954,94,99,5,1057,393
4326,6023676,94,97,3,686,199
4327,6275543,94,94,0,117,458
4328,6229710,94,89,-5,-1041,691
4329,1805241,94,86,-8,-1976,215
4330,3068654,94,92,-2,-304,503
4331,9397740,94,93,-1,-107,235
4332,5917348,94,94,0,110,563
4333,3460065,94,91,-3,-541,315
4334,10196811,94,89,-5,-1043,472
4335,4759261,94,96,2,499,310
4336,5806648,94,103,9,1648,197
4337,1723077,94,90,-4,-795,735
4338,2123131,94,89,-5,-1046,531
4339,1626441,94,87,-7,-1640,480
4340,1864019,94,96,2,516,363
4341,7667031,94,95,1,301,605
4342,9417573,94,95,1,303,607
4343,5372844,94,89,-5,-1055,474
4344,12357785,94,90,-4,-789,586
4345,6846991,94,92,-2,-300,378
4346,3057517,94,90,-4,-795,373
4347,3113522,94,99,5,1054,366
4348,10879241,94,92,-2,-313,485
4349,12055072,94,91,-3,-540,268
4350,7956073,94,87,-7,-1642,287
4351,10708470,94,90,-4,-808,788
4352,771618,94,91,-3,-552,515
4353,12030680,94,90,-4,-791,658
4354,5532197,94,100,6,1210,1545
4355,2470113,94,91,-3,-552,944
4356,4697566,94,91,-3,-541,391
4357,2490385,94,90,-4,-785,479
4358,11459420,94,89,-5,-1048,268
4359,7686668,94,92,-2,-307,739
4360,9367613,94,88,-6,-1364,1052
4361,12052416,94,88,-6,-1349,433
4362,12895058,94,90,-4,-795,533
4363,9123459,94,91,-3,-569,479
4364,745379,94,91,-3,-549,473
4365,6359578,94,96,2,502,921
4366,2652031,94,90,-4,-805,456
4367,1763757,94,88,-6,-1367,885
4368,4588034,94,101,7,1368,147
4369,12510021,94,93,-1,-120,480
4370,6525855,94,100,6,1231,477
4371,10723197,94,92,-2,-308,724
4372,11055504,94,94,0,131,240
4373,524688,94,91,-3,-557,335
4374,4811969,94,98,4,887,423
4375,10395532,94,98,4,909,327
4376,12449093,94,93,-1,-103,316
4377,3477034,94,98,4,895,363
4378,8249217,94,95,1,309,364
4379,13515685,94,96,2,541,161
4380,13351761,94,88,-6,-1348,400
4381,12554808,94,89,-5,-1045,313
4382,8808214,94,89,-5,-1059,1066
4383,6289606,94,84,-10,-2698,814
4384,9714820,94,90,-4,-800,866
4385,4203067,94,90,-4,-798,419
4386,5925526,94,89,-5,-1072,625
4387,8910202,94,100,6,1220,379
4388,807423,94,97,3,710,472
4389,9354930,94,93,-1,-102,419
4390,6449330,94,90,-4,-801,579
4391,11039299,94,94,0,107,566
4392,11959352,94,91,-3,-556,1001
4393,12710145,94,87,-7,-1662,958
4394,2854192,94,91,-3,-556,620
4395,13061459,94,91,-3,-520,244
4396,5556336,94,91,-3,-530,260
4397,5240537,94,94,0,147,230
4398,10633313,94,93,-1,-129,452
4399,2633778,94,85,-9,-2321,503
4400,2969330,94,93,-1,-109,358
4401,8703145,94,97,3,704,416
4402,5854266,94,89,-5,-1071,825
4403,11810618,94,91,-3,-551,418
4404,4996979,94,88,-6,-1362,754
4405,7706485,94,87,-7,-1675,568
4406,4526327,94,82,-12,-3437,784
4407,7011264,94,95,1,321,474
4408,5550332,94,94,0,106,1005
4409,9197252,94,98,4,923,299
4410,6625583,94,98,4,889,354
4411,5391154,94,103,9,1654,494
4412,8672034,94,93,-1,-104,339
4413,1556663,94,96,2,555,213
4414,8074796,94,95,1,355,205
4415,3326441,94,95,1,320,510
4416,10778927,94,96,2,543,266
4417,5198860,94,94,0,158,218
4418,4237354,94,90,-4,-816,913
4419,4459693,94,93,-1,-76,176
4420,8528913,94,93,-1,-105,541
4421,6008783,94,100,6,1236,380
4422,5958124,94,87,-7,-1685,705
4423,11096912,94,95,1,302,481
4424,6012269,94,94,0,80,315
4425,3200613,94,88,-6,-1386,924
4426,3778006,94,96,2,505,708
4427,1867877,94,94,0,102,363
4428,1385282,94,91,-3,-580,707
4429,12611200,94,92,-2,-281,329
4430,4524616,94,98,4,891,286
4431,1360236,94,89,-5,-1057,927
4432,6291099,94,94,0,151,211
4433,4942016,94,91,-3,-569,710
4434,2782581,94,94,0,102,569
4435,3879221,94,101,7,1378,229
4436,8420032,94,103,9,1685,185
4437,912436,94,97,3,749,171
4438,8963183,94,91,-3,-569,358
4439,919119,94,94,0,115,702
4440,9513203,94,105,11,1939,318
4441,1161806,94,88,-6,-1348,280
4442,8065672,94,94,0,108,667
4443,9000884,94,88,-6,-1381,450
4444,845935,94,93,-1,-53,224
4445,4742313,94,92,-2,-303,473
4446,3311191,94,101,7,1398,357
4447,12873006,94,90,-4,-827,643
4448,12043965,94,95,1,378,218
4449,3919008,94,98,4,883,651
4450,12050556,94,94,0,84,565
4451,5000971,94,89,-5,-1042,333
4452,3703001,94,89,-5,-1103,332
4453,6421275,94,94,0,96,358
4454,553563,94,102,8,1554,343
4455,4482731,94,93,-1,-121,363
4456,10111840,94,87,-7,-1686,633
4457,13134622,94,95,1,324,500
4458,11779179,94,96,2,528,615
4459,12034903,94,94,0,110,424
4460,13640274,94,100,6,1271,189
4461,6118728,94,94,0,167,364
4462,11773573,94,92,-2,-294,423
4463,9691091,94,90,-4,-755,310
4464,10681421,94,89,-5,-1046,270
4465,10325439,94,87,-7,-1697,480
4466,3387763,94,106,12,2082,846
4467,5062853,94,91,-3,-543,250
4468,5757522,94,93,-1,-89,419
4469,7965913,94,91,-3,-545,540
4470,10551236,94,93,-1,-69,366
4471,9378403,94,99,5,1063,345
4472,1929135,94,102,8,1524,329
4473,313334,94,94,0,99,314
4474,1818192,94,96,2,531,436
4475,4955817,94,98,4,866,233
4476,2883998,94,93,-1,-102,440
4477,10618938,94,90,-4,-816,472
4478,10275905,94,101,7,1374,542
4479,25241,94,93,-1,-108,470
4480,8852193,94,91,-3,-583,461
4481,7341093,94,91,-3,-592,421
4482,10449005,94,102,8,1524,394
4483,9224872,94,97,3,722,458
4484,10021538,94,88,-6,-1345,429
4485,10946243,94,96,2,533,506
4486,3475042,94,88,-6,-1373,664
4487,6485124,94,88,-6,-1363,381
4488,1159033,94,94,0,153,484
4489,12378656,94,97,3,700,357
4490,12506363,94,95,1,375,238
4491,11235330,94,92,-2,-312,353
4492,2046075,94,91,-3,-572,617
4493,5934496,94,87,-7,-1705,260
4494,9254654,94,94,0,126,455
4495,8099957,94,90,-4,-803,312
4496,3960697,94,96,2,561,251
4497,6344170,94,92,-2,-342,267
4498,227815,94,96,2,527,327
4499,31071,94,98,4,893,500
4500,4270263,94,93,-1,-75,342
4501,12367945,94,93,-1,-92,455
4502,8035184,94,97,3,752,233
4503,844804,94,93,-1,-93,401
4504,11841117,94,107,13,2214,383
4505,7947223,94,99,5,1075,208
4506,6831185,94,93,-1,-93,304
4507,37865,94,94,0,101,399
4508,4911808,94,89,-5,-1094,616
4509,8034384,94,90,-4,-818,232
4510,9351030,94,93,-1,-88,383
4511,5968416,94,97,3,723,318
4512,4994076,94,92,-2,-331,362
4513,1724507,94,95,1,340,443
4514,6168412,94,90,-4,-834,303
4515,4994588,94,92,-2,-302,326
4516,1612474,94,88,-6,-1417,458
4517,488000,94,94,0,128,410
4518,5051144,94,90,-4,-825,414
4519,11335289,94,105,11,1983,242
4520,707819,94,90,-4,-791,410
4521,6535391,94,96,2,533,463
4522,2576267,94,99,5,1090,283
4523,5840536,94,87,-7,-1704,383
4524,7568719,94,93,-1,-89,397
4525,5718404,94,90,-4,-785,455
4526,13596828,94,98,4,898,372
4527,11036588,94,94,0,106,395
4528,11388694,94,92,-2,-317,365
4529,5555017,94,91,-3,-565,226
4530,8799767,94,91,-3,-575,390
4531,5431747,94,97,3,731,276
4532,1947309,94,100,6,1276,213
4533,5465211,94,94,0,113,296
4534,5429406,94,97,3,735,272
4535,205128,94,104,10,1859,282
4536,691645,94,91,-3,-573,292
4537,13085156,93,106,13,2226,254
4538,12341087,93,96,3,733,516
4539,9023162,93,90,-3,-576,297
4540,12542056,93,90,-3,-578,252
4541,11207839,93,93,0,106,812
4542,822006,93,90,-3,-575,437
4543,13543386,93,90,-3,-579,366
4544,10005491,93,93,0,110,404
4545,4024483,93,92,-1,-91,508
4546,5228766,93,92,-1,-86,263
4547,1809987,93,97,4,900,293
4548,11571041,93,101,8,1566,158
4549,11397115,93,89,-4,-822,234
4550,5440168,93,95,2,537,274
4551,6514109,93,90,-3,-576,585
4552,6484137,93,95,2,525,629
4553,6867985,93,89,-4,-821,443
4554,8199515,93,96,3,731,311
4555,9321955,93,89,-4,-823,455
4556,735138,93,90,-3,-578,270
4557,6550546,93,89,-4,-818,338
4558,5601277,93,93,0,98,446
4559,11042570,93,89,-4,-835,291
4560,8455280,93,96,3,714,330
4561,3138381,93,89,-4,-842,842
4562,6676311,93,95,2,521,251
4563,1738858,93,96,3,729,418
4564,4546259,93,88,-5,-1149,404
4565,5296253,93,90,-3,-581,199
4566,1598394,93,90,-3,-586,460
4567,1752962,93,89,-4,-843,862
4568,1534490,93,92,-1,-102,913
4569,12126143,93,98,5,1105,385
4570,12428539,93,91,-2,-333,342
4571,13070063,93,87,-6,-1438,715
4572,765871,93,92,-1,-91,363
4573,5444485,93,91,-2,-332,541
4574,13482272,93,89,-4,-828,410
4575,9251100,93,87,-6,-1425,276
4576,10038862,93,92,-1,-100,620
4577,8798046,93,92,-1,-83,392
4578,276935,93,87,-6,-1430,308
4579,10523344,93,94,1,345,191
4580,10737211,93,96,3,714,387
4581,4997197,93,86,-7,-1763,318
4582,571172,93,89,-4,-819,432
4583,9228541,93,94,1,335,426
4584,9307176,93,89,-4,-831,331
4585,3037512,93,101,8,1572,479
4586,6927521,93,86,-7,-1768,749
4587,10621100,93,94,1,342,673
4588,6473764,93,107,14,2365,219
4589,7531426,93,86,-7,-1763,1342
4590,2159467,93,104,11,1991,309
4591,3264678,93,93,0,118,1053
4592,2218977,93,92,-1,-102,513
4593,1957496,93,92,-1,-103,282
4594,7763817,93,96,3,729,526
4595,13044489,93,88,-5,-1128,445
4596,5500390,93,92,-1,-69,197
4597,6537256,93,93,0,145,263
4598,1166920,93,90,-3,-574,528
4599,10283601,93,94,1,342,658
4600,13702347,93,91,-2,-325,410
4601,5039137,93,93,0,89,368
4602,10678094,93,92,-1,-78,371
4603,8698610,93,91,-2,-333,440
4604,4077019,93,90,-3,-583,738
4605,4148628,93,85,-8,-2125,801
4606,1929341,93,91,-2,-327,563
4607,3183843,93,86,-7,-1792,837
4608,2008051,93,99,6,1259,433
4609,12510974,93,89,-4,-815,248
4610,2225483,93,89,-4,-845,411
4611,4990986,93,89,-4,-848,800
4612,2653121,93,90,-3,-581,665
4613,9494802,93,90,-3,-588,1033
4614,8352697,93,90,-3,-561,529
4615,12442097,93,92,-1,-96,483
4616,3273768,93,88,-5,-1163,414
4617,12872117,93,95,2,555,360
4618,9961961,93,91,-2,-338,617
4619,6422918,93,88,-5,-1128,762
4620,7333353,93,88,-5,-1155,792
4621,12562573,93,87,-6,-1455,541
4622,3275984,93,90,-3,-587,417
4623,1099360,93,96,3,756,228
4624,2965242,93,93,0,119,469
4625,895579,93,96,3,733,497
4626,2366214,93,95,2,517,267
4627,837754,93,86,-7,-1744,408
4628,11525283,93,96,3,713,407
4629,7339497,93,94,1,319,301
4630,1278796,93,89,-4,-842,539
4631,10393308,93,102,9,1745,301
4632,11148955,93,90,-3,-623,636
4633,5707745,93,88,-5,-1172,1189
4634,12473580,93,85,-8,-2138,872
4635,3082994,93,93,0,141,204
4636,9139435,93,88,-5,-1168,471
4637,3500810,93,109,16,2584,259
4638,5094302,93,90,-3,-572,458
4639,11773063,93,89,-4,-861,688
4640,8177725,93,87,-6,-1470,752
4641,10907369,93,102,9,1735,999
4642,10048484,93,98,5,1147,220
4643,13195010,93,89,-4,-869,627
4644,4678183,93,92,-1,-109,618
4645,10746244,93,89,-4,-835,459
4646,1647428,93,85,-8,-2125,300
4647,8834606,93,89,-4,-827,300
4648,3703844,93,101,8,1569,236
4649,9187145,93,92,-1,-103,204
4650,10821811,93,84,-9,-2495,479
4651,13695997,93,93,0,72,654
4652,7876421,93,90,-3,-588,772
4653,2961049,93,93,0,155,393
4654,6589306,93,89,-4,-850,509
4655,153120,93,93,0,156,233
4656,8988048,93,91,-2,-310,500
4657,10407055,93,90,-3,-597,517
4658,9321204,93,90,-3,-593,585
4659,9082263,93,90,-3,-588,403
4660,11142496,93,95,2,578,317
4661,6646696,93,90,-3,-546,447
4662,13004302,93,85,-8,-2156,686
4663,2438523,93,88,-5,-1168,598
4664,3662800,93,96,3,732,599
4665,1542609,93,86,-7,-1803,993
4666,10873181,93,99,6,1285,391
4667,2268553,93,89,-4,-823,570
4668,3118594,93,93,0,117,502
4669,10187542,93,86,-7,-1792,345
4670,6800592,93,91,-2,-376,581
4671,6946116,93,91,-2,-340,647
4672,9979563,93,91,-2,-309,277
4673,4385061,93,100,7,1460,255
4674,13197541,93,95,2,534,704
4675,8346947,93,90,-3,-600,735
4676,2542709,93,94,1,381,220
4677,10236682,93,91,-2,-332,351
4678,13386710,93,93,0,131,301
4679,7520602,93,96,3,737,275
4680,8003849,93,94,1,363,328
4681,4448926,93,92,-1,-58,152
4682,2143569,93,91,-2,-307,529
4683,166860,93,95,2,552,278
4684,2985225,93,95,2,552,260
4685,12176010,93,94,1,348,402
4686,10150794,93,96,3,796,334
4687,9650447,93,95,2,569,198
4688,11809431,93,94,1,337,319
4689,8531653,93,90,-3,-578,562
4690,8264210,93,91,-2,-330,402
4691,4391113,93,91,-2,-337,587
4692,949485,93,94,1,293,400
4693,3929156,93,92,-1,-100,548
4694,13576787,93,101,8,1639,433
4695,610595,93,89,-4,-825,393
4696,7955207,93,85,-8,-2151,469
4697,5323756,93,89,-4,-795,402
4698,1411358,93,90,-3,-555,473
4699,5641008,93,90,-3,-574,525
4700,9770254,93,96,3,793,192
4701,11464224,93,88,-5,-1142,372
4702,8632903,93,91,-2,-321,352
4703,12877992,93,99,6,1304,439
4704,5404306,93,88,-5,-1114,271
4705,2745136,93,86,-7,-1812,472
4706,9409375,93,90,-3,-506,203
4707,9402875,93,91,-2,-327,295
4708,12302419,93,91,-2,-280,302
4709,7742735,93,89,-4,-863,385
4710,1479458,93,86,-7,-1840,605
4711,12804385,93,90,-3,-512,179
4712,833855,93,94,1,350,489
4713,6496101,93,94,1,363,269
4714,13498609,93,101,8,1609,444
4715,5680928,93,88,-5,-1137,636
4716,6073735,93,95,2,535,420
4717,12120299,93,95,2,535,320
4718,5352994,93,94,1,365,406
4719,12084031,93,90,-3,-563,311
4720,10263267,93,95,2,591,224
4721,10741198,93,94,1,344,325
4722,10897493,93,88,-5,-1112,226
4723,11026242,93,88,-5,-1174,526
4724,8696252,93,89,-4,-806,197
4725,6832184,93,94,1,389,241
4726,4106010,93,87,-6,-1428,304
4727,6503763,93,90,-3,-516,176
4728,8440751,93,88,-5,-1154,496
4729,5693529,93,97,4,946,549
4730,3295250,93,108,15,2564,387
4731,4105100,93,89,-4,-827,478
4732,6743616,93,92,-1,-63,340
4733,12635522,93,93,0,174,284
4734,5517158,93,97,4,959,238
4735,5532468,93,99,6,1361,349
4736,798659,93,94,1,342,468
4737,7656782,93,93,0,149,362
4738,101061,93,91,-2,-322,232
4739,6745263,93,91,-2,-354,641
4740,8276628,93,89,-4,-834,312
4741,6725665,93,96,3,758,384
4742,7607211,93,94,1,339,387
4743,12561192,93,98,5,1141,249
4744,4585518,93,92,-1,-79,553
4745,216810,93,104,11,2071,415
4746,11270386,93,90,-3,-569,370
4747,5123420,93,94,1,359,259
4748,8996471,93,95,2,569,484
4749,7682044,93,89,-4,-876,407
4750,2152180,93,92,-1,-84,597
4751,10535829,93,95,2,558,387
4752,253510,93,89,-4,-847,360
4753,180771,93,89,-4,-854,292
4754,13319233,93,96,3,761,323
4755,5316707,93,88,-5,-1163,547
4756,12068514,93,98,5,1153,294
4757,9723019,93,88,-5,-1178,423
4758,9353997,93,100,7,1497,239
4759,12666079,93,89,-4,-841,361
4760,6992544,93,99,6,1321,401
4761,12735897,93,96,3,772,528
4762,4083666,93,96,3,767,391
4763,1123587,93,91,-2,-337,440
4764,12735975,93,94,1,379,275
4765,12155459,93,101,8,1656,257
4766,12276380,93,93,0,163,174
4767,2704292,93,86,-7,-1811,272
4768,9837116,93,99,6,1340,368
4769,3519309,93,92,-1,-59,276
4770,7055505,93,100,7,1526,296
4771,12209191,93,90,-3,-558,238
4772,3965082,93,98,5,1142,218
4773,11077167,93,91,-2,-324,291
4774,8792227,93,102,9,1810,370
4775,10303142,93,94,1,352,287
4776,7673246,93,89,-4,-855,318
4777,5163217,93,94,1,352,314
4778,10460967,93,94,1,350,282
4779,13660783,93,96,3,779,384
4780,3693005,92,101,9,1804,276
4781,10231902,92,87,-5,-1182,497
4782,5256970,92,88,-4,-902,267
4783,12794562,92,87,-5,-1191,738
4784,9756287,92,93,1,352,230
4785,8273112,92,88,-4,-907,1474
4786,398411,92,89,-3,-590,1855
4787,7444707,92,92,0,148,240
4788,13569134,92,84,-8,-2246,1917
4789,1596773,92,88,-4,-894,220
4790,6855830,92,99,7,1514,361
4791,4227695,92,91,-1,-90,348
4792,2322993,92,91,-1,-88,377
4793,4325644,92,91,-1,-91,427
4794,3202069,92,85,-7,-1885,981
4795,507615,92,89,-3,-591,815
4796,3153642,92,84,-8,-2245,627
4797,6129848,92,91,-1,-90,540
4798,4365288,92,95,3,772,332
4799,2239387,92,88,-4,-902,437
4800,6940935,92,88,-4,-893,509
4801,5541130,92,86,-6,-1528,1911
4802,1638634,92,92,0,143,454
4803,2978661,92,90,-2,-323,524
4804,12392668,92,94,2,566,567
4805,1453048,92,87,-5,-1191,746
4806,13381046,92,93,1,352,563
4807,13039066,92,100,8,1676,452
4808,5496875,92,86,-6,-1529,737
4809,6763882,92,97,5,1140,365
4810,9974448,92,91,-1,-111,518
4811,9016746,92,90,-2,-345,1239
4812,10001710,92,94,2,556,229
4813,1235469,92,86,-6,-1526,249
4814,2457981,92,89,-3,-581,500
4815,4922657,92,91,-1,-91,228
4816,5523930,92,92,0,141,692
4817,11647740,92,92,0,133,329
4818,9953748,92,92,0,151,380
4819,6002593,92,92,0,146,532
4820,6729890,92,89,-3,-599,1201
4821,3512234,92,84,-8,-2241,351
4822,1119516,92,86,-6,-1534,547
4823,12719328,92,92,0,132,972
4824,2123995,92,87,-5,-1192,320
4825,6761578,92,93,1,356,831
4826,10292367,92,99,7,1507,260
4827,5945429,92,95,3,759,434
4828,13461123,92,86,-6,-1564,484
4829,6288873,92,89,-3,-593,302
4830,12844018,92,99,7,1505,285
4831,4539114,92,94,2,565,398
4832,1334860,92,102,10,1981,378
4833,1236166,92,93,1,343,391
4834,4068334,92,95,3,767,348
4835,12476906,92,88,-4,-897,944
4836,250037,92,91,-1,-106,914
4837,9171757,92,96,4,928,783
4838,1501537,92,90,-2,-340,359
4839,7776207,92,86,-6,-1529,238
4840,2762069,92,90,-2,-330,525
4841,12248397,92,87,-5,-1198,285
4842,10071120,92,88,-4,-915,249
4843,10793025,92,92,0,120,438
4844,3029117,92,101,9,1826,273
4845,3744509,92,92,0,148,1320
4846,6378224,92,95,3,798,313
4847,9994223,92,92,0,138,380
4848,6224123,92,89,-3,-584,318
4849,9424445,92,91,-1,-96,250
4850,8188546,92,90,-2,-345,396
4851,2415323,92,90,-2,-339,331
4852,4927927,92,95,3,788,430
4853,13220496,92,86,-6,-1545,499
4854,8851290,92,93,1,361,442
4855,7233710,92,97,5,1160,250
4856,9572551,92,88,-4,-907,497
4857,3965514,92,93,1,334,872
4858,9318990,92,94,2,589,422
4859,6394938,92,91,-1,-84,458
4860,11459903,92,85,-7,-1903,388
4861,11624646,92,97,5,1163,761
4862,1667057,92,89,-3,-586,480
4863,11523254,92,92,0,161,413
4864,11692181,92,87,-5,-1189,479
4865,4989574,92,92,0,151,300
4866,10789633,92,91,-1,-87,836
4867,6941626,92,87,-5,-1161,391
4868,6403048,92,87,-5,-1191,243
4869,8807933,92,86,-6,-1537,378
4870,9667071,92,98,6,1336,348
4871,6177675,92,96,4,960,566
4872,2967553,92,89,-3,-563,350
4873,7895861,92,93,1,385,306
4874,10755357,92,91,-1,-66,594
4875,13111929,92,100,8,1703,369
4876,11854451,92,92,0,113,491
4877,11613408,92,89,-3,-583,375
4878,3228643,92,86,-6,-1556,818
4879,3685106,92,93,1,362,639
4880,7624228,92,92,0,155,832
4881,9859816,92,92,0,147,409
4882,3493048,92,88,-4,-927,536
4883,2997147,92,91,-1,-82,325
4884,9812263,92,86,-6,-1475,208
4885,11115015,92,87,-5,-1197,476
4886,11488377,92,96,4,1035,276
4887,2310461,92,87,-5,-1202,533
4888,4284415,92,89,-3,-625,602
4889,12912905,92,94,2,560,320
4890,9499662,92,90,-2,-359,585
4891,5440088,92,88,-4,-857,275
4892,7985317,92,90,-2,-332,510
4893,1286753,92,90,-2,-310,230
4894,7160553,92,86,-6,-1552,875
4895,9407250,92,88,-4,-908,608
4896,8186178,92,99,7,1524,225
4897,9527696,92,91,-1,-58,449
4898,6383644,92,92,0,171,644
4899,3657568,92,92,0,144,280
4900,8636075,92,89,-3,-582,298
4901,8533390,92,92,0,184,259
4902,12933005,92,90,-2,-330,394
4903,10264160,92,91,-1,-76,209
4904,3124139,92,89,-3,-662,754
4905,13487153,92,102,10,2006,592
4906,6119320,92,95,3,804,274
4907,1148675,92,85,-7,-1875,560
4908,1555163,92,100,8,1716,417
4909,8549057,92,94,2,603,269
4910,1720117,92,85,-7,-1928,571
4911,1010006,92,88,-4,-870,320
4912,310966,92,88,-4,-903,438
4913,6238694,92,89,-3,-636,468
4914,7378638,92,89,-3,-629,584
4915,6335168,92,92,0,199,222
4916,13484802,92,98,6,1335,523
4917,2196215,92,88,-4,-922,315
4918,6327455,92,91,-1,-114,442
4919,6698044,92,92,0,193,818
4920,13696970,92,96,4,991,151
4921,6601259,92,95,3,773,746
4922,2567877,92,88,-4,-865,247
4923,9818187,92,92,0,191,497
4924,11829877,92,88,-4,-889,398
4925,3415269,92,91,-1,-105,646
4926,7435278,92,88,-4,-927,434
4927,10606835,92,88,-4,-879,387
4928,2893869,92,91,-1,-71,425
4929,12072367,92,91,-1,-113,357
4930,5255596,92,96,4,1030,359
4931,6473075,92,86,-6,-1504,330
4932,13477267,92,91,-1,-74,461
4933,7744562,92,92,0,163,551
4934,2459950,92,87,-5,-1199,556
4935,11902895,92,89,-3,-573,441
4936,6004905,92,90,-2,-327,423
4937,8648392,92,89,-3,-636,718
4938,918730,92,91,-1,-118,498
4939,8847931,92,89,-3,-558,461
4940,10589663,92,89,-3,-598,507
4941,661678,92,96,4,976,518
4942,11161326,92,91,-1,-105,311
4943,5666184,92,94,2,673,238
4944,9078750,92,92,0,226,221
4945,4748228,92,98,6,1356,495
4946,8467706,92,91,-1,-99,694
4947,593546,92,87,-5,-1213,345
4948,2718829,92,92,0,163,536
4949,11734897,92,89,-3,-620,519
4950,10235976,92,94,2,639,202
4951,2159522,92,91,-1,-101,604
4952,2408977,92,97,5,1194,625
4953,9698975,92,90,-2,-349,296
4954,12561736,92,91,-1,-105,384
4955,6018427,92,102,10,2024,366
4956,8361651,92,93,1,384,288
4957,6182005,92,95,3,804,364
4958,9472591,92,93,1,381,517
4959,5964316,92,98,6,1379,460
4960,162744,92,100,8,1713,331
4961,9413176,92,93,1,423,383
4962,4740125,92,95,3,796,337
4963,3897902,92,86,-6,-1576,373
4964,11953071,92,87,-5,-1245,315
4965,11820241,92,86,-6,-1556,515
4966,3111009,92,101,9,1882,218
4967,11409161,92,89,-3,-617,354
4968,2855812,92,98,6,1399,311
4969,4596759,92,88,-4,-885,766
4970,4560857,92,88,-4,-905,627
4971,7938358,92,88,-4,-892,536
4972,3863464,92,88,-4,-918,434
4973,5305044,92,89,-3,-654,672
4974,7448177,92,89,-3,-607,526
4975,6719308,92,92,0,166,345
4976,12519387,92,88,-4,-915,464
4977,8404432,92,92,0,177,282
4978,7239011,92,89,-3,-583,283
4979,12387491,92,96,4,1077,356
4980,7456373,92,92,0,167,404
4981,9651839,92,86,-6,-1516,326
4982,10714411,92,85,-7,-1929,560
4983,235098,92,92,0,210,280
4984,2112518,92,89,-3,-599,407
4985,12017154,92,94,2,601,451
4986,13067276,92,91,-1,-103,390
4987,5923836,92,90,-2,-325,538
4988,6657204,92,91,-1,-84,388
4989,11118656,92,86,-6,-1517,380
4990,3520711,92,92,0,146,428
4991,7185548,92,91,-1,-53,296
4992,9859250,92,98,6,1381,350
4993,12486608,92,94,2,581,265
4994,7192127,92,89,-3,-584,530
4995,10128674,92,91,-1,-60,492
4996,9620424,92,89,-3,-640,271
4997,2529534,92,85,-7,-1948,521
4998,7026122,92,87,-5,-1226,392
4999,3437951,92,91,-1,-59,290
5000,7848849,92,89,-3,-639,455
5001,1343516,92,90,-2,-318,385
5002,1854161,92,91,-1,-79,411
5003,339280,92,86,-6,-1541,381
5004,11734560,92,89,-3,-630,443
5005,11849329,92,88,-4,-880,234
5006,7098412,92,96,4,1044,405
5007,4371570,92,97,5,1217,260
5008,8753352,92,89,-3,-584,336
5009,10665651,92,95,3,818,249
5010,9536230,92,97,5,1218,541
5011,1738830,92,94,2,600,382
5012,10997016,92,97,5,1215,399
5013,4624741,92,93,1,408,600
5014,12342798,92,105,13,2480,349
5015,11674176,92,93,1,414,257
5016,3266011,92,97,5,1225,383
5017,5886961,92,96,4,1041,258
5018,7032651,92,94,2,635,269
5019,12246891,92,93,1,403,335
5020,2941216,92,90,-2,-317,379
5021,13462450,92,87,-5,-1180,231
5022,9671946,92,93,1,408,291
5023,3340940,92,88,-4,-898,435
5024,7864156,92,90,-2,-310,399
5025,8003862,92,94,2,612,198
5026,876675,92,100,8,1772,326
5027,3522392,92,89,-3,-583,351
5028,5220708,92,100,8,1769,211
5029,13076334,92,94,2,621,332
5030,1639000,92,92,0,194,410
5031,7173930,92,87,-5,-1212,320
5032,7706063,92,95,3,838,304
5033,6595138,92,89,-3,-608,412
5034,995702,92,95,3,831,244
5035,5970016,92,87,-5,-1221,368
5036,6740395,92,98,6,1403,303
5037,2631077,92,90,-2,-309,285
5038,11459237,92,87,-5,-1197,424
5039,3548129,92,90,-2,-318,289
5040,12404631,92,89,-3,-614,267
5041,7945124,92,90,-2,-315,294
5042,4132142,92,92,0,182,451
5043,6590497,92,99,7,1621,233
5044,12643764,92,93,1,423,351
5045,3792303,92,96,4,1046,227
5046,9273291,92,94,2,627,315
5047,9886612,92,92,0,191,192
5048,9858528,92,93,1,428,290
5049,417592,92,91,-1,-50,243
5050,4530277,92,84,-8,-2288,300
5051,10908833,92,93,1,425,318
5052,13141529,92,97,5,1250,230
5053,10489703,92,92,0,186,183
5054,864383,92,91,-1,-59,217
5055,13305494,91,88,-3,-620,476
5056,5572653,91,97,6,1413,177
5057,9562123,91,87,-4,-910,549
5058,8611030,91,86,-5,-1252,460
5059,2499541,91,89,-2,-309,199
5060,8527238,91,88,-3,-619,284
5061,4137420,91,90,-1,-60,403
5062,1566609,91,91,0,185,673
5063,7426413,91,98,7,1617,430
5064,12743247,91,88,-3,-616,207
5065,12643625,91,93,2,619,230
5066,11463264,91,93,2,630,429
5067,7837988,91,87,-4,-898,144
5068,423117,91,88,-3,-619,279
5069,1019361,91,84,-7,-1961,255
5070,11039919,91,86,-5,-1245,1018
5071,4359768,91,102,11,2240,213
5072,6187465,91,85,-6,-1608,587
5073,8749770,91,97,6,1421,478
5074,13531009,91,88,-3,-623,544
5075,5863978,91,87,-4,-913,502
5076,1209064,91,83,-8,-2303,457
5077,11543580,91,89,-2,-305,317
5078,1952433,91,90,-1,-59,315
5079,3999148,91,96,5,1239,758
5080,505826,91,90,-1,-67,233
5081,3956863,91,97,6,1424,318
5082,3222319,91,88,-3,-627,1437
5083,10885368,91,98,7,1622,257
5084,4724661,91,84,-7,-1980,1276
5085,6381337,91,91,0,176,537
5086,5772715,91,86,-5,-1247,283
5087,2644630,91,93,2,644,223
5088,12329839,91,86,-5,-1250,295
5089,10070233,91,88,-3,-625,384
5090,6804601,91,92,1,422,401
5091,7294370,91,95,4,1015,590
5092,3696546,91,91,0,170,799
5093,3277539,91,87,-4,-921,628
5094,495632,91,89,-2,-314,381
5095,2228889,91,84,-7,-1977,565
5096,3431506,91,88,-3,-630,810
5097,1031113,91,88,-3,-636,688
5098,7196761,91,89,-2,-332,269
5099,2472215,91,86,-5,-1259,429
5100,8202323,91,85,-6,-1632,754
5101,4961675,91,89,-2,-330,432
5102,1029813,91,88,-3,-641,372
5103,6908683,91,91,0,204,614
5104,8371244,91,92,1,403,613
5105,10886677,91,90,-1,-62,635
5106,4216730,91,89,-2,-310,341
5107,7874967,91,101,10,2066,415
5108,6325866,91,94,3,833,388
5109,6299013,91,95,4,1065,255
5110,9410540,91,91,0,190,580
5111,4971172,91,85,-6,-1618,431
5112,1333107,91,83,-8,-2333,972
5113,1227516,91,96,5,1238,308
5114,7603465,91,85,-6,-1593,427
5115,13092749,91,86,-5,-1246,553
5116,12344367,91,97,6,1415,651
5117,1844749,91,89,-2,-321,434
5118,2161374,91,90,-1,-42,259
5119,400178,91,84,-7,-1959,527
5120,4358679,91,86,-5,-1260,643
5121,4559513,91,86,-5,-1243,1379
5122,6507534,91,88,-3,-615,259
5123,580931,91,90,-1,-53,1350
5124,7678345,91,87,-4,-907,294
5125,7297482,91,85,-6,-1616,773
5126,4813023,91,87,-4,-918,775
5127,5133857,91,89,-2,-312,674
5128,6238270,91,93,2,622,215
5129,7710476,91,83,-8,-2319,986
5130,7907791,91,87,-4,-908,350
5131,947613,91,93,2,635,758
5132,2475737,91,88,-3,-638,408
5133,8344242,91,86,-5,-1213,198
5134,3959105,91,89,-2,-327,885
5135,6111564,91,94,3,872,320
5136,6175419,91,85,-6,-1613,688
5137,10336963,91,92,1,429,439
5138,12245780,91,89,-2,-316,671
5139,8560612,91,88,-3,-621,707
5140,6938300,91,89,-2,-316,320
5141,400040,91,89,-2,-266,314
5142,7368197,91,86,-5,-1208,271
5143,9666362,91,89,-2,-343,540
5144,10182026,91,89,-2,-276,235
5145,6564888,91,87,-4,-936,886
5146,4237908,91,91,0,174,577
5147,6694506,91,87,-4,-896,221
5148,8564796,91,88,-3,-608,916
5149,1681024,91,85,-6,-1663,624
5150,8807633,91,90,-1,-80,614
5151,12006455,91,95,4,1068,579
5152,6653900,91,94,3,847,482
5153,2724720,91,86,-5,-1254,499
5154,7887163,91,104,13,2564,391
5155,3132641,91,99,8,1773,683
5156,4928344,91,88,-3,-632,455
5157,13603081,91,91,0,165,751
5158,4291232,91,91,0,174,527
5159,8161823,91,93,2,681,204
5160,6896570,91,87,-4,-918,584
5161,10479895,91,85,-6,-1623,883
5162,9969736,91,91,0,210,744
5163,8282315,91,92,1,451,245
5164,11855208,91,95,4,1050,764
5165,4272635,91,87,-4,-937,585
5166,11140737,91,92,1,420,530
5167,12942263,91,92,1,417,274
5168,8102571,91,87,-4,-919,617
5169,4245987,91,97,6,1439,465
5170,11033775,91,90,-1,-86,588
5171,2561506,91,85,-6,-1628,655
5172,1006573,91,86,-5,-1303,305
5173,10791164,91,89,-2,-330,387
5174,1057007,91,94,3,866,280
5175,6519059,91,96,5,1270,877
5176,8271850,91,100,9,2013,246
5177,1736111,91,90,-1,-93,659
5178,10667019,91,89,-2,-364,395
5179,13133226,91,88,-3,-620,514
5180,9428342,91,86,-5,-1242,635
5181,11450139,91,91,0,220,248
5182,4627593,91,87,-4,-927,605
5183,7745608,91,83,-8,-2318,583
5184,4714523,91,86,-5,-1287,491
5185,9450796,91,94,3,892,384
5186,2431551,91,91,0,216,290
5187,1982434,91,85,-6,-1679,729
5188,8306727,91,91,0,188,522
5189,11910121,91,86,-5,-1254,256
5190,3544003,91,89,-2,-358,515
5191,10628628,91,87,-4,-927,274
5192,6389218,91,91,0,174,485
5193,3819709,91,91,0,180,417
5194,13425051,91,87,-4,-944,455
5195,8226583,91,89,-2,-322,356
5196,11252979,91,88,-3,-614,637
5197,12361193,91,86,-5,-1250,503
5198,10182595,91,93,2,669,379
5199,13389735,91,92,1,459,218
5200,4302872,91,91,0,197,235
5201,5216474,91,87,-4,-918,419
5202,2246692,91,89,-2,-321,607
5203,9003134,91,96,5,1253,577
5204,6856154,91,85,-6,-1649,374
5205,10146812,91,85,-6,-1606,397
5206,695681,91,82,-9,-2715,870
5207,12450986,91,100,9,1991,357
5208,1858974,91,89,-2,-301,430
5209,911521,91,91,0,213,824
5210,13086218,91,88,-3,-607,426
5211,4740994,91,86,-5,-1238,195
5212,5247765,91,89,-2,-347,350
5213,10998474,91,93,2,670,248
5214,12552334,91,84,-7,-1964,616
5215,5135969,91,87,-4,-886,417
5216,1120981,91,106,15,2836,289
5217,4784716,91,91,0,216,320
5218,8912898,91,88,-3,-624,497
5219,8703445,91,88,-3,-636,545
5220,13325042,91,105,14,2678,461
5221,9531957,91,94,3,852,665
5222,11974389,91,91,0,200,350
5223,7605402,91,91,0,187,562
5224,10709535,91,85,-6,-1626,854
5225,4086858,91,85,-6,-1588,449
5226,12708742,91,95,4,1090,466
5227,1907037,91,90,-1,-37,678
5228,5988565,91,87,-4,-928,479
5229,1382141,91,93,2,692,607
5230,7521755,91,86,-5,-1278,614
5231,7820644,91,89,-2,-333,599
5232,12740883,91,85,-6,-1608,376
5233,10219563,91,88,-3,-638,505
5234,12080434,91,90,-1,-47,595
5235,4768650,91,92,1,452,487
5236,1812689,91,94,3,849,404
5237,10082095,91,87,-4,-935,622
5238,3408852,91,100,9,2015,334
5239,13560774,91,90,-1,-49,561
5240,4072480,91,94,3,870,505
5241,11785525,91,88,-3,-652,352
5242,9826164,91,91,0,256,346
5243,8573385,91,97,6,1479,486
5244,11839470,91,104,13,2584,625
5245,879738,91,86,-5,-1284,525
5246,489899,91,95,4,1076,365
5247,995762,91,84,-7,-1969,453
5248,12736562,91,90,-1,-23,424
5249,12210950,91,90,-1,-55,421
5250,1663437,91,88,-3,-595,372
5251,12264481,91,87,-4,-865,266
5252,7184109,91,87,-4,-935,375
5253,4025604,91,91,0,183,320
5254,3971990,91,89,-2,-302,338
5255,12699440,91,91,0,202,384
5256,3139651,91,88,-3,-608,341
5257,11645525,91,94,3,896,243
5258,12391447,91,88,-3,-621,461
5259,476420,91,94,3,884,346
5260,12813071,91,95,4,1080,607
5261,203828,91,94,3,894,320
5262,651109,91,87,-4,-913,202
5263,12887023,91,96,5,1310,318
5264,11099977,91,89,-2,-307,260
5265,1596865,91,87,-4,-919,641
5266,4316317,91,85,-6,-1642,256
5267,11398535,91,89,-2,-326,226
5268,3031362,91,89,-2,-311,372
5269,9179236,91,92,1,442,464
5270,5194814,91,89,-2,-266,259
5271,12564444,91,86,-5,-1284,402
5272,7335346,91,89,-2,-304,343
5273,6066345,91,99,8,1862,349
5274,13441313,91,90,-1,-51,587
5275,11243963,91,87,-4,-963,511
5276,2478087,91,92,1,469,376
5277,2722706,91,93,2,673,347
5278,5752828,91,86,-5,-1226,399
5279,11622726,91,86,-5,-1289,574
5280,999047,91,86,-5,-1278,414
5281,2413371,91,92,1,506,245
5282,9918716,91,85,-6,-1642,324
5283,3126177,91,89,-2,-360,370
5284,6873222,91,94,3,919,244
5285,844697,91,87,-4,-918,369
5286,4682877,91,90,-1,6,265
5287,5046328,91,91,0,252,265
5288,1606723,91,92,1,467,274
5289,7469390,91,88,-3,-562,379
5290,7764670,91,95,4,1130,241
5291,10893923,91,88,-3,-595,282
5292,11662832,91,90,-1,-26,334
5293,2126666,91,90,-1,-15,356
5294,3645451,91,90,-1,-28,375
5295,2002351,91,91,0,227,412
5296,2029773,91,85,-6,-1604,330
5297,1467714,91,93,2,712,291
5298,5382013,91,90,-1,-8,257
5299,1834969,91,95,4,1116,397
5300,8839653,91,83,-8,-2366,525
5301,6192530,91,87,-4,-914,479
5302,1527414,91,91,0,245,426
5303,1105720,91,85,-6,-1648,303
5304,1807344,91,86,-5,-1307,514
5305,11837088,91,90,-1,-28,210
5306,12217889,91,88,-3,-595,370
5307,6829111,91,106,15,2900,273
5308,8426626,91,98,7,1684,375
5309,12775515,91,97,6,1523,416
5310,1815928,91,94,3,910,349
5311,11995039,91,93,2,692,483
5312,1164868,91,98,7,1690,479
5313,3253540,91,100,9,2053,306
5314,12384462,91,90,-1,-30,323
5315,11968809,91,86,-5,-1322,409
5316,8509495,91,86,-5,-1270,296
5317,8378398,91,91,0,229,440
5318,1269344,91,86,-5,-1272,476
5319,7432700,91,87,-4,-925,468
5320,5948257,91,88,-3,-611,308
5321,1707796,91,88,-3,-624,454
5322,4504350,91,87,-4,-945,333
5323,6250931,91,94,3,925,181
5324,2285586,91,88,-3,-617,311
5325,3680928,91,94,3,899,369
5326,11840220,91,98,7,1695,342
5327,10809993,91,87,-4,-938,276
5328,1133020,91,94,3,919,503
5329,13168347,91,89,-2,-335,329
5330,12947715,91,94,3,916,306
5331,4029901,91,86,-5,-1302,212
5332,4290886,91,92,1,473,493
5333,8815340,91,92,1,469,341
5334,2626653,91,93,2,709,280
5335,10970268,91,87,-4,-961,339
5336,10788616,90,88,-2,-338,207
5337,9978372,90,85,-5,-1334,865
5338,4974239,90,86,-4,-964,173
5339,1914768,90,93,3,910,300
5340,6766097,90,89,-1,-26,480
5341,13256508,90,90,0,225,402
5342,5468166,90,88,-2,-339,548
5343,1512284,90,89,-1,-24,176
5344,3811694,90,87,-3,-627,833
5345,8966657,90,90,0,225,190
5346,9960449,90,91,1,474,240
5347,3384632,90,88,-2,-341,675
5348,11164272,90,87,-3,-622,448
5349,11910902,90,92,2,709,274
5350,5583348,90,96,6,1536,298
5351,11836887,90,92,2,718,371
5352,9753651,90,91,1,477,244
5353,6206052,90,96,6,1537,266
5354,8132002,90,88,-2,-336,301
5355,8596877,90,83,-7,-2022,308
5356,10358464,90,85,-5,-1327,1827
5357,11292621,90,95,5,1336,401
5358,4242954,90,91,1,476,269
5359,12880536,90,91,1,474,300
5360,8373324,90,87,-3,-626,460
5361,3197039,90,86,-4,-959,454
5362,6556162,90,84,-6,-1674,242
5363,13601476,90,90,0,233,337
5364,3394168,90,94,4,1112,427
5365,13160643,90,87,-3,-617,456
5366,9399062,90,86,-4,-958,398
5367,4768793,90,90,0,239,515
5368,11186989,90,88,-2,-337,313
5369,1928112,90,94,4,1140,194
5370,8267479,90,84,-6,-1683,1260
5371,7409249,90,85,-5,-1317,157
5372,2044589,90,95,5,1343,259
5373,4158161,90,83,-7,-2019,482
5374,6707561,90,85,-5,-1315,490
5375,11729322,90,92,2,723,441
5376,13102178,90,87,-3,-641,625
5377,4362722,90,93,3,900,362
5378,11926867,90,90,0,243,213
5379,4253316,90,88,-2,-343,391
5380,7206636,90,90,0,227,442
5381,5245577,90,85,-5,-1312,226
5382,6095576,90,87,-3,-651,517
5383,3279670,90,90,0,197,411
5384,12516747,90,88,-2,-320,246
5385,2567470,90,88,-2,-361,398
5386,6730267,90,87,-3,-607,375
5387,4729997,90,85,-5,-1335,1062
5388,13109330,90,86,-4,-963,591
5389,13600023,90,92,2,689,466
5390,12206531,90,84,-6,-1704,571
5391,1057795,90,87,-3,-615,390
5392,1535878,90,89,-1,-54,195
5393,5480559,90,85,-5,-1351,1054
5394,7518699,90,83,-7,-2026,440
5395,1454094,90,97,7,1699,427
5396,2078454,90,96,6,1518,289
5397,5371152,90,88,-2,-348,601
5398,1173971,90,84,-6,-1709,1375
5399,7631336,90,87,-3,-626,332
5400,6909951,90,88,-2,-329,322
5401,13455884,90,85,-5,-1311,425
5402,1351247,90,89,-1,-49,216
5403,12308609,90,87,-3,-612,262
5404,264053,90,93,3,900,562
5405,5275210,90,85,-5,-1311,827
5406,11151577,90,85,-5,-1330,356
5407,13669060,90,88,-2,-318,308
5408,10249553,90,89,-1,-26,323
5409,12184349,90,87,-3,-636,355
5410,8834497,90,86,-4,-1002,422
5411,8706278,90,86,-4,-937,388
5412,2045404,90,84,-6,-1689,530
5413,12232093,90,85,-5,-1318,562
5414,1261394,90,92,2,763,286
5415,6629709,90,89,-1,-14,322
5416,7100489,90,86,-4,-954,336
5417,3335893,90,85,-5,-1359,472
5418,9179730,90,88,-2,-322,312
5419,2182637,90,91,1,445,437
5420,630926,90,86,-4,-969,425
5421,8158212,90,85,-5,-1359,528
5422,13507092,90,88,-2,-286,186
5423,3326610,90,87,-3,-654,445
5424,6320570,90,89,-1,-25,707
5425,667869,90,88,-2,-348,432
5426,1173079,90,88,-2,-369,331
5427,3364626,90,88,-2,-328,541
5428,5997385,90,83,-7,-2008,488
5429,3952826,90,91,1,495,238
5430,12752711,90,90,0,251,316
5431,8921253,90,87,-3,-648,612
5432,5600024,90,91,1,497,311
5433,13443404,90,97,7,1719,310
5434,4219981,90,89,-1,-23,518
5435,4001155,90,84,-6,-1698,259
5436,3950968,90,86,-4,-959,202
5437,7935175,90,86,-4,-954,257
5438,10426312,90,87,-3,-665,656
5439,11204696,90,87,-3,-630,334
5440,2312235,90,94,4,1128,573
5441,6303286,90,86,-4,-986,778
5442,10741727,90,85,-5,-1361,269
5443,2348710,90,89,-1,-10,416
5444,7692145,90,86,-4,-949,394
5445,7554069,90,94,4,1167,511
5446,10852339,90,96,6,1585,502
5447,3916129,90,88,-2,-361,779
5448,11934713,90,86,-4,-954,550
5449,1536746,90,88,-2,-337,300
5450,4705244,90,94,4,1153,347
5451,2573552,90,83,-7,-2020,395
5452,7172721,90,89,-1,-15,339
5453,8097425,90,89,-1,56,297
5454,4481723,90,85,-5,-1315,527
5455,9791373,90,90,0,207,690
5456,1865242,90,85,-5,-1311,383
5457,4523975,90,89,-1,53,164
5458,4216924,90,88,-2,-309,851
5459,12618294,90,88,-2,-334,312
5460,6262724,90,90,0,255,417
5461,6067745,90,94,4,1175,278
5462,12802658,90,86,-4,-961,831
5463,2846967,90,103,13,2728,260
5464,5260004,90,85,-5,-1298,503
5465,1447212,90,93,3,958,298
5466,1977519,90,83,-7,-2021,821
5467,10983311,90,89,-1,-35,483
5468,8662166,90,90,0,224,655
5469,1897057,90,84,-6,-1692,894
5470,7270230,90,87,-3,-577,193
5471,12609264,90,87,-3,-602,369
5472,11568430,90,91,1,503,611
5473,1688364,90,87,-3,-641,740
5474,1912900,90,90,0,228,377
5475,7876180,90,88,-2,-350,827
5476,9276031,90,92,2,738,361
5477,11955662,90,88,-2,-351,480
5478,7090702,90,92,2,779,399
5479,11551165,90,85,-5,-1309,453
5480,4642251,90,89,-1,-25,588
5481,3870707,90,89,-1,-20,557
5482,7037355,90,99,9,2138,259
5483,7919918,90,82,-8,-2374,1076
5484,5292039,90,85,-5,-1386,851
5485,3786566,90,87,-3,-676,603
5486,9550011,90,87,-3,-645,646
5487,8808879,90,87,-3,-618,1078
5488,10600895,90,87,-3,-661,719
5489,10175753,90,86,-4,-919,263
5490,12134579,90,87,-3,-650,327
5491,136353,90,88,-2,-321,719
5492,2180284,90,84,-6,-1710,554
5493,11083429,90,87,-3,-590,428
5494,9274695,90,85,-5,-1293,376
5495,4305710,90,87,-3,-632,507
5496,9454321,90,84,-6,-1660,575
5497,11136649,90,89,-1,-10,338
5498,8006639,90,93,3,927,254
5499,4821622,90,86,-4,-985,377
5500,1977642,90,86,-4,-957,582
5501,959416,90,96,6,1578,286
5502,7340700,90,89,-1,-24,292
5503,932583,90,91,1,509,365
5504,8316355,90,91,1,489,212
5505,8191194,90,87,-3,-634,423
5506,13180645,90,89,-1,-44,522
5507,3249438,90,93,3,972,419
5508,2839313,90,84,-6,-1707,555
5509,1984600,90,93,3,973,606
5510,11758226,90,88,-2,-313,417
5511,10931965,90,88,-2,-271,301
5512,9411219,90,90,0,293,469
5513,9716206,90,87,-3,-623,360
5514,5219125,90,89,-1,-7,342
5515,9644861,90,84,-6,-1723,341
5516,3725560,90,93,3,927,517
5517,3605140,90,83,-7,-2034,370
5518,1285212,90,86,-4,-984,334
5519,8830368,90,88,-2,-359,565
5520,8224547,90,86,-4,-1014,529
5521,5283050,90,87,-3,-634,570
5522,12213406,90,85,-5,-1333,461
5523,9534587,90,88,-2,-299,308
5524,7837446,90,88,-2,-303,559
5525,10370665,90,95,5,1453,201
5526,10920196,90,88,-2,-306,401
5527,5538515,90,91,1,503,606
5528,12553027,90,85,-5,-1328,294
5529,7599735,90,86,-4,-970,673
5530,2423395,90,102,12,2614,487
5531,12750725,90,85,-5,-1302,556
5532,8206909,90,87,-3,-563,301
5533,10010345,90,90,0,265,395
5534,2196440,90,98,8,1938,447
5535,11224361,90,85,-5,-1334,434
5536,6674774,90,90,0,275,247
5537,11768426,90,98,8,1943,371
5538,1759300,90,88,-2,-343,341
5539,12513343,90,87,-3,-637,366
5540,6997973,90,83,-7,-2052,478
5541,7133943,90,82,-8,-2409,619
5542,11024325,90,89,-1,-4,701
5543,1115626,90,91,1,492,438
5544,2811253,90,90,0,252,322
5545,11758542,90,86,-4,-991,588
5546,7488644,90,86,-4,-973,402
5547,5428047,90,91,1,571,447
5548,13262332,90,84,-6,-1683,450
5549,609710,90,88,-2,-318,661
5550,9476911,90,86,-4,-975,482
5551,9109703,90,83,-7,-2026,635
5552,9222411,90,89,-1,-10,391
5553,1124888,90,89,-1,8,539
5554,12572616,90,87,-3,-581,206
5555,1943578,90,91,1,506,377
5556,7094716,90,97,7,1786,329
5557,11082866,90,89,-1,-13,363
5558,3265541,90,89,-1,-24,539
5559,2801757,90,85,-5,-1333,505
5560,64942,90,87,-3,-623,557
5561,7099084,90,93,3,988,365
5562,354786,90,86,-4,-1010,334
5563,1263766,90,84,-6,-1637,447
5564,11387067,90,92,2,767,515
5565,9428485,90,86,-4,-994,485
5566,1727861,90,89,-1,55,213
5567,7047910,90,96,6,1655,173
5568,1054204,90,103,13,2803,173
5569,1812473,90,89,-1,-43,516
5570,10953793,90,97,7,1811,329
5571,71202,90,86,-4,-992,632
5572,399323,90,89,-1,-33,336
5573,12976556,90,90,0,282,492
5574,11701392,90,89,-1,-42,654
5575,13512297,90,89,-1,-12,325
5576,9032701,90,86,-4,-1006,521
5577,2630781,90,98,8,1999,240
5578,5080490,90,86,-4,-993,455
5579,5916728,90,96,6,1606,227
5580,12773214,90,83,-7,-2044,645
5581,6694802,90,90,0,282,327
5582,2678729,90,87,-3,-639,558
5583,4437474,90,91,1,516,317
5584,11085192,90,89,-1,27,371
5585,3063783,90,87,-3,-583,555
5586,10478650,90,86,-4,-962,557
5587,1244048,90,91,1,500,431
5588,2093223,90,85,-5,-1392,486
5589,3156051,90,92,2,769,395
5590,7338617,90,91,1,603,274
5591,8461122,90,92,2,765,293
5592,8622208,90,85,-5,-1327,265
5593,13720866,90,90,0,284,317
5594,11400970,90,99,9,2158,492
5595,13519490,90,86,-4,-982,331
5596,2856420,90,86,-4,-1007,368
5597,10411197,90,89,-1,56,223
5598,6222637,90,86,-4,-963,261
5599,10935436,90,88,-2,-335,409
5600,12709537,90,88,-2,-310,297
5601,5986116,90,94,4,1196,302
5602,980512,90,86,-4,-987,463
5603,12556169,90,91,1,524,497
5604,11498077,90,88,-2,-268,339
5605,3659430,90,83,-7,-2037,228
5606,8010255,90,88,-2,-293,329
5607,11794564,90,83,-7,-2071,343
5608,8987565,90,87,-3,-585,290
5609,12843330,90,86,-4,-951,258
5610,6883641,90,92,2,830,303
5611,4796128,90,88,-2,-333,404
5612,11526283,90,93,3,1002,336
5613,6239644,90,91,1,522,231
5614,1025277,90,88,-2,-312,295
5615,983262,90,91,1,504,431
5616,6970658,90,93,3,998,371
5617,6226349,90,84,-6,-1675,228
5618,4440400,90,87,-3,-623,296
5619,11698938,90,95,5,1423,322
5620,4174858,90,91,1,581,294
5621,1923623,90,89,-1,-34,345
5622,35246,90,87,-3,-668,350
5623,9118565,90,91,1,520,498
5624,3583027,90,94,4,1214,209
5625,13476167,90,90,0,275,353
5626,12936583,90,88,-2,-310,340
5627,7760116,90,92,2,766,259
5628,11183415,90,86,-4,-1007,308
5629,756537,90,85,-5,-1357,369
5630,1570242,90,89,-1,-32,232
5631,13636500,90,97,7,1830,300
5632,5111279,90,92,2,802,334
5633,13244742,90,85,-5,-1355,291
5634,7216687,90,86,-4,-1014,254
5635,4512783,90,86,-4,-1012,305
5636,11719823,90,89,-1,-32,221
5637,246506,90,91,1,527,297
5638,10442627,90,90,0,280,333
5639,8390738,90,90,0,278,225
5640,4094986,90,88,-2,-319,236
5641,7472046,89,91,2,772,279
5642,3505361,89,84,-5,-1371,211
5643,2890096,89,95,6,1637,176
5644,7175226,89,99,10,2372,348
5645,11966106,89,87,-2,-316,750
5646,3867654,89,83,-6,-1723,683
5647,1842626,89,86,-3,-664,469
5648,9366943,89,83,-6,-1728,661
5649,8673157,89,92,3,1008,812
5650,6106171,89,92,3,1015,203
5651,13220064,89,100,11,2529,509
5652,8834299,89,92,3,1008,383
5653,3279147,89,86,-3,-655,249
5654,1007782,89,86,-3,-664,225
5655,3726446,89,85,-4,-1023,383
5656,257540,89,84,-5,-1381,796
5657,6636618,89,86,-3,-655,221
5658,11847093,89,85,-4,-1023,315
5659,11655023,89,86,-3,-663,520
5660,11719393,89,85,-4,-1022,683
5661,8878646,89,88,-1,-35,319
5662,6788589,89,86,-3,-669,610
5663,5121915,89,88,-1,-26,234
5664,6463688,89,91,2,781,130
5665,1903773,89,89,0,285,683
5666,8641722,89,80,-9,-2958,544
5667,7472397,89,87,-2,-327,2297
5668,689350,89,83,-6,-1715,492
5669,10551773,89,89,0,284,201
5670,1658105,89,87,-2,-314,278
5671,4015602,89,89,0,278,302
5672,9201812,89,82,-7,-2105,688
5673,9252096,89,88,-1,-30,530
5674,11193093,89,92,3,1021,565
5675,8336623,89,84,-5,-1380,1121
5676,8700699,89,87,-2,-329,467
5677,9533340,89,84,-5,-1373,523
5678,9481750,89,92,3,1031,470
5679,13144213,89,94,5,1452,289
5680,911355,89,88,-1,-31,252
5681,5273928,89,85,-4,-1021,595
5682,5989561,89,96,7,1861,229
5683,10416646,89,83,-6,-1719,391
5684,3840708,89,96,7,1832,464
5685,8434181,89,88,-1,-1,149
5686,1716904,89,92,3,1024,322
5687,6626759,89,89,0,275,930
5688,12575236,89,89,0,267,348
5689,2575996,89,91,2,775,328
5690,403779,89,89,0,299,240
5691,12106343,89,87,-2,-313,521
5692,7777744,89,96,7,1860,259
5693,9858340,89,87,-2,-309,258
5694,9063527,89,85,-4,-1015,467
5695,8925160,89,89,0,316,279
5696,8087126,89,99,10,2397,308
5697,8947792,89,88,-1,-30,390
5698,6566359,89,85,-4,-1005,225
5699,5362807,89,90,1,535,408
5700,6506212,89,88,-1,-12,216
5701,4990886,89,86,-3,-639,197
5702,9601772,89,87,-2,-310,426
5703,10858322,89,86,-3,-618,360
5704,5795324,89,87,-2,-306,313
5705,6385268,89,87,-2,-280,410
5706,5720578,89,84,-5,-1390,406
5707,1394231,89,87,-2,-327,483
5708,10408075,89,93,4,1233,397
5709,5122225,89,92,3,1011,316
5710,10106465,89,88,-1,3,169
5711,3908402,89,85,-4,-1022,769
5712,5287191,89,88,-1,-50,370
5713,11855111,89,81,-8,-2529,616
5714,9844902,89,86,-3,-671,476
5715,10681250,89,85,-4,-1002,284
5716,2259600,89,97,8,2050,459
5717,9110619,89,93,4,1250,277
5718,9285558,89,89,0,305,216
5719,12830239,89,84,-5,-1354,282
5720,2926201,89,82,-7,-2074,709
5721,325699,89,85,-4,-989,245
5722,13121177,89,87,-2,-329,436
5723,3164970,89,86,-3,-639,811
5724,1691960,89,89,0,282,826
5725,12997874,89,86,-3,-635,471
5726,545851,89,93,4,1224,376
5727,12399878,89,86,-3,-651,650
5728,12581496,89,88,-1,-13,256
5729,1257143,89,84,-5,-1347,670
5730,2984984,89,85,-4,-989,638
5731,5423230,89,92,3,1050,304
5732,12279012,89,89,0,288,600
5733,1412559,89,95,6,1684,310
5734,4367381,89,87,-2,-285,276
5735,2357166,89,87,-2,-302,481
5736,12755264,89,86,-3,-651,345
5737,5591012,89,84,-5,-1348,328
5738,4491750,89,82,-7,-2100,1049
5739,535368,89,92,3,1075,207
5740,8336402,89,91,2,822,196
5741,255906,89,88,-1,-42,772
5742,2641638,89,88,-1,12,268
5743,11367136,89,85,-4,-1032,670
5744,12128187,89,88,-1,9,408
5745,2259253,89,84,-5,-1368,370
5746,9397382,89,85,-4,-1001,317
5747,3349724,89,82,-7,-2078,637
5748,10994143,89,87,-2,-313,302
5749,10225304,89,85,-4,-1055,732
5750,8166052,89,85,-4,-1018,932
5751,1045815,89,89,0,274,325
5752,7055418,89,85,-4,-987,466
5753,5396367,89,85,-4,-999,580
5754,9786380,89,87,-2,-321,494
5755,12001057,89,89,0,332,313
5756,3939066,89,88,-1,-8,495
5757,2415828,89,87,-2,-343,574
5758,12821503,89,98,9,2226,380
5759,11827212,89,88,-1,-21,341
5760,3912248,89,92,3,1017,629
5761,10331033,89,90,1,561,408
5762,11369446,89,85,-4,-1023,574
5763,2304057,89,93,4,1271,192
5764,1293064,89,85,-4,-971,359
5765,3866377,89,89,0,281,598
5766,8688533,89,85,-4,-968,284
5767,2217196,89,88,-1,-52,297
5768,6986671,89,87,-2,-298,573
5769,4232430,89,84,-5,-1354,491
5770,468563,89,87,-2,-254,473
5771,6198506,89,88,-1,-27,375
5772,8727832,89,85,-4,-1017,451
5773,7196145,89,101,12,2723,757
5774,12486284,89,95,6,1696,355
5775,1518442,89,84,-5,-1351,320
5776,5847751,89,95,6,1672,921
5777,467678,89,86,-3,-716,377
5778,685117,89,82,-7,-2114,907
5779,6206012,89,87,-2,-351,551
5780,7500172,89,83,-6,-1722,775
5781,12084631,89,85,-4,-1020,493
5782,13044372,89,84,-5,-1368,661
5783,7407173,89,86,-3,-638,668
5784,5041670,89,89,0,314,271
5785,5529243,89,85,-4,-1052,654
5786,12771297,89,86,-3,-678,629
5787,4377057,89,85,-4,-978,463
5788,10629074,89,84,-5,-1393,734
5789,9634437,89,83,-6,-1719,451
5790,4207650,89,89,0,259,209
5791,6351463,89,90,1,541,466
5792,5506379,89,87,-2,-321,569
5793,7690455,89,87,-2,-380,505
5794,12092642,89,89,0,307,348
5795,4228727,89,86,-3,-644,475
5796,9465833,89,87,-2,-333,238
5797,9527975,89,85,-4,-1005,201
5798,4915627,89,94,5,1451,468
5799,9016748,89,86,-3,-655,277
5800,2479142,89,87,-2,-315,313
5801,3771913,89,90,1,543,614
5802,4971499,89,86,-3,-660,458
5803,3222457,89,85,-4,-1016,769
5804,13651471,89,90,1,566,433
5805,7465873,89,89,0,309,333
5806,12930762,89,89,0,330,400
5807,12579462,89,85,-4,-1052,453
5808,5059429,89,93,4,1245,378
5809,3750196,89,89,0,272,592
5810,7332977,89,87,-2,-313,360
5811,1087050,89,93,4,1243,498
5812,2813940,89,98,9,2265,394
5813,9393230,89,89,0,335,174
5814,7884052,89,87,-2,-332,572
5815,7012073,89,90,1,574,254
5816,3002141,89,92,3,1040,432
5817,8914865,89,86,-3,-675,428
5818,13116429,89,91,2,781,421
5819,7371091,89,85,-4,-1049,502
5820,10282686,89,88,-1,24,359
5821,174860,89,84,-5,-1343,428
5822,5898582,89,85,-4,-1007,502
5823,11855385,89,91,2,797,273
5824,2409977,89,87,-2,-284,314
5825,13406355,89,88,-1,-23,435
5826,10450203,89,91,2,760,367
5827,5205292,89,82,-7,-2027,281
5828,3648422,89,86,-3,-686,338
5829,10932199,89,81,-8,-2570,784
5830,8889963,89,86,-3,-643,294
5831,9989644,89,92,3,1044,318
5832,4906593,89,89,0,279,463
5833,8643662,89,82,-7,-2163,818
5834,5143490,89,90,1,572,309
5835,9634837,89,86,-3,-687,390
5836,6375102,89,85,-4,-1060,421
5837,3241372,89,86,-3,-679,542
5838,2472134,89,83,-6,-1728,483
5839,10541022,89,85,-4,-1013,570
5840,1842880,89,82,-7,-2120,484
5841,745524,89,85,-4,-1046,277
5842,4603716,89,92,3,1083,349
5843,11048213,89,88,-1,-3,476
5844,8792965,89,92,3,1075,389
5845,89198,89,102,13,2910,387
5846,3847535,89,86,-3,-635,432
5847,2903251,89,84,-5,-1349,229
5848,1778985,89,88,-1,-54,404
5849,561802,89,82,-7,-2123,686
5850,5865791,89,86,-3,-697,508
5851,9320519,89,87,-2,-269,267
5852,7882337,89,95,6,1684,386
5853,1937403,89,92,3,1043,260
5854,5173412,89,91,2,827,342
5855,11819815,89,88,-1,-7,470
5856,2218837,89,87,-2,-356,446
5857,9808400,89,88,-1,-35,184
5858,5182137,89,88,-1,-29,396
5859,2014712,89,85,-4,-1026,214
5860,8508200,89,91,2,782,460
5861,3613403,89,87,-2,-291,352
5862,1589058,89,94,5,1471,379
5863,1041518,89,86,-3,-689,485
5864,1223491,89,86,-3,-701,441
5865,1034181,89,90,1,548,486
5866,11095554,89,89,0,303,446
5867,649124,89,86,-3,-697,442
5868,5697491,89,89,0,373,254
5869,4507442,89,87,-2,-316,301
5870,2890779,89,86,-3,-687,384
5871,7821198,89,84,-5,-1418,557
5872,9205669,89,89,0,275,363
5873,398015,89,93,4,1281,196
5874,892635,89,102,13,2915,385
5875,12597827,89,100,11,2646,382
5876,11337295,89,89,0,268,315
5877,10387434,89,90,1,583,399
5878,3051404,89,92,3,1073,242
5879,6968587,89,87,-2,-274,261
5880,13522531,89,94,5,1509,378
5881,9742223,89,89,0,286,401
5882,1328409,89,92,3,1104,357
5883,11831362,89,84,-5,-1381,350
5884,9136195,89,90,1,544,394
5885,7140361,89,85,-4,-1045,342
5886,12653527,89,89,0,321,349
5887,6027839,89,87,-2,-315,362
5888,2404673,89,90,1,591,385
5889,4589777,89,91,2,794,415
5890,2729345,89,89,0,271,416
5891,3653790,89,88,-1,7,332
5892,13640088,89,87,-2,-333,403
5893,2301718,89,89,0,269,243
5894,7697715,89,92,3,1075,431
5895,11617156,89,95,6,1730,338
5896,8456825,89,85,-4,-1011,220
5897,3103980,89,86,-3,-717,417
5898,373278,89,87,-2,-281,290
5899,8641004,89,87,-2,-311,565
5900,953516,89,85,-4,-1022,359
5901,9019462,89,85,-4,-979,278
5902,1058146,89,89,0,260,526
5903,4056012,89,88,-1,-27,398
5904,10645073,89,87,-2,-312,438
5905,3245312,89,84,-5,-1367,340
5906,3231465,89,85,-4,-982,465
5907,3808479,89,92,3,1076,370
5908,32870,89,90,1,566,272
5909,8887437,89,88,-1,71,222
5910,6468827,89,88,-1,-41,408
5911,1202321,89,88,-1,4,243
5912,4170313,89,87,-2,-325,315
5913,12117509,89,86,-3,-679,475
5914,2681298,89,87,-2,-319,442
5915,10961992,89,90,1,610,369
5916,7640479,89,84,-5,-1337,288
5917,10645162,89,89,0,282,185
5918,9657255,89,91,2,828,298
5919,2807013,89,96,7,1935,198
5920,862157,89,89,0,273,425
5921,5085018,89,86,-3,-649,329
5922,11126608,89,89,0,342,194
5923,10635901,89,88,-1,-14,582
5924,3714260,89,92,3,1100,235
5925,12402207,89,88,-1,-4,264
5926,13186568,89,94,5,1544,187
5927,177428,89,92,3,1077,371
5928,2806866,89,106,17,3542,247
5929,7517377,89,91,2,823,456
5930,8684209,89,84,-5,-1357,462
5931,4165844,89,89,0,274,499
5932,10321950,89,83,-6,-1755,366
5933,7005339,89,90,1,668,276
5934,6068260,89,86,-3,-695,449
5935,4609175,89,80,-9,-3003,579
5936,10258947,89,85,-4,-1037,369
5937,165297,89,87,-2,-332,287
5938,1088935,89,90,1,579,296
5939,12989786,89,82,-7,-2191,357
5940,3089764,89,91,2,844,286
5941,208416,89,90,1,592,276
5942,209418,89,88,-1,31,299
5943,877903,89,81,-8,-2609,415
5944,2826065,89,92,3,1082,326
5945,10159910,89,84,-5,-1408,394
5946,10989684,89,95,6,1745,237
5947,9931448,89,88,-1,8,302
5948,6460221,89,86,-3,-705,242
5949,7201786,89,86,-3,-691,283
5950,3612852,89,84,-5,-1374,344
5951,4102584,89,91,2,843,368
5952,13209769,89,87,-2,-336,230
5953,4506020,89,92,3,1087,260
5954,12887677,89,82,-7,-2211,425
5955,12438873,89,97,8,2157,277
5956,6343105,89,85,-4,-1050,250
5957,11335605,89,86,-3,-687,283
5958,8707994,89,94,5,1531,202
5959,1169968,89,86,-3,-701,250
5960,730733,89,87,-2,-329,278
5961,11813373,89,87,-2,-336,158
5962,13479459,88,88,0,291,250
5963,145759,88,85,-3,-705,195
5964,12378874,88,90,2,845,518
5965,1275250,88,87,-1,1,226
5966,4730279,88,92,4,1336,168
5967,8165002,88,84,-4,-1047,214
5968,1358342,88,88,0,291,303
5969,4854472,88,84,-4,-1050,356
5970,13457498,88,95,7,1958,242
5971,3681415,88,89,1,601,472
5972,3079936,88,91,3,1094,377
5973,12768149,88,87,-1,4,327
5974,9144213,88,88,0,296,276
5975,370676,88,95,7,1967,180
5976,749013,88,87,-1,3,350
5977,8760874,88,84,-4,-1044,282
5978,11493351,88,83,-5,-1402,2183
5979,3348086,88,90,2,855,226
5980,2837169,88,86,-2,-339,430
5981,8380545,88,87,-1,6,191
5982,1529192,88,87,-1,-7,377
5983,3285522,88,86,-2,-349,375
5984,4611815,88,86,-2,-344,389
5985,4282268,88,90,2,856,357
5986,13360117,88,84,-4,-1054,343
5987,2057378,88,88,0,288,727
5988,3576489,88,87,-1,5,466
5989,5241858,88,84,-4,-1069,681
5990,1138894,88,81,-7,-2225,459
5991,39493,88,84,-4,-1061,433
5992,2459941,88,86,-2,-342,495
5993,8426643,88,85,-3,-713,673
5994,11879547,88,84,-4,-1054,512
5995,2663814,88,90,2,855,209
5996,11106280,88,84,-4,-1055,401
5997,10091870,88,81,-7,-2207,332
5998,9677262,88,84,-4,-1070,586
5999,3974803,88,83,-5,-1390,334
6000,9016655,88,82,-6,-1788,572
6001,12950948,88,87,-1,6,198
6002,2140368,88,87,-1,12,277
6003,2250016,88,85,-3,-712,495
6004,9633609,88,85,-3,-694,198
6005,4191172,88,89,1,605,613
6006,3005755,88,81,-7,-2228,1454
6007,11735340,88,87,-1,-19,688
6008,2753677,88,82,-6,-1773,277
6009,3799938,88,84,-4,-1080,627
6010,12377673,88,85,-3,-701,638
6011,11592569,88,86,-2,-338,223
6012,12119507,88,91,3,1100,424
6013,1272773,88,81,-7,-2225,846
6014,10445583,88,82,-6,-1793,969
6015,11818218,88,88,0,279,464
6016,8538335,88,90,2,835,499
6017,10572523,88,89,1,590,375
6018,3661264,88,100,12,2860,290
6019,13510409,88,87,-1,-39,219
6020,8256623,88,83,-5,-1396,852
6021,3891752,88,82,-6,-1795,501
6022,13231128,88,87,-1,-27,545
6023,6381850,88,84,-4,-1061,587
6024,3124057,88,85,-3,-699,228
6025,3391832,88,86,-2,-358,626
6026,7538977,88,87,-1,-14,424
6027,6074869,88,90,2,830,317
6028,12410139,88,90,2,874,249
6029,2167435,88,88,0,290,847
6030,11097600,88,91,3,1114,234
6031,924495,88,101,13,3005,212
6032,10203976,88,87,-1,-16,1242
6033,10895954,88,87,-1,-34,483
6034,8402296,88,85,-3,-722,524
6035,10520599,88,82,-6,-1782,382
6036,13069099,88,83,-5,-1418,545
6037,10972969,88,87,-1,-23,563
6038,5110950,88,85,-3,-717,658
6039,3879200,88,90,2,828,461
6040,10848995,88,87,-1,-48,829
6041,4415201,88,88,0,280,560
6042,8881410,88,86,-2,-367,367
6043,8226085,88,100,12,2856,224
6044,12272169,88,93,5,1557,202
6045,4472269,88,91,3,1096,593
6046,12604704,88,93,5,1522,344
6047,3470392,88,82,-6,-1790,808
6048,12081435,88,88,0,257,939
6049,10429948,88,84,-4,-1081,376
6050,9468990,88,81,-7,-2186,307
6051,10702566,88,80,-8,-2633,587
6052,8387236,88,92,4,1295,504
6053,11767766,88,84,-4,-1084,989
6054,8046835,88,89,1,565,451
6055,4490005,88,83,-5,-1373,239
6056,3382970,88,85,-3,-739,594
6057,7741566,88,84,-4,-1086,837
6058,11568441,88,82,-6,-1797,958
6059,2953994,88,82,-6,-1806,1066
6060,7140180,88,81,-7,-2234,409
6061,1702076,88,83,-5,-1419,278
6062,9864546,88,89,1,596,248
6063,4797567,88,86,-2,-397,436
6064,7750015,88,85,-3,-709,564
6065,973629,88,82,-6,-1759,258
6066,2567980,88,86,-2,-358,886
6067,12269778,88,85,-3,-733,347
6068,1380181,88,83,-5,-1396,227
6069,354153,88,86,-2,-384,487
6070,4362436,88,86,-2,-360,355
6071,8726707,88,85,-3,-745,768
6072,2540379,88,88,0,296,327
6073,12836150,88,85,-3,-735,595
6074,1106008,88,84,-4,-1085,744
6075,10436507,88,82,-6,-1816,460
6076,124586,88,91,3,1105,291
6077,1834292,88,82,-6,-1805,475
6078,2470417,88,90,2,870,804
6079,6357155,88,87,-1,-5,331
6080,9812952,88,85,-3,-697,298
6081,11808585,88,84,-4,-1050,297
6082,5621080,88,86,-2,-394,535
6083,7311078,88,88,0,269,247
6084,3723389,88,83,-5,-1381,190
6085,5847801,88,83,-5,-1448,835
6086,6770071,88,87,-1,-31,286
6087,12896049,88,90,2,862,350
6088,6839722,88,84,-4,-1067,246
6089,7164492,88,89,1,549,420
6090,5618171,88,85,-3,-680,321
6091,6381425,88,83,-5,-1432,875
6092,13447003,88,86,-2,-397,444
6093,13302814,88,85,-3,-671,185
6094,7585197,88,86,-2,-365,501
6095,1602339,88,86,-2,-405,445
6096,8130794,88,87,-1,-29,406
6097,7758247,88,89,1,578,512
6098,9892081,88,83,-5,-1431,377
6099,2370047,88,92,4,1338,623
6100,10206148,88,81,-7,-2245,689
6101,18830,88,88,0,266,266
6102,7332633,88,83,-5,-1444,652
6103,7377616,88,87,-1,-8,475
6104,5735370,88,83,-5,-1426,410
6105,5261707,88,86,-2,-391,534
6106,1275238,88,87,-1,7,319
6107,13367073,88,86,-2,-372,325
6108,5531868,88,91,3,1034,467
6109,1634003,88,86,-2,-363,471
6110,6727347,88,89,1,646,513
6111,6713283,88,84,-4,-1083,775
6112,4953514,88,83,-5,-1413,432
6113,3764494,88,84,-4,-1061,394
6114,11930578,88,85,-3,-717,467
6115,13258980,88,86,-2,-396,704
6116,9774352,88,81,-7,-2237,706
6117,4594425,88,84,-4,-1088,381
6118,12869006,88,83,-5,-1409,553
6119,5625250,88,86,-2,-401,515
6120,881713,88,92,4,1332,407
6121,73289,88,86,-2,-386,404
6122,1689858,88,88,0,281,864
6123,5944473,88,83,-5,-1442,643
6124,5249430,88,82,-6,-1839,717
6125,3906354,88,79,-9,-3082,530
6126,303380,88,85,-3,-670,242
6127,8399716,88,84,-4,-1102,490
6128,6460904,88,83,-5,-1436,523
6129,7442673,88,85,-3,-712,373
6130,2612872,88,84,-4,-1028,296
6131,8598765,88,86,-2,-327,240
6132,1270072,88,87,-1,-37,315
6133,5005665,88,85,-3,-687,383
6134,9025605,88,104,16,3467,555
6135,3545193,88,83,-5,-1425,576
6136,34236,88,81,-7,-2246,462
6137,3498737,88,87,-1,-37,551
6138,12236095,88,84,-4,-1085,520
6139,10638886,88,86,-2,-398,576
6140,10258361,88,86,-2,-346,523
6141,11230205,88,84,-4,-1086,313
6142,6924005,88,84,-4,-1028,469
6143,2943597,88,85,-3,-715,420
6144,5573327,88,82,-6,-1837,376
6145,2471645,88,83,-5,-1430,688
6146,3228194,88,85,-3,-679,169
6147,1770547,88,87,-1,-48,494
6148,1593630,88,89,1,686,212
6149,8094951,88,85,-3,-750,341
6150,11921417,88,85,-3,-734,413
6151,12906920,88,81,-7,-2284,535
6152,4065992,88,86,-2,-421,307
6153,241310,88,89,1,567,628
6154,703448,88,87,-1,-12,387
6155,709246,88,89,1,601,362
6156,2195947,88,86,-2,-406,496
6157,1632223,88,86,-2,-374,394
6158,3553756,88,87,-1,-39,326
6159,3888797,88,87,-1,62,222
6160,7852239,88,92,4,1383,355
6161,99619,88,83,-5,-1446,586
6162,1772895,88,88,0,282,427
6163,2656849,88,91,3,1086,376
6164,9813383,88,82,-6,-1858,664
6165,5278801,88,82,-6,-1834,823
6166,9991061,88,88,0,333,254
6167,693742,88,83,-5,-1386,446
6168,118148,88,84,-4,-1079,474
6169,12316965,88,89,1,579,183
6170,10119162,88,89,1,582,293
6171,5630996,88,82,-6,-1834,374
6172,6453495,88,81,-7,-2320,514
6173,11221355,88,90,2,886,213
6174,6536818,88,84,-4,-1103,408
6175,12213112,88,87,-1,-21,365
6176,12513129,88,92,4,1365,351
6177,11920602,88,83,-5,-1423,426
6178,13472825,88,88,0,358,206
6179,1586418,88,88,0,276,388
6180,4596826,88,85,-3,-797,339
6181,4056165,88,91,3,1131,233
6182,5031342,88,90,2,866,305
6183,6830986,88,86,-2,-401,365
6184,9628599,88,86,-2,-396,470
6185,10971625,88,84,-4,-1082,577
6186,573287,88,92,4,1378,384
6187,5377139,88,89,1,565,448
6188,10072530,88,85,-3,-728,309
6189,7694705,88,87,-1,-34,441
6190,2136757,88,83,-5,-1460,253
6191,9029220,88,84,-4,-1049,306
6192,10294122,88,91,3,1163,262
6193,1887631,88,88,0,280,212
6194,12872152,88,84,-4,-1025,319
6195,11000075,88,88,0,300,222
6196,10456607,88,83,-5,-1466,536
6197,9336124,88,85,-3,-696,317
6198,2061699,88,87,-1,-68,295
6199,10238819,88,88,0,276,231
6200,8285401,88,89,1,606,294
6201,1828584,88,84,-4,-1061,257
6202,1069923,88,92,4,1356,279
6203,4720502,88,89,1,575,476
6204,8281751,88,85,-3,-745,465
6205,6061462,88,87,-1,-29,447
6206,8157361,88,86,-2,-409,405
6207,13478348,88,86,-2,-335,259
6208,9372145,88,90,2,905,236
6209,553762,88,86,-2,-384,288
6210,9286413,88,82,-6,-1877,320
6211,7331857,88,87,-1,-44,416
6212,8910308,88,88,0,347,354
6213,6925383,88,96,8,2221,270
6214,13638725,88,86,-2,-383,457
6215,13698785,88,88,0,277,360
6216,3806765,88,87,-1,3,339
6217,8074280,88,83,-5,-1412,270
6218,749297,88,87,-1,-10,497
6219,11288455,88,93,5,1610,370
6220,9209823,88,84,-4,-993,210
6221,3697829,88,89,1,573,265
6222,6086631,88,83,-5,-1458,472
6223,1779006,88,82,-6,-1842,413
6224,9585884,88,90,2,893,320
6225,8066351,88,88,0,297,298
6226,11029977,88,87,-1,-44,315
6227,9097973,88,90,2,892,327
6228,3795019,88,88,0,282,398
6229,2918201,88,91,3,1181,243
6230,584992,88,84,-4,-1070,411
6231,8829286,88,89,1,656,228
6232,10226152,88,98,10,2597,270
6233,9168623,88,86,-2,-394,425
6234,5793324,88,89,1,585,489
6235,7991960,88,87,-1,-10,419
6236,12309420,88,84,-4,-1083,328
6237,2724503,88,84,-4,-1071,233
6238,5714080,88,87,-1,20,310
6239,10844597,88,89,1,573,386
6240,613534,88,92,4,1386,423
6241,2129086,88,90,2,886,393
6242,9829677,88,89,1,579,367
6243,11929826,88,93,5,1619,322
6244,8531419,88,89,1,586,387
6245,8477573,88,92,4,1408,309
6246,4540372,88,82,-6,-1875,386
6247,7464428,88,90,2,884,308
6248,10693192,88,86,-2,-401,362
6249,5557448,88,93,5,1627,248
6250,6414527,88,91,3,1143,344
6251,10070347,88,83,-5,-1467,275
6252,418062,88,90,2,890,351
6253,11812337,88,88,0,295,178
6254,4302912,88,83,-5,-1480,367
6255,6300928,88,93,5,1628,353
6256,10871682,88,86,-2,-405,255
6257,5115913,87,88,1,587,174
6258,5549342,87,94,7,2053,193
6259,2423374,87,88,1,587,372
6260,11772396,87,83,-4,-1104,305
6261,6520678,87,86,-1,-40,308
6262,9673294,87,87,0,302,242
6263,6327465,87,85,-2,-404,205
6264,12837608,87,86,-1,-43,735
6265,12216187,87,86,-1,-49,655
6266,3268268,87,85,-2,-410,700
6267,10960770,87,87,0,299,490
6268,3092942,87,84,-3,-760,232
6269,2853750,87,88,1,578,335
6270,7868294,87,85,-2,-405,284
6271,12181055,87,82,-5,-1490,471
6272,1174758,87,85,-2,-401,435
6273,477317,87,79,-8,-2772,460
6274,6998067,87,82,-5,-1498,629
6275,9842783,87,86,-1,-48,391
6276,7830378,87,94,7,2063,267
6277,2243915,87,90,3,1138,324
6278,4185963,87,85,-2,-409,403
6279,5317003,87,83,-4,-1105,499
6280,1827474,87,84,-3,-758,409
6281,6559003,87,85,-2,-403,186
6282,8890525,87,85,-2,-410,817
6283,1752991,87,84,-3,-763,355
6284,8185997,87,83,-4,-1102,693
6285,10172645,87,78,-9,-3243,260
6286,1102190,87,81,-6,-1928,731
6287,4708114,87,92,5,1630,390
6288,13265110,87,85,-2,-413,249
6289,13217625,87,83,-4,-1108,390
6290,6370412,87,82,-5,-1490,682
6291,9354589,87,84,-3,-763,230
6292,2317962,87,81,-6,-1919,371
6293,5012985,87,85,-2,-407,313
6294,11334663,87,96,9,2461,384
6295,11438743,87,84,-3,-770,200
6296,8575735,87,89,2,900,269
6297,6432985,87,90,3,1135,338
6298,7342750,87,85,-2,-406,486
6299,8375901,87,84,-3,-781,250
6300,7705869,87,82,-5,-1490,545
6301,5296438,87,86,-1,-40,933
6302,5393503,87,91,4,1378,501
6303,9524768,87,88,1,587,266
6304,10229137,87,86,-1,-43,444
6305,11821307,87,87,0,283,726
6306,1325796,87,88,1,591,174
6307,1210264,87,79,-8,-2792,580
6308,10931438,87,98,11,2855,222
6309,8925309,87,84,-3,-796,546
6310,7426362,87,83,-4,-1107,564
6311,7575127,87,83,-4,-1116,412
6312,2099984,87,83,-4,-1119,780
6313,12997068,87,90,3,1152,365
6314,11967030,87,85,-2,-472,791
6315,10870731,87,89,2,897,220
6316,5232733,87,88,1,544,289
6317,13135037,87,87,0,310,345
6318,12458861,87,90,3,1153,271
6319,2526879,87,81,-6,-1941,475
6320,13510213,87,91,4,1376,310
6321,4097937,87,92,5,1591,481
6322,12701546,87,89,2,911,538
6323,11787438,87,88,1,570,415
6324,1880870,87,87,0,313,238
6325,4696950,87,81,-6,-1936,637
6326,9762230,87,83,-4,-1144,763
6327,7664294,87,80,-7,-2341,772
6328,11470215,87,80,-7,-2350,993
6329,9241237,87,84,-3,-786,437
6330,1907568,87,81,-6,-1938,487
6331,3850074,87,83,-4,-1094,214
6332,4537630,87,86,-1,-69,282
6333,10699207,87,89,2,865,304
6334,3860617,87,86,-1,-47,275
6335,8015937,87,79,-8,-2811,750
6336,12142741,87,80,-7,-2347,643
6337,11493476,87,89,2,885,387
6338,5544742,87,92,5,1655,579
6339,7729002,87,87,0,277,278
6340,3865569,87,83,-4,-1116,231
6341,741889,87,86,-1,-79,639
6342,8994237,87,81,-6,-1941,842
6343,5737450,87,89,2,872,770
6344,12345759,87,91,4,1413,436
6345,11560124,87,84,-3,-750,459
6346,5233148,87,82,-5,-1449,188
6347,4378559,87,85,-2,-447,187
6348,1380449,87,82,-5,-1510,697
6349,10176135,87,82,-5,-1478,223
6350,6596532,87,92,5,1664,206
6351,7972988,87,92,5,1658,314
6352,8653979,87,90,3,1186,235
6353,12474487,87,85,-2,-407,240
6354,1390194,87,86,-1,-51,652
6355,7361387,87,87,0,283,403
6356,7813,87,82,-5,-1518,559
6357,11514043,87,84,-3,-733,192
6358,1810477,87,86,-1,-17,249
6359,12065406,87,83,-4,-1085,725
6360,743278,87,81,-6,-1925,352
6361,11223001,87,85,-2,-389,395
6362,10785415,87,85,-2,-455,612
6363,7911282,87,88,1,578,237
6364,436080,87,89,2,895,272
6365,4988099,87,85,-2,-456,496
6366,13086340,87,82,-5,-1487,352
6367,6320851,87,86,-1,-33,465
6368,698673,87,83,-4,-1181,575
6369,3900391,87,87,0,279,435
6370,6045446,87,86,-1,-71,385
6371,610907,87,85,-2,-457,340
6372,12229514,87,88,1,595,232
6373,2252175,87,86,-1,-63,463
6374,13141835,87,83,-4,-1115,236
6375,741168,87,81,-6,-1938,353
6376,11210286,87,89,2,877,343
6377,6403748,87,85,-2,-421,430
6378,4787220,87,83,-4,-1159,329
6379,2003560,87,94,7,2046,288
6380,1978810,87,79,-8,-2834,801
6381,9263789,87,84,-3,-785,320
6382,7930935,87,86,-1,-35,332
6383,10005538,87,85,-2,-422,322
6384,6017624,87,85,-2,-438,553
6385,5727939,87,93,6,1852,375
6386,13099306,87,88,1,632,259
6387,2769491,87,82,-5,-1540,369
6388,5887408,87,87,0,358,307
6389,11735256,87,98,11,2856,444
6390,2041020,87,82,-5,-1526,665
6391,4792680,87,87,0,320,260
6392,1649500,87,83,-4,-1098,244
6393,10234741,87,80,-7,-2297,270
6394,1120724,87,80,-7,-2331,552
6395,12991356,87,82,-5,-1481,341
6396,10848729,87,82,-5,-1506,684
6397,6919621,87,83,-4,-1116,388
6398,3987417,87,85,-2,-466,266
6399,6599328,87,83,-4,-1136,358
6400,287052,87,80,-7,-2349,274
6401,7793401,87,89,2,886,447
6402,2279974,87,91,4,1386,424
6403,13601452,87,84,-3,-744,253
6404,1630611,87,84,-3,-797,511
6405,4354020,87,88,1,613,473
6406,2698771,87,89,2,925,192
6407,7675130,87,81,-6,-1969,852
6408,1505527,87,86,-1,-70,442
6409,13451610,87,93,6,1908,210
6410,7563229,87,93,6,1862,594
6411,8092197,87,90,3,1139,578
6412,9019904,87,89,2,921,496
6413,4886866,87,86,-1,-31,264
6414,726204,87,86,-1,-99,611
6415,11776190,87,90,3,1173,482
6416,2753080,87,87,0,279,440
6417,419206,87,87,0,274,405
6418,8409680,87,94,7,2138,257
6419,10992165,87,87,0,323,171
6420,11568651,87,84,-3,-767,256
6421,9651897,87,82,-5,-1493,321
6422,7273455,87,87,0,294,228
6423,5288023,87,82,-5,-1483,510
6424,9167688,87,85,-2,-410,315
6425,115663,87,87,0,301,160
6426,1884616,87,82,-5,-1511,792
6427,13507794,87,85,-2,-434,267
6428,8239087,87,86,-1,-35,337
6429,3959961,87,87,0,285,224
6430,583677,87,82,-5,-1543,663
6431,7218092,87,86,-1,-97,467
6432,10138407,87,90,3,1218,373
6433,2209887,87,84,-3,-785,508
6434,3762519,87,86,-1,-36,214
6435,9161448,87,84,-3,-776,597
6436,8365502,87,80,-7,-2316,305
6437,12259405,87,86,-1,-61,272
6438,2214880,87,86,-1,-80,400
6439,12856344,87,87,0,251,400
6440,22268,87,89,2,880,313
6441,4619301,87,87,0,261,304
6442,9048424,87,85,-2,-403,324
6443,2592939,87,91,4,1452,356
6444,13603471,87,83,-4,-1172,306
6445,12791054,87,90,3,1144,530
6446,12611602,87,80,-7,-2384,671
6447,11174909,87,85,-2,-392,801
6448,5813863,87,92,5,1681,429
6449,10339625,87,89,2,902,478
6450,12616293,87,83,-4,-1105,600
6451,8814856,87,85,-2,-412,268
6452,11319299,87,85,-2,-421,309
6453,6807287,87,90,3,1164,526
6454,10377891,87,85,-2,-413,484
6455,12064659,87,94,7,2100,421
6456,10575661,87,93,6,1875,242
6457,9389988,87,84,-3,-741,385
6458,10245412,87,84,-3,-803,264
6459,6139992,87,84,-3,-732,294
6460,11367594,87,88,1,590,247
6461,593012,87,87,0,290,207
6462,2855151,87,88,1,602,431
6463,12189099,87,83,-4,-1120,548
6464,1332595,87,85,-2,-410,335
6465,6473527,87,85,-2,-418,738
6466,8210317,87,88,1,562,344
6467,13597565,87,80,-7,-2374,356
6468,1349834,87,88,1,599,621
6469,9349163,87,94,7,2129,453
6470,3805085,87,86,-1,-33,437
6471,9364194,87,82,-5,-1544,481
6472,2266975,87,85,-2,-437,324
6473,1549865,87,92,5,1692,163
6474,4881909,87,87,0,323,255
6475,13964,87,91,4,1421,378
6476,11714847,87,91,4,1401,452
6477,5073010,87,88,1,616,307
6478,13104,87,87,0,274,362
6479,8398349,87,81,-6,-1923,441
6480,12954072,87,83,-4,-1091,286
6481,2205334,87,87,0,261,692
6482,7884781,87,83,-4,-1131,640
6483,12086600,87,83,-4,-1143,478
6484,2693850,87,95,8,2374,372
6485,212524,87,85,-2,-438,438
6486,5792330,87,86,-1,-59,577
6487,5019784,87,81,-6,-1972,544
6488,8159619,87,91,4,1467,519
6489,5770898,87,84,-3,-767,342
6490,10877711,87,84,-3,-677,205
6491,4481240,87,92,5,1677,451
6492,4637218,87,83,-4,-1155,328
6493,2236641,87,89,2,880,363
6494,4521770,87,87,0,247,475
6495,6105890,87,85,-2,-469,437
6496,9881134,87,84,-3,-779,416
6497,10872262,87,83,-4,-1146,566
6498,4421353,87,81,-6,-1960,589
6499,1053570,87,91,4,1401,327
6500,6402846,87,83,-4,-1114,368
6501,13683071,87,84,-3,-762,593
6502,10685776,87,80,-7,-2409,623
6503,3012161,87,86,-1,-104,419
6504,11006076,87,83,-4,-1177,277
6505,8127736,87,86,-1,-21,300
6506,7396906,87,93,6,1923,386
6507,11433199,87,88,1,619,512
6508,4865519,87,89,2,1002,200
6509,4478454,87,87,0,277,294
6510,12417690,87,82,-5,-1513,481
6511,13311350,87,84,-3,-763,372
6512,13233518,87,89,2,906,354
6513,1801158,87,90,3,1183,474
6514,6679619,87,83,-4,-1134,314
6515,8176713,87,80,-7,-2405,389
6516,10244005,87,87,0,286,342
6517,10276937,87,87,0,278,363
6518,419752,87,88,1,612,252
6519,459147,87,89,2,893,358
6520,7052452,87,82,-5,-1454,405
6521,704028,87,82,-5,-1523,581
6522,6504526,87,84,-3,-788,406
6523,1711160,87,89,2,994,349
6524,6911542,87,84,-3,-790,349
6525,10276169,87,85,-2,-454,258
6526,6758448,87,83,-4,-1105,456
6527,8849769,87,86,-1,-54,407
6528,3808054,87,87,0,245,501
6529,3487040,87,85,-2,-440,570
6530,4453998,87,89,2,934,275
6531,11431643,87,86,-1,-92,302
6532,1270439,87,86,-1,-56,469
6533,8647176,87,90,3,1220,346
6534,10453072,87,87,0,281,243
6535,4260231,87,84,-3,-760,224
6536,10394562,87,92,5,1696,407
6537,4648974,87,88,1,625,344
6538,4929938,87,86,-1,-37,352
6539,8031069,87,88,1,615,433
6540,4840904,87,90,3,1240,306
6541,8300566,87,86,-1,-67,456
6542,7912409,87,82,-5,-1542,548
6543,6114142,87,83,-4,-1161,493
6544,9444771,87,85,-2,-399,287
6545,6809547,87,79,-8,-2842,516
6546,7721620,87,87,0,287,292
6547,4103937,87,95,8,2352,317
6548,1990268,87,88,1,608,297
6549,9010821,87,87,0,320,357
6550,4959944,87,85,-2,-434,415
6551,12464525,87,87,0,274,369
6552,7455493,87,84,-3,-724,452
6553,1377555,87,89,2,955,325
6554,9961061,87,82,-5,-1535,307
6555,9118761,87,89,2,902,463
6556,4119855,87,86,-1,-74,348
6557,1157074,87,82,-5,-1578,442
6558,9550406,87,87,0,301,411
6559,1438543,87,87,0,342,254
6560,11060707,87,98,11,2934,461
6561,7580527,87,83,-4,-1172,281
6562,6283459,87,88,1,612,339
6563,6347320,87,88,1,616,352
6564,13412500,87,87,0,271,341
6565,2312916,87,87,0,274,249
6566,7204850,87,85,-2,-439,307
6567,8971426,87,81,-6,-2001,503
6568,8088717,87,85,-2,-427,371
6569,4969404,87,89,2,904,289
6570,4140876,87,87,0,285,322
6571,3145357,87,87,0,297,247
6572,11081850,87,85,-2,-420,222
6573,7250999,87,89,2,914,368
6574,194782,87,88,1,632,278
6575,917733,87,82,-5,-1573,242
6576,5550226,87,87,0,328,195
6577,6314096,87,86,-1,-79,383
6578,9745017,87,83,-4,-1160,243
6579,4741142,87,81,-6,-2008,252
6580,5564859,87,83,-4,-1167,233
6581,4205433,87,90,3,1217,178
6582,4703426,87,80,-7,-2443,225
6583,6052561,86,87,1,621,300
6584,12651953,86,81,-5,-1591,814
6585,4735938,86,84,-2,-432,316
6586,2473757,86,81,-5,-1593,279
6587,11122789,86,82,-4,-1170,243
6588,6110497,86,86,0,285,205
6589,9688286,86,81,-5,-1595,458
6590,4158070,86,81,-5,-1597,240
6591,8471472,86,84,-2,-444,227
6592,9592617,86,84,-2,-434,199
6593,7016453,86,80,-6,-2019,1239
6594,7505473,86,84,-2,-448,330
6595,11385239,86,79,-7,-2460,594
6596,3995376,86,82,-4,-1172,176
6597,4045794,86,85,-1,-80,672
6598,6767145,86,87,1,611,621
6599,524138,86,83,-3,-788,174
6600,3025065,86,83,-3,-791,437
6601,10273537,86,82,-4,-1178,1490
6602,6708701,86,88,2,883,488
6603,5494702,86,84,-2,-442,951
6604,12364266,86,84,-2,-462,1156
6605,10382613,86,82,-4,-1184,497
6606,12005239,86,87,1,615,358
6607,5599954,86,83,-3,-800,176
6608,4313708,86,84,-2,-451,233
6609,2553854,86,87,1,589,495
6610,9175826,86,87,1,592,472
6611,294643,86,92,6,1961,279
6612,11355108,86,79,-7,-2468,729
6613,13658606,86,79,-7,-2493,729
6614,10793891,86,83,-3,-805,481
6615,10672183,86,87,1,612,617
6616,5143689,86,82,-4,-1169,954
6617,1959230,86,84,-2,-465,922
6618,6392390,86,89,3,1209,230
6619,4180302,86,86,0,292,208
6620,13177640,86,88,2,900,359
6621,6291383,86,92,6,1966,241
6622,5113624,86,86,0,267,367
6623,7293221,86,87,1,591,422
6624,8013091,86,80,-6,-2030,384
6625,9331723,86,80,-6,-2032,965
6626,9430448,86,87,1,591,258
6627,3983654,86,87,1,598,321
6628,3761964,86,82,-4,-1203,886
6629,10879318,86,88,2,931,231
6630,12531277,86,84,-2,-457,255
6631,7414769,86,80,-6,-2007,246
6632,12760142,86,81,-5,-1631,413
6633,1435121,86,95,9,2595,257
6634,3157156,86,79,-7,-2489,536
6635,2152429,86,84,-2,-457,371
6636,12082699,86,80,-6,-2016,356
6637,938396,86,89,3,1187,434
6638,12423145,86,86,0,296,347
6639,8068193,86,89,3,1196,311
6640,13111074,86,84,-2,-502,527
6641,4315694,86,80,-6,-2055,293
6642,852819,86,84,-2,-490,380
6643,9847086,86,80,-6,-2026,487
6644,449048,86,78,-8,-2931,940
6645,3413693,86,85,-1,-106,300
6646,9968662,86,79,-7,-2489,261
6647,11056106,86,90,4,1451,697
6648,969616,86,82,-4,-1211,383
6649,4135227,86,86,0,218,514
6650,2362961,86,93,7,2180,210
6651,7909079,86,85,-1,-67,428
6652,6091753,86,77,-9,-3426,708
6653,3681929,86,90,4,1498,222
6654,8269413,86,81,-5,-1610,283
6655,4257275,86,81,-5,-1612,270
6656,11299988,86,80,-6,-1999,175
6657,935423,86,82,-4,-1215,534
6658,11561670,86,86,0,285,211
6659,3368086,86,80,-6,-2079,571
6660,12768839,86,85,-1,-166,289
6661,193420,86,82,-4,-1185,277
6662,13007708,86,85,-1,-96,372
6663,3511114,86,85,-1,-77,449
6664,11233378,86,90,4,1466,798
6665,8172113,86,85,-1,-101,636
6666,2111049,86,84,-2,-461,356
6667,8538186,86,79,-7,-2500,459
6668,2649453,86,87,1,583,377
6669,12559954,86,88,2,931,307
6670,11777317,86,86,0,233,417
6671,2464,86,78,-8,-2912,472
6672,3373387,86,81,-5,-1617,326
6673,9829877,86,90,4,1525,395
6674,11735633,86,82,-4,-1199,748
6675,11701938,86,86,0,281,484
6676,2330404,86,86,0,265,285
6677,9982267,86,84,-2,-437,330
6678,386941,86,79,-7,-2474,414
6679,6754915,86,82,-4,-1142,222
6680,417638,86,82,-4,-1216,568
6681,153258,86,83,-3,-818,638
6682,828011,86,81,-5,-1649,815
6683,8847731,86,85,-1,-110,437
6684,10958589,86,80,-6,-2044,368
6685,6248842,86,91,5,1757,266
6686,13545372,86,87,1,616,506
6687,9368038,86,80,-6,-2022,393
6688,2230341,86,87,1,584,630
6689,914436,86,78,-8,-2917,437
6690,10270087,86,90,4,1521,355
6691,4659106,86,88,2,907,308
6692,11852519,86,92,6,2004,223
6693,6247242,86,89,3,1208,267
6694,7870698,86,80,-6,-2043,730
6695,3177323,86,86,0,247,213
6696,6200420,86,84,-2,-466,369
6697,2701448,86,83,-3,-782,321
6698,1267199,86,90,4,1506,385
6699,182337,86,88,2,909,471
6700,6795736,86,82,-4,-1265,371
6701,1502786,86,90,4,1470,333
6702,6310230,86,83,-3,-775,392
6703,3726492,86,80,-6,-2070,713
6704,11434745,86,85,-1,-126,310
6705,7699324,86,87,1,579,374
6706,4635815,86,91,5,1721,558
6707,6439817,86,85,-1,-142,350
6708,6305323,86,86,0,252,466
6709,2138800,86,85,-1,-181,399
6710,12488731,86,89,3,1212,460
6711,7321750,86,78,-8,-2923,334
6712,13027983,86,82,-4,-1243,675
6713,9117697,86,81,-5,-1616,337
6714,3080817,86,82,-4,-1198,398
6715,5177523,86,92,6,1993,332
6716,1780045,86,87,1,630,239
6717,8268544,86,87,1,576,355
6718,12824873,86,86,0,267,393
6719,3742126,86,84,-2,-444,232
6720,3809684,86,92,6,1930,500
6721,125481,86,85,-1,-88,337
6722,7927448,86,83,-3,-823,556
6723,12055209,86,84,-2,-483,447
6724,866956,86,86,0,233,708
6725,2102282,86,85,-1,-85,164
6726,12778538,86,83,-3,-836,340
6727,11703177,86,84,-2,-476,532
6728,5504576,86,93,7,2175,604
6729,12764330,86,86,0,263,508
6730,1836332,86,91,5,1748,502
6731,8611181,86,81,-5,-1633,670
6732,8834010,86,81,-5,-1593,222
6733,7670827,86,82,-4,-1212,635
6734,11227182,86,84,-2,-475,460
6735,4270745,86,83,-3,-862,918
6736,2016821,86,82,-4,-1206,325
6737,4224585,86,80,-6,-2024,787
6738,5313104,86,81,-5,-1610,384
6739,722646,86,81,-5,-1651,465
6740,10475475,86,84,-2,-459,427
6741,7273462,86,90,4,1472,547
6742,12131193,86,82,-4,-1194,667
6743,5125456,86,85,-1,-139,583
6744,5390020,86,90,4,1449,313
6745,5806217,86,86,0,251,527
6746,6583961,86,86,0,261,476
6747,8514952,86,88,2,870,306
6748,7935955,86,90,4,1512,288
6749,9949952,86,82,-4,-1235,412
6750,282975,86,88,2,842,436
6751,496254,86,83,-3,-844,483
6752,12361123,86,90,4,1539,257
6753,12663087,86,85,-1,-109,228
6754,12581258,86,84,-2,-487,343
6755,8424573,86,82,-4,-1174,518
6756,6384136,86,86,0,274,544
6757,13563834,86,102,16,3817,407
6758,2293084,86,82,-4,-1284,311
6759,4763111,86,90,4,1474,291
6760,13276766,86,79,-7,-2536,401
6761,2182035,86,82,-4,-1229,334
6762,7757783,86,83,-3,-817,358
6763,5039873,86,81,-5,-1669,249
6764,12088483,86,80,-6,-2033,275
6765,7311710,86,90,4,1506,303
6766,11029724,86,81,-5,-1673,370
6767,7577203,86,88,2,923,311
6768,4066133,86,80,-6,-2108,486
6769,8496436,86,87,1,587,443
6770,12572484,86,87,1,613,471
6771,5006326,86,85,-1,-149,358
6772,11475819,86,80,-6,-2098,722
6773,10138746,86,80,-6,-2095,503
6774,5239564,86,79,-7,-2511,390
6775,8452733,86,83,-3,-779,539
6776,2670046,86,79,-7,-2503,530
6777,6262501,86,86,0,247,319
6778,1606123,86,90,4,1543,325
6779,2508649,86,84,-2,-512,571
6780,7778113,86,81,-5,-1686,474
6781,3793800,86,80,-6,-2084,436
6782,6151050,86,85,-1,-144,628
6783,5250389,86,88,2,936,454
6784,7570,86,88,2,958,255
6785,3845673,86,81,-5,-1670,206
6786,11677547,86,82,-4,-1251,474
6787,10872994,86,83,-3,-774,244
6788,10220117,86,92,6,1963,346
6789,3638960,86,89,3,1200,189
6790,8288806,86,83,-3,-829,520
6791,6817096,86,85,-1,-69,261
6792,12950090,86,82,-4,-1267,280
6793,5503016,86,84,-2,-537,464
6794,8115609,86,88,2,954,181
6795,1300105,86,79,-7,-2543,351
6796,42547,86,80,-6,-2090,457
6797,7540901,86,87,1,619,339
6798,9238745,86,84,-2,-496,505
6799,9995673,86,80,-6,-2088,538
6800,11689838,86,87,1,614,380
6801,10904495,86,82,-4,-1235,267
6802,3569117,86,91,5,1718,334
6803,4555931,86,92,6,1997,336
6804,7675817,86,82,-4,-1300,472
6805,12130836,86,88,2,931,323
6806,13431365,86,82,-4,-1257,459
6807,3031136,86,85,-1,-143,412
6808,10937314,86,82,-4,-1265,202
6809,10240554,86,83,-3,-771,319
6810,900449,86,83,-3,-805,386
6811,8188520,86,81,-5,-1638,243
6812,3673289,86,83,-3,-858,544
6813,10312099,86,82,-4,-1285,472
6814,12251559,86,84,-2,-466,374
6815,5844219,86,93,7,2246,384
6816,11660804,86,80,-6,-2008,393
6817,2197517,86,88,2,908,479
6818,9220235,86,91,5,1733,296
6819,2602940,86,85,-1,-53,181
6820,10897874,86,80,-6,-2103,620
6821,5003363,86,84,-2,-477,407
6822,4490821,86,78,-8,-2933,245
6823,11596672,86,84,-2,-435,297
6824,7805876,86,87,1,605,402
6825,13293042,86,80,-6,-2071,395
6826,13582386,86,90,4,1490,463
6827,12903135,86,92,6,2009,319
6828,12066335,86,81,-5,-1680,307
6829,668749,86,82,-4,-1196,479
6830,2843557,86,90,4,1509,332
6831,11671405,86,82,-4,-1271,448
6832,8851675,86,94,8,2491,219
6833,10193453,86,80,-6,-2057,307
6834,4812125,86,86,0,218,429
6835,11815173,86,83,-3,-865,307
6836,8736072,86,89,3,1215,303
6837,8818964,86,82,-4,-1173,295
6838,9946404,86,83,-3,-854,347
6839,11275340,86,85,-1,-55,175
6840,12187968,86,85,-1,-121,259
6841,6225876,86,80,-6,-2044,329
6842,9439887,86,86,0,229,445
6843,9788896,86,84,-2,-403,243
6844,10360446,86,83,-3,-764,422
6845,12644559,86,85,-1,-103,544
6846,6313174,86,86,0,222,190
6847,9794576,86,90,4,1508,270
6848,9515204,86,86,0,250,304
6849,10953217,86,92,6,1997,449
6850,1023234,86,85,-1,-106,341
6851,582952,86,83,-3,-831,336
6852,11515588,86,85,-1,-86,483
6853,5473044,86,85,-1,-105,542
6854,13232384,86,81,-5,-1623,366
6855,4724468,86,82,-4,-1226,461
6856,6867366,86,89,3,1206,327
6857,10310868,86,82,-4,-1251,472
6858,5188174,86,84,-2,-443,274
6859,1273331,86,83,-3,-816,331
6860,4120492,86,81,-5,-1670,424
6861,7909722,86,86,0,294,215
6862,4738631,86,83,-3,-831,525
6863,1029271,86,92,6,2006,211
6864,7534315,86,81,-5,-1531,287
6865,6501981,86,84,-2,-414,166
6866,2971064,86,87,1,582,310
6867,6828853,86,86,0,266,194
6868,12420768,86,85,-1,-46,206
6869,12843594,86,89,3,1223,730
6870,1239819,86,87,1,628,336
6871,2839388,86,86,0,233,483
6872,11880926,86,88,2,940,276
6873,10717490,86,89,3,1236,383
6874,3484921,86,87,1,610,492
6875,2324175,86,85,-1,-80,298
6876,5633035,86,88,2,949,365
6877,1157097,86,81,-5,-1668,322
6878,1128071,86,85,-1,-97,278
6879,7876957,86,82,-4,-1253,406
6880,10020727,86,93,7,2272,260
6881,6242609,86,82,-4,-1197,378
6882,7581655,86,83,-3,-804,260
6883,8562141,86,95,9,2684,359
6884,11165608,86,89,3,1246,365
6885,7951636,86,84,-2,-428,463
6886,36727,86,88,2,961,230
6887,2446163,86,81,-5,-1666,383
6888,11816751,86,89,3,1228,210
6889,10768221,86,91,5,1785,203
6890,2376615,86,81,-5,-1650,286
6891,2801191,86,84,-2,-432,338
6892,1087312,86,80,-6,-2100,422
6893,1350829,86,83,-3,-832,298
6894,11873015,86,90,4,1540,204
6895,11887098,86,87,1,601,389
6896,13059080,86,81,-5,-1687,427
6897,3608751,86,86,0,256,240
6898,6898901,86,85,-1,-104,371
6899,11105488,86,84,-2,-457,487
6900,1368070,86,84,-2,-460,342
6901,10738435,86,86,0,259,406
6902,5426612,86,82,-4,-1253,275
6903,5820601,86,85,-1,-100,191
6904,12380719,86,91,5,1792,303
6905,11939959,86,97,11,3102,246
6906,1957630,86,84,-2,-456,240
6907,5485869,86,88,2,951,260
6908,4867590,86,86,0,245,206
6909,12861837,85,81,-4,-1262,247
6910,11932492,85,90,5,1796,162
6911,6202405,85,91,6,2041,311
6912,5749388,85,83,-2,-453,123
6913,8909339,85,84,-1,-105,267
6914,10645574,85,83,-2,-457,207
6915,3190358,85,83,-2,-455,314
6916,1571915,85,83,-2,-457,508
6917,7447099,85,84,-1,-112,625
6918,286802,85,79,-6,-2119,873
6919,2673448,85,84,-1,-104,270
6920,11437912,85,83,-2,-448,227
6921,2699464,85,96,11,3108,189
6922,11069219,85,80,-5,-1689,525
6923,8944861,85,87,2,957,244
6924,3174910,85,84,-1,-98,280
6925,6895038,85,79,-6,-2132,489
6926,13621547,85,79,-6,-2130,805
6927,2926090,85,80,-5,-1688,381
6928,5858056,85,83,-2,-447,382
6929,13349183,85,88,3,1229,315
6930,13205243,85,86,1,614,302
6931,735342,85,81,-4,-1259,367
6932,9288788,85,92,7,2294,147
6933,12367142,85,83,-2,-452,355
6934,4078443,85,81,-4,-1249,216
6935,13309666,85,80,-5,-1698,365
6936,1016,85,90,5,1805,265
6937,400955,85,81,-4,-1266,602
6938,3070632,85,93,8,2481,371
6939,10122822,85,84,-1,-124,521
6940,13203078,85,91,6,2047,203
6941,12086904,85,79,-6,-2138,352
6942,6992014,85,83,-2,-470,889
6943,2372313,85,80,-5,-1692,1204
6944,7866622,85,80,-5,-1673,220
6945,11011889,85,77,-8,-3096,1099
6946,61191,85,82,-3,-836,295
6947,3834371,85,85,0,239,375
6948,10279804,85,88,3,1230,158
6949,9352667,85,87,2,969,179
6950,12547945,85,83,-2,-464,499
6951,4629550,85,78,-7,-2598,1273
6952,1453588,85,79,-6,-2144,411
6953,358078,85,94,9,2720,347
6954,13641128,85,84,-1,-117,485
6955,6127258,85,81,-4,-1275,306
6956,4857838,85,79,-6,-2138,324
6957,7024128,85,80,-5,-1707,1069
6958,10942086,85,82,-3,-845,734
6959,10888092,85,85,0,217,370
6960,699687,85,87,2,959,141
6961,7087994,85,83,-2,-435,241
6962,6847742,85,82,-3,-836,243
6963,2462828,85,91,6,2025,607
6964,9043282,85,79,-6,-2151,681
6965,12031130,85,88,3,1213,280
6966,10008341,85,82,-3,-840,369
6967,4969765,85,83,-2,-463,654
6968,4796630,85,83,-2,-438,159
6969,11556849,85,89,4,1533,488
6970,6192151,85,79,-6,-2140,341
6971,9647243,85,83,-2,-453,661
6972,11643779,85,88,3,1213,717
6973,2603705,85,88,3,1223,422
6974,4976507,85,89,4,1495,231
6975,781557,85,80,-5,-1706,590
6976,8940203,85,79,-6,-2171,409
6977,12626082,85,85,0,231,416
6978,9678326,85,86,1,612,441
6979,3137578,85,84,-1,-124,216
6980,3062174,85,84,-1,-144,517
6981,1082130,85,79,-6,-2140,477
6982,10435063,85,78,-7,-2578,436
6983,6328406,85,83,-2,-469,444
6984,4642380,85,80,-5,-1692,468
6985,482567,85,83,-2,-441,197
6986,11758973,85,85,0,233,521
6987,8197180,85,84,-1,-110,435
6988,11288723,85,76,-9,-3603,1077
6989,2106065,85,78,-7,-2582,300
6990,7752928,85,84,-1,-145,329
6991,1391218,85,80,-5,-1701,452
6992,7424346,85,85,0,255,817
6993,10231439,85,85,0,268,352
6994,3950981,85,86,1,641,286
6995,6695085,85,78,-7,-2584,540
6996,4618974,85,85,0,235,422
6997,12096322,85,86,1,587,831
6998,6109466,85,80,-5,-1675,170
6999,437047,85,79,-6,-2121,501
7000,384309,85,84,-1,-120,328
7001,9277591,85,84,-1,-117,394
7002,13165109,85,83,-2,-407,192
7003,5647664,85,84,-1,-95,351
7004,8013640,85,84,-1,-134,509
7005,2221179,85,83,-2,-479,357
7006,1326040,85,86,1,577,661
7007,13079501,85,88,3,1236,340
7008,1695090,85,82,-3,-844,417
7009,885513,85,86,1,630,187
7010,4916023,85,86,1,622,227
7011,6655938,85,79,-6,-2168,433
7012,13417765,85,81,-4,-1275,385
7013,7117639,85,82,-3,-809,352
7014,5644038,85,78,-7,-2564,652
7015,5336948,85,92,7,2328,262
7016,10749084,85,81,-4,-1276,406
7017,3446814,85,84,-1,-100,241
7018,10025311,85,83,-2,-508,632
7019,7393793,85,85,0,241,444
7020,9185419,85,83,-2,-433,361
7021,4565217,85,81,-4,-1253,670
7022,2964385,85,80,-5,-1694,210
7023,8690084,85,76,-9,-3623,831
7024,3495413,85,82,-3,-839,551
7025,13368024,85,88,3,1228,305
7026,3104110,85,82,-3,-835,748
7027,4640078,85,83,-2,-436,422
7028,6749245,85,79,-6,-2137,306
7029,2127829,85,87,2,923,335
7030,7657287,85,82,-3,-850,719
7031,5672046,85,81,-4,-1266,652
7032,7851080,85,83,-2,-414,230
7033,11135748,85,89,4,1550,313
7034,10756766,85,84,-1,-100,243
7035,10346339,85,78,-7,-2585,368
7036,11530676,85,82,-3,-857,365
7037,2152863,85,86,1,692,237
7038,1929859,85,82,-3,-888,476
7039,7428987,85,87,2,927,625
7040,4663049,85,81,-4,-1286,326
7041,1740075,85,83,-2,-450,362
7042,11654719,85,81,-4,-1286,398
7043,10293596,85,91,6,2060,347
7044,11285055,85,80,-5,-1686,533
7045,3643459,85,92,7,2287,989
7046,6401068,85,82,-3,-810,305
7047,390833,85,83,-2,-470,520
7048,7656062,85,81,-4,-1317,333
7049,3885254,85,87,2,1013,272
7050,5331659,85,87,2,952,462
7051,1317399,85,86,1,626,745
7052,4165557,85,88,3,1236,485
7053,2270509,85,90,5,1854,297
7054,5101141,85,84,-1,-154,260
7055,3534894,85,83,-2,-459,440
7056,7209880,85,76,-9,-3594,873
7057,11922362,85,86,1,631,214
7058,8021621,85,87,2,965,361
7059,5247146,85,93,8,2499,436
7060,9316192,85,83,-2,-499,250
7061,13083412,85,86,1,633,523
7062,12768399,85,83,-2,-460,494
7063,5979846,85,79,-6,-2143,750
7064,447242,85,83,-2,-422,520
7065,11745816,85,81,-4,-1333,678
7066,7218751,85,79,-6,-2127,405
7067,7540580,85,80,-5,-1726,621
7068,12831704,85,80,-5,-1711,760
7069,6384856,85,84,-1,-113,740
7070,7390421,85,91,6,2077,412
7071,12779105,85,87,2,949,238
7072,2319580,85,86,1,598,565
7073,1065309,85,84,-1,-55,205
7074,5715611,85,85,0,282,386
7075,1811219,85,79,-6,-2166,647
7076,11981462,85,83,-2,-431,652
7077,320906,85,91,6,2097,234
7078,2694590,85,82,-3,-865,472
7079,9691789,85,82,-3,-890,301
7080,11095077,85,83,-2,-429,486
7081,12144625,85,78,-7,-2540,410
7082,11470784,85,84,-1,-90,425
7083,6177923,85,86,1,606,386
7084,3116900,85,82,-3,-760,279
7085,11704229,85,89,4,1622,316
7086,12158556,85,85,0,254,477
7087,8700836,85,84,-1,-82,616
7088,9808255,85,91,6,2069,617
7089,6202905,85,89,4,1565,265
7090,10287107,85,81,-4,-1245,506
7091,8289125,85,82,-3,-828,567
7092,10547348,85,86,1,559,328
7093,12351628,85,79,-6,-2123,207
7094,7031747,85,83,-2,-504,686
7095,3026660,85,81,-4,-1313,480
7096,5589536,85,79,-6,-2138,305
7097,5331027,85,82,-3,-861,650
7098,12900476,85,82,-3,-762,247
7099,380555,85,82,-3,-799,201
7100,5815101,85,92,7,2355,372
7101,13626389,85,83,-2,-394,210
7102,10724672,85,83,-2,-429,696
7103,10540799,85,79,-6,-2101,341
7104,2723318,85,81,-4,-1263,700
7105,2038374,85,81,-4,-1332,445
7106,3008607,85,82,-3,-829,217
7107,5937602,85,86,1,572,739
7108,6113600,85,81,-4,-1269,447
7109,2661522,85,85,0,206,609
7110,1957894,85,82,-3,-836,278
7111,8409380,85,83,-2,-405,375
7112,9453213,85,83,-2,-462,520
7113,7428782,85,80,-5,-1677,301
7114,7815024,85,84,-1,-129,519
7115,13478063,85,86,1,665,346
7116,10353564,85,87,2,995,222
7117,9088475,85,79,-6,-2122,427
7118,3927387,85,79,-6,-2159,354
7119,8333650,85,83,-2,-451,475
7120,11172823,85,86,1,682,212
7121,1395359,85,82,-3,-849,256
7122,3880738,85,82,-3,-690,231
7123,12219606,85,89,4,1509,661
7124,3876524,85,80,-5,-1684,437
7125,5401032,85,79,-6,-2100,577
7126,9612671,85,77,-8,-3078,512
7127,3746686,85,89,4,1611,275
7128,11332666,85,85,0,247,229
7129,9400873,85,84,-1,-83,403
7130,12975156,85,86,1,734,167
7131,8709115,85,81,-4,-1254,586
7132,86565,85,81,-4,-1222,625
7133,7078731,85,91,6,2160,278
7134,1392453,85,85,0,337,152
7135,1042959,85,87,2,1114,215
7136,7627272,85,85,0,282,462
7137,266441,85,86,1,670,628
7138,1814429,85,90,5,1910,410
7139,12497963,85,87,2,974,546
7140,3264106,85,88,3,1274,523
7141,1101792,85,86,1,765,168
7142,224353,85,81,-4,-1300,337
7143,635129,85,82,-3,-757,341
7144,12401927,85,87,2,994,325
7145,5457028,85,82,-3,-888,206
7146,8462949,85,80,-5,-1665,351
7147,2731593,85,79,-6,-2150,866
7148,4351119,85,85,0,277,458
7149,3073231,85,83,-2,-461,437
7150,178060,85,80,-5,-1684,718
7151,1327206,85,84,-1,-44,530
7152,2379131,85,88,3,1279,552
7153,10408540,85,83,-2,-353,246
7154,5315678,85,80,-5,-1675,423
7155,4578197,85,85,0,251,373
7156,10974549,85,82,-3,-823,257
7157,2476685,85,90,5,1878,310
7158,1567332,85,83,-2,-478,404
7159,1404328,85,82,-3,-836,530
7160,5420760,85,78,-7,-2467,391
7161,12186059,85,84,-1,-96,540
7162,10871239,85,76,-9,-3538,285
7163,10125926,85,89,4,1559,403
7164,8860598,85,84,-1,-138,522
7165,7569687,85,83,-2,-385,254
7166,10590676,85,84,-1,-78,235
7167,4123322,85,79,-6,-2169,356
7168,4522638,85,81,-4,-1266,287
7169,284410,85,99,14,3767,243
7170,4571455,85,92,7,2391,425
7171,12868584,85,77,-8,-3095,486
7172,13256065,85,80,-5,-1661,457
7173,3284478,85,81,-4,-1277,563
7174,2900946,85,82,-3,-837,462
7175,12436735,85,83,-2,-464,479
7176,1898970,85,81,-4,-1288,520
7177,2812151,85,82,-3,-854,567
7178,5381525,85,82,-3,-813,452
7179,3232524,85,81,-4,-1318,495
7180,357923,85,80,-5,-1767,448
7181,5138797,85,89,4,1590,523
7182,3815537,85,84,-1,-38,257
7183,12369232,85,80,-5,-1699,422
7184,13018297,85,82,-3,-878,670
7185,5714959,85,83,-2,-447,433
7186,7292881,85,80,-5,-1754,417
7187,12996348,85,82,-3,-889,482
7188,9511725,85,85,0,263,332
7189,1511487,85,82,-3,-858,412
7190,10467754,85,79,-6,-2130,415
7191,11383889,85,78,-7,-2575,605
7192,3523758,85,81,-4,-1214,226
7193,13107655,85,99,14,3809,280
7194,3300618,85,82,-3,-820,328
7195,13312181,85,83,-2,-457,461
7196,10701389,85,88,3,1298,694
7197,1017034,85,87,2,998,419
7198,7637201,85,91,6,2200,186
7199,4161783,85,81,-4,-1264,561
7200,4062149,85,80,-5,-1702,438
7201,1890830,85,85,0,254,453
7202,1851739,85,81,-4,-1274,317
7203,711578,85,85,0,305,242
7204,13183524,85,85,0,260,461
7205,10928911,85,83,-2,-451,430
7206,2184111,85,86,1,660,350
7207,3706446,85,89,4,1639,317
7208,10876657,85,82,-3,-821,325
7209,474938,85,80,-5,-1668,492
7210,3040075,85,87,2,1003,268
7211,1776556,85,81,-4,-1190,236
7212,5098446,85,84,-1,-74,348
7213,13019570,85,82,-3,-842,270
7214,4610072,85,87,2,951,479
7215,3826495,85,87,2,984,331
7216,12103556,85,81,-4,-1332,517
7217,10035828,85,83,-2,-474,404
7218,5636495,85,90,5,1892,602
7219,6899867,85,89,4,1616,307
7220,2274167,85,82,-3,-840,394
7221,12386330,85,83,-2,-417,305
7222,12869041,85,90,5,1908,361
7223,13462801,85,86,1,623,242
7224,13544753,85,82,-3,-859,391
7225,395013,85,88,3,1311,431
7226,9518478,85,91,6,2146,382
7227,3301754,85,85,0,285,522
7228,7050708,85,82,-3,-740,237
7229,4587197,85,87,2,978,582
7230,3662477,85,84,-1,-58,417
7231,814532,85,84,-1,-54,191
7232,2602746,85,96,11,3252,330
7233,3609445,85,84,-1,-51,291
7234,6330754,85,79,-6,-2149,435
7235,12169210,85,88,3,1316,620
7236,7347133,85,78,-7,-2567,406
7237,4330364,85,86,1,631,410
7238,3449878,85,81,-4,-1282,337
7239,12210847,85,82,-3,-810,188
7240,4548306,85,83,-2,-411,320
7241,372083,85,89,4,1608,304
7242,7503653,85,84,-1,-106,374
7243,9287265,85,82,-3,-858,354
7244,9577265,85,83,-2,-360,212
7245,6765149,85,86,1,662,259
7246,8499279,85,91,6,2144,246
7247,3623284,85,79,-6,-2142,352
7248,1596641,85,86,1,652,413
7249,7499279,85,85,0,296,462
7250,12048925,85,88,3,1301,508
7251,10985962,85,86,1,641,296
7252,9997172,85,80,-5,-1715,393
7253,9104886,85,89,4,1630,243
7254,3540260,85,83,-2,-455,238
7255,2381885,85,85,0,321,238
7256,252659,85,89,4,1641,209
7257,2215840,85,86,1,640,347
7258,2959868,85,85,0,288,429
7259,9454955,85,82,-3,-773,351
7260,7211165,85,85,0,275,395
7261,10240038,85,79,-6,-2175,462
7262,5468114,85,84,-1,10,407
7263,13313082,85,87,2,1017,234
7264,7620924,85,83,-2,-385,638
7265,12114116,85,77,-8,-3130,345
7266,4440813,85,80,-5,-1678,382
7267,10629396,85,85,0,302,287
7268,9338513,85,79,-6,-2096,240
7269,5709493,85,82,-3,-800,322
7270,3094838,85,87,2,1021,454
7271,12796958,85,85,0,281,444
7272,175010,85,92,7,2424,443
7273,169528,85,93,8,2662,311
7274,702131,85,83,-2,-397,245
7275,8075576,85,82,-3,-832,295
7276,9381754,85,77,-8,-3142,339
7277,5545994,85,80,-5,-1658,193
7278,9838381,85,96,11,3280,317
7279,819953,85,91,6,2178,209
7280,2009713,85,84,-1,-53,232
7281,8029587,85,87,2,1020,215
7282,5547218,85,85,0,284,202
7283,6188408,85,81,-4,-1231,255
7284,12065465,85,83,-2,-405,225
7285,1252739,85,86,1,683,288
7286,12715167,85,86,1,661,311
7287,13642259,85,80,-5,-1709,309
7288,10092691,85,78,-7,-2607,544
7289,4187321,85,83,-2,-421,211
7290,10032037,85,81,-4,-1246,218
7291,11785297,85,81,-4,-1269,219
7292,11719972,85,88,3,1375,214
7293,12448506,85,89,4,1653,291
7294,5959745,85,82,-3,-860,331
7295,3956321,85,79,-6,-2187,325
7296,13329185,85,82,-3,-848,310
7297,5807320,85,78,-7,-2614,233
7298,8568521,85,85,0,307,223
7299,12456960,85,87,2,1013,296
7300,8826188,85,81,-4,-1270,351
7301,11512389,85,76,-9,-3721,372
7302,9265811,85,92,7,2447,346
7303,8552876,85,82,-3,-850,292
7304,8910570,85,90,5,1944,231
7305,971936,85,84,-1,-38,256
7306,3233056,85,77,-8,-3142,454
7307,7446841,85,92,7,2466,285
7308,5741989,85,79,-6,-2193,397
7309,13423317,85,81,-4,-1268,244
7310,1156335,85,81,-4,-1266,320
7311,3273889,85,86,1,649,232
7312,7473450,84,86,2,1008,293
7313,1459502,84,82,-2,-439,151
7314,392616,84,89,5,1942,325
7315,1319503,84,80,-4,-1298,305
7316,13618216,84,82,-2,-443,264
7317,1548529,84,84,0,284,448
7318,12349714,84,88,4,1636,224
7319,7302083,84,81,-3,-872,339
7320,12299814,84,80,-4,-1290,361
7321,5324005,84,88,4,1627,486
7322,6849598,84,84,0,290,165
7323,3735524,84,84,0,296,170
7324,243550,84,81,-3,-871,360
7325,6385437,84,85,1,653,230
7326,7559682,84,83,-1,-55,413
7327,5590810,84,81,-3,-867,281
7328,8089664,84,82,-2,-445,231
7329,156906,84,81,-3,-869,470
7330,2030035,84,80,-4,-1292,331
7331,8036453,84,77,-7,-2688,1227
7332,417808,84,82,-2,-443,213
7333,1071197,84,87,3,1355,178
7334,724509,84,80,-4,-1289,256
7335,3626214,84,84,0,288,421
7336,6658247,84,82,-2,-438,316
7337,8669062,84,78,-6,-2197,435
7338,8572979,84,79,-5,-1746,238
7339,8358490,84,81,-3,-873,473
7340,6435263,84,83,-1,-71,331
7341,11038853,84,79,-5,-1751,1560
7342,834581,84,82,-2,-421,143
7343,3468856,84,85,1,646,282
7344,12451909,84,78,-6,-2192,238
7345,10175301,84,81,-3,-874,987
7346,2117184,84,89,5,1959,337
7347,866823,84,87,3,1349,182
7348,7539349,84,87,3,1307,391
7349,1336925,84,88,4,1647,236
7350,2255929,84,81,-3,-873,599
7351,8229876,84,82,-2,-449,164
7352,8767154,84,83,-1,-38,374
7353,11535546,84,89,5,1963,199
7354,6161168,84,79,-5,-1723,307
7355,4986000,84,83,-1,-50,243
7356,9716427,84,81,-3,-870,372
7357,10620233,84,85,1,612,611
7358,12564917,84,79,-5,-1767,527
7359,7101963,84,85,1,660,187
7360,3801581,84,80,-4,-1322,412
7361,9164906,84,81,-3,-871,461
7362,4235316,84,79,-5,-1774,395
7363,9491147,84,90,6,2213,232
7364,1628487,84,82,-2,-427,219
7365,1664312,84,82,-2,-436,500
7366,11976479,84,81,-3,-888,674
7367,9310395,84,83,-1,-88,717
7368,2508225,84,88,4,1603,467
7369,5835076,84,80,-4,-1284,358
7370,6003749,84,85,1,587,316
7371,409953,84,83,-1,-66,530
7372,7100072,84,85,1,681,313
7373,1776799,84,83,-1,-50,640
7374,4488315,84,78,-6,-2203,644
7375,11825683,84,82,-2,-433,272
7376,13237717,84,83,-1,-65,362
7377,2674247,84,90,6,2203,185
7378,3119680,84,83,-1,-30,264
7379,1034395,84,81,-3,-893,286
7380,10734451,84,80,-4,-1315,618
7381,6707558,84,85,1,643,398
7382,6670214,84,78,-6,-2207,906
7383,3737774,84,79,-5,-1772,1161
7384,8592882,84,87,3,1330,383
7385,439783,84,79,-5,-1755,340
7386,11558691,84,79,-5,-1786,519
7387,3820782,84,86,2,1010,217
7388,13408858,84,81,-3,-932,643
7389,9559421,84,81,-3,-876,451
7390,133794,84,79,-5,-1754,383
7391,6582454,84,79,-5,-1771,304
7392,12543566,84,87,3,1340,249
7393,4580701,84,81,-3,-895,293
7394,1237275,84,82,-2,-441,176
7395,1007229,84,84,0,276,373
7396,485132,84,84,0,267,505
7397,4359073,84,81,-3,-844,212
7398,6482726,84,82,-2,-481,581
7399,786714,84,85,1,575,354
7400,7799050,84,84,0,264,347
7401,13525155,84,83,-1,-67,381
7402,2349875,84,85,1,659,262
7403,4254029,84,82,-2,-487,548
7404,12696355,84,90,6,2187,381
7405,1753129,84,84,0,297,238
7406,1860260,84,82,-2,-483,404
7407,2644383,84,80,-4,-1335,354
7408,13631101,84,81,-3,-878,307
7409,10546223,84,83,-1,-102,383
7410,11245069,84,84,0,294,345
7411,8043710,84,87,3,1347,253
7412,439080,84,80,-4,-1328,843
7413,11441850,84,83,-1,-99,857
7414,9420442,84,82,-2,-464,316
7415,13352906,84,81,-3,-901,751
7416,1096977,84,79,-5,-1754,524
7417,9453188,84,86,2,962,345
7418,7129695,84,79,-5,-1783,383
7419,2162022,84,82,-2,-445,513
7420,12063312,84,78,-6,-2144,203
7421,6615941,84,79,-5,-1794,667
7422,2465471,84,83,-1,-63,303
7423,9699905,84,81,-3,-885,487
7424,4527180,84,77,-7,-2726,759
7425,3808005,84,80,-4,-1273,355
7426,10185152,84,84,0,278,711
7427,1366805,84,99,15,4042,311
7428,7991213,84,82,-2,-406,231
7429,384100,84,86,2,941,390
7430,11877452,84,84,0,262,771
7431,11359332,84,85,1,624,475
7432,13216063,84,80,-4,-1292,317
7433,9264495,84,83,-1,-87,489
7434,12169023,84,88,4,1627,724
7435,33284,84,83,-1,-14,336
7436,2641789,84,84,0,279,642
7437,5932542,84,74,-10,-4430,916
7438,2721915,84,86,2,969,624
7439,1461745,84,82,-2,-402,310
7440,323309,84,82,-2,-409,228
7441,6399318,84,82,-2,-467,327
7442,8782892,84,78,-6,-2206,363
7443,11296812,84,81,-3,-903,435
7444,4746651,84,85,1,609,622
7445,3837013,84,81,-3,-873,443
7446,2136929,84,84,0,292,298
7447,9824173,84,84,0,307,174
7448,6077405,84,79,-5,-1794,165
7449,2565664,84,83,-1,-95,393
7450,1830167,84,81,-3,-918,391
7451,12509357,84,79,-5,-1731,375
7452,2322507,84,79,-5,-1753,344
7453,1473594,84,81,-3,-898,494
7454,12574524,84,78,-6,-2234,786
7455,2433298,84,82,-2,-373,176
7456,13497943,84,86,2,1053,327
7457,11134266,84,88,4,1655,391
7458,12488921,84,83,-1,-90,532
7459,800584,84,87,3,1368,265
7460,6522766,84,88,4,1624,515
7461,7418425,84,83,-1,-35,154
7462,9749000,84,80,-4,-1314,755
7463,10731406,84,84,0,249,502
7464,4245696,84,87,3,1264,397
7465,4267104,84,85,1,614,369
7466,630291,84,83,-1,-55,210
7467,1911,84,80,-4,-1329,539
7468,12913085,84,82,-2,-496,622
7469,588714,84,85,1,655,253
7470,6867207,84,89,5,1942,452
7471,11747572,84,88,4,1615,312
7472,4354626,84,81,-3,-940,596
7473,8024045,84,82,-2,-445,515
7474,191675,84,79,-5,-1809,389
7475,11594504,84,81,-3,-903,398
7476,10112503,84,80,-4,-1327,663
7477,5026894,84,86,2,967,416
7478,1683649,84,84,0,246,347
7479,13043591,84,81,-3,-930,419
7480,11803811,84,80,-4,-1337,249
7481,4886904,84,82,-2,-494,462
7482,7484669,84,78,-6,-2190,220
7483,9954132,84,89,5,1898,396
7484,7925953,84,81,-3,-933,461
7485,312538,84,79,-5,-1802,482
7486,5500374,84,87,3,1328,424
7487,1333543,84,77,-7,-2708,202
7488,12631373,84,80,-4,-1326,515
7489,5162229,84,85,1,662,251
7490,2061931,84,85,1,614,553
7491,11050197,84,81,-3,-919,329
7492,9489215,84,87,3,1311,411
7493,4198345,84,82,-2,-468,389
7494,7718606,84,83,-1,-38,415
7495,7200764,84,81,-3,-920,265
7496,1780113,84,80,-4,-1336,551
7497,4969935,84,85,1,632,468
7498,10650733,84,84,0,268,300
7499,12140464,84,83,-1,-68,309
7500,636138,84,90,6,2280,285
7501,250587,84,84,0,330,347
7502,1664761,84,81,-3,-919,281
7503,501718,84,79,-5,-1862,398
7504,3349342,84,90,6,2218,598
7505,2893012,84,80,-4,-1356,533
7506,6968146,84,86,2,1016,467
7507,2237686,84,85,1,586,319
7508,2736633,84,85,1,595,405
7509,12419865,84,82,-2,-497,370
7510,10389494,84,84,0,300,258
7511,12822725,84,81,-3,-893,301
7512,13223300,84,82,-2,-562,270
7513,11324641,84,97,13,3746,731
7514,432507,84,77,-7,-2739,291
7515,11836761,84,92,8,2791,172
7516,6625798,84,81,-3,-945,529
7517,12535164,84,81,-3,-950,420
7518,1506043,84,84,0,252,380
7519,4897927,84,81,-3,-922,484
7520,11991624,84,88,4,1631,501
7521,8645708,84,81,-3,-906,456
7522,11992290,84,88,4,1639,635
7523,5657666,84,90,6,2216,349
7524,8620038,84,80,-4,-1330,361
7525,9885171,84,79,-5,-1743,255
7526,10131950,84,79,-5,-1847,601
7527,13527738,84,88,4,1659,289
7528,10014985,84,82,-2,-485,426
7529,6720622,84,79,-5,-1808,466
7530,875406,84,80,-4,-1339,622
7531,1960415,84,88,4,1616,326
7532,10739916,84,79,-5,-1803,566
7533,4498403,84,82,-2,-491,382
7534,8593518,84,87,3,1328,192
7535,10440887,84,90,6,2211,294
7536,4887197,84,81,-3,-954,408
7537,12081528,84,82,-2,-419,141
7538,1347613,84,86,2,1000,460
7539,9563943,84,79,-5,-1858,453
7540,3905069,84,78,-6,-2056,235
7541,11408625,84,78,-6,-2180,374
7542,6830884,84,81,-3,-869,301
7543,514181,84,86,2,992,627
7544,6689256,84,84,0,352,530
7545,8785439,84,81,-3,-846,237
7546,4382499,84,82,-2,-524,473
7547,6809376,84,80,-4,-1311,302
7548,9827043,84,80,-4,-1359,456
7549,8896084,84,89,5,1972,444
7550,27472,84,78,-6,-2204,476
7551,5004487,84,86,2,997,306
7552,11364941,84,92,8,2720,381
7553,2831749,84,83,-1,-56,279
7554,2811443,84,85,1,712,295
7555,4385393,84,79,-5,-1792,487
7556,9949167,84,83,-1,-61,407
7557,1836078,84,86,2,1008,278
7558,6129135,84,82,-2,-483,302
7559,6457935,84,83,-1,-68,400
7560,10508942,84,83,-1,-100,482
7561,11692740,84,88,4,1667,442
7562,3764883,84,87,3,1340,398
7563,396898,84,85,1,740,208
7564,11080716,84,83,-1,-17,311
7565,1744468,84,87,3,1351,285
7566,6663387,84,86,2,1010,394
7567,11853224,84,85,1,634,519
7568,7388353,84,81,-3,-855,384
7569,7384959,84,86,2,965,340
7570,5213749,84,86,2,991,190
7571,5139244,84,87,3,1363,526
7572,1625274,84,79,-5,-1767,436
7573,6883520,84,80,-4,-1300,379
7574,5548296,84,82,-2,-469,310
7575,10336266,84,80,-4,-1251,345
7576,5361321,84,93,9,3012,367
7577,899355,84,85,1,617,379
7578,243373,84,83,-1,-135,352
7579,184328,84,85,1,638,245
7580,8380897,84,77,-7,-2667,220
7581,2415407,84,82,-2,-536,297
7582,2890043,84,80,-4,-1293,313
7583,10424880,84,80,-4,-1358,463
7584,6810001,84,80,-4,-1330,384
7585,4956198,84,79,-5,-1790,523
7586,13650446,84,78,-6,-2153,495
7587,5914151,84,87,3,1333,518
7588,4235032,84,86,2,960,491
7589,8635753,84,88,4,1669,339
7590,694453,84,86,2,1037,361
7591,4931116,84,79,-5,-1831,431
7592,3954300,84,92,8,2796,359
7593,12894152,84,81,-3,-944,349
7594,203902,84,91,7,2508,268
7595,3528563,84,83,-1,-73,419
7596,824068,84,83,-1,-103,377
7597,5331752,84,81,-3,-937,291
7598,3970890,84,83,-1,-98,290
7599,8313802,84,84,0,270,303
7600,4960946,84,87,3,1328,386
7601,10853842,84,97,13,3807,324
7602,8968602,84,86,2,982,406
7603,267753,84,84,0,291,242
7604,789651,84,79,-5,-1800,468
7605,7516527,84,87,3,1327,323
7606,13024671,84,86,2,1011,493
7607,8548789,84,86,2,1016,377
7608,11490587,84,82,-2,-463,420
7609,11915114,84,90,6,2313,225
7610,2021902,84,85,1,648,325
7611,8808878,84,84,0,293,227
7612,2636412,84,89,5,1980,302
7613,9711759,84,89,5,1983,254
7614,4312717,84,81,-3,-902,381
7615,8176427,84,81,-3,-931,332
7616,12507030,84,81,-3,-868,288
7617,8515796,84,83,-1,-109,254
7618,11754475,84,87,3,1392,343
7619,6376180,84,82,-2,-515,330
7620,13025313,84,83,-1,-64,271
7621,4654453,84,94,10,3231,490
7622,12229214,84,83,-1,-92,360
7623,2827894,84,79,-5,-1804,491
7624,9906445,84,82,-2,-440,223
7625,8720023,84,90,6,2280,207
7626,7339266,84,82,-2,-414,194
7627,11689044,84,77,-7,-2752,417
7628,1187982,84,84,0,306,258
7629,743122,84,80,-4,-1326,362
7630,2647899,84,86,2,979,479
7631,12859865,84,79,-5,-1772,324
7632,9519917,84,83,-1,-87,555
7633,11750761,84,82,-2,-485,255
7634,4386801,84,83,-1,-39,252
7635,7743191,84,82,-2,-516,251
7636,10568408,84,87,3,1357,293
7637,5033850,84,80,-4,-1344,429
7638,5348928,84,83,-1,-73,316
7639,8861269,84,87,3,1357,329
7640,5958117,84,88,4,1686,339
7641,8707911,84,87,3,1401,296
7642,4922244,84,85,1,674,228
7643,121599,84,86,2,1017,201
7644,13589439,84,82,-2,-499,285
7645,6169898,84,83,-1,-84,211
7646,8411500,84,81,-3,-901,210
7647,5330178,84,84,0,289,375
7648,2159106,84,88,4,1693,238
7649,12400145,84,84,0,312,300
7650,193887,84,92,8,2803,210
7651,13213786,84,82,-2,-473,306
7652,13009590,84,87,3,1379,242
7653,5982766,84,83,-1,-87,297
7654,1021773,84,81,-3,-925,456
7655,6763981,84,82,-2,-505,391
7656,3579476,84,84,0,305,320
7657,11064111,84,82,-2,-504,307
7658,5580575,84,86,2,1000,291
7659,5303131,84,86,2,1014,277
7660,9890870,84,85,1,656,295
7661,9352207,84,82,-2,-507,206
7662,6174313,83,92,9,3034,232
7663,13703902,83,84,1,653,225
7664,318646,83,82,-1,-85,131
7665,9444724,83,81,-2,-507,283
7666,7226153,83,82,-1,-87,210
7667,13136984,83,80,-3,-928,298
7668,13280403,83,82,-1,-88,592
7669,582341,83,83,0,303,196
7670,6841485,83,82,-1,-90,436
7671,5882460,83,80,-3,-932,318
7672,6546599,83,75,-8,-3444,764
7673,10429250,83,80,-3,-933,264
7674,4111879,83,85,2,1000,237
7675,79273,83,79,-4,-1359,146
7676,6833325,83,81,-2,-505,198
7677,7222359,83,81,-2,-505,287
7678,6091006,83,86,3,1361,320
7679,6360642,83,80,-3,-928,146
7680,12754408,83,79,-4,-1372,384
7681,9445656,83,80,-3,-935,522
7682,10364630,83,81,-2,-506,146
7683,6008313,83,81,-2,-503,303
7684,3479800,83,82,-1,-86,398
7685,1611004,83,81,-2,-512,228
7686,4804172,83,87,4,1714,230
7687,4061217,83,79,-4,-1372,308
7688,1136910,83,80,-3,-939,565
7689,5648116,83,82,-1,-82,281
7690,2643390,83,79,-4,-1371,336
7691,11310600,83,79,-4,-1377,357
7692,13377431,83,79,-4,-1378,396
7693,10607265,83,81,-2,-507,330
7694,5102478,83,81,-2,-515,207
7695,12313743,83,81,-2,-504,324
7696,6990967,83,80,-3,-933,518
7697,2811316,83,83,0,302,323
7698,1024656,83,85,2,1008,200
7699,4811572,83,77,-6,-2341,971
7700,8292635,83,81,-2,-531,553
7701,1256686,83,87,4,1724,127
7702,7623982,83,79,-4,-1376,472
7703,12818302,83,87,4,1722,208
7704,12625122,83,81,-2,-492,497
7705,170290,83,80,-3,-940,1067
7706,4867327,83,86,3,1380,252
7707,13246239,83,81,-2,-503,310
7708,9645600,83,84,1,631,398
7709,8967107,83,76,-7,-2847,486
7710,8166472,83,81,-2,-508,346
7711,1786763,83,78,-5,-1827,311
7712,10153201,83,82,-1,-108,415
7713,4556934,83,81,-2,-537,732
7714,4442342,83,91,8,2787,322
7715,3218165,83,86,3,1348,351
7716,11268185,83,82,-1,-126,440
7717,12563481,83,79,-4,-1394,380
7718,5665949,83,80,-3,-942,299
7719,5994262,83,80,-3,-932,364
7720,6118172,83,83,0,273,439
7721,7735871,83,79,-4,-1401,688
7722,1485521,83,81,-2,-555,543
7723,6183538,83,87,4,1681,230
7724,12139719,83,83,0,291,381
7725,2377311,83,78,-5,-1856,681
7726,4386069,83,81,-2,-583,319
7727,53260,83,80,-3,-923,321
7728,8450915,83,81,-2,-529,224
7729,8415090,83,84,1,638,357
7730,8894653,83,77,-6,-2365,590
7731,6120321,83,82,-1,-66,205
7732,7345536,83,81,-2,-505,258
7733,8488460,83,80,-3,-938,702
7734,2856128,83,79,-4,-1396,585
7735,13360454,83,83,0,301,338
7736,2327876,83,79,-4,-1368,185
7737,5303751,83,81,-2,-485,330
7738,7281374,83,81,-2,-532,859
7739,3315018,83,87,4,1683,217
7740,4659563,83,81,-2,-539,414
7741,9621270,83,86,3,1398,146
7742,704258,83,81,-2,-540,568
7743,7513096,83,91,8,2855,270
7744,3693379,83,83,0,244,380
7745,6169510,83,80,-3,-963,843
7746,10044685,83,82,-1,-72,512
7747,8506423,83,86,3,1328,218
7748,6100819,83,84,1,660,209
7749,953454,83,88,5,2007,536
7750,5236333,83,81,-2,-531,716
7751,13610626,83,86,3,1382,370
7752,1097942,83,79,-4,-1405,536
7753,11499131,83,77,-6,-2335,346
7754,8702787,83,79,-4,-1377,206
7755,3990047,83,76,-7,-2841,402
7756,9501123,83,84,1,673,158
7757,5882522,83,86,3,1392,293
7758,5523357,83,80,-3,-935,329
7759,6456737,83,77,-6,-2298,286
7760,2628007,83,87,4,1714,268
7761,9777824,83,86,3,1329,647
7762,6554953,83,82,-1,-52,239
7763,2508295,83,78,-5,-1842,727
7764,3347375,83,83,0,298,348
7765,13080570,83,81,-2,-540,343
7766,10187616,83,85,2,975,533
7767,3568604,83,79,-4,-1428,944
7768,4852981,83,87,4,1741,348
7769,12868004,83,81,-2,-534,401
7770,7886413,83,80,-3,-969,526
7771,2631427,83,87,4,1679,866
7772,5085001,83,78,-5,-1838,498
7773,11622422,83,85,2,1014,647
7774,4066893,83,81,-2,-556,385
7775,9417557,83,87,4,1712,407
7776,13553680,83,77,-6,-2357,988
7777,1583313,83,86,3,1414,324
7778,10419865,83,78,-5,-1826,634
7779,11081603,83,80,-3,-952,473
7780,10949831,83,82,-1,-115,408
7781,13376495,83,79,-4,-1417,327
7782,8692727,83,82,-1,-65,205
7783,1071447,83,96,13,3877,374
7784,4198341,83,84,1,631,641
7785,6710311,83,75,-8,-3448,598
7786,4253972,83,85,2,971,299
7787,4215794,83,89,6,2312,990
7788,11626015,83,81,-2,-512,385
7789,7654938,83,80,-3,-925,217
7790,11622844,83,80,-3,-925,392
7791,743774,83,83,0,286,505
7792,4509284,83,83,0,316,177
7793,6257305,83,82,-1,-116,309
7794,12631038,83,86,3,1380,229
7795,4176549,83,81,-2,-544,611
7796,4228292,83,80,-3,-988,270
7797,3876350,83,81,-2,-525,427
7798,6726338,83,78,-5,-1871,459
7799,4294751,83,86,3,1415,219
7800,9065773,83,79,-4,-1446,386
7801,12484890,83,78,-5,-1800,449
7802,13425441,83,80,-3,-962,256
7803,8475329,83,81,-2,-533,302
7804,6789061,83,77,-6,-2354,462
7805,6523851,83,80,-3,-953,373
7806,3794318,83,81,-2,-551,316
7807,2544950,83,82,-1,-96,421
7808,1970346,83,76,-7,-2882,606
7809,2463107,83,81,-2,-486,378
7810,9568326,83,81,-2,-524,384
7811,9754045,83,81,-2,-550,512
7812,2940908,83,81,-2,-595,231
7813,8175410,83,79,-4,-1407,411
7814,5704847,83,82,-1,-110,421
7815,2956772,83,83,0,321,408
7816,844515,83,90,7,2583,340
7817,10551186,83,79,-4,-1482,902
7818,5765604,83,77,-6,-2326,327
7819,3100057,83,79,-4,-1399,478
7820,12300961,83,79,-4,-1440,521
7821,5237572,83,82,-1,-60,312
7822,8596400,83,80,-3,-948,486
7823,7143828,83,77,-6,-2363,806
7824,8094582,83,78,-5,-1819,431
7825,13125641,83,87,4,1802,140
7826,10674068,83,80,-3,-957,428
7827,5244030,83,81,-2,-471,196
7828,5037585,83,80,-3,-926,268
7829,2257375,83,79,-4,-1394,263
7830,12165549,83,83,0,290,322
7831,5138704,83,80,-3,-944,489
7832,8492522,83,95,12,3713,922
7833,5089954,83,82,-1,-111,559
7834,3950038,83,88,5,2065,211
7835,1791727,83,80,-3,-924,672
7836,12028976,83,77,-6,-2360,637
7837,134590,83,76,-7,-2885,663
7838,2922242,83,81,-2,-472,501
7839,11516763,83,82,-1,-155,564
7840,1964435,83,81,-2,-516,231
7841,1453087,83,84,1,637,431
7842,7758894,83,80,-3,-944,481
7843,3076843,83,80,-3,-962,447
7844,9692782,83,85,2,958,551
7845,9200714,83,81,-2,-411,233
7846,13095252,83,81,-2,-537,326
7847,5424356,83,79,-4,-1459,580
7848,2257245,83,81,-2,-493,239
7849,12631448,83,79,-4,-1468,360
7850,5330664,83,81,-2,-457,319
7851,1179883,83,91,8,2861,437
7852,12499142,83,83,0,295,284
7853,5909403,83,80,-3,-960,637
7854,8886856,83,78,-5,-1836,510
7855,7696471,83,79,-4,-1454,426
7856,10348412,83,77,-6,-2326,395
7857,4104256,83,82,-1,-96,391
7858,4522462,83,82,-1,-12,243
7859,5840282,83,78,-5,-1830,427
7860,5997060,83,82,-1,-133,384
7861,13705883,83,83,0,298,377
7862,10989294,83,84,1,628,197
7863,12692984,83,75,-8,-3438,677
7864,3556508,83,85,2,1074,203
7865,7871720,83,80,-3,-933,245
7866,8951357,83,79,-4,-1429,518
7867,4116105,83,79,-4,-1455,599
7868,9115435,83,79,-4,-1500,434
7869,5551354,83,79,-4,-1383,299
7870,12607145,83,81,-2,-549,329
7871,1782159,83,81,-2,-503,410
7872,6365985,83,87,4,1683,552
7873,2328390,83,80,-3,-942,310
7874,8941100,83,91,8,2862,265
7875,955554,83,86,3,1388,383
7876,3925220,83,86,3,1434,472
7877,11127116,83,80,-3,-886,352
7878,4619670,83,82,-1,-56,353
7879,4519567,83,79,-4,-1434,754
7880,8487676,83,78,-5,-1849,285
7881,10740928,83,80,-3,-963,224
7882,12265331,83,86,3,1355,239
7883,1277778,83,87,4,1738,384
7884,3628073,83,82,-1,-94,394
7885,9736044,83,83,0,346,283
7886,8191913,83,84,1,665,298
7887,5828673,83,80,-3,-961,568
7888,4949007,83,78,-5,-1731,427
7889,3883815,83,82,-1,-87,213
7890,7340560,83,79,-4,-1434,376
7891,457902,83,80,-3,-948,248
7892,6256166,83,83,0,271,421
7893,11800485,83,81,-2,-543,804
7894,10490256,83,84,1,666,221
7895,11924721,83,77,-6,-2346,569
7896,1756645,83,78,-5,-1756,326
7897,1139908,83,81,-2,-465,354
7898,11417920,83,76,-7,-2908,578
7899,7910099,83,82,-1,-2,312
7900,10194617,83,85,2,1119,162
7901,8609705,83,85,2,949,273
7902,12763936,83,84,1,712,222
7903,11026067,83,86,3,1363,304
7904,2711397,83,89,6,2352,400
7905,11466572,83,83,0,347,474
7906,12050896,83,84,1,689,274
7907,464628,83,83,0,320,354
7908,13226323,83,77,-6,-2352,468
7909,11236176,83,79,-4,-1354,517
7910,206030,83,89,6,2385,328
7911,10032105,83,81,-2,-575,472
7912,6535261,83,79,-4,-1380,253
7913,157281,83,84,1,659,526
7914,9580477,83,77,-6,-2310,212
7915,9148968,83,78,-5,-1828,432
7916,6218187,83,86,3,1415,287
7917,6477532,83,80,-3,-914,406
7918,190144,83,87,4,1754,292
7919,4929025,83,85,2,1041,472
7920,9813271,83,79,-4,-1403,301
7921,6551022,83,82,-1,-31,270
7922,2481240,83,84,1,685,318
7923,10888151,83,81,-2,-409,149
7924,12804165,83,78,-5,-1789,493
7925,3089134,83,77,-6,-2380,471
7926,4199471,83,80,-3,-890,659
7927,10666513,83,81,-2,-544,273
7928,1877850,83,83,0,327,474
7929,806806,83,74,-9,-4091,606
7930,705233,83,86,3,1415,235
7931,5669225,83,85,2,1040,253
7932,7812089,83,85,2,1086,256
7933,8960080,83,77,-6,-2352,591
7934,12752693,83,78,-5,-1834,683
7935,11678172,83,81,-2,-516,343
7936,12704207,83,78,-5,-1837,234
7937,11274671,83,87,4,1790,240
7938,1633318,83,80,-3,-928,519
7939,2210459,83,80,-3,-933,272
7940,8641219,83,80,-3,-977,282
7941,12087389,83,88,5,2045,299
7942,4456516,83,77,-6,-2402,736
7943,8008210,83,81,-2,-423,194
7944,9412695,83,82,-1,-68,357
7945,12234217,83,81,-2,-484,393
7946,6883898,83,83,0,302,334
7947,2952429,83,85,2,1008,336
7948,7462881,83,84,1,697,211
7949,6745144,83,78,-5,-1826,375
7950,10526640,83,78,-5,-1860,528
7951,5653680,83,83,0,355,466
7952,4862800,83,80,-3,-943,341
7953,3871045,83,75,-8,-3487,350
7954,4137820,83,80,-3,-958,464
7955,4897811,83,78,-5,-1909,309
7956,9410245,83,80,-3,-893,340
7957,6039454,83,78,-5,-1744,297
7958,5945932,83,76,-7,-2851,412
7959,4620771,83,80,-3,-866,559
7960,13679679,83,80,-3,-973,618
7961,8950952,83,81,-2,-433,378
7962,4007683,83,80,-3,-943,740
7963,6139682,83,77,-6,-2302,512
7964,13160962,83,84,1,649,463
7965,11298422,83,88,5,2107,366
7966,12665599,83,79,-4,-1435,421
7967,7858247,83,78,-5,-1745,239
7968,7470031,83,83,0,280,262
7969,1959099,83,84,1,698,545
7970,2474598,83,78,-5,-1740,308
7971,8072256,83,79,-4,-1421,337
7972,764396,83,83,0,311,391
7973,3502553,83,77,-6,-2349,303
7974,12592019,83,85,2,1038,362
7975,2921835,83,80,-3,-852,292
7976,5901226,83,78,-5,-1771,329
7977,9702694,83,79,-4,-1393,330
7978,88301,83,81,-2,-522,548
7979,5148623,83,86,3,1374,530
7980,11568796,83,83,0,317,319
7981,7728765,83,85,2,1003,379
7982,13394658,83,80,-3,-880,268
7983,10169520,83,85,2,1052,332
7984,3306221,83,83,0,347,243
7985,12748917,83,81,-2,-365,254
7986,7432820,83,84,1,738,402
7987,8179600,83,78,-5,-1837,587
7988,3746288,83,80,-3,-939,198
7989,10576628,83,82,-1,-97,448
7990,2034925,83,79,-4,-1408,359
7991,3558359,83,83,0,336,455
7992,9692210,83,86,3,1426,222
7993,11824342,83,79,-4,-1423,434
7994,12551709,83,84,1,701,280
7995,3840170,83,87,4,1790,259
7996,2055944,83,81,-2,-385,276
7997,6734040,83,79,-4,-1431,237
7998,13704125,83,79,-4,-1422,467
7999,3266388,83,81,-2,-508,325
8000,13700655,83,85,2,1037,281
8001,8031816,83,80,-3,-931,370
8002,8366338,83,78,-5,-1857,622
8003,8579902,83,83,0,383,343
8004,5907899,83,82,-1,-62,435
8005,8545007,83,82,-1,-62,241
8006,2035575,83,87,4,1756,421
8007,8732472,83,82,-1,-106,406
8008,13486719,83,78,-5,-1847,390
8009,7689271,83,82,-1,-42,319
8010,9231349,83,85,2,1034,357
8011,9679301,83,82,-1,-71,342
8012,12161557,83,86,3,1376,231
8013,1337171,83,79,-4,-1273,281
8014,11634251,83,83,0,345,365
8015,726718,83,82,-1,-79,446
8016,6587481,83,82,-1,-79,366
8017,8335500,83,83,0,315,393
8018,11011584,83,84,1,697,313
8019,10795004,83,78,-5,-1810,357
8020,12442570,83,79,-4,-1387,194
8021,968785,83,78,-5,-1797,310
8022,7363901,83,81,-2,-471,329
8023,11221679,83,82,-1,-87,406
8024,4237412,83,89,6,2406,304
8025,13389419,83,93,10,3441,269
8026,2444819,83,85,2,1043,211
8027,5283039,83,77,-6,-2375,391
8028,9776335,83,85,2,1057,264
8029,7879900,83,82,-1,-77,177
8030,11438833,83,92,9,3208,305
8031,6478151,83,84,1,720,180
8032,9267828,83,82,-1,-91,354
8033,13028268,83,81,-2,-502,326
8034,11149851,83,89,6,2383,308
8035,2179870,83,88,5,2087,312
8036,11083524,83,92,9,3203,242
8037,12573599,83,81,-2,-476,266
8038,9204456,83,75,-8,-3570,472
8039,10272852,83,90,7,2686,266
8040,9627908,83,85,2,1074,176
8041,3998107,83,78,-5,-1875,364
8042,3377551,83,80,-3,-926,357
8043,8218099,83,78,-5,-1840,397
8044,3341585,83,82,-1,-84,259
8045,5782963,83,86,3,1426,277
8046,4675838,83,86,3,1394,261
8047,11370123,83,78,-5,-1891,299
8048,4735978,83,81,-2,-470,285
8049,7714541,83,84,1,733,243
8050,4146030,83,80,-3,-935,342
8051,6278480,83,76,-7,-2953,306
8052,7932701,83,95,12,3850,468
8053,13484554,83,79,-4,-1405,236
8054,9535993,83,84,1,704,236
8055,940339,83,81,-2,-504,385
8056,13120312,83,84,1,728,256
8057,1152330,83,80,-3,-912,286
8058,6328563,83,82,-1,-71,314
8059,2138522,83,84,1,727,148
8060,7103356,83,84,1,719,244
8061,4388507,83,76,-7,-2955,412
8062,3995655,83,81,-2,-503,332
8063,6079845,83,83,0,339,306
8064,3654903,83,84,1,724,314
8065,4061932,83,80,-3,-949,438
8066,1524289,83,84,1,731,220
8067,4911922,83,80,-3,-953,358
8068,4729626,83,95,12,3870,225
8069,9622233,83,84,1,738,206
8070,10761632,83,86,3,1416,347
8071,381523,83,80,-3,-950,215
8072,2063608,83,79,-4,-1419,218
8073,8456964,83,81,-2,-490,255
8074,4394636,83,84,1,720,329
8075,549379,83,78,-5,-1896,313
8076,3104452,83,83,0,332,267
8077,10932464,83,84,1,716,367
8078,7448522,83,81,-2,-478,257
8079,4228601,83,81,-2,-495,320
8080,1575772,83,77,-6,-2409,381
8081,2869843,83,87,4,1782,184
8082,3790798,83,85,2,1073,173
8083,12960370,82,85,3,1419,493
8084,3273817,82,85,3,1419,194
8085,5223189,82,80,-2,-508,136
8086,1688602,82,82,0,335,156
8087,3331835,82,85,3,1421,202
8088,3585326,82,79,-3,-943,284
8089,468304,82,81,-1,-89,374
8090,9174859,82,84,2,1074,184
8091,971117,82,80,-2,-514,372
8092,12473993,82,80,-2,-507,219
8093,12034265,82,84,2,1069,146
8094,6250533,82,79,-3,-950,183
8095,9343961,82,83,1,728,194
8096,8585601,82,80,-2,-502,226
8097,7772127,82,80,-2,-507,185
8098,616504,82,89,7,2725,295
8099,5869905,82,79,-3,-949,256
8100,10239843,82,82,0,342,243
8101,3076769,82,77,-5,-1905,1016
8102,9336580,82,80,-2,-499,253
8103,9372958,82,78,-4,-1419,268
8104,7576576,82,84,2,1060,268
8105,8969355,82,84,2,1066,471
8106,10087287,82,82,0,339,252
8107,8176055,82,80,-2,-511,309
8108,9381651,82,81,-1,-85,256
8109,6297304,82,81,-1,-83,283
8110,4980671,82,76,-6,-2401,201
8111,892001,82,79,-3,-952,273
8112,657090,82,88,6,2417,427
8113,8867100,82,79,-3,-947,1044
8114,3430498,82,77,-5,-1901,292
8115,10537690,82,87,5,2139,178
8116,9931025,82,80,-2,-514,430
8117,8155596,82,79,-3,-950,499
8118,7371327,82,82,0,342,209
8119,6364550,82,82,0,326,216
8120,2678836,82,77,-5,-1906,345
8121,9328637,82,81,-1,-85,251
8122,5404744,82,83,1,707,430
8123,8905117,82,79,-3,-982,385
8124,8057353,82,83,1,725,231
8125,4588702,82,78,-4,-1419,416
8126,10938261,82,79,-3,-955,346
8127,8721812,82,89,7,2739,232
8128,12001481,82,77,-5,-1915,199
8129,10650116,82,80,-2,-499,247
8130,6559524,82,83,1,729,335
8131,7445959,82,77,-5,-1921,641
8132,3097842,82,85,3,1418,226
8133,3882365,82,75,-7,-3010,169
8134,2141050,82,83,1,712,484
8135,3075671,82,87,5,2136,217
8136,3040497,82,80,-2,-526,389
8137,10240757,82,84,2,1035,338
8138,9322862,82,79,-3,-969,171
8139,3837326,82,80,-2,-519,698
8140,9790425,82,82,0,330,467
8141,1667038,82,81,-1,-118,337
8142,13193159,82,82,0,331,474
8143,2510005,82,80,-2,-501,446
8144,7160317,82,76,-6,-2432,538
8145,11077606,82,84,2,1033,475
8146,10329313,82,80,-2,-510,242
8147,10899144,82,81,-1,-73,148
8148,300642,82,82,0,362,328
8149,1932035,82,85,3,1444,394
8150,10741266,82,85,3,1423,394
8151,10544950,82,83,1,758,169
8152,9651790,82,82,0,348,433
8153,8639687,82,78,-4,-1415,313
8154,6066466,82,81,-1,-93,421
8155,7982549,82,77,-5,-1896,214
8156,506380,82,83,1,746,240
8157,7470294,82,83,1,718,660
8158,8397113,82,79,-3,-979,460
8159,6692247,82,82,0,330,358
8160,4480161,82,80,-2,-486,285
8161,5340918,82,78,-4,-1412,541
8162,8118894,82,84,2,1088,187
8163,3185305,82,77,-5,-1910,230
8164,7260117,82,85,3,1443,418
8165,11975248,82,83,1,698,320
8166,9856023,82,78,-4,-1416,905
8167,8605444,82,80,-2,-512,453
8168,12693936,82,78,-4,-1369,179
8169,1286752,82,78,-4,-1421,878
8170,6590082,82,86,4,1788,525
8171,10301390,82,81,-1,-100,447
8172,9271139,82,77,-5,-1917,545
8173,3018754,82,81,-1,-93,629
8174,1328827,82,80,-2,-493,734
8175,10175861,82,89,7,2738,256
8176,5778983,82,78,-4,-1411,677
8177,12154284,82,84,2,1117,263
8178,8634057,82,82,0,373,409
8179,7226325,82,78,-4,-1409,290
8180,5534976,82,79,-3,-976,290
8181,11149304,82,75,-7,-3031,517
8182,10398785,82,82,0,380,373
8183,8210395,82,84,2,1113,221
8184,8684541,82,83,1,722,280
8185,8695679,82,81,-1,-55,318
8186,10754201,82,78,-4,-1365,362
8187,12319602,82,81,-1,-66,327
8188,1287138,82,80,-2,-499,365
8189,4075824,82,79,-3,-950,311
8190,8275389,82,83,1,729,508
8191,1058587,82,76,-6,-2426,852
8192,9404120,82,83,1,718,591
8193,9066030,82,83,1,751,267
8194,10325625,82,78,-4,-1401,464
8195,11291164,82,82,0,365,257
8196,5535216,82,80,-2,-479,418
8197,3631725,82,83,1,738,452
8198,11984886,82,85,3,1485,172
8199,13272806,82,85,3,1420,345
8200,1321208,82,81,-1,-91,569
8201,6662376,82,82,0,324,261
8202,3033593,82,77,-5,-1908,551
8203,9205458,82,86,4,1829,325
8204,6412474,82,90,8,2998,242
8205,5935118,82,87,5,2073,254
8206,11677032,82,76,-6,-2459,745
8207,6151804,82,84,2,1101,579
8208,12002395,82,83,1,689,328
8209,8749194,82,76,-6,-2424,605
8210,4541961,82,82,0,378,293
8211,12829795,82,78,-4,-1406,441
8212,12283960,82,83,1,762,208
8213,4654809,82,83,1,756,184
8214,3420934,82,79,-3,-947,449
8215,3384234,82,85,3,1467,262
8216,565415,82,77,-5,-1947,626
8217,1863914,82,77,-5,-1867,305
8218,9713882,82,79,-3,-932,436
8219,2323882,82,82,0,406,157
8220,6655632,82,81,-1,-76,492
8221,1289039,82,84,2,1080,540
8222,5638937,82,76,-6,-2415,566
8223,56650,82,77,-5,-1876,424
8224,5196705,82,80,-2,-505,574
8225,12176074,82,80,-2,-461,219
8226,13141867,82,79,-3,-965,565
8227,7385951,82,84,2,1078,285
8228,1655829,82,84,2,1153,224
8229,3569039,82,79,-3,-929,276
8230,12871882,82,81,-1,-84,1109
8231,4413196,82,84,2,1071,475
8232,569223,82,76,-6,-2355,284
8233,5855701,82,86,4,1847,355
8234,5704668,82,80,-2,-516,489
8235,11661629,82,84,2,1096,204
8236,8071133,82,82,0,361,495
8237,10656530,82,75,-7,-3012,487
8238,2750174,82,78,-4,-1371,420
8239,12666277,82,86,4,1835,444
8240,6041480,82,76,-6,-2454,827
8241,8705201,82,78,-4,-1345,267
8242,10234865,82,91,9,3265,1023
8243,5289790,82,78,-4,-1394,593
8244,12162069,82,80,-2,-537,499
8245,4004784,82,77,-5,-1916,602
8246,1084982,82,82,0,297,523
8247,4703458,82,81,-1,-80,472
8248,11061686,82,78,-4,-1355,558
8249,4647014,82,76,-6,-2438,316
8250,1656945,82,77,-5,-1918,518
8251,630467,82,82,0,341,367
8252,9663781,82,81,-1,-97,393
8253,5716805,82,76,-6,-2369,462
8254,3390244,82,78,-4,-1407,306
8255,11784618,82,86,4,1810,222
8256,9597368,82,79,-3,-1000,439
8257,9176714,82,80,-2,-479,317
8258,10785759,82,79,-3,-913,391
8259,7896643,82,80,-2,-529,791
8260,6940716,82,76,-6,-2432,624
8261,4252108,82,82,0,425,229
8262,7060383,82,79,-3,-993,587
8263,8866581,82,79,-3,-988,319
8264,7723108,82,90,8,3049,270
8265,5348849,82,81,-1,-90,488
8266,4263835,82,87,5,2099,703
8267,4461327,82,83,1,752,235
8268,4726774,82,82,0,327,357
8269,106642,82,81,-1,-15,348
8270,10684868,82,80,-2,-499,277
8271,3797977,82,86,4,1806,217
8272,9585208,82,80,-2,-446,235
8273,2600394,82,78,-4,-1414,472
8274,1795496,82,78,-4,-1372,770
8275,2556725,82,84,2,1092,249
8276,7004600,82,85,3,1550,222
8277,2252106,82,77,-5,-1847,378
8278,11832057,82,77,-5,-1825,333
8279,1651112,82,87,5,2145,720
8280,8962900,82,83,1,698,445
8281,3030244,82,79,-3,-931,354
8282,8755174,82,81,-1,6,157
8283,8102036,82,87,5,2135,341
8284,266419,82,78,-4,-1397,773
8285,1218524,82,77,-5,-1907,462
8286,7640674,82,84,2,1164,149
8287,2128823,82,81,-1,-83,342
8288,13177967,82,79,-3,-1006,682
8289,2575250,82,78,-4,-1384,296
8290,6541857,82,82,0,339,525
8291,11786557,82,79,-3,-980,378
8292,2938759,82,76,-6,-2428,334
8293,10738813,82,76,-6,-2438,274
8294,4035860,82,77,-5,-1918,501
8295,8797692,82,80,-2,-527,470
8296,7361385,82,75,-7,-3016,469
8297,10105272,82,94,12,3924,657
8298,1812467,82,79,-3,-946,301
8299,9749451,82,77,-5,-1895,383
8300,7690070,82,77,-5,-1951,687
8301,13036456,82,84,2,1108,518
8302,9888662,82,80,-2,-536,249
8303,8919845,82,87,5,2209,237
8304,8943790,82,78,-4,-1353,664
8305,7364943,82,76,-6,-2482,588
8306,6171146,82,87,5,2147,667
8307,2899430,82,81,-1,-73,582
8308,5285832,82,79,-3,-958,302
8309,5757896,82,86,4,1826,652
8310,831837,82,77,-5,-1915,690
8311,12738491,82,82,0,373,503
8312,2008626,82,84,2,1067,635
8313,1942683,82,83,1,679,467
8314,12748070,82,83,1,762,324
8315,4455227,82,85,3,1440,301
8316,604498,82,80,-2,-478,535
8317,565270,82,79,-3,-971,401
8318,11295975,82,74,-8,-3660,540
8319,8429404,82,79,-3,-985,380
8320,1342786,82,78,-4,-1384,437
8321,7007280,82,80,-2,-516,344
8322,761903,82,87,5,2131,470
8323,1471148,82,79,-3,-950,415
8324,1042942,82,78,-4,-1409,454
8325,2412750,82,77,-5,-1880,433
8326,11853523,82,83,1,741,556
8327,11491151,82,77,-5,-1872,391
8328,3928129,82,79,-3,-917,235
8329,11242831,82,77,-5,-1961,367
8330,4179001,82,82,0,343,377
8331,2953546,82,77,-5,-1986,595
8332,11251818,82,84,2,1152,174
8333,4156325,82,78,-4,-1389,286
8334,8193494,82,81,-1,-119,579
8335,2084029,82,81,-1,-90,418
8336,11490748,82,77,-5,-1904,575
8337,13423004,82,72,-10,-4930,545
8338,5572749,82,80,-2,-570,396
8339,305745,82,81,-1,77,258
8340,4466293,82,84,2,1107,441
8341,8343252,82,80,-2,-547,326
8342,8143522,82,76,-6,-2440,406
8343,5892651,82,78,-4,-1439,414
8344,4664590,82,80,-2,-539,457
8345,6208758,82,79,-3,-883,289
8346,5417181,82,81,-1,-100,282
8347,4424769,82,80,-2,-524,560
8348,1723215,82,77,-5,-1922,416
8349,8238087,82,81,-1,-51,474
8350,9588543,82,75,-7,-3031,529
8351,2829167,82,84,2,1044,334
8352,8842925,82,80,-2,-584,681
8353,5785570,82,78,-4,-1332,322
8354,9514450,82,84,2,1132,205
8355,10293573,82,81,-1,-29,378
8356,6107389,82,79,-3,-901,379
8357,12948685,82,77,-5,-1854,331
8358,13650655,82,84,2,1172,335
8359,7140775,82,79,-3,-906,311
8360,10755460,82,75,-7,-3043,424
8361,6449291,82,75,-7,-2997,727
8362,5339484,82,90,8,3072,483
8363,6499010,82,80,-2,-530,240
8364,4371447,82,77,-5,-1842,426
8365,5791534,82,78,-4,-1306,453
8366,10500808,82,85,3,1456,354
8367,648902,82,78,-4,-1398,453
8368,4977273,82,75,-7,-2985,415
8369,4688632,82,82,0,377,389
8370,4272795,82,81,-1,-124,383
8371,5132437,82,80,-2,-526,338
8372,892245,82,77,-5,-1932,569
8373,3896117,82,78,-4,-1461,655
8374,12857243,82,82,0,505,288
8375,7769383,82,79,-3,-971,496
8376,4113017,82,82,0,388,196
8377,11053224,82,81,-1,-68,289
8378,2503010,82,82,0,348,565
8379,4197133,82,79,-3,-966,366
8380,1206439,82,76,-6,-2398,412
8381,11596966,82,80,-2,-523,317
8382,4977889,82,80,-2,-519,381
8383,12641888,82,81,-1,-113,436
8384,7166914,82,83,1,744,422
8385,10858998,82,81,-1,-80,555
8386,5315529,82,85,3,1474,388
8387,9001195,82,76,-6,-2431,707
8388,170071,82,81,-1,-55,260
8389,3848197,82,83,1,712,652
8390,2898720,82,88,6,2485,269
8391,6153088,82,86,4,1822,439
8392,10437960,82,83,1,899,169
8393,7123822,82,82,0,355,421
8394,9275827,82,91,9,3329,436
8395,171296,82,81,-1,-85,331
8396,6318516,82,84,2,1128,274
8397,1117373,82,82,0,377,403
8398,12052335,82,82,0,298,424
8399,7688327,82,88,6,2477,246
8400,4569819,82,76,-6,-2465,387
8401,12672192,82,79,-3,-962,515
8402,12996695,82,78,-4,-1339,339
8403,5889819,82,76,-6,-2418,349
8404,11465971,82,79,-3,-927,553
8405,1696889,82,81,-1,-96,330
8406,10133549,82,80,-2,-520,323
8407,3412205,82,83,1,748,313
8408,11667047,82,76,-6,-2435,527
8409,8356611,82,79,-3,-971,348
8410,5099597,82,83,1,765,313
8411,6991843,82,86,4,1870,278
8412,13712141,82,75,-7,-3081,620
8413,12401741,82,87,5,2221,347
8414,11353876,82,81,-1,-85,345
8415,11005583,82,79,-3,-995,252
8416,7955894,82,80,-2,-475,323
8417,3174560,82,80,-2,-475,290
8418,7822577,82,84,2,1241,200
8419,325535,82,86,4,1825,511
8420,9841923,82,82,0,329,311
8421,1707977,82,85,3,1503,398
8422,4031144,82,84,2,1144,328
8423,8710933,82,86,4,1801,222
8424,10383051,82,83,1,855,205
8425,3393706,82,82,0,373,502
8426,10560972,82,77,-5,-1850,267
8427,4229299,82,79,-3,-981,438
8428,360570,82,84,2,1123,361
8429,12496697,82,78,-4,-1377,265
8430,1402887,82,87,5,2240,190
8431,13642591,82,82,0,434,300
8432,962937,82,78,-4,-1360,285
8433,285348,82,80,-2,-549,472
8434,1752612,82,90,8,3158,351
8435,810142,82,85,3,1500,309
8436,5869017,82,79,-3,-983,312
8437,3487223,82,75,-7,-3080,404
8438,13186722,82,81,-1,-74,263
8439,12677871,82,80,-2,-489,221
8440,3514545,82,89,7,2839,285
8441,9880115,82,76,-6,-2466,477
8442,9940768,82,80,-2,-492,429
8443,8999334,82,89,7,2909,269
8444,3792785,82,83,1,759,213
8445,4432302,82,83,1,740,298
8446,6872172,82,79,-3,-971,261
8447,4389990,82,84,2,1122,337
8448,5126840,82,78,-4,-1460,320
8449,4688135,82,77,-5,-1899,388
8450,3476731,82,84,2,1146,489
8451,11005120,82,78,-4,-1445,338
8452,6165935,82,79,-3,-1000,400
8453,7162548,82,80,-2,-471,602
8454,2238535,82,85,3,1482,391
8455,9503717,82,78,-4,-1433,208
8456,34257,82,80,-2,-486,442
8457,11779883,82,80,-2,-494,370
8458,13404630,82,78,-4,-1465,524
8459,4195583,82,87,5,2183,269
8460,8821005,82,83,1,737,353
8461,61782,82,82,0,444,249
8462,4035836,82,76,-6,-2434,186
8463,8879088,82,82,0,370,317
8464,1655324,82,77,-5,-1963,372
8465,1449674,82,77,-5,-1972,209
8466,2326057,82,82,0,354,340
8467,8576619,82,90,8,3147,253
8468,9204147,82,75,-7,-3073,381
8469,13604031,82,79,-3,-905,326
8470,11499239,82,81,-1,-84,404
8471,9601575,82,79,-3,-955,296
8472,2501644,82,77,-5,-1926,274
8473,3113317,82,79,-3,-962,214
8474,1900680,82,86,4,1824,329
8475,11280623,82,85,3,1488,312
8476,12652499,82,78,-4,-1402,315
8477,11950883,82,82,0,337,269
8478,735472,82,79,-3,-997,343
8479,5357372,82,78,-4,-1389,301
8480,3201218,82,79,-3,-965,259
8481,3494341,82,78,-4,-1389,367
8482,5454623,82,78,-4,-1443,225
8483,12933375,82,83,1,780,249
8484,11935217,82,82,0,345,311
8485,6547245,82,84,2,1143,305
8486,12307037,82,76,-6,-2446,320
8487,9909368,82,85,3,1491,221
8488,12777377,82,82,0,357,230
8489,9521351,82,74,-8,-3712,374
8490,11595496,82,84,2,1141,278
8491,9672194,82,81,-1,-73,346
8492,4588513,82,82,0,354,445
8493,5592728,82,87,5,2198,319
8494,4907263,82,77,-5,-1965,398
8495,7535545,82,75,-7,-3137,345
8496,7876838,82,86,4,1857,412
8497,12455541,82,76,-6,-2530,366
8498,9051904,82,80,-2,-485,254
8499,5404549,82,79,-3,-978,309
8500,10309610,82,75,-7,-3103,193
8501,8454838,82,85,3,1544,189
8502,12429224,82,78,-4,-1432,241
8503,8400239,82,81,-1,-52,291
8504,3212917,82,76,-6,-2542,490
8505,6998363,82,80,-2,-479,296
8506,638509,82,77,-5,-1964,225
8507,6875653,82,81,-1,18,296
8508,13718252,82,87,5,2216,351
8509,11035186,82,78,-4,-1426,223
8510,12245045,82,76,-6,-2500,273
8511,5846392,82,79,-3,-979,328
8512,2151047,82,81,-1,-10,246
8513,8861569,82,81,-1,-67,215
8514,6638486,82,80,-2,-493,329
8515,5841502,82,79,-3,-963,354
8516,2364422,82,80,-2,-494,303
8517,6062133,82,89,7,2856,298
8518,11353534,82,82,0,407,338
8519,12924408,82,81,-1,-47,333
8520,6204571,82,76,-6,-2528,360
8521,13464322,82,89,7,2854,296
8522,7718077,82,80,-2,-487,279
8523,3193158,82,79,-3,-969,235
8524,7736402,82,88,6,2572,275
8525,8555176,82,86,4,1866,285
8526,9130082,82,76,-6,-2565,218
8527,1566554,82,78,-4,-1449,354
8528,11381137,82,76,-6,-2546,250
8529,1460449,82,83,1,783,279
8530,10120272,82,79,-3,-978,239
8531,6585222,82,85,3,1523,254
8532,6229292,82,83,1,789,253
8533,12292149,82,75,-7,-3164,274
8534,3033440,81,91,10,3666,203
8535,4307783,81,79,-2,-493,208
8536,484729,81,76,-5,-1965,235
8537,2240864,81,89,8,3172,179
8538,1436857,81,79,-2,-494,499
8539,7904213,81,79,-2,-491,121
8540,5469854,81,81,0,363,485
8541,3440980,81,78,-3,-973,332
8542,9020520,81,79,-2,-500,774
8543,2376267,81,79,-2,-492,243
8544,9185739,81,86,5,2235,403
8545,23922,81,84,3,1514,326
8546,12787940,81,84,3,1526,195
8547,7426699,81,77,-4,-1452,162
8548,69539,81,75,-6,-2570,777
8549,8473678,81,78,-3,-969,214
8550,13177578,81,75,-6,-2574,429
8551,4965528,81,80,-1,-69,400
8552,11661953,81,83,2,1174,452
8553,3888728,81,78,-3,-976,309
8554,10733128,81,83,2,1166,289
8555,6740633,81,78,-3,-975,318
8556,9232933,81,77,-4,-1441,137
8557,10555054,81,78,-3,-970,349
8558,2219113,81,79,-2,-496,290
8559,8095725,81,80,-1,-75,311
8560,8364099,81,80,-1,-77,342
8561,13709156,81,86,5,2231,200
8562,7577116,81,83,2,1164,412
8563,2760883,81,81,0,324,276
8564,3950684,81,76,-5,-1967,321
8565,3324422,81,80,-1,-82,359
8566,6921007,81,85,4,1870,405
8567,4051796,81,81,0,346,249
8568,5768958,81,79,-2,-519,333
8569,2015455,81,79,-2,-522,636
8570,3146259,81,84,3,1513,266
8571,627861,81,77,-4,-1474,417
8572,85336,81,78,-3,-998,258
8573,1041230,81,78,-3,-969,277
8574,2805034,81,79,-2,-526,373
8575,8550122,81,75,-6,-2585,209
8576,3572529,81,79,-2,-522,190
8577,8603655,81,78,-3,-978,480
8578,4396820,81,79,-2,-541,664
8579,6469998,81,78,-3,-953,365
8580,7626524,81,75,-6,-2599,688
8581,2948863,81,75,-6,-2573,665
8582,10172793,81,76,-5,-1968,535
8583,9056690,81,84,3,1527,469
8584,5687561,81,80,-1,-65,367
8585,2674760,81,83,2,1167,360
8586,7239005,81,74,-7,-3188,1126
8587,9737602,81,77,-4,-1506,612
8588,1777007,81,77,-4,-1487,378
8589,4029360,81,82,1,802,362
8590,7715687,81,81,0,332,513
8591,12293404,81,80,-1,-81,477
8592,8011492,81,82,1,783,204
8593,7205443,81,78,-3,-974,171
8594,10253900,81,79,-2,-530,273
8595,11333008,81,81,0,344,255
8596,1479381,81,88,7,2875,517
8597,4628288,81,79,-2,-569,314
8598,13099330,81,80,-1,-82,354
8599,1735058,81,74,-7,-3184,668
8600,2313383,81,75,-6,-2607,378
8601,216599,81,79,-2,-508,434
8602,3741010,81,76,-5,-2037,789
8603,11147957,81,79,-2,-546,531
8604,9133437,81,77,-4,-1428,163
8605,10395100,81,77,-4,-1517,614
8606,8985656,81,84,3,1506,164
8607,406873,81,79,-2,-547,420
8608,507968,81,78,-3,-961,617
8609,11656711,81,79,-2,-580,414
8610,3912436,81,78,-3,-982,360
8611,10292730,81,86,5,2214,1156
8612,4331301,81,74,-7,-3195,425
8613,9913486,81,79,-2,-535,243
8614,6146154,81,77,-4,-1476,1257
8615,9734829,81,77,-4,-1502,443
8616,5884030,81,80,-1,-88,207
8617,11105075,81,78,-3,-981,391
8618,4226317,81,82,1,768,410
8619,4654966,81,77,-4,-1448,233
8620,6579569,81,79,-2,-508,507
8621,1132679,81,85,4,1897,323
8622,12691288,81,82,1,782,634
8623,1187154,81,80,-1,-42,604
8624,3010871,81,77,-4,-1458,215
8625,7051198,81,83,2,1193,188
8626,767483,81,82,1,742,297
8627,10705131,81,78,-3,-921,202
8628,10862031,81,84,3,1529,222
8629,9137072,81,77,-4,-1462,487
8630,10563041,81,80,-1,-9,203
8631,12357837,81,83,2,1153,586
8632,11043519,81,79,-2,-555,439
8633,9510174,81,79,-2,-614,698
8634,1169569,81,79,-2,-554,500
8635,12941470,81,83,2,1160,750
8636,3900458,81,82,1,765,283
8637,5936111,81,79,-2,-559,294
8638,12759370,81,74,-7,-3159,345
8639,8968811,81,74,-7,-3264,571
8640,10564914,81,79,-2,-554,228
8641,2105298,81,79,-2,-510,328
8642,5652509,81,87,6,2574,308
8643,4372398,81,79,-2,-594,422
8644,9984074,81,80,-1,-99,325
8645,7628540,81,76,-5,-2039,621
8646,3787081,81,76,-5,-1983,462
8647,11822055,81,83,2,1123,248
8648,3616351,81,77,-4,-1487,196
8649,3265179,81,83,2,1167,278
8650,11842971,81,83,2,1158,287
8651,11175283,81,77,-4,-1500,1054
8652,3543778,81,77,-4,-1514,290
8653,9685279,81,82,1,740,451
8654,7787058,81,81,0,337,695
8655,9870325,81,79,-2,-520,361
8656,3098099,81,80,-1,-41,585
8657,4646585,81,82,1,750,266
8658,4454902,81,77,-4,-1429,335
8659,4309281,81,82,1,762,635
8660,3451404,81,75,-6,-2600,537
8661,7065707,81,86,5,2246,307
8662,2577243,81,80,-1,-64,553
8663,4063549,81,78,-3,-991,732
8664,2047486,81,78,-3,-989,589
8665,10790464,81,79,-2,-554,487
8666,13676723,81,76,-5,-2029,645
8667,10634858,81,77,-4,-1500,579
8668,9280857,81,84,3,1471,628
8669,5221188,81,83,2,1172,315
8670,184676,81,79,-2,-520,322
8671,11092810,81,79,-2,-577,568
8672,2594945,81,76,-5,-2058,851
8673,5085898,81,78,-3,-951,341
8674,7744,81,80,-1,-97,409
8675,6715031,81,80,-1,-35,178
8676,11460023,81,73,-8,-3828,758
8677,8199017,81,80,-1,-25,443
8678,3722966,81,79,-2,-502,270
8679,13489286,81,76,-5,-2036,452
8680,12551692,81,80,-1,-47,233
8681,6715587,81,75,-6,-2599,426
8682,10410535,81,82,1,728,304
8683,9503443,81,84,3,1572,120
8684,9227249,81,93,12,4114,540
8685,1801404,81,79,-2,-544,360
8686,12504576,81,81,0,375,365
8687,11520349,81,80,-1,-57,216
8688,2889291,81,81,0,346,271
8689,9590360,81,79,-2,-586,372
8690,1307354,81,85,4,1854,318
8691,11500229,81,74,-7,-3218,458
8692,12595027,81,81,0,332,414
8693,446381,81,80,-1,-39,261
8694,3477383,81,80,-1,-88,284
8695,3765047,81,80,-1,-96,516
8696,2157463,81,78,-3,-955,837
8697,8850569,81,77,-4,-1501,670
8698,3160441,81,80,-1,-35,233
8699,10279105,81,89,8,3172,593
8700,12887006,81,78,-3,-945,232
8701,3297354,81,77,-4,-1507,469
8702,11915172,81,78,-3,-965,690
8703,4838673,81,78,-3,-980,563
8704,9850887,81,79,-2,-518,358
8705,12343601,81,81,0,334,509
8706,12403774,81,78,-3,-891,202
8707,7040734,81,77,-4,-1486,397
8708,6637499,81,84,3,1524,304
8709,8304337,81,80,-1,-51,515
8710,9729220,81,82,1,780,343
8711,1868545,81,78,-3,-971,672
8712,7557945,81,80,-1,-94,457
8713,6531689,81,89,8,3219,327
8714,7365720,81,78,-3,-925,422
8715,1864444,81,84,3,1490,585
8716,4789811,81,76,-5,-1969,378
8717,5707894,81,79,-2,-586,264
8718,5482342,81,77,-4,-1498,577
8719,3007533,81,84,3,1554,202
8720,5219052,81,80,-1,-42,208
8721,7557594,81,79,-2,-577,573
8722,12133190,81,80,-1,-55,180
8723,3905293,81,80,-1,-76,526
8724,6477522,81,85,4,1967,251
8725,4669098,81,88,7,2895,321
8726,6485449,81,86,5,2274,306
8727,7579101,81,82,1,700,401
8728,11900326,81,79,-2,-563,622
8729,8022997,81,85,4,1828,627
8730,11485800,81,83,2,1196,223
8731,688509,81,75,-6,-2594,651
8732,2606716,81,79,-2,-495,300
8733,9419552,81,78,-3,-925,190
8734,4930709,81,81,0,294,341
8735,9215455,81,78,-3,-958,392
8736,3728651,81,83,2,1195,264
8737,1870320,81,84,3,1513,233
8738,11974706,81,83,2,1165,320
8739,9944263,81,82,1,753,354
8740,12865979,81,79,-2,-441,159
8741,13343976,81,80,-1,-102,373
8742,3866476,81,82,1,753,408
8743,4134892,81,78,-3,-982,392
8744,11355264,81,76,-5,-2019,318
8745,8543879,81,86,5,2222,530
8746,2994144,81,80,-1,-121,318
8747,10951538,81,75,-6,-2613,359
8748,2044229,81,84,3,1572,231
8749,11373975,81,77,-4,-1483,608
8750,4182426,81,80,-1,-97,550
8751,9103414,81,78,-3,-972,466
8752,1577323,81,76,-5,-2027,558
8753,1865836,81,84,3,1498,431
8754,816887,81,81,0,328,212
8755,12442160,81,82,1,778,196
8756,7787201,81,81,0,342,368
8757,10875433,81,79,-2,-636,486
8758,4158882,81,82,1,732,337
8759,5672,81,83,2,1217,304
8760,10282596,81,77,-4,-1501,351
8761,7460694,81,85,4,1866,395
8762,10868546,81,85,4,1873,407
8763,10566087,81,85,4,1886,286
8764,7719774,81,77,-4,-1523,454
8765,9877011,81,78,-3,-890,275
8766,2945650,81,78,-3,-836,219
8767,2278889,81,78,-3,-1031,346
8768,9412478,81,81,0,311,425
8769,112453,81,83,2,1175,228
8770,5933214,81,78,-3,-1078,417
8771,1830923,81,84,3,1512,458
8772,2161647,81,80,-1,-74,345
8773,12770492,81,77,-4,-1407,218
8774,11479401,81,79,-2,-545,313
8775,2276176,81,78,-3,-977,608
8776,3341171,81,82,1,817,394
8777,9633685,81,81,0,418,343
8778,2983250,81,83,2,1250,285
8779,2105876,81,79,-2,-542,207
8780,2613019,81,87,6,2586,451
8781,9271210,81,79,-2,-493,186
8782,12296995,81,79,-2,-518,384
8783,8377599,81,84,3,1610,224
8784,6942933,81,76,-5,-2007,267
8785,7788588,81,82,1,735,435
8786,2024012,81,78,-3,-944,385
8787,9318866,81,78,-3,-962,265
8788,3676241,81,79,-2,-517,333
8789,9143006,81,82,1,754,232
8790,7310416,81,84,3,1551,275
8791,13267673,81,78,-3,-972,465
8792,6652611,81,77,-4,-1490,310
8793,12217315,81,83,2,1175,287
8794,5854907,81,81,0,313,473
8795,8450191,81,84,3,1514,568
8796,2476654,81,75,-6,-2635,339
8797,4835020,81,78,-3,-996,250
8798,167420,81,81,0,329,207
8799,160927,81,78,-3,-945,455
8800,1177320,81,91,10,3724,551
8801,923548,81,81,0,276,403
8802,11999246,81,79,-2,-579,384
8803,13439535,81,79,-2,-650,466
8804,12900898,81,81,0,326,583
8805,11649656,81,82,1,796,389
8806,8095736,81,78,-3,-1035,456
8807,8925491,81,88,7,2891,578
8808,2348246,81,76,-5,-2049,648
8809,9786976,81,75,-6,-2699,395
8810,1660106,81,86,5,2267,476
8811,8699533,81,81,0,290,576
8812,10977945,81,82,1,864,150
8813,3351086,81,82,1,792,327
8814,10731745,81,82,1,746,443
8815,5608742,81,84,3,1495,491
8816,913970,81,79,-2,-445,260
8817,8418139,81,75,-6,-2597,168
8818,3279155,81,79,-2,-573,235
8819,3591837,81,85,4,1891,244
8820,9573042,81,85,4,1963,408
8821,1021742,81,85,4,1977,173
8822,8469162,81,87,6,2564,512
8823,719830,81,77,-4,-1501,292
8824,2357936,81,81,0,354,172
8825,797465,81,74,-7,-3250,577
8826,1612482,81,78,-3,-1037,278
8827,3104262,81,80,-1,-89,402
8828,2902610,81,78,-3,-995,395
8829,5104756,81,80,-1,-117,313
8830,6428648,81,78,-3,-1019,490
8831,5914193,81,78,-3,-1004,456
8832,4739578,81,77,-4,-1481,246
8833,10989722,81,86,5,2328,238
8834,8720335,81,88,7,2977,224
8835,5124619,81,77,-4,-1471,544
8836,4504476,81,81,0,338,261
8837,279497,81,85,4,1900,199
8838,9540594,81,76,-5,-2065,310
8839,12994920,81,82,1,800,277
8840,7968987,81,80,-1,-34,313
8841,6594793,81,79,-2,-600,233
8842,7321742,81,83,2,1214,188
8843,11569055,81,75,-6,-2684,550
8844,9577982,81,82,1,772,388
8845,11728919,81,76,-5,-2068,344
8846,6029200,81,80,-1,-106,342
8847,4480774,81,78,-3,-855,306
8848,5993667,81,74,-7,-3246,417
8849,11660112,81,75,-6,-2670,344
8850,9970811,81,81,0,363,390
8851,13376687,81,80,-1,-109,194
8852,10344343,81,95,14,4660,260
8853,1738191,81,78,-3,-1029,355
8854,12675211,81,83,2,1200,236
8855,3929234,81,79,-2,-570,324
8856,11867495,81,78,-3,-944,341
8857,4915987,81,74,-7,-3246,330
8858,8720284,81,83,2,1141,453
8859,13077512,81,81,0,385,264
8860,13444948,81,80,-1,-21,198
8861,11403728,81,83,2,1293,151
8862,9141440,81,78,-3,-953,232
8863,1336714,81,79,-2,-581,362
8864,9463405,81,81,0,326,331
8865,12191916,81,79,-2,-558,426
8866,11890032,81,82,1,781,211
8867,980101,81,75,-6,-2612,436
8868,1975321,81,78,-3,-846,222
8869,8636652,81,81,0,330,372
8870,4077613,81,80,-1,-52,269
8871,8648834,81,83,2,1195,488
8872,1315338,81,82,1,816,438
8873,12756075,81,79,-2,-577,410
8874,3878335,81,76,-5,-2050,466
8875,6982138,81,84,3,1549,444
8876,9629805,81,82,1,773,311
8877,9305884,81,77,-4,-1508,220
8878,11904864,81,75,-6,-2684,502
8879,5782396,81,74,-7,-3299,668
8880,7487451,81,77,-4,-1532,542
8881,13702882,81,78,-3,-940,330
8882,7574902,81,78,-3,-1054,308
8883,2460293,81,79,-2,-526,403
8884,13310730,81,78,-3,-1008,529
8885,5250124,81,83,2,1190,368
8886,9858688,81,76,-5,-2086,338
8887,7659656,81,78,-3,-1000,518
8888,12096027,81,77,-4,-1523,366
8889,7045403,81,80,-1,-68,387
8890,9122546,81,82,1,810,237
8891,1523344,81,83,2,1179,376
8892,8025879,81,82,1,765,307
8893,11542316,81,78,-3,-978,335
8894,10635116,81,80,-1,-70,260
8895,1599493,81,76,-5,-2066,289
8896,318327,81,75,-6,-2719,451
8897,7421224,81,74,-7,-3288,408
8898,12720338,81,75,-6,-2679,445
8899,12244622,81,78,-3,-981,416
8900,2287513,81,77,-4,-1531,509
8901,12974963,81,79,-2,-588,382
8902,9999336,81,82,1,786,421
8903,7121571,81,76,-5,-2083,258
8904,11592638,81,76,-5,-1978,272
8905,10990171,81,77,-4,-1553,394
8906,2280495,81,80,-1,-82,353
8907,9733186,81,76,-5,-2050,368
8908,5591681,81,83,2,1193,317
8909,12516460,81,79,-2,-550,473
8910,12055191,81,77,-4,-1457,208
8911,892729,81,78,-3,-1013,352
8912,865020,81,83,2,1214,323
8913,6322149,81,80,-1,-46,249
8914,12786581,81,81,0,365,238
8915,5647527,81,86,5,2306,482
8916,8522968,81,83,2,1209,144
8917,5581235,81,83,2,1196,305
8918,1254606,81,85,4,1919,280
8919,5521730,81,80,-1,-55,312
8920,4883848,81,84,3,1655,248
8921,9819671,81,80,-1,-81,347
8922,9390150,81,77,-4,-1524,223
8923,13530658,81,79,-2,-565,341
8924,8029947,81,79,-2,-561,315
8925,3961109,81,77,-4,-1518,350
8926,10870191,81,86,5,2292,231
8927,3671916,81,80,-1,-64,246
8928,8599040,81,80,-1,-75,358
8929,7776133,81,81,0,403,283
8930,6193287,81,76,-5,-1980,433
8931,3084737,81,93,12,4308,463
8932,913763,81,76,-5,-2087,429
8933,6859121,81,81,0,371,253
8934,1674831,81,88,7,2981,335
8935,10250916,81,79,-2,-537,279
8936,1348846,81,80,-1,-53,294
8937,2670295,81,82,1,774,263
8938,1643115,81,82,1,788,315
8939,11662238,81,80,-1,-66,280
8940,11216839,81,90,9,3589,191
8941,6458276,81,81,0,369,408
8942,2148261,81,76,-5,-2138,325
8943,3981512,81,84,3,1640,219
8944,4915386,81,76,-5,-2090,280
8945,5593391,81,79,-2,-526,293
8946,1738494,81,81,0,360,299
8947,274308,81,78,-3,-1025,255
8948,1299107,81,83,2,1213,257
8949,4635620,81,86,5,2294,240
8950,1658396,81,74,-7,-3355,381
8951,241377,81,82,1,784,290
8952,11861330,81,78,-3,-1013,197
8953,11195719,81,79,-2,-551,175
8954,1975788,81,76,-5,-2110,201
8955,4284668,81,77,-4,-1492,273
8956,1999517,81,79,-2,-550,303
8957,442699,81,88,7,3000,239
8958,6810798,81,87,6,2660,238
8959,56760,81,77,-4,-1534,258
8960,10866215,81,80,-1,-58,243
8961,1875919,81,78,-3,-1018,243
8962,6374829,81,84,3,1599,161
8963,11990136,80,81,1,790,186
8964,581274,80,80,0,370,170
8965,5869573,80,77,-3,-1025,772
8966,10576948,80,81,1,790,604
8967,2609513,80,76,-4,-1537,124
8968,7290035,80,74,-6,-2748,235
8969,12080480,80,83,3,1597,242
8970,7042367,80,80,0,373,148
8971,3498145,80,73,-7,-3388,227
8972,11461624,80,77,-3,-1024,384
8973,10467140,80,75,-5,-2141,362
8974,13214922,80,75,-5,-2143,202
8975,352401,80,78,-2,-548,589
8976,2058236,80,77,-3,-1029,727
8977,6868283,80,72,-8,-4055,891
8978,3455645,80,76,-4,-1541,248
8979,2582232,80,78,-2,-542,199
8980,13709693,80,77,-3,-1027,484
8981,2066314,80,76,-4,-1533,150
8982,5720889,80,74,-6,-2744,281
8983,3676357,80,74,-6,-2746,257
8984,7682804,80,84,4,1935,1329
8985,12011003,80,74,-6,-2747,537
8986,7427374,80,79,-1,-86,282
8987,8955416,80,83,3,1605,201
8988,12649823,80,78,-2,-527,252
8989,12495193,80,75,-5,-2151,262
8990,3270593,80,82,2,1226,239
8991,6410505,80,78,-2,-535,145
8992,3530745,80,80,0,360,366
8993,13655287,80,84,4,1950,338
8994,11811946,80,75,-5,-2139,257
8995,11149331,80,75,-5,-2144,290
8996,5808178,80,100,20,5864,450
8997,11972203,80,76,-4,-1536,193
8998,10255018,80,82,2,1215,247
8999,12878794,80,77,-3,-1048,599
9000,12458252,80,75,-5,-2150,1125
9001,7937789,80,85,5,2306,206
9002,11110120,80,75,-5,-2146,664
9003,2063439,80,79,-1,-68,225
9004,1187118,80,76,-4,-1542,581
9005,10457591,80,77,-3,-1030,847
9006,5034131,80,85,5,2312,431
9007,1587567,80,76,-4,-1535,402
9008,9737933,80,87,7,2995,361
9009,5913318,80,85,5,2324,328
9010,12202136,80,79,-1,-65,157
9011,6553101,80,75,-5,-2161,623
9012,9184094,80,78,-2,-521,344
9013,3334453,80,80,0,388,387
9014,12594967,80,78,-2,-538,305
9015,12127073,80,74,-6,-2729,406
9016,9520030,80,81,1,788,222
9017,7662390,80,81,1,790,676
9018,8183910,80,77,-3,-1051,691
9019,11241753,80,75,-5,-2148,571
9020,10623618,80,81,1,768,364
9021,4649126,80,76,-4,-1540,352
9022,5971433,80,78,-2,-539,200
9023,3771695,80,77,-3,-1019,258
9024,7265189,80,76,-4,-1517,141
9025,8982136,80,79,-1,-92,573
9026,6534425,80,85,5,2340,210
9027,9453226,80,78,-2,-538,351
9028,5419002,80,75,-5,-2166,390
9029,3459591,80,76,-4,-1555,384
9030,1992262,80,76,-4,-1553,402
9031,9048336,80,76,-4,-1526,216
9032,1425852,80,79,-1,-94,248
9033,2993977,80,76,-4,-1553,492
9034,3915115,80,79,-1,-93,418
9035,5022701,80,82,2,1190,644
9036,12458360,80,80,0,329,396
9037,11844370,80,77,-3,-1065,303
9038,6775548,80,83,3,1566,519
9039,9497495,80,73,-7,-3390,540
9040,9870604,80,77,-3,-1019,212
9041,12521306,80,83,3,1598,700
9042,12161004,80,79,-1,-111,223
9043,5140374,80,76,-4,-1510,172
9044,11380270,80,82,2,1205,374
9045,13456560,80,77,-3,-1032,125
9046,5305063,80,76,-4,-1505,238
9047,195291,80,76,-4,-1508,226
9048,6597240,80,77,-3,-1033,780
9049,853489,80,75,-5,-2148,592
9050,9467668,80,78,-2,-530,611
9051,10416573,80,73,-7,-3368,225
9052,2547177,80,83,3,1583,404
9053,6164784,80,77,-3,-1018,300
9054,7637411,80,77,-3,-1069,403
9055,7088931,80,76,-4,-1535,356
9056,9942041,80,79,-1,-155,637
9057,5492691,80,80,0,368,218
9058,11635262,80,75,-5,-2138,151
9059,4547996,80,74,-6,-2755,362
9060,13609652,80,79,-1,-74,250
9061,10745410,80,76,-4,-1553,647
9062,1579619,80,81,1,838,133
9063,11820439,80,80,0,378,283
9064,11986163,80,83,3,1581,270
9065,7137249,80,82,2,1250,406
9066,4965240,80,85,5,2292,271
9067,7708429,80,79,-1,-102,659
9068,3242484,80,81,1,753,772
9069,8211352,80,75,-5,-2160,420
9070,2423258,80,77,-3,-1031,332
9071,5964639,80,75,-5,-2187,384
9072,4382902,80,77,-3,-1047,349
9073,837316,80,76,-4,-1548,598
9074,11384656,80,81,1,750,599
9075,10643932,80,88,8,3254,191
9076,4998006,80,75,-5,-2199,633
9077,11076705,80,76,-4,-1589,461
9078,11268363,80,81,1,853,194
9079,4651358,80,78,-2,-534,384
9080,2186730,80,77,-3,-1067,395
9081,2502950,80,81,1,806,406
9082,7060809,80,81,1,742,514
9083,4852180,80,77,-3,-1105,545
9084,10586749,80,76,-4,-1573,337
9085,5229404,80,79,-1,-99,330
9086,11570286,80,80,0,369,708
9087,11636922,80,80,0,387,136
9088,11106442,80,77,-3,-1051,369
9089,6756868,80,77,-3,-1063,748
9090,8512413,80,81,1,784,251
9091,2633464,80,79,-1,-108,422
9092,8689902,80,82,2,1209,235
9093,8302848,80,84,4,1949,285
9094,3497259,80,77,-3,-1033,142
9095,919622,80,82,2,1247,220
9096,9686959,80,77,-3,-1066,322
9097,8231662,80,73,-7,-3391,255
9098,8490369,80,77,-3,-1036,378
9099,4163161,80,83,3,1581,328
9100,1110832,80,81,1,781,439
9101,7077296,80,80,0,360,574
9102,150721,80,78,-2,-573,338
9103,11692035,80,75,-5,-2192,340
9104,1426708,80,75,-5,-2158,734
9105,2446152,80,79,-1,-153,291
9106,9626647,80,76,-4,-1593,852
9107,1747943,80,81,1,784,273
9108,2086478,80,78,-2,-525,248
9109,2158662,80,76,-4,-1560,229
9110,12568683,80,78,-2,-522,438
9111,11403878,80,86,6,2678,537
9112,10791856,80,78,-2,-588,290
9113,217673,80,79,-1,-117,390
9114,9933812,80,74,-6,-2752,284
9115,2575449,80,81,1,814,203
9116,11900386,80,75,-5,-2138,258
9117,3288003,80,76,-4,-1579,602
9118,2240567,80,76,-4,-1570,503
9119,5965562,80,73,-7,-3405,290
9120,8389514,80,79,-1,-65,282
9121,11991126,80,76,-4,-1550,237
9122,5590617,80,77,-3,-1034,365
9123,476277,80,79,-1,-94,178
9124,7540431,80,76,-4,-1650,801
9125,153492,80,82,2,1192,365
9126,2663938,80,78,-2,-536,428
9127,3815465,80,80,0,304,342
9128,1457408,80,76,-4,-1598,358
9129,84152,80,76,-4,-1501,178
9130,3449587,80,77,-3,-1105,734
9131,10719846,80,80,0,384,321
9132,4276962,80,75,-5,-2167,432
9133,412200,80,83,3,1547,497
9134,12810051,80,77,-3,-1053,317
9135,11142151,80,76,-4,-1563,572
9136,8997447,80,75,-5,-2156,600
9137,9460594,80,81,1,847,170
9138,12085114,80,81,1,763,232
9139,6507576,80,83,3,1666,185
9140,2987796,80,74,-6,-2755,652
9141,5414270,80,75,-5,-2150,485
9142,9728521,80,80,0,386,301
9143,6432922,80,74,-6,-2792,852
9144,2355112,80,76,-4,-1621,372
9145,7438293,80,73,-7,-3468,460
9146,4535716,80,75,-5,-2175,454
9147,13214572,80,76,-4,-1594,387
9148,109620,80,76,-4,-1513,274
9149,8979915,80,74,-6,-2766,658
9150,5202597,80,78,-2,-534,509
9151,13397251,80,79,-1,-181,254
9152,3215759,80,80,0,387,238
9153,11401279,80,76,-4,-1592,353
9154,5583423,80,82,2,1136,318
9155,465504,80,77,-3,-1075,561
9156,12856668,80,75,-5,-2214,567
9157,12214137,80,79,-1,-76,273
9158,1444339,80,78,-2,-516,473
9159,13460269,80,77,-3,-1038,576
9160,9579998,80,82,2,1157,525
9161,10938367,80,77,-3,-1061,160
9162,13011300,80,75,-5,-2200,628
9163,8083009,80,77,-3,-1058,184
9164,10507917,80,81,1,767,668
9165,9345859,80,82,2,1163,450
9166,13675044,80,75,-5,-2229,599
9167,2309484,80,80,0,332,271
9168,8589978,80,80,0,411,209
9169,7108645,80,80,0,314,513
9170,9998654,80,82,2,1284,401
9171,170358,80,73,-7,-3429,942
9172,9500199,80,74,-6,-2829,688
9173,6732871,80,74,-6,-2778,666
9174,4566940,80,77,-3,-1083,645
9175,9109301,80,78,-2,-503,485
9176,8500265,80,76,-4,-1597,403
9177,1870705,80,80,0,388,442
9178,8854115,80,82,2,1207,372
9179,198282,80,79,-1,-132,509
9180,8307375,80,75,-5,-2222,400
9181,13479343,80,80,0,363,428
9182,11064803,80,76,-4,-1525,375
9183,5817194,80,76,-4,-1554,314
9184,163627,80,75,-5,-2112,261
9185,5626065,80,79,-1,-46,461
9186,6324290,80,75,-5,-2204,629
9187,1693475,80,74,-6,-2776,364
9188,2946455,80,74,-6,-2779,218
9189,7918359,80,82,2,1173,393
9190,785711,80,76,-4,-1501,290
9191,12004089,80,76,-4,-1560,379
9192,1242655,80,84,4,1985,142
9193,10665321,80,83,3,1558,412
9194,7362236,80,80,0,330,288
9195,8126960,80,75,-5,-2189,534
9196,5469131,80,78,-2,-557,430
9197,12989225,80,78,-2,-527,714
9198,6376757,80,78,-2,-548,513
9199,11784602,80,78,-2,-519,320
9200,4601239,80,71,-9,-4831,413
9201,13706065,80,77,-3,-1058,444
9202,9593459,80,76,-4,-1590,327
9203,11499603,80,81,1,783,273
9204,6838068,80,81,1,831,264
9205,4747736,80,78,-2,-501,359
9206,4704439,80,75,-5,-2180,655
9207,5769602,80,78,-2,-598,486
9208,10656684,80,77,-3,-1064,318
9209,8461143,80,79,-1,-168,528
9210,4945911,80,76,-4,-1471,368
9211,1007110,80,83,3,1589,259
9212,3665902,80,76,-4,-1538,287
9213,6376297,80,79,-1,-8,244
9214,322330,80,81,1,735,634
9215,977892,80,77,-3,-1086,252
9216,12413978,80,76,-4,-1583,889
9217,7720984,80,77,-3,-1014,259
9218,3614086,80,77,-3,-1079,414
9219,5084457,80,82,2,1171,325
9220,1015204,80,85,5,2293,173
9221,2134971,80,79,-1,-86,213
9222,1346162,80,77,-3,-1041,326
9223,12830787,80,78,-2,-555,705
9224,2380779,80,76,-4,-1509,344
9225,10572526,80,78,-2,-484,248
9226,1405452,80,75,-5,-2247,645
9227,9341031,80,78,-2,-584,409
9228,403308,80,75,-5,-2146,360
9229,7694553,80,81,1,777,216
9230,5443930,80,72,-8,-4086,402
9231,6704960,80,79,-1,-138,369
9232,294690,80,77,-3,-1094,287
9233,6103515,80,76,-4,-1562,460
9234,7840670,80,75,-5,-2117,340
9235,3491615,80,75,-5,-2120,264
9236,3186334,80,75,-5,-2125,251
9237,5027411,80,77,-3,-1072,616
9238,7572387,80,77,-3,-1062,490
9239,5565188,80,76,-4,-1529,207
9240,4751267,80,79,-1,-118,508
9241,11704129,80,89,9,3630,496
9242,328,80,84,4,1943,514
9243,1349669,80,80,0,380,190
9244,406800,80,71,-9,-4851,450
9245,13498741,80,86,6,2671,446
9246,3552147,80,82,2,1238,369
9247,12407299,80,83,3,1691,271
9248,136918,80,78,-2,-619,484
9249,9607206,80,77,-3,-999,367
9250,6891024,80,81,1,746,590
9251,4175824,80,79,-1,-109,439
9252,3196750,80,77,-3,-1042,292
9253,11119538,80,77,-3,-1005,298
9254,2461683,80,76,-4,-1590,328
9255,4674364,80,79,-1,-112,482
9256,5075686,80,82,2,1249,233
9257,10345831,80,79,-1,-131,237
9258,4116568,80,75,-5,-2203,380
9259,11987326,80,77,-3,-1075,416
9260,8224560,80,80,0,465,238
9261,3852763,80,83,3,1658,453
9262,11686741,80,82,2,1234,332
9263,10496266,80,92,12,4471,241
9264,12953981,80,76,-4,-1526,345
9265,12076867,80,79,-1,-49,281
9266,2991320,80,74,-6,-2840,257
9267,6920848,80,84,4,1984,357
9268,8727384,80,85,5,2363,329
9269,12125617,80,83,3,1590,259
9270,3804627,80,77,-3,-1013,550
9271,9022642,80,77,-3,-1002,319
9272,7908175,80,75,-5,-2230,554
9273,686992,80,74,-6,-2770,541
9274,11831204,80,77,-3,-1097,309
9275,13591434,80,78,-2,-456,270
9276,3380790,80,81,1,852,204
9277,9337974,80,83,3,1613,241
9278,6417275,80,80,0,372,385
9279,1861484,80,75,-5,-2088,353
9280,10392508,80,77,-3,-1027,380
9281,5758568,80,74,-6,-2747,426
9282,762579,80,81,1,893,201
9283,275741,80,75,-5,-2052,365
9284,3066333,80,84,4,1994,327
9285,2546406,80,75,-5,-2179,288
9286,4573299,80,81,1,830,405
9287,12661730,80,79,-1,-115,359
9288,451814,80,76,-4,-1600,506
9289,10976898,80,81,1,783,323
9290,10428502,80,81,1,788,211
9291,3219895,80,75,-5,-2150,214
9292,6960228,80,79,-1,-164,620
9293,691542,80,80,0,525,168
9294,1503395,80,77,-3,-1044,416
9295,7870149,80,84,4,2045,326
9296,1374349,80,77,-3,-981,481
9297,10492635,80,79,-1,-87,218
9298,6034299,80,76,-4,-1550,325
9299,11059885,80,80,0,349,364
9300,5567515,80,76,-4,-1550,371
9301,7752098,80,78,-2,-576,501
9302,8969759,80,80,0,450,370
9303,9465279,80,74,-6,-2745,418
9304,7729782,80,72,-8,-4070,481
9305,6575145,80,78,-2,-422,351
9306,9580901,80,78,-2,-442,269
9307,11162181,80,83,3,1624,335
9308,8212838,80,74,-6,-2808,384
9309,6792031,80,85,5,2355,423
9310,7819869,80,77,-3,-998,351
9311,6163535,80,78,-2,-521,472
9312,9257756,80,77,-3,-1080,517
9313,10148544,80,76,-4,-1588,305
9314,5254353,80,82,2,1261,433
9315,12928453,80,77,-3,-1062,427
9316,4933737,80,76,-4,-1574,358
9317,8619158,80,79,-1,114,178
9318,9823473,80,81,1,830,435
9319,8577157,80,75,-5,-2172,540
9320,1214724,80,79,-1,-22,213
9321,10950795,80,86,6,2734,348
9322,8769678,80,73,-7,-3393,293
9323,6844898,80,81,1,863,192
9324,4250587,80,76,-4,-1532,378
9325,983090,80,74,-6,-2820,350
9326,11529298,80,85,5,2420,395
9327,13571723,80,73,-7,-3467,607
9328,4034729,80,78,-2,-486,543
9329,2101263,80,89,9,3685,522
9330,6501499,80,83,3,1742,202
9331,9810866,80,78,-2,-508,338
9332,10261800,80,78,-2,-432,298
9333,6892204,80,80,0,380,294
9334,7555608,80,75,-5,-2049,318
9335,8559135,80,83,3,1641,313
9336,3697077,80,75,-5,-2130,263
9337,5205705,80,75,-5,-2019,367
9338,1626044,80,81,1,833,309
9339,732477,80,76,-4,-1570,296
9340,7998718,80,82,2,1294,462
9341,2606092,80,74,-6,-2657,225
9342,6330412,80,77,-3,-1058,399
9343,8622188,80,76,-4,-1583,339
9344,4339548,80,86,6,2732,229
9345,11281733,80,77,-3,-1006,301
9346,6972715,80,89,9,3802,258
9347,11810535,80,76,-4,-1588,415
9348,4635128,80,85,5,2381,382
9349,1947872,80,80,0,383,257
9350,881163,80,83,3,1739,212
9351,579926,80,77,-3,-974,257
9352,12331591,80,78,-2,-523,203
9353,5508781,80,79,-1,-2,234
9354,10930728,80,74,-6,-2812,275
9355,12124820,80,77,-3,-1009,380
9356,7074384,80,75,-5,-2155,233
9357,6562476,80,84,4,2088,212
9358,6101425,80,80,0,396,239
9359,5484223,80,78,-2,-483,323
9360,3924243,80,82,2,1263,220
9361,13201170,80,73,-7,-3472,415
9362,12303653,80,78,-2,-553,233
9363,6382968,80,80,0,418,297
9364,8218103,80,73,-7,-3440,300
9365,1345685,80,78,-2,-556,380
9366,6288981,80,74,-6,-2813,517
9367,7359903,80,87,7,3086,313
9368,10104876,80,75,-5,-2218,383
9369,7777972,80,78,-2,-407,329
9370,12271318,80,78,-2,-557,303
9371,6068891,80,74,-6,-2777,325
9372,13008390,80,77,-3,-963,217
9373,12948483,80,77,-3,-1079,407
9374,1091929,80,80,0,411,287
9375,5647079,80,80,0,377,403
9376,13298618,80,87,7,3206,200
9377,8665570,80,79,-1,-74,413
9378,7267464,80,76,-4,-1618,518
9379,1474764,80,78,-2,-521,367
9380,6101810,80,80,0,422,309
9381,10690188,80,79,-1,-9,244
9382,534998,80,76,-4,-1518,197
9383,4681347,80,76,-4,-1583,268
9384,4420630,80,79,-1,23,230
9385,6859687,80,78,-2,-480,159
9386,1844347,80,78,-2,-493,406
9387,3408487,80,95,15,5223,187
9388,4994858,80,76,-4,-1593,226
9389,2026347,80,77,-3,-963,342
9390,4985890,80,83,3,1718,309
9391,5194086,80,85,5,2390,361
9392,4561281,80,78,-2,-497,305
9393,5895754,80,78,-2,-570,302
9394,4867822,80,80,0,394,405
9395,9739272,80,76,-4,-1575,283
9396,86328,80,86,6,2797,256
9397,3340569,80,76,-4,-1594,225
9398,1415614,80,77,-3,-998,191
9399,5903774,80,82,2,1285,337
9400,13362398,80,81,1,825,276
9401,1052151,80,81,1,844,252
9402,6051266,80,78,-2,-555,270
9403,4847231,80,77,-3,-1014,373
9404,9760443,80,89,9,3748,331
9405,13278629,80,80,0,435,239
9406,6220981,80,78,-2,-452,331
9407,12235397,80,77,-3,-980,232
9408,8256657,80,77,-3,-888,188
9409,5593234,80,78,-2,-404,174
9410,10695386,80,87,7,3130,272
9411,10176694,80,87,7,3149,333
9412,7667085,80,74,-6,-2846,226
9413,11630721,80,78,-2,-468,329
9414,3135174,80,75,-5,-2246,370
9415,9089121,80,83,3,1718,179
9416,4356119,80,74,-6,-2806,271
9417,4109577,80,79,-1,-57,415
9418,6574602,80,74,-6,-2818,277
9419,331318,80,78,-2,-535,196
9420,8887043,80,74,-6,-2754,263
9421,10474276,80,83,3,1693,290
9422,1700677,80,79,-1,-58,215
9423,999954,80,83,3,1692,313
9424,13380343,80,74,-6,-2841,350
9425,11856027,80,78,-2,-520,290
9426,8333124,80,78,-2,-494,292
9427,4999011,80,78,-2,-521,336
9428,9516785,80,90,10,4081,285
9429,11328929,80,76,-4,-1636,426
9430,2150592,80,80,0,435,190
9431,9722278,80,80,0,445,326
9432,5320523,80,87,7,3161,213
9433,7058653,80,85,5,2436,328
9434,12752234,80,80,0,441,247
9435,9883723,80,76,-4,-1633,280
9436,3802186,80,76,-4,-1645,264
9437,1675124,80,79,-1,-39,237
9438,7289298,80,74,-6,-2803,271
9439,6211600,80,80,0,438,403
9440,1076533,80,76,-4,-1566,370
9441,11492493,80,74,-6,-2870,386
9442,944106,80,83,3,1705,275
9443,7615524,80,83,3,1701,354
9444,7184491,80,81,1,883,250
9445,20485,80,77,-3,-1027,207
9446,7975093,80,78,-2,-531,211
9447,4730050,80,83,3,1708,306
9448,11366337,80,75,-5,-2222,317
9449,111496,80,76,-4,-1600,244
9450,13562193,80,82,2,1284,254
9451,3138602,80,76,-4,-1639,302
9452,8541925,80,76,-4,-1621,274
9453,10834825,80,84,4,2108,215
9454,5995104,80,83,3,1713,279
9455,7109622,80,74,-6,-2861,213
9456,5205652,80,82,2,1294,263
9457,12127096,80,80,0,440,190
9458,2976351,80,75,-5,-2245,181
9459,3243459,79,84,5,2447,442
9460,7337767,79,77,-2,-526,289
9461,2820611,79,77,-2,-527,438
9462,3280586,79,75,-4,-1640,496
9463,6489767,79,85,6,2793,269
9464,11831895,79,77,-2,-527,382
9465,12497404,79,75,-4,-1641,411
9466,10809189,79,75,-4,-1639,201
9467,4402360,79,79,0,428,319
9468,7751302,79,75,-4,-1639,182
9469,3466097,79,79,0,428,266
9470,4447423,79,73,-6,-2890,189
9471,4470168,79,78,-1,-48,681
9472,7608412,79,79,0,436,322
9473,6880792,79,76,-3,-1036,320
9474,12297480,79,79,0,421,598
9475,2527033,79,74,-5,-2246,220
9476,6510262,79,77,-2,-518,137
9477,11304838,79,79,0,437,177
9478,1861685,79,75,-4,-1643,453
9479,7157106,79,78,-1,-45,561
9480,2492267,79,79,0,433,241
9481,7225230,79,79,0,431,267
9482,4708922,79,79,0,424,566
9483,11794025,79,89,10,4102,192
9484,4797737,79,76,-3,-1032,295
9485,5966204,79,79,0,436,175
9486,7466525,79,80,1,865,225
9487,6370540,79,75,-4,-1633,263
9488,1968849,79,81,2,1303,261
9489,11337331,79,76,-3,-1035,422
9490,3754329,79,77,-2,-526,379
9491,4080958,79,77,-2,-522,318
9492,11009063,79,77,-2,-522,304
9493,8746992,79,72,-7,-3552,339
9494,9715888,79,76,-3,-1032,237
9495,7877034,79,77,-2,-515,215
9496,12724722,79,82,3,1727,316
9497,9989952,79,77,-2,-537,375
9498,11970299,79,80,1,884,214
9499,11698047,79,80,1,873,806
9500,11018232,79,78,-1,-20,152
9501,2336134,79,82,3,1736,301
9502,7814354,79,76,-3,-1025,209
9503,9411739,79,73,-6,-2886,1674
9504,1676980,79,82,3,1720,289
9505,6415435,79,79,0,422,319
9506,274026,79,79,0,420,363
9507,9574463,79,79,0,433,595
9508,9042047,79,78,-1,-45,391
9509,5146036,79,80,1,873,241
9510,9404842,79,75,-4,-1621,464
9511,8402729,79,75,-4,-1627,331
9512,1489720,79,78,-1,-27,539
9513,1001668,79,86,7,3177,321
9514,3961798,79,79,0,413,1373
9515,8826888,79,74,-5,-2221,399
9516,10980179,79,84,5,2455,375
9517,9414138,79,75,-4,-1630,256
9518,8391390,79,76,-3,-1031,246
9519,13318534,79,80,1,877,366
9520,13366281,79,84,5,2399,415
9521,13440568,79,72,-7,-3526,385
9522,3398473,79,83,4,2084,292
9523,5760616,79,78,-1,-18,285
9524,5631841,79,73,-6,-2862,253
9525,10103820,79,79,0,432,163
9526,11563277,79,81,2,1324,306
9527,5719165,79,77,-2,-539,440
9528,2453766,79,75,-4,-1638,726
9529,12840911,79,80,1,868,232
9530,10964461,79,74,-5,-2236,1059
9531,4451035,79,76,-3,-1050,516
9532,282436,79,81,2,1286,263
9533,3181055,79,77,-2,-511,171
9534,7978486,79,74,-5,-2208,245
9535,12923031,79,73,-6,-2889,517
9536,1230686,79,79,0,433,197
9537,9804992,79,74,-5,-2231,255
9538,12418722,79,82,3,1705,406
9539,318771,79,76,-3,-995,374
9540,955738,79,78,-1,-3,203
9541,820307,79,81,2,1312,193
9542,11705995,79,81,2,1297,300
9543,13343825,79,79,0,435,376
9544,12189554,79,76,-3,-1057,203
9545,13395442,79,73,-6,-2894,664
9546,5882866,79,73,-6,-2890,799
9547,8184621,79,75,-4,-1671,414
9548,10262586,79,81,2,1315,187
9549,1035404,79,75,-4,-1632,414
9550,11152884,79,76,-3,-1045,572
9551,11536411,79,79,0,437,175
9552,5789621,79,83,4,2152,192
9553,5374907,79,80,1,905,301
9554,1584635,79,79,0,409,543
9555,7716823,79,80,1,843,294
9556,4440523,79,73,-6,-2878,490
9557,1235442,79,84,5,2448,195
9558,13016785,79,79,0,461,282
9559,5631179,79,76,-3,-1048,320
9560,3451423,79,81,2,1352,172
9561,11531834,79,73,-6,-2883,550
9562,9983595,79,79,0,449,232
9563,241778,79,76,-3,-1040,548
9564,49340,79,81,2,1320,234
9565,13009403,79,79,0,401,1135
9566,4209229,79,75,-4,-1659,461
9567,8220267,79,77,-2,-483,284
9568,13032644,79,79,0,405,607
9569,5075407,79,81,2,1334,145
9570,8846100,79,83,4,2166,216
9571,2491281,79,76,-3,-1029,239
9572,7971445,79,76,-3,-993,144
9573,7187694,79,72,-7,-3570,253
9574,2625026,79,76,-3,-1052,465
9575,7444890,79,75,-4,-1641,331
9576,8400664,79,76,-3,-1073,924
9577,2994936,79,77,-2,-523,276
9578,4622280,79,78,-1,24,378
9579,978238,79,79,0,447,325
9580,5050577,79,86,7,3223,280
9581,2617192,79,75,-4,-1678,455
9582,1953958,79,75,-4,-1642,441
9583,11423770,79,77,-2,-560,555
9584,9571833,79,78,-1,-24,367
9585,3994346,79,75,-4,-1656,502
9586,11239871,79,76,-3,-984,253
9587,8900920,79,83,4,2193,302
9588,6572793,79,75,-4,-1643,353
9589,8375542,79,83,4,2091,368
9590,1821321,79,78,-1,-3,444
9591,12413888,79,80,1,869,346
9592,7455533,79,77,-2,-523,329
9593,9850742,79,78,-1,-42,536
9594,2938337,79,74,-5,-2249,499
9595,12662911,79,75,-4,-1593,260
9596,11683493,79,81,2,1258,394
9597,1465490,79,77,-2,-560,614
9598,5456736,79,76,-3,-1047,436
9599,11919639,79,79,0,425,610
9600,8208328,79,74,-5,-2201,405
9601,9766452,79,76,-3,-1041,240
9602,2776199,79,74,-5,-2327,658
9603,12620015,79,80,1,868,292
9604,4434131,79,73,-6,-2869,590
9605,6672942,79,85,6,2851,220
9606,11876508,79,78,-1,-1,739
9607,6926160,79,77,-2,-497,340
9608,2299797,79,79,0,506,159
9609,8842435,79,81,2,1360,210
9610,813801,79,80,1,909,303
9611,13590474,79,79,0,499,178
9612,4371430,79,80,1,899,323
9613,12212177,79,79,0,475,178
9614,3535089,79,75,-4,-1701,707
9615,6524198,79,78,-1,-62,313
9616,10911154,79,76,-3,-1062,301
9617,10406624,79,75,-4,-1566,237
9618,3724579,79,74,-5,-2281,641
9619,670033,79,79,0,393,229
9620,4373870,79,80,1,867,455
9621,3838284,79,77,-2,-493,154
9622,5502422,79,83,4,2119,384
9623,8947556,79,81,2,1311,277
9624,4558440,79,74,-5,-2218,1186
9625,5010241,79,79,0,425,286
9626,10648502,79,77,-2,-550,410
9627,9616057,79,71,-8,-4331,743
9628,2687159,79,77,-2,-493,198
9629,3588239,79,79,0,421,304
9630,11452917,79,76,-3,-1072,542
9631,7679365,79,72,-7,-3523,428
9632,1085108,79,73,-6,-2903,587
9633,4780411,79,78,-1,15,187
9634,7311229,79,82,3,1711,424
9635,3265613,79,78,-1,-9,659
9636,4234423,79,76,-3,-1027,231
9637,13122225,79,77,-2,-517,510
9638,3742681,79,78,-1,-3,351
9639,6985681,79,76,-3,-1031,578
9640,5888063,79,74,-5,-2305,216
9641,1755599,79,80,1,896,440
9642,11407284,79,75,-4,-1672,491
9643,5947771,79,77,-2,-527,255
9644,8785666,79,77,-2,-509,538
9645,660073,79,79,0,395,443
9646,11282547,79,78,-1,-40,447
9647,1510794,79,80,1,977,444
9648,4361297,79,77,-2,-537,608
9649,2403687,79,76,-3,-1123,572
9650,1942056,79,77,-2,-491,354
9651,9018090,79,79,0,413,690
9652,13715810,79,71,-8,-4323,445
9653,7330379,79,86,7,3144,269
9654,12217816,79,80,1,949,323
9655,6685940,79,80,1,835,668
9656,12213647,79,77,-2,-559,613
9657,5675070,79,76,-3,-1061,323
9658,8075009,79,86,7,3163,293
9659,1876806,79,82,3,1792,218
9660,12757189,79,75,-4,-1658,532
9661,8158857,79,81,2,1314,389
9662,3292277,79,77,-2,-513,712
9663,1768026,79,86,7,3273,323
9664,6230307,79,75,-4,-1663,277
9665,7773553,79,77,-2,-554,352
9666,5402801,79,74,-5,-2241,235
9667,2890323,79,74,-5,-2282,658
9668,12322449,79,72,-7,-3576,456
9669,7072140,79,82,3,1749,427
9670,5637603,79,82,3,1851,191
9671,5672746,79,79,0,399,221
9672,3397285,79,69,-10,-5893,434
9673,1021282,79,73,-6,-2918,566
9674,4333562,79,73,-6,-2876,635
9675,508460,79,81,2,1395,271
9676,8603372,79,78,-1,-18,451
9677,12903561,79,79,0,410,443
9678,8961212,79,81,2,1357,299
9679,5152667,79,70,-9,-5164,478
9680,3584386,79,78,-1,0,244
9681,677579,79,75,-4,-1627,468
9682,7397376,79,77,-2,-564,400
9683,9197447,79,74,-5,-2311,436
9684,314854,79,72,-7,-3526,406
9685,6000112,79,75,-4,-1655,494
9686,5143850,79,73,-6,-2906,423
9687,2598402,79,76,-3,-1106,373
9688,11156509,79,74,-5,-2315,923
9689,11417932,79,81,2,1390,358
9690,10321179,79,75,-4,-1683,341
9691,7334085,79,74,-5,-2247,488
9692,1323784,79,77,-2,-582,330
9693,4573198,79,77,-2,-557,516
9694,713343,79,71,-8,-4356,407
9695,12281998,79,75,-4,-1698,322
9696,4396127,79,83,4,2192,269
9697,1122400,79,77,-2,-529,174
9698,9276567,79,78,-1,-85,327
9699,2836408,79,77,-2,-466,208
9700,1450469,79,78,-1,30,191
9701,11669396,79,76,-3,-953,223
9702,739024,79,80,1,822,625
9703,3582830,79,72,-7,-3622,574
9704,3869558,79,78,-1,-22,293
9705,6516523,79,75,-4,-1500,139
9706,7029050,79,78,-1,70,338
9707,5886730,79,79,0,354,291
9708,5392592,79,76,-3,-1036,262
9709,12048895,79,76,-3,-1088,601
9710,3133388,79,76,-3,-1032,220
9711,4631763,79,71,-8,-4342,610
9712,13697386,79,79,0,411,233
9713,5301865,79,85,6,2834,463
9714,13554508,79,82,3,1848,389
9715,10275705,79,78,-1,-86,367
9716,255981,79,78,-1,-20,730
9717,167872,79,76,-3,-986,478
9718,12243331,79,81,2,1296,320
9719,5469803,79,79,0,426,529
9720,13218976,79,81,2,1328,274
9721,10594885,79,75,-4,-1620,428
9722,4655516,79,77,-2,-573,668
9723,4252517,79,71,-8,-4273,262
9724,7579445,79,76,-3,-1148,268
9725,7521341,79,79,0,329,214
9726,5096483,79,80,1,876,343
9727,9171861,79,82,3,1780,319
9728,7175784,79,91,12,4687,746
9729,9950920,79,80,1,925,501
9730,7731586,79,78,-1,-27,498
9731,754976,79,84,5,2627,119
9732,2100055,79,80,1,843,565
9733,8199281,79,75,-4,-1680,381
9734,2635217,79,79,0,358,277
9735,4864999,79,82,3,1752,162
9736,9110211,79,76,-3,-1076,278
9737,3234977,79,76,-3,-1032,395
9738,5845569,79,77,-2,-580,452
9739,1703576,79,72,-7,-3580,475
9740,7514167,79,81,2,1307,712
9741,3554097,79,76,-3,-1044,300
9742,13419227,79,74,-5,-2265,463
9743,8316423,79,78,-1,32,398
9744,1423988,79,77,-2,-500,619
9745,1902166,79,82,3,1741,263
9746,5104179,79,78,-1,-42,288
9747,12659888,79,77,-2,-495,394
9748,798283,79,77,-2,-592,570
9749,7171264,79,85,6,2906,310
9750,711761,79,79,0,481,313
9751,10898324,79,85,6,2834,410
9752,1072322,79,74,-5,-2313,358
9753,11531955,79,76,-3,-958,201
9754,10837373,79,81,2,1279,225
9755,2067587,79,72,-7,-3571,470
9756,6156497,79,77,-2,-558,441
9757,8985727,79,76,-3,-1122,502
9758,6994007,79,81,2,1273,230
9759,13157705,79,80,1,914,456
9760,11896494,79,79,0,458,436
9761,6873764,79,79,0,405,278
9762,3250457,79,78,-1,-69,423
9763,8034295,79,79,0,509,244
9764,1063219,79,75,-4,-1685,516
9765,11877860,79,82,3,1840,257
9766,10874554,79,74,-5,-2349,442
9767,10727638,79,77,-2,-564,405
9768,7417780,79,82,3,1676,357
9769,1865712,79,74,-5,-2324,473
9770,3568334,79,77,-2,-583,361
9771,10070783,79,73,-6,-2872,374
9772,8130661,79,79,0,401,407
9773,248708,79,77,-2,-566,366
9774,7219124,79,76,-3,-1022,375
9775,9553433,79,74,-5,-2270,404
9776,13551228,79,78,-1,31,146
9777,7611351,79,77,-2,-533,396
9778,8102147,79,76,-3,-1152,342
9779,8034392,79,76,-3,-1090,523
9780,3029106,79,81,2,1349,436
9781,4109884,79,75,-4,-1711,652
9782,7931254,79,72,-7,-3556,407
9783,9307589,79,76,-3,-1119,448
9784,9403843,79,73,-6,-2905,429
9785,769231,79,81,2,1347,232
9786,8867782,79,83,4,2156,380
9787,4796793,79,73,-6,-2933,366
9788,8502906,79,80,1,870,274
9789,2843150,79,83,4,2213,214
9790,6978713,79,79,0,431,245
9791,677155,79,75,-4,-1643,547
9792,3105669,79,75,-4,-1627,254
9793,9505989,79,78,-1,-91,363
9794,137824,79,78,-1,115,202
9795,7890039,79,75,-4,-1756,540
9796,5475468,79,71,-8,-4335,636
9797,6310897,79,73,-6,-2909,348
9798,10468137,79,78,-1,-29,331
9799,7177652,79,78,-1,-46,456
9800,12680603,79,84,5,2612,175
9801,10611270,79,80,1,907,454
9802,10237860,79,73,-6,-2874,323
9803,8700724,79,76,-3,-1139,306
9804,12901065,79,81,2,1313,368
9805,11870794,79,74,-5,-2318,448
9806,5303758,79,76,-3,-1035,576
9807,5193477,79,75,-4,-1689,453
9808,73218,79,78,-1,48,424
9809,13430652,79,89,10,4242,412
9810,8021424,79,76,-3,-1094,511
9811,6518562,79,81,2,1448,289
9812,6775912,79,83,4,2187,184
9813,6771908,79,75,-4,-1703,465
9814,9033224,79,75,-4,-1723,335
9815,5118314,79,78,-1,11,271
9816,6589248,79,82,3,1762,584
9817,1819152,79,74,-5,-2240,327
9818,11036526,79,82,3,1719,403
9819,7390684,79,74,-5,-2237,509
9820,1250065,79,79,0,477,338
9821,4616799,79,78,-1,-45,294
9822,5906694,79,73,-6,-2899,400
9823,13144171,79,74,-5,-2319,573
9824,3758887,79,81,2,1309,261
9825,12226133,79,76,-3,-1093,459
9826,5970365,79,82,3,1765,287
9827,7696743,79,73,-6,-2964,531
9828,3440699,79,71,-8,-4379,599
9829,5844230,79,77,-2,-451,288
9830,9215016,79,76,-3,-1078,330
9831,4243050,79,77,-2,-535,295
9832,2425055,79,74,-5,-2329,500
9833,13153701,79,75,-4,-1705,457
9834,9267921,79,78,-1,-76,467
9835,3200245,79,71,-8,-4380,471
9836,3488509,79,89,10,4219,236
9837,454959,79,72,-7,-3637,348
9838,5280631,79,79,0,489,203
9839,12656778,79,75,-4,-1664,402
9840,4696243,79,81,2,1307,512
9841,8270880,79,78,-1,45,475
9842,2490962,79,77,-2,-516,256
9843,4521863,79,76,-3,-1115,425
9844,11936627,79,83,4,2232,174
9845,5321510,79,74,-5,-2074,273
9846,1097087,79,74,-5,-2293,546
9847,7843495,79,84,5,2577,253
9848,5787244,79,77,-2,-480,256
9849,10705319,79,74,-5,-2327,489
9850,2762771,79,73,-6,-2998,342
9851,5127782,79,85,6,2892,392
9852,5006173,79,77,-2,-564,331
9853,1256523,79,76,-3,-1021,257
9854,8385504,79,73,-6,-2892,308
9855,7196655,79,77,-2,-553,444
9856,628157,79,87,8,3620,419
9857,8888564,79,74,-5,-2175,215
9858,8771986,79,76,-3,-965,269
9859,2882030,79,79,0,412,282
9860,7849438,79,73,-6,-2980,538
9861,3015933,79,84,5,2552,328
9862,5932871,79,76,-3,-990,254
9863,881304,79,78,-1,164,247
9864,744267,79,78,-1,77,218
9865,9953369,79,77,-2,-500,250
9866,8707703,79,76,-3,-1050,274
9867,3066441,79,82,3,1792,302
9868,8698078,79,78,-1,-4,390
9869,3924535,79,75,-4,-1701,377
9870,11286824,79,78,-1,-23,252
9871,5123731,79,75,-4,-1689,341
9872,13164997,79,77,-2,-488,181
9873,8907024,79,82,3,1777,348
9874,9906271,79,75,-4,-1717,364
9875,585168,79,76,-3,-1101,498
9876,4181881,79,80,1,937,229
9877,11620809,79,73,-6,-3017,366
9878,11601703,79,82,3,1950,164
9879,5747902,79,75,-4,-1589,279
9880,4015433,79,88,9,3937,178
9881,11570624,79,89,10,4236,341
9882,6602479,79,75,-4,-1705,248
9883,8652106,79,76,-3,-1084,683
9884,104678,79,84,5,2545,395
9885,6075985,79,71,-8,-4390,387
9886,5181144,79,79,0,454,337
9887,12683927,79,78,-1,18,387
9888,2495136,79,80,1,979,197
9889,4638583,79,86,7,3258,315
9890,13312110,79,78,-1,-56,301
9891,1588698,79,80,1,992,277
9892,13011536,79,83,4,2227,205
9893,3603071,79,78,-1,-10,242
9894,7495617,79,72,-7,-3679,336
9895,4445097,79,82,3,1769,256
9896,7640063,79,81,2,1367,429
9897,8637279,79,79,0,553,345
9898,5186198,79,75,-4,-1579,299
9899,13123472,79,80,1,1001,262
9900,10709833,79,90,11,4548,401
9901,8469487,79,78,-1,41,294
9902,7817496,79,75,-4,-1666,211
9903,12159592,79,74,-5,-2307,318
9904,6847503,79,72,-7,-3658,352
9905,6769358,79,78,-1,54,196
9906,441474,79,75,-4,-1741,437
9907,4519960,79,78,-1,51,170
9908,4326587,79,78,-1,-51,228
9909,10757158,79,87,8,3641,260
9910,4758600,79,76,-3,-1069,440
9911,4484867,79,80,1,924,284
9912,12900002,79,76,-3,-1073,369
9913,9961241,79,86,7,3270,202
9914,10050907,79,78,-1,-16,293
9915,412730,79,76,-3,-982,231
9916,13646303,79,73,-6,-2956,304
9917,9220164,79,73,-6,-2999,236
9918,6795691,79,75,-4,-1618,302
9919,2148827,79,79,0,462,377
9920,6151720,79,81,2,1351,240
9921,5860766,79,84,5,2575,220
9922,2237837,79,76,-3,-992,207
9923,5061123,79,72,-7,-3698,485
9924,586869,79,85,6,3009,188
9925,12064413,79,74,-5,-2347,277
9926,237763,79,85,6,2926,248
9927,70374,79,77,-2,-518,260
9928,7474377,79,74,-5,-2367,367
9929,5289764,79,76,-3,-1070,438
9930,10894430,79,78,-1,-17,166
9931,7966829,79,80,1,923,310
9932,3858499,79,83,4,2226,270
9933,8263844,79,77,-2,-499,355
9934,6029353,79,79,0,451,426
9935,805962,79,82,3,1830,364
9936,11334950,79,80,1,958,323
9937,10992292,79,83,4,2247,232
9938,10165038,79,77,-2,-504,357
9939,13357118,79,86,7,3318,188
9940,11163710,79,82,3,1798,335
9941,6203597,79,72,-7,-3670,302
9942,5235636,79,79,0,479,337
9943,4243920,79,74,-5,-2309,304
9944,3242177,79,75,-4,-1681,365
9945,2301274,79,75,-4,-1657,298
9946,304942,79,83,4,2238,348
9947,4010830,79,87,8,3660,298
9948,10904317,79,76,-3,-1118,262
9949,12268361,79,75,-4,-1726,393
9950,7989097,79,77,-2,-501,268
9951,634204,79,79,0,470,288
9952,4954817,79,72,-7,-3714,280
9953,3712885,79,79,0,492,259
9954,7169337,79,77,-2,-522,307
9955,8263015,79,78,-1,-12,248
9956,10538359,79,79,0,472,248
9957,9815581,79,79,0,458,246
9958,11171547,79,80,1,959,383
9959,7323726,79,76,-3,-1082,272
9960,2776417,79,78,-1,-6,436
9961,3853179,79,74,-5,-2332,497
9962,10396903,79,76,-3,-1070,260
9963,10511433,79,76,-3,-1076,333
9964,10774586,79,79,0,495,344
9965,6494194,79,79,0,510,252
9966,7803620,79,77,-2,-500,296
9967,7215032,79,80,1,963,142
9968,508563,79,81,2,1397,277
9969,7955692,79,76,-3,-1062,158
9970,11141602,79,79,0,477,283
9971,1164401,79,82,3,1815,255
9972,12286415,79,81,2,1405,149
9973,11038666,79,82,3,1815,175
9974,4685431,79,79,0,474,167
9975,5404518,79,80,1,953,356
9976,3824144,79,75,-4,-1688,305
9977,9237861,79,73,-6,-3017,374
9978,11330898,79,76,-3,-1011,263
9979,5225157,79,76,-3,-1109,215
9980,9947690,79,78,-1,5,357
9981,10408528,79,77,-2,-502,298
9982,4376765,79,77,-2,-483,205
9983,3651827,79,79,0,552,194
9984,4195203,79,76,-3,-1069,291
9985,1444229,79,76,-3,-1069,306
9986,2337055,79,85,6,3054,167
9987,5275885,79,77,-2,-493,376
9988,9257864,79,75,-4,-1657,273
9989,13220721,79,75,-4,-1703,301
9990,5316307,79,71,-8,-4331,264
9991,675891,79,76,-3,-1096,326
9992,6790622,79,75,-4,-1702,262
9993,9932259,79,82,3,1841,193
9994,1580356,79,81,2,1413,197
9995,8326828,79,85,6,2988,248
9996,10064218,79,75,-4,-1659,181
9997,7760707,79,75,-4,-1703,337
9998,8521306,79,75,-4,-1703,285
9999,3765111,79,74,-5,-2345,224
10000,12481291,79,83,4,2252,282
