# Node to Authors Mapping
# Format: node_id author_id1 author_id2 ...
#
0 1218
1 2615 1993
2 701 537
3 2657
4 773 1151
5 252 585
6 2992 2253 2315 2103 2092
7 2170 1677 2305
8 2553 2203 801
9 416 588 1777 2988 2524 707
10 745 2405 401 1114 2781 59
11 2513 1435 1942 2716 1547
12 306 1787
13 608 2035 1940 2339
14 969 924 1696 2551 363 1201 571 1624 1665
15 468 2258 2682 1853 415 1921 867
16 314 2220
17 1221 879 2886 822 2291 413
18 870
19 2280 244
20 2480 593
21 671 962 2841
22 324 433 2927 1780
23 1752 128 521 1461
24 1430 2536
25 1516 1100 117
26 2505 774 93 1950
27 2000
28 1589
29 2464
30 1817 2182 1167 1318 771
31 2071
32 2225 1126 2817 2327 1546
33 2298 1068 857 637 2204
34 1312
35 728 2643 988
36 2989
37 1658 2855 1829 1006 125
38 1961
39 1211 1880 2582 1646 1319 920
40 2660 2369 2540 2917 1189 2614 1927 1977
41 1923
42 391 2066 1609 2461 2599
43 785 1335
44 1080 1409
45 1153
46 933
47 1288 38 860 424
48 884
49 986 147 2083
50 2870
51 39
52 1871 2794 1839 803 2260
53 2177
54 95 2744 2798 1936 472 268
55 711
56 2602
57 1011 930 2885 31 1594
58 137
59 529 543
60 14 1321
61 1732 2059
62 771 599
63 1413 2190 572 2301
64 863 2889
65 453 27 871 2795
66 857 1004 2154 2100 1763
67 2390 1222 2756
68 1992
69 2707 2727
70 2425 2380 1369
71 527 1610 1049
72 1496 2297 408 376
73 2112
74 1407 1046
75 2709 1287
76 467
77 641 452 1216 1933
78 796
79 1694 2962
80 898 2336
81 2061 999 1767 2694
82 2865
83 1289 2433
84 1776 1298 345 2939 235 2924
85 2481
86 2498 2495 2452
87 2058 2216 2560 229 1291
88 2673 1881 904
89 2024 759
90 1818
91 1163 1621 2728
92 837 892 1688 354 505 2903
93 2699
94 2199 5 1551 1269
95 1657 1164 1506 1653
96 649 2199
97 335 2031 2459 2243
98 1785 1273 1206
99 2565 84
100 686 1674
101 1225 400 1768
102 2017 2898 1370 2785 1783 393 1204
103 782 1989 1426 653 2325 2882
104 536 370
105 2488 958
106 2233 2139
107 1400 2854 266 1748 1556 139 2830
108 642
109 0
110 2240
111 559
112 1557 131
113 1591 1408 1835
114 1480 455 1987
115 1097 1437 706
116 815 1141 131 1617 2155
117 520 99 461
118 385 1286 346 421 677 390 969
119 574 2611
120 2597 1659 994 357 817 2921 1086
121 1366 1177 1895 2074 1613 1314 1899
122 3 2815
123 2414 2377
124 130 2449 288 51
125 1651 1753 2771
126 1341 1584
127 763 2408 2844 2813
128 1281 2862
129 1453 589
130 1277 566 1810 282
131 2576 2401 839
132 1509
133 2002
134 1205 563 2343 2255 1274 1710 912
135 2517 350 2409 2683
136 1793
137 2290 965 1570
138 2993 203
139 1742
140 1112 450 2495
141 1844
142 2257 1029
143 1949 1796
144 168 2697 1538 1725
145 2588 2506 1059
146 2338 90 1403 1838
147 1581 1434
148 1358 1552
149 2597 1862
150 1680 1382 808
151 285
152 810 2899
153 1675 703 488 37
154 1947 2046
155 1022 225 2490 1295 1443
156 2849 219 1111 2681 1376
157 2420 2537
158 2140 2006 1884 2084 1333 1330
159 378 362 2398
160 2938 2209 1683 2508 2181
161 227
162 636 2679 230
163 2319
164 2968 2214 1775
165 1085 84 2239
166 617 1342 2631 1737 1251 691
167 2363 1159 222 1332 814
168 2567 2182 278
169 1951 1742
170 1273 1765
171 2943 306
172 502 2953 1636 2813
173 2532
174 333 1629 2590
175 2412
176 1451 2467
177 1597 1730 204
178 2097 1238 1292 1861
179 2160
180 1592 1520
181 2922
182 2345 76
183 2279
184 963 1720 160 1490 2957
185 1893 2787 556 1611 2437
186 533 1697 1033 639
187 1860 465 1760 2180
188 2087
189 2557
190 983 185 2581 2352
191 2063 605 1593
192 2624 2309 1904
193 1970 2173 290
194 1545 757 2205 1550
195 2972 2062 1943
196 1427 1764 2821
197 2284 2035 428 106 2843 2389 1653
198 1958 2626 32
199 1328
200 310 1474
201 2963 412 2113
202 2803
203 2544 1847
204 1136 130 56 976 2856
205 1483 2391 1695
206 326 2022
207 44 1233
208 1121 747 2669 790 2789
209 2595 2837 347 1758
210 2794 2120 2483 2647 974 1880
211 1448 1381 2197 202
212 1664
213 2054
214 508
215 1162
216 1833 2032 1891
217 2072 915 2509 240 2733 1510 2144 638
218 855
219 968 2330
220 1652
221 331 2446 2294
222 411 2522 2807
223 2639
224 2990 1199
225 1378 356
226 2183 1367
227 1056
228 1096 2997
229 2838 1804
230 1521 678 2472
231 63 1097 1630 366
232 2174
233 828 2439
234 154 405 753
235 1919 2811 2893
236 155 601 1032 1557
237 2775 873
238 113 1084
239 2399 2146 11 442 1482
240 838 2131 1702 941 697
241 1637
242 2507 1470 1935 1981 2444 2491 549
243 1364 2623
244 756 213 2001
245 2812 2137 41 2799 1241 2875 2821
246 1670 964 1058
247 2270 247 2419
248 349 1411 1152 558
249 1823 734 885
250 1171 232
251 901 2743 2523
252 2045 2433
253 1723 2646 1623 2888 437
254 1198 169 1950 2753
255 1401 383
256 668 1953 148
257 2468
258 1076 979 1062 2184
259 1787 2387 859 687
260 1393 16
261 1762 283 2106 1170 2145
262 833 451 2348
263 2068 731 2041
264 632 454 750 695
265 63 2617 2974
266 2833 1522
267 2132 2351
268 917 2711 2114
269 992
270 2619 2585 2430 43
271 1997
272 1925 2358 159 539
273 1419 446 1693 1534 77 1684
274 2636 2263 2575
275 786 582 865 1386 102 1572
276 1697
277 1606 72 501
278 840 710 616 2471
279 959 2025 1815 1236
280 34 1673 1145 2945 2195 1450
281 1402 1898
282 81 407
283 553 1826 295 1003
284 429 1135 951 133
285 248 1642 765
286 2676
287 844 231 2697 468
288 2574 1892 1397 97 1223 1769 2138 2289
289 681 2753 1728 1285
290 1733 1075 2283
291 2428
292 129
293 687 2555
294 1885 886 666
295 2081 2986 882
296 1896 2949 2802
297 2908
298 131 984 1351 1428 2961
299 347 1469 1505
300 248 1431 241 255 353
301 136 2466 2423
302 1690 1178 1957 1570
303 484
304 2749 996 1885 2350 2542 883
305 407 1960 973
306 381
307 1462 2452 2738
308 303
309 2248 1691 1757 187
310 111
311 2521 317
312 555 2525 626
313 1625
314 2292 783
315 2069 2241
316 1176 1540 2381 2840 2125
317 2010 1336 2762
318 1527 1886
319 332
320 783 304 635 1070 1293 351 1500 1558 1331
321 2907
322 1907 1738 1963 776 1519 1438 1986 1575
323 2259
324 2914 1353 531 2105
325 2287 1130
326 2629 647
327 2067 874
328 1279 1995 301
329 1773
330 1303 699 1971
331 379 827 1425 2386 2925 1915
332 637 445
333 94 228 920 2161
334 2809 2950
335 2669 2095 1413 1248 2633
336 1029 2832 104
337 2713 2934
338 2107
339 1714 2516
340 2644 1300 2625
341 2445 355 259
342 2652 2630 2983
343 1278 1841
344 2807 1435 2494 2552 493 1998
345 1224 598
346 2474
347 146
348 188 630
349 1015 119 923 2512 2174 1861 2152
350 147
351 1584 2966 1934 2442 1447 517
352 1070 698 1904
353 600 692
354 2608
355 1390 1008 343
356 957 1931 712 50 2902
357 2347 1910
358 1976 595 1336
359 2126 2822 2926
360 2285 1798 537 2572
361 1024 1979 2092
362 792 2426 2571
363 2332 338 2215 780 2185 1110 342
364 2577 2554 1800
365 2462 2446
366 709 1502 1820
367 2717 2505 2998 2373 2250
368 2861 2172 2099 2604 2789 1801 755
369 1420 1755 627 1985
370 1089 1362 1679 704
371 305 268 2451 2060 1961 2251 1329 456
372 2268 513 2710
373 2404 419 503 2534 1253
374 2385 2013 525 2736 1432
375 888 1087 2143
376 1955 1856
377 1643 2028
378 2271 78 1404 2133
379 830 2038 2859 445
380 1870 2357 2616 2719
381 1475
382 918 93 2501 2016 164
383 2948 1900 2691
384 2516 667 2037 783 2379
385 1462 1926 2658
386 2422 2594 2394 859 1745
387 2434 31
388 2829 480 353 723
389 1499 826 1115
390 878 1292 2979 304 1351
391 2337
392 1705 1554
393 1088 654
394 1191 75 611 1027 2668 2368 1633 950
395 2457 2856 1144 378 141
396 1834
397 2448 576
398 279 1212 2479 961
399 726 1230 2666
400 2114 2089
401 105 1786
402 329 2157 1799 1034 1722 29
403 2169 1018 1348
404 2850 1822 199 1074
405 414
406 2526
407 700 40 298 7 2518 1913 1951
408 1237 380 1643 1502 564 371
409 1436 1202 1980
410 289 1459 918 2643 2340 2030 2849 1714 2860 2703
411 1876 941
412 532
413 2915
414 1356
415 2296 2111
416 1759 1767 2621 2377
417 2178 381
418 1708 2609 2374 805
419 1915 990
420 2422 224 373
421 398
422 2365 511 1170
423 2843 2012
424 1890
425 715 1935
426 2332 847
427 1181 1081
428 928 1715 1318
429 1617 1537 2458 1378
430 1662 74 2435 1157
431 2040 2881
432 2651
433 1644
434 2605 2788 302 1410 53
435 1449 2272 2103
436 1911 307 2088 194 1200
437 435 1797
438 2911
439 2376
440 744
441 2661 2470 2681
442 1726 2555
443 163 1394
444 2453
445 2946 1154 1539 493 2193 1846
446 2049
447 943 10 239 579
448 706 1778 2878 947 1165 1314 1927 1119
449 1865 2070 392 1850
450 1148 2088 2417 515
451 2919
452 2105
453 1179 2905 2492 220
454 280
455 599
456 392 472 2224
457 1566 1304
458 1859 1355 1628
459 2115 1869 1244
460 387 2546
461 2779
462 799 2548
463 634 132
464 1168 1607 1315 1099 2716
465 476 1481
466 1296 2345 2682 2543
467 2826 19
468 1309 1010 2877
469 2953 821 439
470 1845
471 2088
472 2863 283 1190 2200 2935
473 736 1028 1344 767
474 427 1458
475 260 890
476 2486 1669 100 1896 2641
477 561
478 753 2460
479 1707 190 828 293 1113
480 1373 1547 2502 1939
481 2450 1552
482 2589 2709 916 211
483 751 1456
484 2547 2925
485 101 1437 320 1964 1155 570 2930 2723
486 1105 1530
487 854 809 2981
488 2208
489 2344 2678 1716
490 1536 1488 291 1874 365
491 607
492 1072 2951 2312
493 143 883 2324 740 394
494 1524
495 2831 807 1040
496 804 2770 1102 2667 1248 2732 1073 2454 193 470
497 1657 2645 2419 2372 1103
498 2872
499 2565 1805 1687 1051
500 2536 460 2729 2849
501 1779 2215 1901 2566 1390
502 1854
503 2695
504 1737 463 100 985 1082 2926 1261
505 2978
506 1999 1 2838
507 535 1508 2427 303 1209 2653 2776
508 2960 2176
509 415 972 1909 1181 1077 471 2121
510 2564
511 253 2094 2969 1151 625 1507 2829 2718 489
512 1318 372
513 882 1882 425 2769
514 1647 20 2376 196 2281 1562
515 2910 1895 2748 2314 1561
516 2455 2923
517 2229 1134 2777 2168
518 242 2579 1418 2978
519 1656 1738 540 2052
520 23 934 1811
521 2702
522 281 2611 2551
523 498 2644 261 2731
524 602 2209 1139 60 2680
525 1503
526 2738
527 1779 2952 1353 1012
528 528 1020 623 1110 2959
529 659 2747 14 2800 2686
530 2029 2117 2472 2081 1965
531 1416 761 902
532 2852 2461
533 1808 1638 2329 202 211 1996 2559 2931
534 2110 1275 339 1501 1471
535 1803
536 718 1802 2525 1803 672 1791
537 334 18 1763 2944 1547 591
538 462
539 1909 1195 982 1454
540 2703
541 1872 991
542 510 1352 2357
543 600 364
544 113 2299
545 1448 2436 2860
546 2328
547 811 62 216 1607 271 1615
548 579 2835
549 2475 336 145 2769 760
550 2714 2136 1848 2220
551 54 2212
552 1422 1417 1444 2535 1014 1563
553 764 1495
554 2397 1925 2745
555 1391 2583
556 714
557 2545 1878 95 523 165 1025 195 2586 466
558 1942 1150 587 922 1016 504 2342 1491 275 1030
559 927 1385 2873 177 2489
560 1735 1774 2406
561 514 2277 151 2533
562 2343 1986 1328 1510 1309
563 1067 2047 2005 1828 2705
564 1983 2431 270 134
565 447 79 1274 1859 459
566 2181 325
567 1750 213
568 1574 895 858
569 144
570 2520 808
571 730 2690
572 896 908 2020 2151
573 2500
574 1254 646 1857 2165 28 2511
575 1541 1624 2715
576 2142
577 1149 1293
578 2804 284 2778 887 1389 2273
579 1158 1089 945 186
580 1607 82 872 1595 565 2392
581 2315 2914
582 1047 486 2853
583 1937 2230
584 1634 250
585 1796
586 1090 1467 70 1632
587 615 2573 2988 2506 1654 1782
588 1713 1326
589 2675 1672 399 1046 138
590 2313
591 727 1277 2484
592 1858 2216
593 1223 1359 2917
594 423 496 1593 2515 2884
595 1258 1349 938 1086
596 2027 281
597 1195 1026 1421 321 1769
598 257 2994 1941 955
599 2866 929 1977
600 1212 1908 2366 183 2871 1670 12
601 2528
602 2896 2065 1966 749 1690 806 1875 1698
603 2170 502 2171 1196 2007
604 856 1189 245
605 1122
606 2823 610 1681 2963
607 367 2942
608 1284 2578 1535
609 2238 1283 2334 2287 1661 1954 2046 499
610 2539 770 526 510 789 777 1901 1426
611 2648 1573 829 2530
612 2554
613 2008 1766
614 518 2482
615 1988 1327
616 1137 2503 602
617 262
618 1313 833 868 124 2389
619 1717 2947
620 1669 2170
621 512 2264 2089 774 254
622 1672
623 1350 549
624 1571 891
625 2836 287 30
626 2646 1476
627 2320 1235 2627 2163
628 1383 256 1486 2036
629 1213 2937
630 2085 645 2410
631 2 2663
632 1397 1451 694 2845
633 1414 1929 787 670
634 1045 1972 2493
635 2851 1074 435
636 443 2649 926 1906
637 2677 1019
638 685
639 1564 2280 940 2122
640 1107
641 2284 1497
642 577 812 1323 2941 57
643 982 1399 118 1124
644 259 1466 866 2948 205
645 1550 1232
646 1227 53 869
647 1905 1768 310
648 1975
649 52 998 819
650 2798 2638 1375 17 2722 297
651 1778 267
652 274 2593
653 430 1476 2278 2496
654 798 2653 112 1297 1583 1215 24
655 2589
656 1792 2344
657 154 2071 2021 173 1160
658 1682 845
659 871 2551 1746 323 2469
660 140
661 2809
662 2407 2846 2569
663 2408
664 2166
665 890 1624
666 705
667 73 261 483
668 2189
669 2429 369 2135 2170
670 35 853
671 2165 2116 1577 2076 732
672 2984 2890 2902 910
673 1883
674 2523
675 375
676 2786
677 83 183
678 772 1496
679 2571 2026 2958
680 2331 2500
681 165 2971 1395 1705 2907
682 2991 779 1731 1526
683 1175 404 2130
684 2803 911 876 1600
685 61 1095
686 258 2772 1843
687 1913 1751 2892
688 1514 2109 2454 2019
689 1328
690 1513
691 1103 2813 2735
692 667 1576 2706 1345 2677
693 2148 1549 2402 2051 683 1220
694 57 1968 475 849
695 212 1142
696 821
697 2805 1239 1340 516
698 1463
699 1846 1917 739 2584 2296 1492 1203
700 1955 2367 247 218
701 2185
702 2186 2108
703 444
704 960
705 1873 2384 925
706 1565
707 1871 2282
708 2034 702 2058 1662 1666
709 2245 1455
710 2070 1473 2236
711 2388 1103 1856 357 2123 690
712 1771 1035
713 843
714 14 2795
715 2827 1039
716 1803 948 64
717 214 1852 2415
718 1325 246 2308
719 2252 2750 953
720 1849 955 894 2620
721 949 1675 2839 39 357
722 2792
723 1355 1590 1343 1359 221
724 2688 2889 1338
725 1885
726 367 1079
727 1387 433
728 2176 2693
729 644 2891 1862 2685 473 2424 134
730 2110
731 2335 2527 2961
732 167
733 2760 2782 2342 2048 1962 1410 846 2202
734 2000
735 912
736 1097 1984
737 43 161 1336 2029
738 658 1472 1817 1810 1113
739 1945 2817
740 2550
741 1041 1452 1938 2164 2537 1999
742 2765 956 964
743 2353 1307
744 652 82
745 2181 38 360
746 612 2528
747 794 952 1943
748 1544 1101 1377
749 1660 564 2712 98
750 800
751 1812
752 637 703
753 420
754 1498 2841 2996
755 1916 2801 1120 1832 1641 2818
756 947 2395 1263 2504 467 110 2648 358
757 2923 2123 893 1322 1111
758 1863 2458 2011
759 2319 2428 2595
760 2233 2923 2300 2920 2093 40
761 1729 1568 2687 1740
762 2550 2606 2978
763 1132
764 2743 613 2095
765 1095 935
766 2221 2637 2320 2191 1851 2785 1218
767 2881 2711
768 157 343 2076
769 916 227 2207 1973 1142 2766 1434
770 1711
771 2967 2600 2580
772 2131 2374 1267 421 780 2120 199 2368
773 994
774 1477 297 2834
775 137 2903 96
776 2970 922
777 2471 1267 563
778 2514 1842
779 2918 1368 1935
780 1897 1736 2892 651
781 2449
782 1824
783 275 545
784 701 2784 2975 1514 1074
785 814 92 2847 603 1887 2153 2237 1015
786 1476 1655 1959 1978 1262 484
787 1197 2971 1465 2504 1339 2304
788 1931
789 423
790 784 1001 217 1357 1433
791 913 2077 837 2698
792 449 33 308 2741
793 189 2965 2057 648 1513 1124 619 2022
794 2750 2203 1289
795 2951 1907 1773
796 1268 218 679
797 2529 1184 533
798 1251
799 142
800 852 2286 504 604 2187 464 6 2757
801 1804 2722 2358 69 2864
802 1992 410 153 2167
803 2622 991 1231
804 713 2214
805 1412 368 519 1 2195 1176 1906 1917 1143 1232
806 506 1794 1626
807 2465 118 954
808 1427 258 2327
809 66 1992 2714 1162 248
810 1316 2355 2558
811 1145 2242 2499 209 1952
812 2393
813 1487 2371 2249 441 1930 1640
814 1071 2430
815 918 1461
816 957 2325 2696 2999 1529
817 2632 1138 2982
818 2758 2317
819 2768 2303 386 1180
820 1255 835
821 2874 2691 2221 2868 1268 2996 1069
822 773 273 1094 2587
823 653 2634
824 172 1925
825 206 296
826 1685 26
827 2476 2758 474 1750
828 352 1092
829 1230 76
830 208
831 1696 753 2043 2311
832 743 2612 178
833 2976
834 1817 2009
835 1433 2249 742 2845 1913 1207 676 2232 961
836 2485 1173
837 22
838 2592 1808 856 745
839 1938
840 856 2487 1423
841 1571 1377 936
842 2442 1788 2689
843 964 46
844 1668 844 1414 2629 1523
845 1837 850 1862
846 1479
847 2783 1607
848 981 1280 2106
849 1188 1814 1734 1217 1982 1578
850 1994 1822
851 724 1750
852 498 2349 2739
853 1729 1201 2980 1187 2894 1924
854 1695 850
855 813 1535 2149
856 166 568 1572 276
857 345 746 366 2432
858 126 669 215 1007 861
859 1548 1240
860 260
861 843 2014 2341 2895
862 562
863 2827 1052 2403
864 1219
865 1928 418 550 2672
866 1709 13 2159 2322 939 1411
867 1930 223 2941 2076
868 1162 322 1109
869 2519
870 1631 2061
871 326 2604
872 640 1409 2227 606 1830
873 1926 2459
874 554 2403 2053
875 1836 388
876 157 1043 2674 1088 1727
877 2293 2396 511
878 1501 609 778 906 2268
879 1946 2738 614
880 1596 1113 887
881 979
882 2020 1078 2045
883 2848 2042 2419 1460 2568
884 2309
885 2021 2705 656 2513
886 383 851
887 1580 1399
888 390 1372 2805 1326 2541 2543
889 1583 1915 1495
890 2985 1772
891 2213 1193 2265 540
892 1402 977 541 509
893 1493
894 1036
895 1610 2104 2909 150
896 2680 1056
897 402 596 620
898 1686 89 5 173 191
899 735 457 1647 1440 469 1860
900 1118 2574
901 1013
902 1102 490
903 487 332
904 1772 2275
905 2253 1339 1250 2352 610 2936
906 2112 991 2019
907 938 2955 844
908 652
909 2713 1518 1646 1396
910 92
911 412 281 2840 877
912 1245 2049 1512
913 1166
914 1533 55
915 458 2496
916 595
917 1194 2037 2866 863
918 2956 15 2991 1282
919 249 446
920 2673 2692 2231 2256
921 12 825
922 2737 583 208
923 1105 1628 237 426 1831 1806
924 633 1312 1092
925 1460 315 1285
926 2671 1266 1106 175 548
927 477 622 2263
928 688 1354 1234 1276
929 2156 145
930 415
931 2190 840 2598 2828 1447 1421
932 2617
933 1599 2433 788
934 2759 469
935 1535
936 52
937 286
938 2458 931
939 1808 567 1659
940 2235 841 1797 1739 684 2361
941 795 1887 2197 2832
942 1002 2174
943 1825
944 1834 1924
945 967 1693 2155 1840 387
946 1005 1182 2119
947 181 2130 210 699
948 2897
949 592
950 1040 685 2774 2603 2027 2307
951 2465 2171 1706 311 1237
952 344 2596 2033 1263
953 2640 2655
954 2610 2402
955 1214
956 315
957 2814 359 58
958 88 996 1478
959 2018 2410 2136 319
960 2992 2499 1211 811
961 500 1185 1337 1832 318 2790 2934 1424 1434 349
962 2594
963 1587 26 1665 733
964 1365 1467 2489 294 1497
965 912 557
966 2187 643 2261
967 1819 94 2323
968 2439
969 156
970 1724
971 919 696 786
972 1688
973 2603 2810 354
974 2696 1021
975 675 1077
976 2346 594 1091
977 1326 2051 47
978 1450
979 2901 1044 1689
980 2267 575 2716
981 2759 2867
982 2659 1777 644 786
983 2665 937
984 2134 2915 624
985 123
986 448
987 1812 389 2192
988 1048
989 840 1499 2158 2755 1125
990 158 2928
991 2109 362
992 2837 1629 526 2080
993 177 2598
994 551 1608 880 80 2266
995 120 309
996 2086 213 2064 1172
997 2293 972
998 2254 2854 1500 2586
999 395 1947
1000 1741 2375 650
1001 122 1974 2631 1148
1002 1261
1003 831 364 2628 650 2764
1004 1479
1005 2763 865
1006 716 1784
1007 525 368 919
1008 1721 1117 2616
1009 900 197
1010 348
1011 585 2700
1012 1009 396 543
1013 751 2189 288 491
1014 179 708 1127
1015 694 2370 1864 2366 2188 1766 2785
1016 2822 2626 2797
1017 593
1018 1337 515 109
1019 737 1515 2825
1020 277 294
1021 1457
1022 1036 256
1023 176
1024 479 149 44 1371 1602
1025 172 2638 1740 213
1026 162 514 1236 2563 1373 223
1027 1514 1130 2573 27
1028 1094 2318 438
1029 1262 1252 2297 1188 431
1030 1363 2302 1146 541 763
1031 2086 1749
1032 2590 1588 2321
1033 2318
1034 1011 904 2151
1035 1323 680
1036 902 436
1037 2236 1919
1038 1009 2086
1039 2751 665
1040 1117 2650
1041 1439 995 851 1795 797 1653 1064
1042 2091 903
1043 729 262 1732
1044 1700 2997 2742
1045 2661 4 1088 698
1046 1498 2924 141 1447
1047 2526 2175 817 2296 1640 1083 301 669 538 2610
1048 1464 947 1093 2129 25 2217
1049 356
1050 878 2638 875 944
1051 2652 1191
1052 2382 874 877 2788 2147 1914
1053 2248 1881
1054 411 158
1055 2662
1056 1083 2834
1057 1800 492 2043
1058 312 619 1187
1059 2128 1109 490
1060 1490 1820 1249 1311
1061 328 752 2492 1332 567
1062 1125 2880
1063 1938 395 198 1902 1739 361 121 1680 631
1064 1371
1065 2463
1066 2803 1990
1067 1045 299 2474 2824 1649 1889
1068 896 2884 1286
1069 442
1070 2234 2782 1745 2862
1071 622 1918 2733 2725
1072 1604
1073 117 2849
1074 2808 2788 1049 251 826 2628 328
1075 2634 2654 2827
1076 925 2160 1227 390
1077 1043 2226 274 775 2004
1078 2031 1299
1079 1263 71
1080 397 1361 1560 952
1081 656 458
1082 1116 2030 2762 2274
1083 2172 2773
1084 2946 2776 2343
1085 2070
1086 417 1856 674
1087 2383
1088 264 2556 1
1089 2662 1429 1247 1310 1963
1090 2082 1920 1706 590
1091 317 1435 2211
1092 2738 938 26 86
1093 465 497
1094 1112 671
1095 981 2032 739 170
1096 630 32 1317 995 555 2025
1097 1747
1098 325 233 2102
1099 272 2045 2738
1100 2437 200
1101 1758 2187 911 682
1102 2717 1257 2441 2887
1103 2503 1866 2806
1104 2306
1105 1272 1270
1106 1788
1107 386 684 1569
1108 2589 2378
1109 2456 556
1110 2676 337 1598 2413
1111 758
1112 1140 1380 1945
1113 1128
1114 1311 1634 2477
1115 999 2877 1371 673 2072
1116 1156
1117 409 2223 2460
1118 842 1944
1119 65 1180 2060 988 74 1365
1120 1169 2243
1121 1197 1066 2539 519 1732
1122 2272 621
1123 202 142 1120 2973
1124 2552 779
1125 193 2997 2472 221 1755
1126 2055 1371
1127 466 1188 2729
1128 1468 2824 1549
1129 2262 2229 743
1130 2913 1612 181
1131 370 499 1327 1054 2255 1183
1132 1061 1147 1515
1133 2371
1134 1398 1494 2486
1135 414 1192
1136 2033 1719 1445
1137 2166 661 1609
1138 409
1139 1387 2333 936 255 1638 2984
1140 1237 1308 584
1141 582
1142 971 406
1143 1542 1101 524
1144 547
1145 127 232 1618 1904 2309 2101
1146 59
1147 966 1673
1148 1701
1149 109 703 797 870 2767 2288 262 2861
1150 607 83 2951 1324 2942 1663 2574
1151 2245 266
1152 2269 70
1153 91 1207
1154 1124 2687 316
1155 1712 590 2502 2570
1156 2742
1157 2134 1264
1158 2995 187 1441
1159 1998
1160 914 616 927 236
1161 429
1162 2268 932 304
1163 2531
1164 530 2976 1361 944 899
1165 192
1166 67 2940 359 2079 1037 391
1167 1049 54 1321 1619 2425 1511 268
1168 910 2699
1169 2918 434
1170 2955 2819 1415 1883
1171 2726 1052 662
1172 2620 1566 135
1173 1424 2336
1174 2649 689
1175 2993 2449 2526 2443 2118 1291
1176 1542 1703
1177 228 1206
1178 898 868
1179 290 546 315 1678
1180 1976
1181 1275
1182 2941 816 1081
1183 1352
1184 1226 2407 18 2619 664
1185 1996 1136
1186 103 265
1187 617 1585 1246 768 1722 2390
1188 2702 1923
1189 1894 2424 1860
1190 2611 424
1191 1745 2177 1609
1192 2049 54
1193 312
1194 2246
1195 647
1196 89 1853 285
1197 1418 1857 2219 206 2688 405
1198 2701 1530 1720
1199 319
1200 658 791
1201 1618 1708
1202 2590
1203 2330 1850
1204 1671 2210
1205 1489 2478
1206 1853 1076 2470
1207 1909 627
1208 1543 2158 2755
1209 2839
1210 2720 1876
1211 2031 1468
1212 2056
1213 1031 1390 2424
1214 1057 0 2289 2141 1522
1215 115 90
1216 60
1217 2363
1218 230 1704 1227 1586
1219 1711 2886 2417
1220 1503 2929 1319 2450
1221 540
1222 1614 560 2054
1223 341 210 1115
1224 1161 1548 560
1225 2956 2306
1226 1868 2148
1227 656
1228 1294 249
1229 913
1230 195
1231 351 1532 2108 330 2041 1684
1232 2258 2601 1269
1233 2473 722 442 1210
1234 932
1235 820 552 2532
1236 2866 1075
1237 2876 897 267
1238 459 2200
1239 638 2228 946
1240 373
1241 426 1320 2284
1242 1400 2622 620 2192
1243 2194 738 846 2825 4 1888 1135
1244 2356 2918
1245 726
1246 2561 2947
1247 807 1333 2222 2179 1057 1676
1248 2084 823
1249 643 1567 1260 2750
1250 2510 1128 999 2622 1956 190 1648 628 1341
1251 921 2830 2621 781
1252 1786 2073 720 1829 1816
1253 2728
1254 2231
1255 1377 1484 2023 440 2270 973
1256 2248 1652 752 1702
1257 2820 2250
1258 1922 2667 411 786
1259 1034 2015 348 501 226 2897
1260 928 430 1886 171
1261 264 993 1790
1262 2280 681
1263 480 223 1063
1264 1928 1496 1561
1265 1950 2152
1266 1259 1534 421 1596 1882 1604 1900 900
1267 2999
1268 1053 170
1269 29 1337 2796 49 1671 825
1270 580
1271 2130 1975
1272 1330
1273 2544 2002
1274 2719
1275 2538 2147 2301
1276 212 2842 1531
1277 2388 1511 1667 1579
1278 2278 34 1756
1279 471 749 1016 1807
1280 2624 2855 665 688 63 970 2057
1281 2744 374
1282 874 1630 1827 279
1283 1032 1446
1284 146 300
1285 989 2779
1286 2928 1017 2674
1287 451 2022
1288 577
1289 1327
1290 1398
1291 2563 1009 2634
1292 2501 2929
1293 2085 1429
1294 2613 1520
1295 2813 2139 2245 47
1296 655 1969
1297 2756 1620 1441 10 1517
1298 397 842 2287 76
1299 1970 1298 1370
1300 711
1301 467 2189 9
1302 11 1556
1303 754 1747 1965 555 1511
1304 152 907
1305 1899
1306 892 2804 476
1307 1027 2432 978
1308 164
1309 775
1310 573
1311 2571
1312 116 1498 346 865
1313 853 44 416
1314 1510 2310
1315 2659 1614
1316 1334 1367
1317 618 1735 1788
1318 1699 1152 1385 1002
1319 1789
1320 371 1809 583
1321 1567 2638 2418
1322 806 1813 2621 2206
1323 1606 1109 470 1924 12 2520
1324 750 2118
1325 2006 2768 340 595
1326 2407 491 2888 2411
1327 375 1646 1571
1328 2662
1329 1138
1330 1129
1331 2205 1718 837
1332 2300
1333 2262 946 1948 1903 2276 753
1334 1179 1060 1577 2982 1756
1335 1042 2461 834 1997
1336 2050 151 1553
1337 2299
1338 294 64
1339 931 1905 1119 242
1340 2683 2684
1341 605 1237 2416 2431 2582 2275
1342 642
1343 1233 1157 1107
1344 2557 2784 2331 1770 778 2816 2350 2259
1345 1613 1821 222
1346 2565 132 1377 1578 619
1347 2105
1348 1380 2127
1349 2805 2007 1763 2354 1233 179
1350 868 1693 2185 624 1379
1351 1813 269 480 2956 2317 1597
1352 1108 2475 495 1993 729
1353 2625 393 215
1354 1449 2980 196
1355 2469 2364 1283 766
1356 2515 1475 2642
1357 1271
1358 1506 1484 277
1359 2762
1360 2122 1347 2591
1361 2436 1749 1625 663 1679 762 2468
1362 292
1363 1304 757 1937 1828
1364 2561 1877
1365 1608 48 713 2453 2904 2164
1366 321
1367 1133 2122 2494 564 761 2775 522
1368 824 1722 1340 1968 906
1369 1384
1370 1493
1371 2145 569 1627
1372 1650 2752 764 1217
1373 537 1622 1439 1443 2274
1374 2835 356 478
1375 725 1623 1975 2717 1033 2063 2124 2593
1376 640 2685 2486
1377 2321 369 515 1123 907
1378 1026 2226 1972 2679 881
1379 266 734
1380 36 428 460
1381 2605 2723 769 1375 2333
1382 1420
1383 114 2286 534 1553 2726 2323 1242 543
1384 1405
1385 2176
1386 590
1387 1608 340
1388 2906 1296 494 986 338 614 2295
1389 931
1390 323 1163 2054
1391 1228
1392 840 1456 535
1393 1601
1394 1871 2065 300
1395 330 1584 1297 1104
1396 2360
1397 2444
1398 2673 2208 2591 2909 2467 2493 1055
1399 2883 1031 905 2186 222 2583 2705
1400 2605
1401 265
1402 2525 2347
1403 716 2584 2668 2500 743
1404 795
1405 2440 1485 867 106
1406 2522
1407 1004
1408 46 2137 2939 2053 2999 661 2869 1781
1409 2715 2062 2517 41
1410 2325 11
1411 1603 136
1412 507 483 597 1710
1413 1145 306
1414 1142 1773 1801 1057 2078
1415 1073 2935
1416 2783 1585 401
1417 1163 69 1527
1418 1228
1419 1384 544
1420 2983 155 302
1421 2654 2987 1223
1422 542
1423 2977 2313 422 226 413 810
1424 2167 1382 2514 556
1425 649 456 2675 215
1426 475 2391
1427 920 2134
1428 2075 1290
1429 1590 2820 1139
1430 1847
1431 238 921
1432 1146 1221 2064 2888 2624
1433 17 2950 767
1434 1347 1013 182 869
1435 2909
1436 2582
1437 1787
1438 1077
1439 845 2052 1374 1966 2362
1440 2529 1265
1441 1122 798 717 410
1442 674 2163 282 355
1443 75 682
1444 791 1508 1046 2542 1374
1445 2839 1408 2929
1446 818 1137
1447 2248 2488 1599
1448 838 1540
1449 724 1060
1450 2034 975
1451 808 2362
1452 1625 1882 132
1453 2623 1699 631
1454 802 1311
1455 2671 216
1456 2536 1260
1457 744 814 190
1458 237 530 2506
1459 1537
1460 2074 1203 1260 1619 1099 2484
1461 1376 888 2502
1462 136 2090 327
1463 834
1464 1957 1528 829 1271 0
1465 2209 1730
1466 1843 2924 902 708 2964
1467 2044 2528 1688 2421 2383
1468 305 1748
1469 2218 276 1216 98
1470 1421
1471 2427 2802 906 889 2162 2990
1472 219 2569 924
1473 2179 1526 1586 1174
1474 2536 1504
1475 2238
1476 572 2763
1477 793 571
1478 1867 43
1479 1741 82 2400
1480 127 2952 2263 1306 1858
1481 1481 2150 1770 2970
1482 2376
1483 1113 235
1484 1445 116 449
1485 96
1486 1429 536 1849 1401 1956 1525 72 2337
1487 99 2676 42
1488 2438 2698
1489 2567 2265 1125
1490 895 1187 1260 746 2989 1432 1242 1305 967
1491 1855 589 987 1204
1492 2773
1493 945 1063 234 433 1605 1392
1494 1505 2338 2739
1495 2958 2592
1496 770 1316 2198
1497 2139 2606 1273
1498 2061 2815 2730
1499 1256 1012 337
1500 280 778
1501 620
1502 399 867 2360 1592 509 2448 785 744
1503 2184 659 1229
1504 161 914 527 1048
1505 201 1588 1345 910
1506 1841 2754
1507 516 2890
1508 2733 1313 2023
1509 1366
1510 2373 318 2523 2097 1204 675 966 2720 2718 1692
1511 2508 53 678
1512 1071
1513 2562 1050
1514 2240
1515 1173 2009 2349 1762
1516 48 983
1517 443 672 150 711 801
1518 2830 1789 725 565 2119 2159
1519 1799 2351
1520 893 897 2940
1521 2527 1261 2648 68 478 818 2348
1522 2700 1310
1523 2665 87 1509
1524 2040 2808 1464 1038 313 1826 1731
1525 2079 379 1451
1526 2042 2769 2614 1235
1527 1032 2326
1528 934
1529 2017 680
1530 15 432
1531 2751
1532 2868 2656
1533 1350 1731
1534 2247 2577 2241 1531 1777
1535 2354 240 1701
1536 1045
1537 2097 2089 1314
1538 1820 1481 2374 2784
1539 1561 1133
1540 1259
1541 2761 377
1542 2110
1543 704 334 2984
1544 729 802
1545 714 1878 513
1546 2600
1547 660 2389 1442 1041
1548 708 617 842 854
1549 2912 1747 2100 2410
1550 1639 1554 1473
1551 584 107 2855
1552 942
1553 887 210
1554 2619 1118 437 2024 129 1916 1644
1555 1501 180 153 1743 2897
1556 2359 2670
1557 1654 1897 345
1558 319 950 343
1559 2728 2879
1560 1528 723
1561 2770 2580 1172
1562 1753 2760 2924 261
1563 925
1564 1356 45 2684 2272 2429
1565 679 1280 2602
1566 978
1567 1892 1941
1568 1582 362 264
1569 1494 2210 2894 1685
1570 586 702 1305 1515 1096
1571 2218 659
1572 2067 842 832 2322
1573 2397 591
1574 1533 61
1575 861 183 2636
1576 1153 981
1577 1226
1578 574 2704 1364 298
1579 1608 1274
1580 2898
1581 819 2890 478 785 263
1582 2480 1092 1520
1583 1739 2269 831 1231
1584 2851 2282
1585 2545
1586 1775 166 302 2746 1928 1486
1587 1570
1588 1773
1589 1929
1590 2639
1591 243
1592 56 2003 1908 2197 2469 47
1593 1605 1775
1594 2954
1595 1182 1761 1657
1596 606 1110 2550 2196 1917 1386 876
1597 1473
1598 604 2026
1599 692 1388 1541 1168 174
1600 2843
1601 256 951 1423 2626 860 623 310 683
1602 2329
1603 377 2374 755 1196 2149 1440
1604 502
1605 2740 1493
1606 1691 1665 129 1317
1607 1653
1608 28 944
1609 684 1294
1610 2587 389 2338 54 2016
1611 2908 359 1154
1612 427 2149 482 666 2246
1613 2130 862 189 1259 969 2497
1614 237 2734 746
1615 762 307 2208 423
1616 2523 2853 1528
1617 2462 387
1618 481
1619 2752 1044 1388
1620 2137
1621 741 382
1622 1301 2219 2226 384 419 2776 2546
1623 718
1624 1508
1625 1599 907 2599
1626 322 2336 1243
1627 365 74 2844 1554 2870 669 2658
1628 1107 1114 2701 67
1629 1134
1630 2852 469
1631 148 2915
1632 1023 2244 2574 1464 2124
1633 2492
1634 711 2088 1302 1985 992
1635 951 505 738 1186
1636 229 1466
1637 1015
1638 278 598 1240
1639 1651 2132 2947 1396
1640 251
1641 2531 1787 1503 313 2993
1642 728 635 998 1378
1643 1062 2056
1644 2689
1645 8
1646 548 848 184
1647 937
1648 2124 697 1744 33 161
1649 261 640 2293
1650 287 17 75 2494 205
1651 1590 2421 2767
1652 653 2880
1653 372 388
1654 384 2072 114
1655 73 2033 1369
1656 2766 2381 528 42 2288
1657 1630
1658 2599
1659 2844 2283 1179 179
1660 1017
1661 2764 383
1662 694 2680
1663 2227
1664 1523 2256
1665 1570 2708 2664
1666 1591
1667 1262 2843
1668 1567 1401 1298 1391 1270 1303 2487
1669 2107 2298 998
1670 1359
1671 1083 731 24
1672 1811 1579 2085
1673 2257 601 394 1533
1674 2305 1123 165 1564
1675 1478 939 538 2729 2067 1076 2806 1559 2793
1676 448 1687 2475
1677 653 1457 2515 2981
1678 2482 1879 1366
1679 896 2346
1680 1766
1681 108 154
1682 1736 834 1558
1683 1002 1697
1684 521 2754 928
1685 2182 1392 710 415
1686 2977 702 607 1967
1687 2073
1688 929
1689 1635 2372 1234 1868
1690 407 709
1691 1559 1776 1725 2838
1692 2858 85 2476
1693 2477 677
1694 1143 2096
1695 1616
1696 1359 662 1670 1226 2995
1697 772 787 974 81 987 1356
1698 171
1699 2039 2223 1971
1700 2817
1701 2173 1571 2511 1765
1702 2618 2944 2857 1483 2323
1703 176 2651 2541
1704 1632
1705 1285 2710
1706 836 822
1707 1792
1708 2907 559 482
1709 1594 2004
1710 147 909
1711 79 622 173
1712 895
1713 1724
1714 2928 1053
1715 2396 592 2828
1716 1393 434 1433
1717 2347 2266 963
1718 2867 182
1719 1902 691 1927
1720 1712 2968 2496 1890
1721 1953 884 99
1722 1301 339 1576
1723 341 1332 841
1724 2445
1725 2317 2148 1054
1726 2447 930 858
1727 231 309 460 2443
1728 2791
1729 1377 978 1551 2780 2552 1322
1730 787 633 1382 2334
1731 2270 782 488 794
1732 2742
1733 1169 224
1734 723
1735 2266 362
1736 817 48 479
1737 820
1738 1920 2545 1208 250 1329 1108 2831 1300 2932
1739 1017 1065 2085
1740 1242 2649
1741 2522
1742 1605 766 629
1743 1503 831
1744 731 2874 36 1325
1745 2470 2876 2208
1746 2878 115 1022 1477 675
1747 1294 2967 1821
1748 28
1749 1656
1750 738 168 694 2245
1751 1969 1978
1752 2471 764
1753 1830
1754 243
1755 1098 1977 140 138
1756 685 681 1441 2978 51 381 810 46
1757 1020
1758 1798 220 1921
1759 2612
1760 113
1761 2936 1471 2221
1762 2818 2945
1763 1964 2252 227
1764 1362
1765 1324 2286 2500 2999 757 1555
1766 655 220 1648 403 2677 611 2225 2600 2324
1767 2324 1094 1664
1768 130 737 494
1769 1793
1770 2376
1771 445
1772 2588
1773 2916 2694
1774 2242 1344 754 494
1775 259
1776 1560 25
1777 2838 884 2044 758
1778 2858 2995 713
1779 2090 800 2939 257
1780 187 2443 2039 1817
1781 1413 838 505 382 885 301
1782 707 1006 2930 2879
1783 252 1837 239 714 997
1784 413
1785 1569 2184 1997
1786 1312 2113 1456
1787 2959 1705 2087 621 2882 1144
1788 1923 512 1386 1194 1346
1789 1416 2549 698 2547 419 1908
1790 796 2694 1555 2229 2721
1791 1240 2933 1585 2076
1792 1471 2432
1793 2144 1835 198
1794 2221 1862 2179
1795 706
1796 1242 300 2957 952
1797 1484
1798 2243 2974
1799 2765
1800 1537 2163 1684 441 2787
1801 1127 2203 1982
1802 1000 388 1705 2171
1803 868 576 897 2260 84
1804 1555
1805 2886
1806 1183
1807 1299 23
1808 1927 1338
1809 631 2142 2042
1810 588 169 485
1811 425 2530 2922 2837 1988 2207 1120
1812 1278
1813 891 2615 2265 2121
1814 1889 2444 2399 2491
1815 1430
1816 1158 1305 2276 2691 866 2093
1817 1513 2325 1150 2412 2689 1437 182 730
1818 149 122 2428 2865
1819 2466 2985 1096 2650 2098
1820 2216 1030
1821 1147 1084 1496 1565
1822 1948
1823 1353 1553 1489 1621 853
1824 603 2223 1529 2199
1825 1634 783 1694 2738 2635 1425 720
1826 864
1827 785 1121
1828 385
1829 1875 2869
1830 2314 71
1831 2884 1454 185 1953 2043 454 935 1220
1832 1574 809 1343 820
1833 970 951 1180
1834 41 2863 2597 2055 2900 2167 1917
1835 1480 2201
1836 2686 434 762
1837 1461 829 2753 919 15 2028
1838 1538 71 1454 303 923
1839 2665 966 1729 2038 288
1840 2485 1466 2490
1841 289 453 1278 1406
1842 2742 674
1843 2737
1844 1929 1746 2725 2416
1845 1305 1126 1433 194
1846 740 1164 503 2900 1952 1820 124 2757
1847 492 2994
1848 954
1849 2115 1314
1850 2438 497 2608 2443
1851 1864 1492 477
1852 271 2718
1853 658 1670 1058
1854 2971
1855 652 1298
1856 152 1072
1857 1820 1131 1106
1858 177 2549 2252 1048 768
1859 686 119 2260
1860 830 1161 329
1861 431
1862 2498 16 132 1877 1064 191 2307 1678 518 880
1863 748
1864 2997 2438
1865 2631 657
1866 2931 581
1867 544
1868 2113 336
1869 854 2966 2758 1618 1478
1870 933 1351 1719
1871 2846 2212 710
1872 364
1873 680 2848
1874 1325 1605 42
1875 168 2386 1172 1222
1876 2684 118
1877 1871 1981
1878 1655
1879 470 710 1159 1987 449
1880 2392 804
1881 1166 2964 485
1882 1324 1711
1883 2870 1826 2409
1884 2712
1885 2904
1886 1379 1307 1014 759 1247 1507 2939
1887 615
1888 574 93 635
1889 2539
1890 2611 542 1863 2914 35 360 2008
1891 1988 609
1892 2895 716 114 1387
1893 2236 186 2277 1519
1894 1626 1647
1895 1038 1370 1994 2187 1440 1783 2806
1896 1177 1673
1897 903
1898 2333
1899 2304 717
1900 2370
1901 2594 263
1902 2387
1903 513 1398 2434 1069
1904 2273 586 286
1905 142 117 2822 1808
1906 1198 437
1907 790 325 225 2586 2820
1908 958 2 561 2581 1959
1909 2201 1284 520 200 732 123 830
1910 1474 80 962 571
1911 105
1912 2695 128
1913 2913 718 420 982 1415 845
1914 2368
1915 1363 253 1331
1916 2047
1917 2567
1918 1139
1919 799
1920 2916 1477
1921 2773 689 1229 2069
1922 1279 1754
1923 2837 1504 776
1924 1754 839 2151 583 1289
1925 2208 2502 2607 1284
1926 496 693 1894 62 398 1599
1927 330 974
1928 2741
1929 2021 2345
1930 2156 223 2930 887 207
1931 140
1932 314 417
1933 1258 1838
1934 1742 631 2036 2353
1935 1592 1394 1931 2873
1936 2566
1937 60
1938 1231 13 2980 594 784 1884 144
1939 1709 1182
1940 951 406
1941 2583
1942 2435 1033 1397
1943 1337
1944 1500
1945 462 1023 2821
1946 626 1078 1061 1010 1567
1947 2667 1845 2925 1364 2470
1948 2832 1106 1430
1949 2080 2548 616 30 662
1950 2581
1951 2637 2708 160
1952 1784 2589 2558 1673 2134
1953 1246
1954 2111 1991 2386 2896
1955 2875 2075
1956 1487 2267 1944 2211 1851
1957 1774 68 241
1958 1347
1959 1636 2377 2932 1729 2024
1960 2982
1961 899 1224 805 1192 2954
1962 2968
1963 2969
1964 1132 1301
1965 444 578 1036 2574
1966 1691 2608
1967 1831
1968 631 169 2413 2833
1969 1602 109 2585 2658 2625
1970 747 2357
1971 876 1550 2501 324
1972 2936 795
1973 1067
1974 957 2128 846
1975 1879
1976 116 2530 2826
1977 2480 77 2330 2766
1978 332
1979 596 1341 2984
1980 1875
1981 1966 2089
1982 923
1983 102 134 334 772 296 2899 887 852
1984 943 231
1985 1175
1986 1364 2857 1395
1987 1382
1988 365 1863
1989 1647 538 2365 2008 1890 1446 192 1878 1458 2655
1990 1549 715 578 111
1991 1974 1372 812 2816
1992 1968 1392
1993 2749
1994 2817 1574 2685 648 2867
1995 58 1334 66 2296 588 2425 2055 639 879 1116
1996 1715 1782 2355 2476 2912 810 1154 1838 1621 670
1997 398 1677
1998 2343 1674 1976 1951
1999 2724 1467 1596
2000 2918 1651 1919
2001 2916 1932
2002 1430 473 1383
2003 2795 2335 2042 2832
2004 1436 732 800
2005 191 847
2006 2478 2274 2415 2509 2440
2007 2621 2746 21
2008 1320 2600
2009 2748
2010 1879 2634
2011 432
2012 2182 1876 1794 2829
2013 2891 2706 2924 1119
2014 1418
2015 406 185
2016 795 666 1717
2017 1025 1751
2018 1474 69 1488 1080 2441 719 468 220 803
2019 525
2020 458
2021 2578
2022 2461
2023 1083 552 51 1805 1042 1702
2024 980
2025 228 1432 107 1201
2026 1815
2027 2711 1460
2028 2782 2348
2029 1534 1406 2014
2030 1477 2614
2031 2632
2032 2966 2232
2033 2142 872
2034 1111 104 2607
2035 2291 1295 2955 1199
2036 1005 1259 1398 2722 2825
2037 1071
2038 55 2172 938
2039 1203 214
2040 1124 2219 71 1339 2690 1287 339 1224
2041 2362 1697 2290 1901 1544 1883
2042 1915 2568
2043 748 1984 1464 1654 771 1243
2044 1197 2463 2641 2398
2045 2002
2046 1942 2864
2047 1000 1039
2048 2913 162 304 2138
2049 225 94 1651 227
2050 913 174 980 2800 983 2660 2423 2944
2051 1296 2780
2052 1283 519 898 1244
2053 1137 2591 873 1143 917 393 436
2054 2901 690 2835 544 2251
2055 621 143
2056 2990 275 1525 2803
2057 1703 807
2058 50
2059 1874 308
2060 2780
2061 137 1757 2996
2062 1655 2505 2862 2517
2063 2175 2195
2064 1184
2065 316 814 53
2066 309 2642 2364 613 2447 1568
2067 1457 1562
2068 2724 1925 2707 2303 2078
2069 2677 1206 2572
2070 1597 2859 570
2071 2119 2215 2735 1645 380 2557 2519
2072 995 1458 907
2073 2927
2074 2838 112 772 2651
2075 2416 681 827 892
2076 755 2202 2886 125 1764
2077 2629 550 715 384 1275 2285 702
2078 2620 986
2079 1309
2080 176 2145
2081 551 2911 1051 1236 2326
2082 1905
2083 1497 993
2084 2250
2085 2228 909 588
2086 2050 2516 49 301 2730
2087 2559 2682 2264 2166
2088 642 145 83
2089 1040 209 2316 2415
2090 120 853 2925 2878
2091 566 948 1329 2858
2092 1472 2137 2786
2093 930 467
2094 1816 2073 793
2095 2678 417 887 729 2490
2096 1445 2613
2097 376 2364
2098 1826
2099 1650 2013
2100 1660 2772
2101 331 2579 1754 2778
2102 2070
2103 928 2302 1454
2104 2250
2105 2905 1744 849 1533 2025 977
2106 2657
2107 111 2947
2108 445 1870 628
2109 284
2110 1469 2849 1141 535
2111 1323 1664 2169
2112 1849 311 2271 976 1524 348
2113 1888 2904 2117
2114 1834 2356 2947 1253 600 1891
2115 1210 2294 2954
2116 106
2117 1940 1190 148 1123
2118 1141
2119 728 347
2120 2994
2121 2058 1239
2122 605 2663 1408
2123 943 2241 318 1573 1610 1322 2454
2124 364 1280 1403 2660 2237 854
2125 577 956
2126 2487 713
2127 2937 1370
2128 980
2129 721
2130 848 994
2131 1366
2132 1250 855 509 342 451 1101
2133 2432 1723 298 2121 2660 668 2151 2308
2134 1175
2135 714
2136 1274 438 370 1978
2137 657 1716 539
2138 1688 1967
2139 1214 2089 97
2140 2458 14 1946
2141 979 286 1065 233
2142 953 1315
2143 749 2102 120
2144 2115 574 2888
2145 832
2146 2972 326 2129 2754 1084 2975
2147 815
2148 270
2149 2613
2150 2512 2842 1142 2310 2052
2151 2397 154 2635 1379
2152 883 1521 2090
2153 352 933 1681 517 561 845
2154 204 379 2770 665
2155 2125 1063 1286 2018 31 701
2156 2127 296 290
2157 320 162
2158 721 1167
2159 2671 1024 2184
2160 2053
2161 1615
2162 508 1165 2661 255
2163 2459 1256
2164 2972
2165 2642
2166 2031 696
2167 152
2168 1582
2169 169 2129 2535 948
2170 649 1854
2171 2892 2485 777
2172 2991 1438 233
2173 1342 1396 2882 477 2411 2441
2174 444 847
2175 2536
2176 733
2177 980 1096 2396
2178 1935 1866 113
2179 1869 2184 1008
2180 493 507 719
2181 1566 1412 2051
2182 1649
2183 1424 575
2184 2597
2185 1353 1603 794
2186 2553 687
2187 2344 86 886
2188 565
2189 384 601 1641
2190 1131
2191 2387 742
2192 2363 2700 719
2193 2230 2836 2953 1491 1002
2194 456 2863
2195 2505 1733 1011
2196 90
2197 1795 1217 1532
2198 776 741 1230
2199 972 2194 2434
2200 178 102 2162 690
2201 670
2202 555 2840 308
2203 401 2534
2204 2013 1343
2205 1487 2699 2456 1768 2445
2206 1786
2207 1346 1887
2208 1361 451
2209 948
2210 1090
2211 1412 2739 1713 1384
2212 2680 206 2213
2213 1118
2214 2362 1524 1889 997 347 269
2215 2747 2618 634
2216 2960 91 2575 2883
2217 2049
2218 2200 1939 1791 2542 2640 1010 359
2219 663 2503
2220 292 1990 39 1028
2221 149 2235 22
2222 636 65 1719 721 2186 2529
2223 2429 2946
2224 422 1981
2225 803 2202
2226 13 2135 2199 1751 2011 1308 2701
2227 466 1873 1558 1765 2321 1247
2228 1844 2701 780 831 408
2229 2446 207
2230 2917
2231 2624
2232 2198 1213 2457 2366 1769
2233 2220 1934
2234 2815 2974 352 78
2235 942 341 2615 2448
2236 1790 2006 2911 2796 1023 1144 2509 2974 805 1599
2237 2217
2238 968 2549
2239 2962 265 952 70
2240 827
2241 1248
2242 2981 1743 1792 1914
2243 7 1319 863 2538 1845
2244 1011 1254 305
2245 2239 2361 2716 1672 1659
2246 1758
2247 2210
2248 577 1554 2826
2249 1636 1884 2004
2250 673 2188 568 2540
2251 604 2656 1276
2252 2926 2655 1098
2253 374 1212 197
2254 1187 254 1215
2255 1926
2256 1838 1663 1360 2748
2257 1171 1106 2099 676
2258 1516 147 2540 2433
2259 1338
2260 1333
2261 2521 2019 1495 2068 286
2262 2786
2263 2096 2170 1141 2803
2264 1223 646 1867 1256 2192
2265 504 2572
2266 924
2267 2998 2872 1616 1819 2098
2268 2272 2314 1428
2269 239 2755 2107 1093
2270 818 1326 2835
2271 2328 1656 360 1160 2273 673
2272 2153 2533 299 1677 462
2273 1364 1941 1407 350 2814 1916 2327 1438 2414 1698
2274 888 162
2275 2293 2237 1786
2276 2183 1776
2277 1809
2278 587 108
2279 464 1572
2280 1591 1165 972 1306
2281 1906
2282 2577 1076
2283 2630
2284 762 1686
2285 692 2537
2286 2177 1740 1773 2540 1516 1587 275 1634
2287 1411
2288 382 1057 656 1509 2098 1051
2289 632
2290 2552 639
2291 857 629 2591 2095 2414 583 1528
2292 1007 2565 2339
2293 930 1950 1186 2091
2294 217
2295 1424 2319 874 2163
2296 1241
2297 395 2371 2078 2218 722 2123 2885 882 1912 1099
2298 1233 1432 1580 765 972 2685 2053 1224
2299 1632 2128 582 2205 1068 2735
2300 1682 1446 2173 135 1847
2301 2371 798
2302 2431 211 1710 2235
2303 627 937 1269 1032
2304 2289 2391
2305 474 1354
2306 2726 1338 1507 2922 1374
2307 1376 901 2487 1995 675 1202
2308 1403 2674 915 2450 1570 1436 2090 1973
2309 1793 2297 1185 2423
2310 1212 2499 643
2311 2146 990
2312 1569 1837 1712 1097 405 2768 2654 1452
2313 160
2314 1030 836 2661 2468 24 539 1686
2315 2819
2316 1963
2317 1546 251 315
2318 2893
2319 463 1424 520
2320 839 511
2321 852 2700 1617
2322 2639
2323 1008 1985 1668
2324 1654 712 1127 2635
2325 1368
2326 1257 1852
2327 1394 2384 2178 533
2328 18 1970 1205
2329 2385 341
2330 823 2669 1858
2331 697
2332 12
2333 1855 621 1818
2334 1155 2001 1577 2460 858 2315 1059 2647
2335 1917 139
2336 1809 2380
2337 64 1877
2338 2637 2828 529 2113
2339 2408
2340 897 546
2341 73 1575 2481
2342 2517 194 1996 164
2343 1573 2906
2344 2322 2195 2130
2345 2870 2499 1025 2294 85
2346 2583 2752
2347 1714 160 851
2348 2285 1515
2349 2406 2609
2350 407 1930 1085 1119
2351 633 962
2352 2027
2353 2378 1546 2617
2354 690
2355 2362 2867
2356 2437 2628
2357 1218 2533 1502 680 2512
2358 139 40 2243
2359 236 873 1335
2360 310 1438
2361 198 1355
2362 84 512 60
2363 1789 1806 585 1984 2467
2364 2960 120 1179
2365 1816 219 2247
2366 1105 2379 1918
2367 2493 83 1243 2871 557 1441
2368 543 1910 1611 46 1192 2603 125 2146
2369 2527 1082
2370 803 2160 798 1400 659 1885
2371 2132
2372 857 2781 1739 1663
2373 1166 1855
2374 2452
2375 429
2376 549 1043 253 1588
2377 2973 581 1765 1245
2378 2610 2168 1933 1395
2379 2186 915 1047
2380 2509 2015 990 2389
2381 2920 1980 959
2382 935 129 2380 1037 8
2383 2554 1522 2881 61 1329 2786
2384 1852
2385 389 1762 2741 2048
2386 2927 622 1199
2387 985 1519 389 596 599
2388 80 308 514 727 1320
2389 2030 2032
2390 1277 1235
2391 1730 157
2392 430 908 528 1209 2883
2393 1366 1639
2394 1422 506 2775
2395 2590 806 664 2843
2396 2666
2397 2754 1977 1439 1085
2398 2740
2399 2302 613 972 1791 1629 1087
2400 702
2401 1041 848 126
2402 1686
2403 2587
2404 781 170 2295 1990
2405 1403 561 159
2406 752
2407 2672
2408 1734 841 1173 372 1105 1491
2409 1911
2410 2465 2318 487
2411 785 2637
2412 1620 1213 2738 1470 489
2413 1921 2157 1100
2414 542 1290 150
2415 238 2808 1691 1664
2416 2563 2896 2958 2530 34 2686
2417 576
2418 2727
2419 2698
2420 2807 2205 1129 926 2430 639 608 1264
2421 2774
2422 1236 418 742 495 528 2378
2423 207 2126
2424 2696
2425 1695 2982 2678
2426 2883 2369 1825
2427 348 197 1529 452 459
2428 2437 2461
2429 2342 1156
2430 2620
2431 2479 797
2432 2451 1804 418 1833
2433 2521 277 1827 1525 400
2434 388 2777 768
2435 481 627
2436 2279 2346
2437 1667 2379 1039 2286 900 492
2438 212
2439 2675 2865
2440 2900 35 1896 2582
2441 43 1627 263 1781 1697
2442 1623
2443 443 1910
2444 945 1842 358 2924
2445 873 1493 1417
2446 2903 2256 1916
2447 387 2244 1390
2448 1983 1956 2401 1514 1534
2449 2631 1345
2450 2561 861 1598 47
2451 1221 971 488 403 2597
2452 2031 311
2453 25
2454 2775
2455 2816 910 1839 1872 2547 806
2456 2163 2240
2457 2186
2458 77 2398
2459 1681
2460 2650 2971 2910 186 965 340 2987 2301
2461 1465 258 718 2008
2462 299 1715
2463 2877 891 2135 2440
2464 2386 942 1426 1450 865
2465 699 1042 2090 2247 307 1945 2964 2196 122 1216
2466 1127 1049 1740 1806 1013
2467 2522 1622 1721
2468 202 1434 256 2143 899
2469 1155 2521 446 1008 1678
2470 1148
2471 2680 2092 2077 2154 1165 1130 23 96 789 2384
2472 6 1590 501 2312 95 1402 2980 2071
2473 750 259 110
2474 20 451
2475 1052
2476 276
2477 2983 2857
2478 2961 1575 2372
2479 231 1357 1427
2480 2812 2666 2127 361 252
2481 1327 523 1614 419 2552 498 2690
2482 2537
2483 491
2484 2080 1051 1934 1983 498 1280 886
2485 443 2334
2486 2720 482 830 2811
2487 2439 2700
2488 2155 2771 641 1998
2489 2979 1238
2490 495
2491 215
2492 2713 2002 2473 1200 2850
2493 69 21
2494 1104
2495 1832 577
2496 1055 1937 1778
2497 1787 1759 914 2553
2498 1339 713
2499 155 1718 1638 383 2574 1761
2500 2725 1053 331
2501 2418 2425
2502 457 2351 385
2503 103 1512 870
2504 2346
2505 456 691 1656 1707
2506 1095 940
2507 2756 1316 2069 627 2864
2508 2873 1508 1760
2509 2524 534 519 133
2510 2320 973 1330
2511 1470 2995 2157 1903
2512 2039 299 2338 1064 946 1556 1790
2513 422 49 506 1741 654 1796 807
2514 2689
2515 2261 1060 2192 2395 761 323 1467
2516 2327 2112 2589 2449
2517 14 2162
2518 2064 301 1236
2519 431
2520 2278 1616
2521 2094
2522 802
2523 2311
2524 1189 522 357 1872 1383 1195
2525 1285
2526 1123 2388 177
2527 2093 2083 2150 615 1645
2528 671 16 1089 704 2402 1068 1243
2529 2606 2053 440 705 2440
2530 2036 2100
2531 2596 2269
2532 2528 2382
2533 1236 1480 1675
2534 650 1943 1902
2535 319
2536 1205 2474
2537 217 2922 1259
2538 541 1437 282
2539 2955 1307 2885
2540 2174
2541 598
2542 203 1335 2805
2543 316
2544 1027 1205 661 787
2545 2526 2810 1792
2546 2140 781 2739 244
2547 1080 762 2880
2548 1884
2549 885 1126 2311 1621
2550 2731 1854
2551 2906
2552 1129 1794
2553 2861 1536 701 1472 1178
2554 1840
2555 2997 100 1597 2937 1229
2556 2902 2517 2126 1843 2161
2557 1678 647 96
2558 1172
2559 2551 1738 1265 373
2560 112 1597 1962
2561 257 2299
2562 1713 2734
2563 1213
2564 594 11 2429 1746
2565 486
2566 2178 2050 340
2567 926 525 2650 1006 620 1642 751
2568 746 2363 2130
2569 1958 1423 889
2570 333
2571 2518 1719 665
2572 955
2573 1949
2574 1830
2575 1091 1488 2647
2576 756 2191
2577 1249 1716 673 668 206 1145 472 2098
2578 769 2608 457
2579 1565 73 1214
2580 588 201
2581 1245 1896 2555 100
2582 980 2892
2583 1607 2521 1410 2328 2619
2584 875
2585 531
2586 2727 2619
2587 715 2844
2588 795
2589 2141 2255 2046
2590 1031 428 96
2591 1829
2592 2541 2075
2593 542 1939 1991 2269 507
2594 2967 1293 2979
2595 943 2306
2596 138
2597 1264
2598 2316 1027
2599 628 121 2570 1633
2600 289 1447 474 1860
2601 1964
2602 1701 1513
2603 1362 2919
2604 1199 1932 2761
2605 1667 624 1131 1645 1835 338
2606 2349 1468 1022 168 622
2607 116 1917 710
2608 1769
2609 1071 2384 954
2610 2977 1954 959 517
2611 1361 2369 864
2612 61 1400 1303 526 2020 2290
2613 1905 287 901 1067 597
2614 59
2615 2462 1336 1627 2851
2616 684 1372
2617 2989 1459 2826 2007
2618 398 1164 1879
2619 1478 2270 352
2620 1763 1650 203
2621 234 2118 1077 2394
2622 1010 2304 940
2623 186 469 1973 2034 2665
2624 2759 409 2927 1727 1561 110
2625 896 1588 2822 1617 484
2626 506 1123 2104 476 2427
2627 1136 390 1814 403 1365 1700
2628 1570 488 1378
2629 968 1653 1816 1018 2133 1193
2630 760 412 1946 2003
2631 919 1385 1723 291
2632 835 1631
2633 1251 302
2634 2853 1108
2635 725
2636 2947
2637 1843 562 1092 350
2638 1311 624 2602
2639 629 2082 1783
2640 2756
2641 2612
2642 1836 2788 2023 2359 2575
2643 2668 2009
2644 959 1991 351 1258 1240 710 1121
2645 2876 308
2646 551 2238
2647 2251 605 1038
2648 111 1079
2649 1396 2159 1567 1114
2650 1899 383
2651 429 1539
2652 1506 2848 1150
2653 337
2654 9 1586 2909
2655 862
2656 1862
2657 989 70 2793 2783
2658 1426 195
2659 1081 1940
2660 1026
2661 1041
2662 1612 320 2804 218
2663 1272
2664 2230 2908 403 1499 172
2665 76 2827
2666 390 2704 434
2667 2539
2668 497 1389 1494 1196 1007 1419
2669 433 1185 1001 1638
2670 1326 2654
2671 1702
2672 1241 2456 1367 2556
2673 2297 890
2674 2477 938 1715
2675 1923 1550 1226
2676 1556 1901
2677 954 2435 2751
2678 1698 2945
2679 1598
2680 2417 791 2547
2681 2058 364
2682 2512 606
2683 2027
2684 2859
2685 632 2102
2686 2599 748
2687 1980 792
2688 569 1910 2144
2689 2830
2690 1170 905
2691 226 356
2692 838 940 1353 763 392
2693 1456 293 2894
2694 1871
2695 501 2466
2696 566 276 2935 1095
2697 2882 218
2698 486 12
2699 596 2622
2700 991 2067 970 101
2701 163 2479 929 987 2577 645 1215 421
2702 1252 1006
2703 1334 2565 1683 1771
2704 1565 1047 696
2705 1683
2706 2246 2100 255 13
2707 881 2856 2223
2708 1295 602 2343
2709 234 1032
2710 2819 1563 2979
2711 2789 2059
2712 276 97 2744 2309 1405 513
2713 2649 1581
2714 1791 2082 2127
2715 2747 2542
2716 273 1202
2717 2866 2352
2718 439
2719 1834 280 2426 184 1494
2720 1872 2167 1512 2392 1865
2721 1934
2722 2554
2723 873
2724 696 1958 144 167
2725 2609
2726 2222 249 2699 500
2727 2291 1296 2573
2728 2287 1494 1640
2729 1188 435
2730 1516 1685
2731 2276
2732 444 112 369 1851 732
2733 646 1908 764 871 1505
2734 263
2735 147 1111
2736 2079 2091
2737 592 2891 1766 2152
2738 66 2367 2818 741
2739 2793
2740 861 1780 1331 264
2741 2994 219 331
2742 2698 2412 2589
2743 2906
2744 604 1575 484 2
2745 1499 2276 2144 109 1131 2350 2143 1238 921
2746 2962
2747 1016 1352 2200 789 1832
2748 2436
2749 2939 496 2616 554 1063
2750 1244 1207 1844 645
2751 557 2207 7 2955 2750 2282 1949 614
2752 2405
2753 2646 1253 568 2952
2754 2871 956
2755 2126 2180 2295
2756 678 1488 2850 1138
2757 2169 1302
2758 608 1405
2759 2225 2235
2760 2901 1927 1282
2761 1146 2905 2919
2762 2254 1287
2763 837 2669 1193 2576
2764 2349 2637 1263 1897 2981
2765 2062
2766 1888 2531
2767 2385 1185 991 1696 2074
2768 2493 524 1632 2746 661 2413
2769 2610
2770 1643 2799 811 2847
2771 562 2780
2772 2101 2594 2938 361 1726 1463 2217 1512 2875 2949
2773 2119 27 2538 885 2241
2774 850 739 2706 1582
2775 1841
2776 2692 127 475 526 1288
2777 1534 57 465
2778 676 1384
2779 1589 1083 2761 769
2780 1194 1104
2781 2204
2782 1291 1254
2783 354 2544 920
2784 183 95 2867 2358 1014
2785 329 371
2786 2695 960
2787 535 1388
2788 1988 1863
2789 1526 548 1989 2111
2790 1210 1707 1297 199
2791 377 151
2792 2263 2178 2450 1943 2360 1994
2793 180 2571 2792
2794 113 570 86 2104 956 219
2795 1434 2548 200
2796 2889
2797 146
2798 825 765
2799 927
2800 269 2337 210 2012 766 709
2801 285 2943
2802 963 860 1112
2803 2317 2670
2804 216 1900
2805 2982 2779
2806 2094 2066
2807 2370 2720 695 2188 933 1583
2808 2801 2280
2809 1748 279 1543 1017 2564 296
2810 2502 790 1275 2146
2811 1982 1578 1377
2812 2361 935
2813 2213
2814 1606 354
2815 1489 262 2672 1894
2816 2498 1070 687 2818
2817 2001 133
2818 19
2819 2271
2820 1038 1954 355 811
2821 1060
2822 1190 1024 594
2823 1812
2824 763 4 2191 609
2825 2124 353 35
2826 2537
2827 1528
2828 2764 1928 660 2731 881 453 149 522
2829 890
2830 1360 178
2831 138 2348 55 2821 1776 2715 2487 2350
2832 2943 2759 851 862 1349 1989
2833 1348 1034 1068 2548
2834 181 2729 1160
2835 2658 45
2836 2973 655 1558 294
2837 1203 1137 2261
2838 2182 461 180
2839 1177 1943 1815 1679 892
2840 1275 448
2841 2560
2842 1799 230 1797 232
2843 1266 736 2300
2844 1517 471 719
2845 1369 656 2231
2846 1682 1272 1962 585
2847 51 1572
2848 453 809 1530
2849 695
2850 167 2447 825 2321 1239
2851 2420 2393 1912
2852 2625
2853 640 1482
2854 2253
2855 679 822 736 2208 1743
2856 18
2857 1960
2858 1272 2380
2859 1579 2071
2860 372 2879 899 1473 2809 1360
2861 2913
2862 857 1225 124
2863 1463 1762 2723 790 2430 2153
2864 2128 1643
2865 1066 1167 1089 2169
2866 45 1360
2867 2201
2868 2513 2335 571 2965 2141
2869 2687 727
2870 1976 1667 1554 437 1172 471 917 1805
2871 1225
2872 2937 1244 2214 2505 1155 1204
2873 1250
2874 553 2348
2875 2264 2507 807 2224 1254 1898
2876 2112 2404 2559
2877 2635 470
2878 796 2405 1515 1019
2879 2859 1517 2077 1913 525
2880 281 800 347
2881 2918
2882 1269 900
2883 1785
2884 589
2885 1867 2281 1301
2886 1377
2887 949 1283 2329
2888 465 2333 1649 2640
2889 190
2890 1661 33 864 2078
2891 50 2572 1593 2014
2892 299
2893 2948 2710 2463
2894 2605
2895 1775 538 1972
2896 1196
2897 176 2814 291 235 213
2898 1072 2018 1594
2899 1965 1274 1237 2793 1996 1446
2900 1879 2793
2901 2742 816 2570 2965 663 2103 756
2902 2901 2992 1333 1977 1945
2903 832 336
2904 1266 1920 260 1661
2905 697 2004
2906 160 1756
2907 2514
2908 1562 2513
2909 1922
2910 524
2911 1006 361 157 2822 1791
2912 705 1980
2913 466 841
2914 434
2915 958 175 2813 157 2902
2916 234 38 1940 1689
2917 424 2063 2419 2662 68 1536 892 1645 1201
2918 1455 612 665 2439
2919 1838
2920 1186
2921 6 1766 2249
2922 2956 16 2257 1251 1414 2130 313 145 2831
2923 593
2924 250 521 39
2925 408
2926 1587 2549
2927 700 338
2928 636 1309
2929 1550 978 2990
2930 2696 406
2931 1323
2932 997 2595 2845 2215 2039 656 2329
2933 2028 932 2204 1814
2934 2332
2935 1900 2310 966
2936 880 775 770
2937 2694 2288
2938 37 1839 2232
2939 2474
2940 569 2025
2941 142 1645
2942 1238 2350 1957
2943 1759 949 2896
2944 191 319
2945 146 1278 2622 650
2946 2239 1098 1300 760 2726 20
2947 1564 2520 1644 1559 1699 813
2948 2464 49
2949 738 1725 2470 473
2950 1156 1726
2951 396 2549 1824 1624
2952 622 58 2985 1469 2412 1441 453
2953 527 1211 2533 720 2171
2954 2848
2955 1294 1593 1208 1100 1140
2956 1076 517 1707
2957 1907 1018 2496 2835
2958 2285 1777 618
2959 1657 158 683 2944
2960 2536 2373 394 1187 2384 960
2961 682
2962 2999 1345 2237
2963 1170 2772 2844
2964 888 1486 351 236
2965 926 2265 2234 1423 734
2966 1149 441 2372
2967 2310
2968 1369 2147 2835 2585 2315 2365
2969 1587
2970 2139
2971 792
2972 2295 2474 1208 410 867
2973 238 681
2974 1851 2117 453
2975 784 1118 2972 1255 1037
2976 1620
2977 376 1155
2978 2284
2979 2330 521 254 860 1539 2120 610
2980 700 2823 2296 2873
2981 449 505 1402
2982 2840 596
2983 156
2984 1095 1560 671 2375 2399 236
2985 973 1405 1622
2986 2633 584 2354
2987 2488 740 529 267 2807
2988 382 82 1593 2693 1021
2989 843
2990 1483 2731 1707
2991 886
2992 684 2400 1708 2262 2673
2993 2667 2617
2994 989 906
2995 1147 2497 2887 205 1850
2996 2377 2593 330
2997 209 1062 1999 2737 2741
2998 386 1202 1764 788 617 2953
2999 1462 521 1019 2482 1986
3000 1518
3001 811 586 1394 2568
3002 145
3003 1942
3004 420 1992
3005 1963 2650 2654
3006 2953 746 2830
3007 1637 779 2789
3008 1833
3009 2446
3010 2432 1028
3011 1505 2848 1723 530 532 483 611
3012 2845 1026
3013 918 1878 540
3014 979 1271 2357
3015 804 2983
3016 1576 1022 2206 2811
3017 2057 1769
3018 1201 445
3019 1300 2969
3020 626 403 62 2927
3021 1085
3022 329 2029
3023 437 2394 2489 1532 1315
3024 2560 1728 1668
3025 1531 1767
3026 822
3027 2669
3028 319 109
3029 797
3030 272 1951 1589
3031 267 1276 146
3032 336 1484
3033 2188 1017
3034 2965
3035 2526 1848 92
3036 1292 1658 1410 2140
3037 2093 48 2383 485 2445
3038 2334 2510 1149 1619 1425 2214 2771
3039 1402 1507
3040 2540 3 2318
3041 190 360
3042 1336 2720 499
3043 2252 563 1870
3044 356 1044 1926 480 625 2986 2529
3045 541 2789 962 738
3046 1853
3047 316 405
3048 2173 717 1446 2485 2311 2638
3049 900 2535 2451 1987
3050 2893 1877 2455 440 98
3051 2657
3052 120 1163 2353
3053 2634 631
3054 2601
3055 821 179 2132
3056 1608 450 427 2585 1800
3057 2854 848 2598
3058 742 29
3059 2066 1176 155 1752 2415 51 1863
3060 2724 1974 700 1954 452
3061 2455 82 288 1157
3062 2643
3063 289 2663 2056 1000 2890 2736
3064 1703
3065 1672 535
3066 1096
3067 1998 531 1785 1760
3068 898
3069 85 977
3070 1874 488 1052 730
3071 1549 2910
3072 2476 1240 2362 2963 2961
3073 1306
3074 2108 1277 2790 77
3075 1399 734 1629 952 56
3076 2032 1733 572 1318
3077 1283 2271 431
3078 2393 1304 2509 89 2641 1312
3079 1212 2161 253 878
3080 654 779 536 2 1755
3081 892 2490
3082 1799 2670
3083 2618
3084 981
3085 2229 2928
3086 461 253
3087 1974 1406 1069 1192
3088 1299 2714 2355 641 2344
3089 2760 1242
3090 119 2912 1158
3091 504 1634 1162 398 2501
3092 2975 1381
3093 1734 278 281
3094 1492 2891 619 2428
3095 2791 1134 104 1574
3096 1686
3097 2836
3098 438 1863 432 2340
3099 2435 2901 1347 2124 1173
3100 2109 2871 807 1530 2732 1601 2052 813
3101 2859 2637 2292 2313
3102 1344 745 1979 2763
3103 1848 1473 2750 1002 1703
3104 573 2683 2 1313
3105 2907 57
3106 2608
3107 1762 1491 312
3108 525 442 941
3109 1219 476 1947 1003
3110 735 2796
3111 383
3112 1728 761 2242 1462
3113 2326 447
3114 2403 686
3115 292 687 1537
3116 1903 2733 1065
3117 1524 1154
3118 2455 1636 1635
3119 974 2542 2403 2320 2866 2068
3120 2003 1174 1818
3121 1894 1918 878 1066
3122 1460 221 960 1104 174 1209
3123 321 2763 2697 554 22
3124 2698 1704 941 959 2629
3125 612 203
3126 468
3127 808
3128 1524
3129 334 1291
3130 1050 939 2566
3131 2497 804 931
3132 637 1575 2878 2940 1797 2586
3133 1310 2811 2340 1438
3134 799 1102
3135 2169 1742
3136 46 225
3137 1842 544 333
3138 2894 1385 1896 1461
3139 1754 2994 186 430
3140 875 2720 2205 2081 293
3141 1892 414 165 2580 2254 975 2013 188
3142 2755 1891 1278 486 781
3143 265 922 2729
3144 1453 274 707 568 1044 1937 1827 169
3145 2095 1912 1549 2954
3146 2832 2410 2378 1349 2516 1701
3147 1467 2800 844 1583
3148 701 1910
3149 1209
3150 414 532
3151 201 1080
3152 1469 1867 645
3153 2703 517
3154 892 1563 58
3155 2044 963
3156 2767 1159
3157 171 828 758
3158 2645 111 2170
3159 2569 2808 349
3160 2556 1452 2337 1247
3161 1782
3162 215 801 2746
3163 1961 2000
3164 676 1972 821
3165 2346 395 1929
3166 2887 2038 2721
3167 668
3168 1993
3169 2837 1420 1640
3170 1331 386
3171 2466 2222
3172 908
3173 2150 744 473 1443 2296
3174 1742 1000 2822 2239 295 986
3175 1349 994 1737
3176 778 1487 2148 738
3177 1597 1546 2345 2766
3178 2134 1589 62 656 1693
3179 1925
3180 2769 1614 245 1265
3181 615 3 813
3182 1373
3183 1807 1871
3184 1016 1282 2298 2193 1515
3185 2324
3186 7 707 1864 1340 1866 2015
3187 2253 974
3188 780 1666 610
3189 161
3190 565 2727
3191 1519 463 1911 2328 1825
3192 2238
3193 724 21 1539 1775 2563 1832
3194 1581 1061
3195 2693 2396 159 919 2510 1580
3196 625 1886
3197 2201 1357
3198 984 112
3199 1001 2765 2085 2202 1673 630 1650 1823 449 332
3200 2924 1680
3201 1844 1783 1588 2722 169 2086 2264 2388 1238 1163
3202 2440 312
3203 1073 2643 626 2788
3204 1655
3205 472
3206 819
3207 159 2730 1092 2504
3208 2496 834 889 2818 686 2872
3209 2938 719
3210 541 1959 217
3211 2168 759 338 2487 246
3212 2103
3213 1100 2325 1625 2951
3214 1422 42 498 2193 32
3215 1932 1182 1854
3216 1174
3217 1430 2754
3218 1256
3219 514
3220 1324 2255 250 1067
3221 133 2921
3222 2673 2854
3223 408 1545 196
3224 1362 792 378 2331
3225 628
3226 1815 1764
3227 2564 1535 2881 2239
3228 1527 353
3229 2283
3230 410
3231 494 2308 2823 2332 705
3232 581 1615 2985 2770 1431 1964
3233 1954 1173 1751 177 665
3234 550 1898
3235 688
3236 388 2363 895 81
3237 1902 1753
3238 1846 1821 465 2609
3239 1341 992 298
3240 410
3241 2223 2149 22 163 2705 1710
3242 1774 351 1178 1241
3243 348 2220 1569 2758
3244 270 2209 19
3245 2983 1715
3246 1478 2453
3247 1032
3248 282
3249 1407 2289 1833
3250 2418 367 2398 2240 1600 1445 939 1623
3251 1264 1072 1429 2998 1810
3252 1717 345
3253 2876 2655 2244 1312
3254 1168 1202 774
3255 1090 933 1730
3256 1112 2911 2147
3257 1645
3258 2628 2736 2452 172 966
3259 2441 1904
3260 415
3261 301 1836 1626 264 178
3262 2524
3263 1228
3264 1872 510
3265 1352 1831 379 2446 750 2087
3266 2601 2778
3267 462 2185 2293
3268 1696 651
3269 1373 1586 373 2024
3270 2821 24 2443 426 172
3271 144 735 26
3272 964 1929 1356
3273 1351 2746 2580
3274 1906 489 1887 1168
3275 118 1909 1764 1461
3276 1699 391
3277 1626 2010 592
3278 936 2298
3279 2797 682
3280 84
3281 2846 1133 549 799 2750
3282 1468 163 1544
3283 2920 1802 984
3284 2880 1683 1404 1126 2603
3285 2060 1158 2314
3286 1368 1916 2212
3287 364 436 1709 1599 1346 534
3288 2526 2442
3289 478 1777 704
3290 2626
3291 658 818
3292 747 2726
3293 1447
3294 1700 806 2988 291 556 372
3295 1985 1419 150 232 997
3296 2584 1779 1967 307 2904 2453
3297 2663 2248
3298 10
3299 136 1766 1252
3300 705 546 2111 1269 1328
3301 2790 1267 112 2993
3302 1023 2800
3303 365
3304 1668 83
3305 737 693 2777 2793 2138
3306 2217 333
3307 552
3308 188
3309 844 1517 573
3310 2962 580 1075
3311 1282 2159 417
3312 483 2612 1438
3313 1357 893 422 974
3314 134 2234
3315 297
3316 425 1814 2530 925
3317 676 1064 1865 1609 697 2232
3318 1757
3319 310
3320 2143 1244
3321 908 2481 1901 2006 2593
3322 2104 2578 2160 589
3323 1027 2039
3324 1047 358 552
3325 1675 274 257
3326 479
3327 2342
3328 2512 2826 2259 2315
3329 2847 2262 857 2507
3330 1858 1355 2435 2075 2741
3331 393 1313 1666 1892
3332 2596 270 958 2970 1882
3333 808
3334 2989 2550 2604 184
3335 2375 1477 2441 2191 2901 2106 2567 2150 2636
3336 1724 101 2880
3337 708
3338 558 1631 2225
3339 1869 988 1727 22 1627
3340 2228 1819
3341 2127 2364
3342 2033 950 2253
3343 111
3344 335
3345 2175 2917 1108 1257
3346 284 2920 286 388
3347 1442
3348 2711
3349 1526 1198
3350 1663
3351 1012 2165 1684 2742 1210 2949
3352 1753 1202 492
3353 2247 446 1358 609 1154 580
3354 320 709
3355 1487
3356 1966 1376 1761
3357 2791 904 1995 2745 550
3358 593 728 2307 2382
3359 2868 899 944 1406 2894
3360 2828 2730 2940 2869 1540
3361 2145
3362 2309
3363 1600
3364 2316
3365 167 2608 400 2420
3366 2080 992 457 2185
3367 1208 2495 2887
3368 1173 2230 1100
3369 776 1650 1133
3370 457 797 1104 1604 2881
3371 1470 1114
3372 1739
3373 2056 1004 995 1490
3374 1156
3375 894
3376 1179 2104 173
3377 2211
3378 1120 1936 1991
3379 119 1925 349
3380 1993 1183 1268 545
3381 2056 2500 835
3382 1636 574 1308 1090
3383 2857 2332
3384 651 2316
3385 1724
3386 1734 871 2743
3387 2852
3388 1721 872
3389 68 2909 2353 227 436
3390 1330 261 960 903
3391 1524 587 1529 1543
3392 613 2116 2664
3393 537 2901 1030
3394 1255 1871 1763 2113 2479
3395 735 978
3396 1780
3397 133
3398 1947 313 1893
3399 1736 2715 560 2637
3400 2051 456 2449
3401 1922 1537 2370 1510
3402 1644 1100 1277 2051
3403 2396 2836 2377 2354 1096
3404 2094
3405 1305 2923 1800
3406 2290 1771 1767
3407 2317 987 368
3408 471
3409 2969 2978 8 1099 2153 1600
3410 580 863 734 1281 901
3411 621 474 441
3412 451 930
3413 1620 1705
3414 1500 2900 921 1389
3415 2068 1212 2979 1983 1578
3416 1849
3417 2289
3418 833 2240 815
3419 1169 591 2537
3420 297 193 600 267
3421 211 2943
3422 1130 1774 582
3423 2369 557 1087
3424 2659 633 2669 2476
3425 1197
3426 1880 1835
3427 1668 306
3428 957
3429 2792 827
3430 454
3431 2177 2167
3432 2110 2523 1675 2267 2773
3433 1058 847 651 2367 54
3434 2173 33
3435 1459 1015
3436 1911 2423 246 1488
3437 1265 2518 95 2403 1512 804 2834 1211
3438 1547 524 1618 386
3439 2359 65 197
3440 627 2734
3441 1386 2334 536
3442 1164 334 891 2841 1182 2379 1527
3443 2795 1723
3444 1958
3445 2830 1064 2167 2283
3446 819 280 1854
3447 2104 2081 234
3448 815 1770 1068
3449 343 1637 2761 2408 1244 1661
3450 1609 2257 458 2193
3451 1354 1444
3452 1020 2491 363 945
3453 2086 90 1674 2324
3454 2630 1679 2646 2744 2100
3455 1048 1613
3456 1970
3457 852 1516 2120
3458 2236 1084 2341 879 1877 463 2376 1694
3459 662 1343 394 1171
3460 1185
3461 688 2249 1781 221
3462 375 2983
3463 1528 850 1279 2206
3464 2367
3465 428 1888 2224
3466 1086 366 2442 880 2473 578 1634 2705 1908
3467 1584 2114
3468 2350
3469 2522
3470 50 2697 1784
3471 2019
3472 2013 1442 2349 491
3473 730
3474 2976
3475 263 1384 1315 39
3476 1771
3477 535
3478 1246 2194
3479 2490 1324
3480 2786 2990 370 865
3481 1731
3482 2794 672 504 2298 2514
3483 2444
3484 19 2286 130 1249 2011
3485 1522 2255 342 2110
3486 2640 2997
3487 2037 427
3488 1813 1093 1953
3489 2627 2575 2040 1348 1451 737 1868 1746
3490 2444
3491 2989 1567 1504
3492 804 872 664 1428
3493 292 693 1653
3494 2125
3495 482 2865 1395 995 346 1635 1198 2210 1918 1828
3496 2145 2005 2095 1375
3497 1419 1453
3498 1812 2739 2234 312 2389
3499 95 2271 1215 401 2851 1729 784 1390 831 1720
3500 2156 820 980
3501 1452 1111
3502 1373
3503 88 967
3504 95 737
3505 63
3506 209 1674 1157
3507 2532 1602
3508 1719
3509 435
3510 2338 2772
3511 729 2406 2271 1998 2116 279
3512 1497 1529 635 1815
3513 2050
3514 1737
3515 214 2158 2497 2794 2215 579
3516 825 1924
3517 862 1878 1798 2707 307 2448
3518 2688 431
3519 2898 541 2728 2174 1379
3520 1828 1321
3521 2702 1294 1806 1881
3522 1895 1075
3523 769 1646
3524 2614 1085 52 1248
3525 2426
3526 603 429 2211
3527 1630
3528 2571 1962 2150 1297
3529 252 1628
3530 1256 2421 1690
3531 2095 647 1615 2832 2265
3532 247
3533 2976
3534 1995 2405
3535 2068 1739
3536 1669 2393
3537 1506 1590 396 1071
3538 2225 87 1899
3539 2884 66 2874 2646 1857
3540 64
3541 1054
3542 2739 1406
3543 740 1437
3544 322 2688 722 1431
3545 2875 1138 842 339 1450
3546 699
3547 817 2054 2685 132 606 837
3548 1807 410
3549 1596 681
3550 2193 391
3551 170
3552 1719 2684 1612
3553 1202 2669 601 1772 1531
3554 1784 671
3555 2641 2572
3556 2831 437
3557 1581 1107 2024 1637
3558 545 1186
3559 2822 1704 223
3560 1667 2460
3561 1374
3562 320 1806 466 467
3563 455
3564 481
3565 245 452 1171 2375 1160 2984 1289 2223 1502
3566 2653 1423 1678
3567 399
3568 2877 2666 905 1077
3569 416 1971 1542
3570 1364 1070 436 1832 2432 916 2131
3571 559 2757 257 1961
3572 284 1379
3573 2932 1237 448 1537
3574 1068
3575 1974 994 2264 1885
3576 283 2959
3577 2583
3578 660 2586 2963
3579 1822
3580 135 1532 346 129
3581 2828
3582 1472
3583 1109 323 1721 85
3584 1577
3585 1660 1772 2952 278 2833 2388 168
3586 2638 0
3587 711 153 472 1815
3588 905 59 734 2105
3589 680 2096
3590 2977 1914 2929
3591 2613 1743
3592 2898 2660
3593 1129 1016
3594 836
3595 2594
3596 1082 2244 685 623 2356 2656
3597 1447 2777 1303 931 2672 1675
3598 1122 1702
3599 1552
3600 1419 2250
3601 824 392 1453 2373 2325 1428 984
3602 1944
3603 2140
3604 501 1038 2858 1571
3605 422 1499 1226 648 2454 2946 2899 516
3606 2061 1135 1063 1982 1711
3607 870 2493 680
3608 2706 2531 2681 2974 77 241
3609 102 302 2190 2207
3610 1959 706 446 608 692
3611 2797 1864 1436 532
3612 2749 1243 1430 764 924 2647 1804
3613 2962 133
3614 1066 773 733 330
3615 2761 861 2910
3616 329 2921 425 1489 1998 1164
3617 1206 941 2288 2238
3618 2034 514 2507 2115 2666
3619 1616 2607 2863 1301 1463 1961 338
3620 32 486 646 1269 1758
3621 1036 2719 1637 228 1458
3622 2531 1609 1571 825
3623 2875
3624 1725 86
3625 2450
3626 1250 1070 839 977
3627 1115
3628 2627 327 1334 315
3629 49 2879 2588 1471 913
3630 275 2376 749
3631 585
3632 1050 1483 1676
3633 761 340
3634 1846 2501 2887
3635 965 1497 2854 934 614
3636 2973 2591 2546 108
3637 1802 194 166 481 1279 1948
3638 426 2342 1458
3639 127 2131 1695 551 667 2933 2081
3640 2526 2801 207 2003
3641 1558 1720 1004 1183 1521
3642 2916
3643 2404 2083
3644 598 868 662
3645 2691 1552 2080 234
3646 833 929
3647 2452
3648 836 465 559 1988 7
3649 228 29 2538
3650 1677 2772 1883
3651 96 2601
3652 2542 71 2156
3653 846 2056 1183
3654 707 1059 1660 2787 2338
3655 2177 481 2581 285 1600
3656 761 67 2596 2642
3657 2773 2491 1635
3658 2190 1695
3659 2942
3660 1220 126 311 758
3661 191 953
3662 683 1865 1893
3663 1726 1958 1396
3664 893
3665 2707 614
3666 1609
3667 2063 1823
3668 641 128 238 2222 1590 208
3669 2242 2059 619
3670 687
3671 6 316 1369 2795 2101 2805
3672 1664 79 992 2400
3673 1599 1093
3674 1547 547
3675 1094 512
3676 2995
3677 2630 2933 240 1603
3678 1794 2119 2054 1549
3679 2670 867 859
3680 148
3681 2751 2209 252 2844
3682 1305 2029
3683 715 2547 2530
3684 211 2115
3685 2682
3686 2048 552 2360 1975
3687 2001 281 2162 2159 2026 1930 2762
3688 290 1059 2998 1246
3689 313 654
3690 2275
3691 164
3692 1939 1079 992 36 2627
3693 220 327
3694 2756 2492 886
3695 2817 2570
3696 2496 2323 1984 2344
3697 83 1145 1244
3698 977
3699 262
3700 940 2347 2194
3701 879 489 164 2492
3702 2935 1129 2686 567
3703 2301 553
3704 489 958
3705 813 1361 1302
3706 2709 2491 1090 75 272
3707 2052 2638 970
3708 2140
3709 1518 2341 1989 2427 2027 249 123 150 302 1060
3710 473 197 523 1671
3711 2740 1460 1245 745 932 889
3712 977 2224
3713 902 754 687 751 2262
3714 2057
3715 2656
3716 2883 226 2773 1033 1181 2051 496
3717 154 1721 1435
3718 1325
3719 379 1632 2642 2194
3720 2696 2499 1202
3721 1295
3722 824 2298 125 1165 1209
3723 161
3724 482
3725 1003 1401 325 1288
3726 1648 1013 845 545 2041
3727 1408 54 1304 2203 2025
3728 2473 1829 2035 1312 2683
3729 1148 1580
3730 137 2469 1502 1793
3731 476 42 334
3732 2510 1236
3733 2391 2290 934 679 1500
3734 2489 2015 1432 743
3735 1973
3736 1225
3737 816 1285
3738 2677 2707
3739 179
3740 1163 461 953 2120 2994
3741 1073 2365
3742 1683
3743 2566 2555
3744 2175
3745 2576 1855 2380 1046 1008
3746 217 1047
3747 1562 830 1240 673 806
3748 1383 1387 505 2976
3749 1942
3750 2699 2729
3751 2070 1113 1724
3752 1199 650
3753 1946 310
3754 2905 328 2918 72 639 1704
3755 713 823 1372 2881
3756 1557 1432 1845 205
3757 2790 1113 1841 1167
3758 2934 2641
3759 894 2616
3760 2438 2798 2476 672
3761 1117 61 1029 2787 2559 1847
3762 1678
3763 2396
3764 2005 2718 2560 838 635 2535
3765 1938 2055
3766 1164 650 2934 39 2608
3767 1232 728 1603 2674 1772 346
3768 462 1417
3769 1497
3770 471 2411 188 883 2031
3771 1801 2900 1517
3772 1661 2668 1456 2279 864
3773 2272 1454
3774 2921 1042
3775 2112 1282 1344
3776 597 2442 1481
3777 2181
3778 2779
3779 822 966 236 2519
3780 2912
3781 1811 314 19
3782 869
3783 1870
3784 2930 1709 1682 2730
3785 1535 2864
3786 103
3787 103 752
3788 662 1133 2824 1568 265 2759
3789 2816
3790 2789 303 1687
3791 876 2727
3792 2520
3793 2518 2259 1403
3794 503 2829
3795 1991 987 1741 245
3796 93 1154
3797 1246 2414 458 1930
3798 477 1672
3799 2974 1198 1427
3800 2714 309
3801 2919 697 2107 2135 1924
3802 9 2771 78 380 367
3803 1438
3804 204 2676 1104
3805 2418
3806 18 192
3807 513 1012
3808 2515 150 163 1234 1035 1781 1991
3809 292 754
3810 1389 244 1904
3811 2648 426 764
3812 2180 461 88 2029
3813 1050 1904 799 2964 1557
3814 22 1604 1352 414 1184 2238
3815 2831 857
3816 2076 558 2020
3817 344 1778 538
3818 2042 1371
3819 2099
3820 463 298 2985 2919
3821 1861 657 2361 1066 2272 2819
3822 135 632 1245
3823 2387 1087 1548 295
3824 2734 1467 1652
3825 1218
3826 2778 168 2738
3827 1479 2049
3828 2577 2241
3829 91 749 1700 2362
3830 1027 337 467
3831 719 464 247 677 1470 1762 1005
3832 1172 2989 2363 917 273 2123 2172 1270 1475 344
3833 590 1968 683
3834 2382
3835 381 1673
3836 2402
3837 669 925 2463 2626 2619 1566 2144
3838 1003
3839 909 2157
3840 1566 1140 2258
3841 2154 795 2598 333
3842 1551 1037 1927 727 1281
3843 1789 258 1955 2415 2895 15 448
3844 1131
3845 1901 289
3846 189 2545
3847 2643 927 2977 268 1525 831 2910
3848 638 337 2965 2743
3849 2000 2859
3850 2799
3851 2782
3852 1228
3853 493
3854 2806
3855 1527 2780 1856
3856 40
3857 1253 1557
3858 1628 1328
3859 1054
3860 1250
3861 605 1775 1896 1605
3862 2883 440 1669 2991
3863 2313 504 1980 2319
3864 1044 2592 404
3865 2644 366 1159
3866 1382 971 1581
3867 375 2404
3868 863 2050 2368
3869 1882 2339
3870 2811
3871 1538 1665
3872 1997
3873 1191 924
3874 1515 2812 1058 314
3875 1088 1545
3876 1468 818
3877 2685 1530 1046 1997
3878 1985 1786
3879 1367 2258 725 1342
3880 1821 2436
3881 301 230 1413
3882 371 2118 231 968 1316
3883 2882 2777 2806 2378
3884 2271 1883
3885 1345 1277 1229 2801 2931 1532 2519 1574 998 68
3886 1216
3887 2486 1706
3888 804 1730 1642 124 1679
3889 1560 2732 1444
3890 816
3891 2275 1726
3892 2867
3893 2937 2069
3894 2111 230 2018 1363 2688 2529
3895 1433 949
3896 2802 2231 2768 2116 515
3897 1887 1716 1319 1536 1874 1200
3898 276 1208 1591
3899 2766
3900 1543 2780 904 398 2704
3901 1932 1546 2352 1007
3902 1188 1982
3903 5 859 913 317
3904 2934 2176 129 344 2814
3905 1994
3906 1509 2952 1713 1636 1607 1635 139
3907 2076
3908 881 2360 563
3909 1229
3910 717 2016 1106 2958
3911 982 1471 870
3912 1809
3913 416 1931
3914 778
3915 1812 373
3916 1181 1408 2849
3917 1281 1443 2675 2708
3918 990
3919 278 485
3920 1945 156 2494 2385 921 1952 1391
3921 883 2422 2801 445 987
3922 2449
3923 2665 2446 2782 2875 1498 1965 468 1411 967 2038
3924 255 85 188 1117
3925 1472 1393 2295
3926 670 2290
3927 2398 668
3928 2907 139 349
3929 250 2865 1128
3930 2434 798 137
3931 2439 1801 181
3932 554
3933 2368 1233
3934 2124
3935 706 570 513
3936 1918 1297 2123
3937 1606
3938 544 1666 1331 2281 259 2014
3939 1634 2689 2177 1709 30 1555 1091 1044
3940 458 848 1322 671
3941 857 788 1358 780 824
3942 2718 1429 2456 2079
3943 1929 1054
3944 1044 1584 2907 337
3945 2545 2773 2091 2827 90
3946 1969 1902 24 733
3947 2850 959 2236 188 1919 1770 2315
3948 949 1323 2397 2774
3949 93 2292 772 2950
3950 2277 1509 363
3951 1988 2322 1608 1928
3952 1417 1150 196
3953 2799 1432 855 1969
3954 704 770
3955 2301 1055
3956 1511 2897
3957 1595 1710
3958 1485 2987 1385 801
3959 2233 1444 793 6
3960 1019 8 1117
3961 2772
3962 2632 1081
3963 2303 2224 367 402 1851 1704
3964 1292 824
3965 1543 2099
3966 2484 812 1052 413 1147 2873 2372 297 1120
3967 1435 961 600 1190
3968 307 1143 1134
3969 295 2260 1146 2945
3970 769 530
3971 2860
3972 1302 615
3973 2015 1959
3974 1642 2612 678
3975 2692 2170 1953
3976 1823 2264 385
3977 2746 15
3978 2673 1133 655
3979 2649 2930 2543 288
3980 25 2307
3981 105 2712 1802 2016
3982 119
3983 1604 2916 48 1194
3984 2607 362 1035 901
3985 17 1058 1741
3986 1130 1983 420 1231
3987 2445
3988 1392 1889
3989 914 2949 786 754
3990 238 1692 1088
3991 1416
3992 1459 1582 1855
3993 2425 1594 297 1690 1727 1308
3994 1718 683
3995 2099
3996 346 459 597 751
3997 1821 2987 2005 1819
3998 2484 2504 2681
3999 679 469 2268
4000 1465 712 2240 34
4001 70 1107 1454
4002 2851
4003 2725 450 1167 945 1953 1155 2875 928
4004 2788 2678 2754 1983 2019
4005 93
4006 2575 2582 117 2508
4007 1243 993
4008 919
4009 27 2483 1978 1642 1075 159 2071 1560
4010 1056 2577
4011 266
4012 1553
4013 2480 815
4014 260 1957 2852
4015 1361 897 1354
4016 2860 2777 2601
4017 2310 100 1207 2613 1507
4018 782 1829 313 912 1434 2093 2941 2224
4019 1135
4020 1979 1421
4021 1225 1613 1787 1825 368 475
4022 2562 2524
4023 2691 2578 1994 653
4024 2296
4025 2797 1880 2824 143
4026 2202 684
4027 1796 755 1663
4028 438 2977 1232 1747
4029 336 693
4030 2443 2198 1195 2153 2511
4031 2895 2669 2683
4032 1094 962 560 2245
4033 2829 1729 2957
4034 1964
4035 2077 2475 633
4036 922 438 891
4037 1525 556
4038 1798 2771
4039 1987 2487 404 2629
4040 2534 1158 315 2429 1714
4041 95 442 1691
4042 66 737
4043 361 2249 159 2093
4044 2678 1136
4045 1824 1559 944 1803
4046 718
4047 539 119 2422 860 876 2755
4048 125
4049 1923 236
4050 2896
4051 1609
4052 1519
4053 2075 1
4054 1039 105 2321 224 1698 2873 2478 229 658 510
4055 1763 39
4056 1937 87 1043 2827 1151 1266 679
4057 947 2911 2823 1123 2281 1699
4058 1144 1102 2106 2956 810 1260
4059 107 464 2283
4060 2073 1216 450
4061 2156 1619
4062 849 243
4063 2142 1708
4064 2093 1727
4065 47 2878
4066 1604
4067 2692 424 1746 2410 2189 1572
4068 1171 2689 1198
4069 831 1839 1061
4070 2832
4071 289 518 1658 2345 1261
4072 736 704 499 51
4073 1847 59 1029 2925
4074 441 1079 498
4075 607 1541
4076 1091
4077 1822
4078 780 1021 1824 2048 142 667
4079 300 1491 515 261
4080 1013 1020 2392
4081 1805 1144
4082 2852 2142 1771 2642 698 142 1612 1902 638
4083 2411
4084 1844 674 1378
4085 2609
4086 2997
4087 609 2302 2208
4088 2576 1639 576
4089 2871 2931 2059 1023 2704
4090 104 351 2221 1186
4091 2520 171
4092 2256 897 591 2644
4093 2112 325 2662 2096 519 595 184 2734 177 926
4094 1492
4095 402 2018 1271 2892 1116 1550
4096 2414 777 613
4097 1643 678 418 1914
4098 2012 458 1736 1422 602 2834 538
4099 825 2732 1611
4100 2705 1873 2250
4101 1837
4102 1770 2486 1463 2991 856 1496
4103 2945 2056 221
4104 1810 1237 90
4105 767 2934 1283 1128
4106 1330 2401 1650 1132 121 2615
4107 2814
4108 1418 1117
4109 730
4110 153 2491 2451 746 747 792
4111 2238 1578 1662 1778
4112 998 2234 2458 2905 1776 716 151
4113 335 1010 2082
4114 882 160 1431
4115 1466 2617 935
4116 2517
4117 783 1580 480 2022 1854
4118 1479 2853 1709 2648 1898
4119 2161 1524 2926
4120 182 1228 162
4121 1101 1267 359 644
4122 1117 856 2543 2305
4123 646 2684 70 612 766
4124 502
4125 2322 2196 2105
4126 2636 1222 2728 2644
4127 1553 1207 884 2652 672 781
4128 20
4129 2948 1209 1889 1185 1348
4130 1532
4131 2932 1926 2161 923
4132 185 2815 1359 2998 489 365
4133 1679
4134 2329 2527
4135 452 1014 245
4136 496 1168
4137 1688 306 1995
4138 195 1015 1664 2659 895 980
4139 663
4140 1210 495 1763
4141 2311 1396 110
4142 953 121 115
4143 1991 723 2138
4144 69 2768 213 929
4145 2400 2084 851
4146 44
4147 38 2910
4148 1007 971
4149 412 1055
4150 102 2512
4151 2932 2218 194 1532
4152 947 1368 523 2583 359
4153 2090 2653 649 699
4154 1601 483 107
4155 429 45 2785
4156 1560 209
4157 1187 1626 808 1504
4158 1348 1153
4159 886 528 50 2952
4160 2982
4161 1869
4162 904 1048 2986
4163 2920 1509
4164 928 2220 1922 461 1602
4165 2791 455 871 843
4166 2420 1169 447 2921 73
4167 403 398 2298 293
4168 1387 578 1949 2462 774
4169 1111 1852 1269
4170 758 1277 508
4171 1145
4172 1971
4173 2047
4174 1213 1248 2391
4175 2621 582 282
4176 2780
4177 1171
4178 1392 2614 2591 907
4179 697 2656 2136 1303 2320
4180 1602
4181 2272 1338
4182 2977 400
4183 379 2220
4184 1711 723 884 198 2147 1403 1876
4185 2312 1960
4186 1365 2472
4187 1139 1000 1032
4188 2539 2148 369
4189 1292 2069 58 361 1928 464 2454
4190 585 2727 2634 2335 1601 135 1070 526
4191 2094 776
4192 295
4193 2596 772 2159 2644 1568
4194 837 411
4195 2841 1603
4196 1955
4197 2262 2680
4198 2484 1899
4199 236 606 2944 1986 937
4200 1779 1646 2872 2450 1787 1135 636
4201 2928
4202 1485
4203 565 374 1724 871 2008 1799
4204 91 60
4205 735 1888 116 2344
4206 1970 1718 2740 1311 1728 2272 1808 1725 141
4207 500 1503
4208 1855 559 1692 110 714 2857 2733
4209 1327 195 2041 2092
4210 1251 175 2431 2499
4211 2611 2291
4212 2739
4213 1936 2206
4214 1202
4215 637 122 1052
4216 1593 190 2636 338
4217 1159 449
4218 1459 1706 2889 1976
4219 2951 1420
4220 1680 2731
4221 1513
4222 1281 2869 2639
4223 2973 1031
4224 1710
4225 384 1137
4226 364 877 1413 2029 2708 869
4227 1234 1252 641 36
4228 2009 677 1464
4229 1069 2542 2689 891 1997 1426 2447 609 1617
4230 2502 2036
4231 610 2171 2888
4232 1463 2487 2425 1544 2698 1255 2071 2975
4233 436 2759 1831 1344
4234 512 1218
4235 1322
4236 1960
4237 2378 454 1064 23
4238 788 366 465 876
4239 1167
4240 2737 21 1263 1050 2886 1268 1469 1578
4241 2422 2965 931
4242 76 55 1249 2305
4243 2082 2657 426 1807 2896
4244 1156 1373
4245 2371 2690
4246 551 2222
4247 438 1892
4248 2087 1792 896 2318
4249 131 2148
4250 854 142 499 1631
4251 516 1780
4252 674
4253 2842 1304 283
4254 1794 1181 1025 847 577 1422
4255 1633 2442
4256 109 717 1199 2047
4257 2291 190
4258 1831 828 2824 2664
4259 2407 1477
4260 2060 1019
4261 1110 279 1273 737 1062
4262 1882
4263 1874 2305 10
4264 1001 59 680 890 893
4265 2129 325 2776
4266 772 1632 694 2187
4267 111 1232 2677
4268 913
4269 2633 2465
4270 374
4271 2371 332 1189 106 233 2955
4272 2792 1220 1538 1084 2585 545
4273 1362 2941 200 1602
4274 1417 829 905 1077 818 935 934
4275 1836
4276 2820 1548
4277 1383
4278 70 2903
4279 2693
4280 2042 163
4281 38 922
4282 994 1712
4283 357
4284 203 2556 1936
4285 2483
4286 2185 2367 543
4287 871 1308 136 2125
4288 1254
4289 2395 998 924 324 2877 1467
4290 2762 1227 2855 2053
4291 2897 866
4292 1534 2986 344 42 2929 382
4293 2813 232 2652 1686
4294 411 1223
4295 36 1548 1136 1850
4296 2197 1551 2016
4297 1475
4298 916 1622 548 1907 571 1385
4299 666
4300 572 2973 2745
4301 1476 1499 1114 2958
4302 2120 805 265 509 934 2440 2077
4303 143 2961 1110 795
4304 765 858
4305 910 742 1178
4306 1985 2652 2687
4307 2251 1321
4308 2435 2255 1634 2279
4309 2628 2378
4310 1135 358 924 187 2587
4311 1543 2312 1839 2127
4312 2503 1191 443
4313 1028 296 2510
4314 2700 989 908 1978
4315 2066 877
4316 689 2410 2763 4 872 1890 2874 816
4317 1270 105
4318 973 610 1289 1596
4319 575 981 237 2123
4320 1264 2459 404
4321 82 1324 1122 547
4322 734 1891
4323 685
4324 1969 856
4325 2282 2679 2962 1258 1020 1721 578
4326 2231
4327 1840 2122 2377
4328 417 983
4329 185 2697
4330 62 2853 793 198 2308
4331 1610
4332 2558 273 285 392 791 2303 2074 1992
4333 112 998
4334 786 2778 2849 2718
4335 1503
4336 80 306 554
4337 2362 2240 2712 1833 263
4338 2743 1145 717
4339 1972 1676 1813 725
4340 2160 1867 2058
4341 2100
4342 1576
4343 242
4344 2632 990
4345 1903 2688
4346 1811 2151 552 449 1194
4347 494 89 228 1073 211
4348 2303 2294
4349 1895 1971 936 495 1380 1243
4350 2781
4351 834 1176
4352 2024
4353 2507 2499 222 2933
4354 2851
4355 553 1918 2225
4356 2852
4357 1810
4358 606
4359 124 1909 784 879 2074 369
4360 682 598
4361 1374 2188
4362 272
4363 2991 2581 1699
4364 745
4365 166 1223
4366 2084 81
4367 2402 314
4368 2862 2358 793 1030 794 1594
4369 2037 2136
4370 2123 296 2803 2632 569
4371 328 1016 612
4372 2373 356 2044 664
4373 2724
4374 2760 2758
4375 1924 2942 741
4376 2333 1342 2624 652 2572 1307 2072
4377 2935 1407
4378 74 1206 1802 644
4379 2207 2184
4380 1696 235 2471 1407 752 1078 1934 1736 798
4381 2381
4382 1974 1360 1681
4383 1520
4384 526
4385 123
4386 618 1846 2486
4387 1898 2796
4388 1979 1369
4389 302 1220
4390 202 1967
4391 2010 2049 2084 1986 1285 1888
4392 1536 1442 2360 988 1647
4393 1131 1680 2245 226
4394 2166 672 2085 1745 430
4395 1523 2396 346 1101
4396 1701 386 1301
4397 567 2133 1940
4398 2894 2317 2383 2358
4399 20 964 1366
4400 938 944 2679 269
4401 847
4402 293 1183 920 1333 2757
4403 376 41 2487
4404 1372
4405 487 2905
4406 2578 149 1796
4407 1114
4408 223
4409 1813 1293
4410 1519
4411 1361 1556
4412 1040 271
4413 61
4414 364 272 946 2521
4415 2184 2662 2309
4416 889 802
4417 2904 2613 792 717
4418 263 1693 223 2464
4419 1205 942 472
4420 2261 2516 44 686 286
4421 2616
4422 362 696
4423 2180 1096 2645
4424 1021 524
4425 1 1109
4426 1379 2657 1124 2135 2658 182 2802 224 1893
4427 1752 439 596 347 212
4428 621 887 206 1673
4429 726 2091 2436 16 1041
4430 2197 397 1485 799 2045
4431 2198 2038 1052
4432 358 350 2296
4433 770 1286 1819 743 619 2904 321 502
4434 703 2236 2011 1903
4435 751 1728 1026 619
4436 2212
4437 2933 1010
4438 2889
4439 1346
4440 1388 826 1103
4441 10 822 1161 2109
4442 881
4443 2604 2764 2731 2198
4444 269 30
4445 1591 2980
4446 2811
4447 1011 1416
4448 482 2656 2083
4449 362
4450 55 1340 2396 33 576
4451 1056 1319 920 895
4452 1875 1824 1586
4453 2365 1529 458 1038 1798 2675 950
4454 2695 765 334
4455 1382 513 1318 1760
4456 1320 1079
4457 1231 1917
4458 617 673 2847 2025
4459 697 2548 103 2267 2664 407 1588 2438
4460 1068 751 1256
4461 1380 2424
4462 1595 1652
4463 2638 932
4464 1797 2980
4465 2930 91 638 2352
4466 354 1644 202 773 1707 2840 2136
4467 2357
4468 1857 2553 2149 1881
4469 84 2055 1398
4470 999 2687 1217
4471 130 1048 1857 48
4472 664 2831 973 780
4473 1708
4474 1473 971 2968 475 2211
4475 2436 1057 2528 1381 164 2995
4476 2715 1439 1065 240
4477 273 368 2762 1068
4478 305 2033
4479 2068 2885 931 343 2401
4480 2978
4481 1895 1288 1359 1075 2273 294 2802
4482 2278 2061
4483 2300 1421 1240 1687 230 949 2152
4484 226 2097 1823
4485 1999 17 2117 515
4486 123
4487 1662 1979 1462
4488 1486 1949 861 2402
4489 1115 794 121 1103
4490 1636 507
4491 52 2609 29
4492 353 2726
4493 1224
4494 600 455 1108 901 2874 2091
4495 115 1308
4496 643 1995 1708 2515
4497 2945 1587 227
4498 671 733 2325 581
4499 961 1468 266 1151
4500 1990 2421
4501 1672 318
4502 2453 1351 2404
4503 1341 1747 2876
4504 1525 2346 311 428 1414 2557
4505 1086 551 1910
4506 2473 1567
4507 2605 2445 1198
4508 703
4509 948 1472 2503 2335 2506 754
4510 2703
4511 159 1540 518 902 1869 2753
4512 2096 787
4513 1689
4514 2067 629 856
4515 2972 537 1304 962 275 657 1039 1085
4516 1157 2643 67 1095
4517 694 32 1872 1733 1543 805 1624
4518 793 945
4519 616 2420 1412 64 1119
4520 1630 1626 2017 1725 2188
4521 1184
4522 2707
4523 1331 2084 1426 2576
4524 916 2936 1595 410
4525 1382
4526 720 1045 739 2617
4527 448 52 1248 1081
4528 1735 1923 2856 280 1282 1294 1381
4529 1859
4530 1866 630 2214 139
4531 1325 51
4532 1017 678 1235
4533 1801 1738 2560
4534 249
4535 2482
4536 2895 988
4537 239
4538 2778 2223 2651
4539 1527 1820 869
4540 1110 2643
4541 546 766 666 1890
4542 2623 2684 47
4543 1716
4544 2087 1116
4545 2773 650 977 1764
4546 1952 2227
4547 1739 2120 331
4548 1756 1144 631 2712 86
4549 2298
4550 2579 337 487
4551 57
4552 927 2169 2846 177
4553 380 511 2755 253 1448 1716
4554 570 151 1884 940
4555 2340
4556 2242 2216 1334 2839
4557 527 216 1681
4558 2433
4559 689 1883 2733
4560 477 2447 1033
4561 1267 2560 166
4562 757 2482 1409
4563 1423 1293 2182 1116 215
4564 1328 1858 932
4565 2774
4566 975 471 14 1946
4567 1716 1996 642
4568 710
4569 1859 1480 775 2386 88 2957
4570 692 61 1852 22
4571 2743 1521 2846 919 1997 2085
4572 52
4573 1760
4574 988 2022 2703 1651 1855
4575 849 278
4576 0
4577 1811 1800 2627 233 128 148 2191
4578 2895 2612 2496 1676
4579 1307 2780
4580 1577 1833 1030
4581 740
4582 1629 2165
4583 660 2732
4584 802 261 29 687 2129 165
4585 942 1482
4586 25 2395 2336
4587 1177 1340 2011 426 2586
4588 833
4589 2740 363 726 234
4590 559 1499 1111 106
4591 1510
4592 2449
4593 1562 158 2486
4594 57 2158 191
4595 41 757 547
4596 540
4597 1204 2793
4598 1806
4599 943 1999 238 2615 1010
4600 1122 510
4601 1841 2571 637 1880 1526
4602 176 667 2821 463
4603 1842 1082 1332 2222 1007
4604 586
4605 187
4606 2681 2671
4607 2965 1510 397 2511
4608 1471
4609 1109
4610 154 1626 470 1060
4611 207 2202 2812 2926 841 2828
4612 1087 2767
4613 2652 2389
4614 1527 1435 688 1102 2266 1144
4615 2691 2770
4616 2848 2384 1965 2023
4617 1166 2424 36 1369
4618 2508 1401
4619 2961 104 445
4620 533
4621 836 1849 2462
4622 966 157 2366
4623 1289 363 2362 2347 2710 2645 2478
4624 2064 1065 522 2040
4625 342 1462 1185
4626 1317 1302 2100 995 1947
4627 79 2504 1579 451 208
4628 1018 652 1728 80 290 539
4629 1769 1663 2524 1074 1346 2642 938 644 0
4630 2529 984 1922 1414
4631 607 590 1335 1082 1400
4632 349 10 2670
4633 1151 189 2457
4634 2739 2693 2181
4635 775 251 1274 1776 531
4636 1640
4637 945 2326 1873
4638 1523 2766 2976
4639 1011
4640 1104 1340
4641 2184 1821 196 1413 183
4642 217 1053 2397 1498 483
4643 2199 207 144 917 317
4644 2915 455
4645 2882 2147 2598 454 1536 2115 2204
4646 607 1484 546 282 2414
4647 1425 587 1474 819
4648 447 1788 2557 1529
4649 1805
4650 597 2893 1793 2201 210 505 1606
4651 2074 1869 2047
4652 2819 1562
4653 1338 1514 2330 239
4654 2704 2173 2301
4655 1044 578 2552 1317 2689
4656 1936 1176 837 1366 2783 295
4657 1506 1095
4658 1580 17
4659 421 38
4660 2494 578 2476
4661 1648 2376 1714
4662 1749 389 34 1327
4663 1712 402
4664 2500
4665 1933 31 752 935
4666 2259 835
4667 2774 981 1363 1149
4668 1908
4669 2490 805
4670 1036 1947 1024 2577
4671 216 708 1785
4672 1143 380 287 635 285 1696 1680 2166 1351
4673 2721 98
4674 2063 499
4675 1950 1555
4676 2182 126 1079
4677 2988 2334 2228 1464 348 2344 406
4678 2781 2943 1633 841
4679 2721 2747
4680 2508 299 902
4681 47 172
4682 963 2195 1234 2693 1077
4683 903 1583 1158 1864 2653
4684 2472 1769 1302 1547 173 2768 440 973 1582 1840
4685 48 2179 136 266
4686 1448 589 260
4687 1965 1814
4688 1178
4689 2413 2505 2332
4690 40 793
4691 2820 891 40 2117 1483
4692 1782 1824 677 626 1150
4693 1754 2477 1014 1984 1618 1221
4694 1381 954
4695 1725
4696 156 258
4697 1415 1258 1654
4698 502
4699 2380
4700 650
4701 1906 1331 2974 1568 1656 262 560 2252
4702 2329 1606
4703 2292 2283 2385
4704 2960 2311 2214 1873 2428
4705 917 734 2004 775
4706 2964 1974
4707 1686 1591 2839 797 2226 399
4708 1068 1552 94 2113
4709 628 308 2652
4710 524 1422
4711 48 1870 2834 976 981
4712 858 2064 2800 1200 1872 37
4713 2014 2010 1751 1500 949 1098
4714 970 1124 2831
4715 32 635 2562 628 1476
4716 1687 1986 2834
4717 1412 77
4718 1757 940 1755 2995 1376
4719 305
4720 2238 126
4721 1443 2959 2659 2452
4722 1484
4723 1371
4724 678
4725 1577 42 1035 869
4726 2635
4727 2506 2559
4728 2798
4729 1544 805
4730 587 360 2878 1099 1775 567 1508 2066 1442 1731
4731 128 477 2209 2762
4732 2340 2790 2303
4733 793 1149 2376
4734 789
4735 1873 132 2695
4736 2936
4737 2810 2714 2947 591 2263 215
4738 2075 2357 240 604
4739 1486 1151 212
4740 659 1327 2129
4741 1646 2664 1558 2030
4742 768
4743 2718
4744 1108
4745 229 2925 2183 2444 1317 2332 1790
4746 792 1933 1279
4747 76
4748 1959
4749 753 327 2717 1350
4750 1078 740 448
4751 1053 1455
4752 2602 114 1395 666
4753 104
4754 1865 655
4755 661 1958
4756 782 335
4757 2038 938 345
4758 1006 1003 1756
4759 2135 1383
4760 463
4761 1475
4762 439 1914
4763 426 217 660 1170
4764 1263 2650
4765 2695 180 391 2194 2683
4766 548 2392 2517 1074 100 2209
4767 706
4768 1150
4769 2570 65 2289 852
4770 2895 1122 1322
4771 2030 525 1074 1881
4772 2947 1304 195 2752 1261
4773 2044 1981 864
4774 939 1782 1643 1893
4775 1773 588 1935
4776 1989 1523 1277 45 1631 1099 63
4777 608 1928 1720 2431
4778 1685 2468 2678 455 2108 2635 2719 778 758
4779 1718 611 2991
4780 536
4781 64 1939 1456 1641
4782 994 413
4783 751 2174 1078 306 1817
4784 2042
4785 1715 2854 1135
4786 2149 1758 2933
4787 2450 2121 1494
4788 1641
4789 2122 2040
4790 2744 431 254
4791 2366 160
4792 590 1874 2394 78 2570 1660 666 737
4793 222 1258
4794 2713 2126
4795 2028 1093 1671
4796 332 1948 1196 1410 1031
4797 410 812 756 2601 2747 697 2057 1879
4798 277 239
4799 2319 2392 125
4800 1966 1113
4801 715 2755
4802 2404 1009 360 1886 915
4803 1100 2926 853
4804 944 1455 94 558
4805 2213
4806 1366 521 896 2690 633 192
4807 446
4808 76 598 2671 1920 1821
4809 194 690 30
4810 1871 963 1290
4811 2234 1035 939
4812 440 1230
4813 717 748 846
4814 283 864 2516
4815 2331 1772 691 351 2950 2013 985
4816 636
4817 2966 1602 768 188
4818 1581 5 1729
4819 2139
4820 1614
4821 580 814 144 1315 2837 1535 2954 2430
4822 1221
4823 498 1073
4824 1585 594
4825 1466 520 1794
4826 1963 928 65
4827 1528
4828 2633 2119
4829 2167 2143 2784
4830 47 1223 2860
4831 1752
4832 774 590 1056
4833 2137
4834 2477 686 2316 1312 1659 682 1097 982
4835 2992 617 1883 2775
4836 1134 2155
4837 2133 2013
4838 2625 778 1686
4839 2784
4840 1421 1835 1611 13
4841 2289 1757 1175 350 2568
4842 2210 1455 2109 1435 476 477
4843 1393 862
4844 2555 2314 754 1714
4845 2069
4846 645 2374 1585
4847 1937 529 914 1535
4848 1869 1377 721 1212 564 8
4849 2414 475 1373 1306
4850 2048 2035 939 1736
4851 1122 1441 2308 2891 2406 1689
4852 293 2859 313 2356
4853 2333 1493 746 2764
4854 2070 782 1795 877 2670
4855 814
4856 1404 2794 2825 1518 966 2551
4857 459
4858 65 1780 250 1576
4859 1760 246 1455 1136
4860 1288 474 559
4861 680 1010
4862 657 2440 2333 2756 1132
4863 2762 762 2161
4864 829 2183
4865 1344 2383 2318 2137 1772
4866 2067 2842
4867 1977 1897 1121
4868 2485
4869 767 1150
4870 2698 2281
4871 2562 68 1751
4872 1097 1492
4873 2242 1995
4874 2510 2471 2305 277
4875 1851 1374 2502 2660
4876 1539 2544
4877 1921 2349 1684
4878 568
4879 533
4880 2710 1254
4881 1215
4882 291 499 2227
4883 2201
4884 2369 1405 1955 180 2405 1522 2166 1732
4885 1156 368 329
4886 2430 264 855
4887 1648 731 2229 2583
4888 370 545
4889 760 1295 1923 623
4890 325 2215 993 2411 239
4891 24 1960 258
4892 911
4893 1140 78 2016
4894 1623 602 1376
4895 1486 610 2213
4896 2602 1319 2637 583
4897 739
4898 1209 199 1572
4899 1490 505 352 674 1290
4900 383 199 1171 385
4901 1138 1035 2175 489 1004 2642
4902 2022 584 344
4903 3
4904 1484 2008
4905 796 2756
4906 2203 2412
4907 419 1883
4908 329 2936 1487 542 2003
4909 74
4910 1612 503 2481
4911 2920 748
4912 1448 2092 204 2720
4913 961 1110 2500
4914 2068 1160 2575
4915 2039 180
4916 1668 3 1393 2287 1754
4917 188 1561 2098
4918 1415 2231
4919 2792
4920 2345 2903
4921 1777 2119 1524 2431 2274 2711
4922 1403 2676
4923 427
4924 625 1113 2390 2298
4925 199 991
4926 1908
4927 2782 569
4928 823 646 2418 998
4929 720 695
4930 465
4931 773 1030 1771
4932 200 1514 1913 1717 2765 2913 1135
4933 2832
4934 1976 820
4935 220 1235 243
4936 148
4937 1857
4938 2354 595 2748 122
4939 2039 2558 1881 2263 1478
4940 2457
4941 1457
4942 2286 2193 289 2599 10
4943 333 159 1542 2164 30
4944 828
4945 2736
4946 1658
4947 2884 741 308
4948 2240 13 3
4949 1698 1630
4950 2722 1387 1799 452 928 2826 2662 2513
4951 897 950 399
4952 152 976 196 2749
4953 185 2102 2639
4954 694
4955 575 2937 1338 286 1526 2882 855 1657
4956 1216
4957 1802 1740
4958 1465 2593 1974 1276 2079 1790
4959 1391 871 2527
4960 1586
4961 2775 1018
4962 2009 1078 399
4963 199 2141
4964 2446 2012 500 1827 1264 1364
4965 760 1184
4966 2770
4967 2225 1468 150 218 2873 2780
4968 620 2736 1894 820
4969 134 1373 2626
4970 2676 1674 254 2711 792
4971 2390 2865 1149
4972 2659 2812 65 2501 1659 2893
4973 144 360
4974 300 2507 899 1744 557 2956
4975 2183 2562 292 1827 731 1042
4976 1844
4977 1221
4978 641 1888 1202
4979 1261
4980 1521 902 918 209 2550
4981 175 1241 392
4982 41 262 1663 433 1595
4983 1
4984 309 816 8 2837
4985 2645
4986 1346 2075 999
4987 1138 2307 864
4988 2823 2730
4989 849
4990 793 2368
4991 1106 2809 1458 2559 1152
4992 98 1779
4993 1246
4994 1679 2885 1448
4995 1042
4996 354 2183 2919
4997 648 2776 2622 2567 1134
4998 770
4999 2036 2168
5000 1193
5001 2753 1751 1842 1474 1918 1820
5002 2659 1916 2015 1688 2670
5003 156 2275 1217 1611
5004 1573 851
5005 2607 1074
5006 1204 1523 1055 2839
5007 1257 643
5008 647
5009 1622 2722
5010 881 2803 1262 372
5011 1299
5012 2802
5013 1423 1310
5014 214 87 1691
5015 608
5016 744 2276 1568 777
5017 554 1218
5018 595 1810 1722
5019 2851
5020 2005 801
5021 1966 2199 2836 2505 309 2497 1895 2068 2151 2559
5022 2996 832
5023 2560
5024 1342 2833 1153 2046 2481 2867 2060 1862 2147
5025 2037 496
5026 2724 1655 2668 931
5027 49 2671 2712 2668
5028 2955 215 550 1745
5029 224 274
5030 1105 945
5031 2494 478
5032 1526 2618
5033 459 323 465 643 2595 2653
5034 2954 2319
5035 1934 1122 1000
5036 1725
5037 2676 2623 1528 742
5038 2385 1705 2783
5039 1663
5040 1276 2483 1661 1801
5041 2981 554 2132
5042 1003
5043 2604 401 2442 2956
5044 2219 1612
5045 1641 2285 2455 2747 2849 1783
5046 962 2
5047 1281 1822 2686 1440
5048 476
5049 854 2467 1286 1748 2307
5050 1181
5051 1287
5052 2842 1907 2176 2552 2417 2708 252
5053 2446 1592 714
5054 447
5055 2726
5056 2700 1257 2517 394 1848 2716 2247
5057 1324 408 1193 1664 2536 2525
5058 1357 1095 2252 1628
5059 18 2923 314 1116
5060 1786
5061 1302 18
5062 1761 1240 309 2226
5063 1835 1445 1154 611 1474 2260 2372 104
5064 1268 557 2588
5065 1199 740 2106
5066 5 1746 1419
5067 2138 349 2480 1864
5068 558 609
5069 1189 2501 862
5070 235 2050
5071 1378
5072 2379 256 507
5073 2253 55 2663
5074 146 2990 2437 1791 1115 1501 2974 1415 1621
5075 737 1795 2188
5076 2612 1788
5077 1685
5078 1156 156 381
5079 2796 1012 2229 652 1053 1907 828
5080 2076 2621 2092 203 1839
5081 690 839 2772 727 1914 642
5082 207 2806 1857
5083 15
5084 2453 1453
5085 1358 1774 2711 1371 2157
5086 912 2869 2950
5087 437
5088 1193 369
5089 40
5090 1834 2397
5091 1317 2618 608
5092 2386
5093 331 889
5094 1368
5095 2543 1691
5096 1612 2065 174 1250 259 2566
5097 1883 2977 2436
5098 1335 497 2639 654 1032
5099 751 87 1522 2863 2590 835 705
5100 1338 276 2358
5101 1757 295 2347 2880 67
5102 1938 1900
5103 169 487 147 1397
5104 1931 1058
5105 9 2131
5106 37 1641
5107 303
5108 1269 1028
5109 614 839 1739 2736
5110 2949
5111 107
5112 2121 2331 1505 2360
5113 2455 1890
5114 1391 99 1561 363
5115 2069 2820 62 225 915 1586 1823
5116 835 2158
5117 1477 418 2103
5118 2567 2299 2058 2622
5119 2858 1897 1616 2636
5120 1190
5121 2531 1640 2699
5122 2515 116 2673 2936 142 1551
5123 189 1308 2158
5124 2262 251
5125 2217 2749
5126 722 2223
5127 2748 1221 767
5128 605
5129 995 689 2788 290
5130 586 1213 1767
5131 181 2579 2159
5132 2001
5133 2082 2261
5134 1019 1033 1532 2027
5135 2996 2527
5136 2363 623 2017 1772 334 450 1833
5137 272
5138 1148 1504
5139 1731 2891 1362
5140 189 93 1220 1742
5141 2267 1180
5142 913 34 2045
5143 2341 193 2522 2524 805 1280
5144 1768 2037
5145 2340 1120
5146 2284 2925 1043
5147 2760 1310 1482
5148 798 2476
5149 1834 1507 831 2126
5150 432 748 35
5151 937 2167
5152 1856
5153 2061
5154 229 1687 754
5155 976 2861 418
5156 247
5157 1369 1613
5158 2026 634
5159 1321
5160 1933 2574
5161 2077 588
5162 1508 1214 351
5163 65 599 1613 787 2708
5164 496 2362 698 1463 412 1958
5165 924
5166 404 2010
5167 382 2863 640 683 2594 922
5168 2709
5169 2244
5170 1999 2963 2590 1559
5171 835
5172 2295 2819 2690 2639
5173 1088 1980 576 1640 1909 1318
5174 320
5175 2218 2573 1750 2000
5176 1281
5177 2118 1790
5178 1454
5179 2549 2794 2015 1043 1626 474
5180 2732 1242 528
5181 300
5182 2856 2467
5183 2956 1077
5184 1098
5185 1663 1125 2823 1478
5186 957 1647 1273
5187 2766 501 2471
5188 394 1500 2899 1245 185
5189 943
5190 1165 209
5191 348
5192 593 1596 1906 881 2853
5193 230
5194 2902 1718 2198
5195 1018 869 2678 1676 2277 2836 908 1163
5196 2887 537 2419
5197 780 1050 817 1905
5198 1513 1321 1449
5199 2826 1416 273 1131 2964 2580
5200 55 2311 1748 2267 2326
5201 1141
5202 394 2737 2523 2287
5203 2365 2091 2877 574
5204 2449 2248
5205 913 716 612 1395
5206 996 818
5207 2453 2007 2042 2151 190
5208 1368 1569 1069
5209 2279 148
5210 176
5211 2145 855 2175
5212 1379 447 239 2157 2692
5213 1511 1174
5214 1449 2299 994 709 1646
5215 409 2701 1985
5216 664 2468 523
5217 454 2379
5218 1820 2291 216 802 996
5219 1784 633
5220 1863 1234 2847
5221 1586
5222 1630 2532 2760
5223 609 380 1517
5224 1464 2243 2706 1388
5225 439 621
5226 2567 2351
5227 2886
5228 2321 493
5229 2087 298 162
5230 1993 2804
5231 2029
5232 1858
5233 2939 2941
5234 1528 485 2044 2043 1506 1440
5235 2026 2748 469 491
5236 2195 2164 1080
5237 1823
5238 144 1761 2495 1583
5239 2235 2600 11 1458
5240 2893 758
5241 2908 1051
5242 2152 1128
5243 2950
5244 2407 2175 1040
5245 134 1354 634 2968 1264
5246 959 442 1210 700 911
5247 1810 187
5248 518 916 564
5249 79 868 2442 2957 2093 1749 2101
5250 2172
5251 1732 279 246 750
5252 946
5253 1036 1539 2022 2792 381
5254 1444 1262
5255 1590 2104 303 90
5256 2020 707 1134
5257 804 2829 2495 908
5258 138 2361
5259 2202 2286 2567 1353 376 724
5260 1765 2536
5261 352 73 1005 1365 630
5262 509 2516
5263 2483 2156 2179 2459
5264 1788 1355 2089
5265 1027 732 2246 1003
5266 2979 1462 268 2168
5267 2984
5268 424
5269 2983 2224 925 64
5270 1966 2728
5271 759 530 2543
5272 1884 943 1172 555
5273 2883 2760 1601
5274 1853
5275 1591 72
5276 33 2841
5277 575 2261
5278 318 1591 950
5279 1527 66 2730 603
5280 474 408
5281 796 1004 375 989 2353
5282 2974 2257 1372 449 484 817
5283 2026 1808 561 2664 1013
5284 1750 1186 2716 2359 1032 1695 1711
5285 1208 757 2222 2678
5286 1262 396 283 2444
5287 2685 975
5288 760 623 205 316 2981 1243
5289 1152
5290 653 536
5291 2036 2240
5292 2767 1023 2628
5293 2758 2359 2509
5294 207 912 1551 1696
5295 2323 397 967 725
5296 751 2991 2020
5297 1409
5298 1912 1984
5299 540 1768 2339 581 2108
5300 642 546 2072
5301 4 644 1236 2742 2158 2987 2748 1089 1299 684
5302 330 2394
5303 739 2114 1705 2260
5304 2400 1987 2860
5305 558 2538 2401 2954
5306 376
5307 1375 20 1938
5308 2550 2030
5309 258
5310 378 2722 2142 1252
5311 1694 504 1895 663 260 452 2119 531 1131
5312 1836 302 1712
5313 1024 171 89
5314 1236 1619 1018
5315 2492 1051 2593
5316 56
5317 2794
5318 1062
5319 2900 2028
5320 520 485
5321 1545
5322 297 438 2143 2579 551
5323 1075
5324 582
5325 2269 1242 1665 2414
5326 1022
5327 1290 1394
5328 1556 108 2898 248 2765 2080 694
5329 1737
5330 2510 1177 29 497
5331 1435 2658 1089 644
5332 2997 1282 2872 989 317
5333 955 2715 1531
5334 2498 611 2322 785 2057 1294 842 2444 2594 378
5335 581 2981 1198 1222 1353
5336 2870 2218 749 274 75 1658 190
5337 249
5338 1021 1067 199
5339 1541 1855 2551 1203 1268
5340 1577 2128 2667 874
5341 170 490 625
5342 319
5343 1317 1956 2601
5344 1692 2275 2162
5345 2391 2679 678
5346 786
5347 2387 2323
5348 2477 2658 1307 2831 352
5349 1482 1446
5350 53 2601
5351 1898 946 2416
5352 960 88 1625 859 588
5353 1888 2765 1490 1147
5354 1157
5355 1656 293 2964 1733 2865
5356 1257
5357 522 2235
5358 2185 343 2704 1565
5359 2524 619 1556 1978 2115 2608 2868 2555
5360 1201
5361 2132 2670 260 1513
5362 367 2988 2192 1487
5363 2245 426
5364 925 1284 590 2748
5365 1616 437
5366 485 1129 1722
5367 2723
5368 422 746
5369 723 1950 1779
5370 2376 298 253 719 1511
5371 258 2835 907
5372 2740 2612 1126 1054 2697
5373 240
5374 1378 1489 1665
5375 1521
5376 503 2144 610 1745
5377 525 305
5378 1276 1230
5379 304 2735 965 2278
5380 601 1540 2530
5381 2834 2287 2514
5382 2003 1037 37 1659
5383 1064 1903 486 2376 299 264
5384 2409 571 1235
5385 2041
5386 2339
5387 229 128
5388 1757 1261 2580 2874
5389 2672 1487 2932 2070
5390 420
5391 1320 914 2283 1562 72
5392 1951 1652
5393 2063 1359 2824
5394 242 246 446
5395 2824 729
5396 1982 2606
5397 2844 523 2519
5398 1887 714 658
5399 268 2506
5400 2220 1918
5401 1227
5402 2316 1379 2266 2288 1571
5403 2905 615 2860 1859 2239 893 396
5404 2122 1342 866 1522
5405 218 106
5406 1552 913 1735 24
5407 1553 906 2606
5408 1651 158 1439 1603 450
5409 725 306 2362 2898 618 2097
5410 2144 1065 463 2703 1162
5411 294
5412 820
5413 101 1855
5414 1459 554 1161
5415 46 549
5416 582 1654
5417 310 853
5418 581 2496 1261
5419 574 2322 597
5420 1746 2034 196
5421 2652 367
5422 1554 1126
5423 507 569 418
5424 1640 1990 1852
5425 555 2393 653
5426 2408 529 1168 155 732 843 415 1365
5427 2456 1849 2230 2293
5428 105 2688 756 1045
5429 2035 1139
5430 468
5431 1664 2618 516 1473 2190
5432 969 797 2300 3
5433 2671 1194 2627
5434 175 846
5435 2734 1089
5436 1006 865 616
5437 733 715 475
5438 236 722 467 2564
5439 2408 1091 1059
5440 55
5441 2762
5442 815 1314 1017
5443 78 1746 1575
5444 807
5445 1531 2751
5446 122 2639
5447 617 1270 612 2473
5448 1627 93
5449 2822 2917 1897
5450 1387 2974
5451 9
5452 1043 141 633 1346 652
5453 2644
5454 2177 579 2912
5455 89
5456 1464
5457 482 1305 2284
5458 571 1917
5459 2931 946 2604
5460 1905 2938 756
5461 1425
5462 2122 2735 2147
5463 1349 905 1962 1984 1819
5464 2512 1269 702 2434
5465 491
5466 1058
5467 322 2178 1625
5468 999 1841 1385
5469 1159
5470 860 874 768 732 2966 2612 72
5471 518 2170 1554
5472 1644
5473 335 2964 2587
5474 1388 124 237
5475 279 875 954 97 1010
5476 2319 878 709 1886 363 279
5477 2538 2826 2084 1001
5478 1253 24 108
5479 649 2040 2167
5480 924 1932
5481 654 2277 207
5482 2366 2999 461
5483 433 1467 2677 2818
5484 1775 2292
5485 1337
5486 1960 1363
5487 1513 728 565
5488 2592
5489 2243 2358 2597 2001 2097
5490 2712 1396 456
5491 2801 548 486
5492 1207 937 422
5493 2665 2447 1274 2756
5494 1968 2275 1452
5495 1919
5496 2868
5497 561 1809
5498 1041 2108
5499 911 736 120
5500 2386
5501 1876 682 788
5502 2459 1386 1059 693
5503 2932 573 2538 1682
5504 1875
5505 2214
5506 796 58 1429
5507 529 1867 4
5508 1180 2351 1228 250
5509 796 2531 2344 1349
5510 1014
5511 1234 2381 927
5512 1396
5513 745
5514 2880 1309 2198
5515 2180
5516 1632 1255 680 2551 2622
5517 1149 2096 2988
5518 1977 252 589 2847 1927
5519 190 294 1782
5520 890
5521 2463
5522 429 125
5523 1402 1798 2646 1551
5524 1912 283 238
5525 1983 1670 1656 893 2176
5526 1367 1830
5527 1101 2673 119 2459 1881
5528 2226 1201 1197 190
5529 2258 1440
5530 1749 2355 1973
5531 1180 1557
5532 874 2412 2294
5533 372 2895
5534 663 0
5535 548 1709
5536 541 2009
5537 969
5538 310 1601 2492
5539 2694 1935 1651 1172
5540 2133 1495 1870 2573 1329 2820
5541 64 1778
5542 2640 2575
5543 1683 334
5544 1158
5545 909
5546 1933 1329 2230
5547 1843 2503
5548 2371 1518 1034 2785
5549 15
5550 1816 2891
5551 308 2540 571
5552 1641 973
5553 251 1499 115
5554 1563
5555 2104 2181 919
5556 634 1398 2451 1139 1360 220 1986 2426 2226 1453
5557 2109 2770 1142 982
5558 612 2737 2806 2095 2756
5559 803 1218 608
5560 1451 1362 1284 767 278
5561 997 1931
5562 2096 2969 2360
5563 2402 1211 2149 1502 667 812
5564 718 1619 2845 1268
5565 2541 1401 936 1437
5566 2736 1356
5567 1623 2898
5568 2882 2435 1750 2893 641 2903 2798 1164
5569 2996 2369
5570 2093 2004 969 473 1805 2197
5571 1538 799
5572 54 509 1461 1086 364
5573 2623
5574 2335 2602
5575 2068 2024 688
5576 337 601 1214
5577 2734
5578 2448
5579 423 119 2596 2661
5580 246
5581 1648 1200
5582 2387
5583 1299 232 2422
5584 2638 2098
5585 2827 2913 2216
5586 2123 2992 2961 2456 2424 160
5587 2078 2133 1556
5588 1310 2282 1255
5589 969 2810 447
5590 1768 247 2968
5591 562 682 2745 768 579
5592 962 2908 566
5593 452 1647 1148 1280
5594 1811 1011 1533 2845 2083
5595 1926
5596 404 2920
5597 242 2843
5598 1292 118
5599 1336
5600 2055
5601 1666 82
5602 255 912 2569 2365
5603 402 1057 56 1241
5604 1280 92 1662 823
5605 2259 2390 2783 2480 2535
5606 36 2283 2782 831
5607 990
5608 2208 1946 1677
5609 2044 673 1443
5610 2694 1205 351
5611 1283 526 2437 550 1094
5612 1814 1273
5613 2157
5614 1062
5615 225 348 1313
5616 1989 2884 250 153 1546
5617 1817 1252 2761 1499 2204
5618 1472
5619 1977 205 959 1061
5620 1601 1356 422 1061 2235
5621 1502 2419
5622 2435 1559
5623 1400 2032 189
5624 2458
5625 149 472 885 638 1280
5626 896 1306
5627 2785 1862 2651
5628 1860 2593 2329 1704 2413
5629 2621 1705
5630 2718 27
5631 81 2241 2054
5632 1786 1067 2062 1774
5633 2408 265
5634 686 2764 1321 2726 563
5635 2372
5636 757 2868 2013 2021
5637 745 1160 1386 1409 2297 2682
5638 2925 1610 545 2011
5639 768 2712 1906 424
5640 1852 2544
5641 1186 2312 981 2869
5642 440 2895
5643 2507 17 859 1656 2035
5644 1399 1350 1444
5645 226
5646 2196 2783 2548 1044 1157
5647 2428 1285 2455
5648 302 473 2111
5649 388 2339 1258 2723
5650 830 512 822 1874
5651 2495 2588 2679 270
5652 1888 2273 2205 1530 1323
5653 2784 1437 1763
5654 2186 2939 2144 184 1752
5655 1968
5656 1727 1592 1501
5657 1320 1689 1737
5658 1287 2899 85
5659 1565 236 129
5660 1260
5661 1897
5662 904 2555
5663 2680 326
5664 1416 152
5665 2620 1122
5666 1729 1838 848 1692
5667 2527 203 2393 629 391 463 2460 162
5668 321 2609 1888 2885
5669 1130
5670 2080 2508 1586
5671 1331 1370 1183 1389 2294
5672 1734 432 122
5673 2992 2993 1340
5674 1291 1818 1725 1294 1076 2825
5675 200 485 672
5676 143
5677 1826 2948
5678 1584 1011 48
5679 2254 547 2856 1822
5680 1428
5681 618 143
5682 2307
5683 584 1051 1423
5684 2124 2426
5685 2947 1889 153 745 1628 2862
5686 2341
5687 2749 1257
5688 1639 2406 1479
5689 1288
5690 1265
5691 812 2692 2985 2106
5692 1624
5693 2807 599 931 570 41 2786
5694 1959 2454
5695 646 1734 688 2702
5696 2412 2145 2799 1616 1391 696
5697 1322 635 1408
5698 1195 949
5699 2390 1923 789
5700 401 684 335
5701 2146 2516 2196
5702 2836
5703 2148 1005
5704 1368 1025
5705 2047 43 1113
5706 839 2481 1562 2061 712 2150
5707 2706 1614
5708 2805 2008 719 2335
5709 1452
5710 750 1722
5711 1599
5712 681 310 1986
5713 1429 1203 241 1949
5714 1398 81 2610
5715 1216
5716 768
5717 904 2870 1186 244 2854
5718 903
5719 1358 1814
5720 2579 435 2820 573 2130
5721 1322 1995 1517
5722 1805 2833 1226
5723 2581 1102 324 2895
5724 1938 845 1514
5725 2381 1998 1374
5726 115
5727 1106 2688
5728 1274
5729 1706 2721
5730 1266 897 2705 2269
5731 2681 562
5732 2478 1657 2901 2125
5733 2357 2986 2007
5734 789 2128 941 901 171 1972 2702
5735 2663 2351
5736 127 2921 2011 2433 2423 1318 691 2327
5737 1515
5738 1437 2131
5739 1673 822
5740 2559 2073 72
5741 133 893 859
5742 2942 596
5743 2608 2468
5744 1988 2182
5745 265 1869 1986
5746 201 2385 1375 1864
5747 1525
5748 1239 1341 243
5749 2016 540
5750 603
5751 1209 1152
5752 643 808
5753 430 259 2635
5754 2173 2590
5755 945 1681 1214 2116 125
5756 2337 882
5757 222
5758 1079 2889 721 1579 2679
5759 1774 2375 1660 2799 1966 817
5760 2654 113
5761 1909 771
5762 2314 1760 1611
5763 693 2524 1662 2935
5764 17 1485 501 1420
5765 2134 1070
5766 357
5767 2331 2703 2268 1453 248
5768 2082 1573
5769 1450 2843 402 2093 282 909 1018 2999
5770 2504 1753 800
5771 2807
5772 1067 1649 1520 1261
5773 1431 1215 2125 1502
5774 1669 1738 114
5775 2864 467 1065
5776 1807 1963 2002 2036 1542 1733
5777 2472 2789 1941
5778 1465
5779 1117 2791 2213 100
5780 628 234 1255 2328 971
5781 2556 553 2258
5782 921 1132 344 1414
5783 1694 1623 2377 2634 510 115 647
5784 690 1251 1789
5785 1445 2125
5786 1240
5787 1691 2248 970
5788 2675
5789 1164 281
5790 885
5791 169
5792 2787 683 163 1197
5793 958 2478 2583
5794 942 996
5795 2342 2717 1328
5796 669
5797 1459 309
5798 1948
5799 895 2025 1147 2217
5800 2354 2483 747 600
5801 964 1195
5802 1118 493 1181
5803 431 1644
5804 2002 598
5805 140
5806 22 2537
5807 2864 616 1576 2918
5808 2781 275
5809 2008
5810 2864 2251 2718 794 152
5811 660 2094 1845
5812 2451 1735 411 1401 2804 97
5813 192 1948
5814 2423 2766 370
5815 1347
5816 1230 1486 910
5817 2817 1115 1872 2951
5818 991 1478 2853 2314 1507
5819 2861
5820 2505 542
5821 1009 2609 1724 1884 2498
5822 1001 2329
5823 2409 1460 751 212
5824 2184
5825 1012 2533 1527
5826 1011 2266
5827 2137 1848 211
5828 2035 59
5829 392
5830 375 1396
5831 1073
5832 2002
5833 1100 2595 1924 185
5834 137
5835 2674 2429 2067 653 1687 838 2994 1961 1010 1278
5836 2631 1190
5837 2204 1404
5838 1012 2719 2728
5839 2972 952 1719 961
5840 1420 2650 2271 662
5841 343 1698 2624 2647 2668
5842 2306 200
5843 1915 2199 2855 1987 805
5844 2168 2694 2799 600
5845 1583 2753 490 2443
5846 1589
5847 2071
5848 2425 1445
5849 2665 1384 1389 2358 2761
5850 1974
5851 2344
5852 2314 593 681 1538 2959 1637 175
5853 2246 787 136 1979 1257 117 699
5854 922 1738 624 778
5855 2154
5856 2844 2908
5857 154 2379 799 2473
5858 2443
5859 2561 1021 2765 1571
5860 2763 384
5861 110 1403
5862 1068 323 464
5863 1019 2811 2857 1444 1734 2601 2612
5864 391 1459
5865 1603 1284
5866 560 920 255 2454 1995 1237
5867 1134
5868 2603 1389 2336
5869 844 2439 487 1991 800 1559 2470 2863 670 2584
5870 2153
5871 2954 2022
5872 2121 516 35 2830
5873 2541 2179 444 270 88 1986
5874 922 2797
5875 2687 2024 2623 518 1001 1773 1223
5876 2673
5877 585 1177 1751 645
5878 1219
5879 938 1154
5880 1310 467 1191 1541 2380
5881 2263 1755 27 808
5882 972 1748 877 1952 885 2580 2815
5883 385 1246
5884 1081 536 1416
5885 1339 1874 490
5886 945 762 391
5887 2532 2520 1825
5888 911 2744
5889 1868 2225
5890 1201 2495 2971
5891 610
5892 2785 488
5893 2335 79
5894 654 1138 2077 360 2139 762 1455 1206
5895 1635
5896 2269 1487 1052 532 1013 1390
5897 2053 913 386
5898 1153 2018 2070
5899 2419 1537
5900 1255
5901 2407
5902 349 598 239 420 2255
5903 2211
5904 1835
5905 2740 586 1394 788 1832 813 1452 2374
5906 1388
5907 510 2527 1542
5908 2180 1333 1371 149
5909 2581 155
5910 1184 1903
5911 806 405 2758
5912 1743 982 1373
5913 1975 721
5914 1304 366 224 2832
5915 2534 1955 263 2677
5916 905 1845
5917 2077 1350 1504 2647
5918 32 1174
5919 787 691
5920 423 467 2100
5921 1439 1618 2734
5922 2110 1198 372 2153 934 559 457
5923 330 918 1235
5924 819 453 555
5925 1096 2435 985
5926 2476 134 534 208
5927 1836 316 244 2142 2110
5928 2432
5929 1119 1556 2633 1801 422
5930 1590
5931 249 752 233 2629
5932 1332
5933 2193 555 1797
5934 2775 1915 1810
5935 282 1740 1748
5936 882 1124 712
5937 1906
5938 623
5939 2450 1566 2351
5940 818 883 2684 2724 742
5941 2650 2680 503 883
5942 2896 2815
5943 2152 983 1178 219 304
5944 2903
5945 2281 1988
5946 1855 2909 816
5947 310 815 999 1642 818
5948 781
5949 2174
5950 1922 545 380
5951 2552 1376
5952 2857 170 163 2123 625
5953 1917 2572 748 1146
5954 1965 1733 2756
5955 1810 60
5956 2146
5957 1298
5958 1749
5959 2418 324 2080
5960 2027 2362
5961 2846 1000
5962 2938 2118 1007 2170 2217 1400 1307 1524 2806
5963 2097 809 2726
5964 357 1145
5965 1039 707 19
5966 1929
5967 1503 732
5968 254 1829
5969 961 2737
5970 2010 2380 519 1372 1756 1451
5971 2641 2349 949 862
5972 176 166 1325 2931 608 1243 1938 508 206 1807
5973 2465 467 1140
5974 2899 2334 803
5975 1347
5976 2110 2096
5977 2578 1959 2244 192
5978 2750
5979 18
5980 2284 2593 625 2914 2804
5981 2906 460
5982 2956 788 562
5983 380
5984 1450 2637 779 1271 2739
5985 1029 769 916
5986 2807 826
5987 2970 2973
5988 1942
5989 1649 1249 1482
5990 1024 488 1505 1957
5991 1824 2661 2076
5992 1567
5993 909
5994 1441 2163 1224 2089
5995 1849
5996 477 1507
5997 1037
5998 1143 50 1166 2273 2454
5999 2311
6000 2420
6001 2334
6002 1732 1685 866 2942 1508
6003 2255 1920 1718
6004 94 1866 852 1081 651 1826
6005 993 2064
6006 257 890 1213
6007 1859 503 254 2342 1579
6008 1082 399
6009 44 2894
6010 1621 779 1265 2933 975
6011 1042 1253 2279
6012 2233
6013 696 2230
6014 2247 1570 2045 761 33 2389 5
6015 1950 2336 57 998 2695 2128
6016 1299 1875 2899
6017 2548
6018 2426 2369 759 838 1450
6019 1903 2027 2265
6020 2538
6021 1802
6022 2601 1416
6023 476 1127 2724 2842
6024 2844
6025 1814 2979 2159
6026 791 58 472
6027 1629 978 2274
6028 339 380 1017 140
6029 2161 106
6030 2912
6031 379 2842 760
6032 2178 335 1320
6033 97 775
6034 1328 1146
6035 2271 2975 343 2328
6036 858 157 121 304 2254
6037 2791
6038 2020 620 1594
6039 109 902 2951 1853 218
6040 1811
6041 2993
6042 2540 2415 162
6043 1485
6044 1286 2847 1541 1703 2617 2114 1558
6045 1160 1816
6046 127 421
6047 1587 844 951
6048 1232 1864
6049 1081 1409 2294 360 2565
6050 1861 1263 2056
6051 503 1541 2771
6052 1891 979
6053 961
6054 2349 948 1504
6055 1315 1190 1391 1700 560
6056 1273 1752 2399 103 1857 1522
6057 672 2599 2075 125 830 1885 2455
6058 1392 2157 1977 1610 172 2098 2403 1520
6059 1137 328 1450 648 921 2399
6060 2603 729 377
6061 2488
6062 1421 954
6063 1404
6064 2681
6065 542 1781 2062 1259
6066 1566 1352 468 2973 1354
6067 2229 2245 182 1552 2058
6068 1554 411
6069 1834 521 2523
6070 2792 312
6071 1758
6072 2789 1529 2611 2712 594 2730 2514 1469
6073 25
6074 1026 1366 26 1711 1851
6075 2158
6076 1369
6077 962
6078 2431 2383
6079 1425
6080 1803 2058 732
6081 1125 2586 1507 1174 2079 1457
6082 2124 936 1069 374 1228 432 1003 305
6083 2846 133 1948 1031 100
6084 261 1386 1861 2941 1381
6085 616 2001 953 2022 896
6086 2167 1803 1087
6087 1487
6088 1830
6089 2144 1879 723 1787
6090 2710
6091 2488 1165 2833
6092 2929 325
6093 972
6094 2554 953 1605 216
6095 760 2576
6096 1035
6097 131 982
6098 1046
6099 2492 2099 2463
6100 2763
6101 2563 2395
6102 210
6103 17 2746
6104 369 1558
6105 15
6106 2901 1574 2665 660
6107 753 74 2861
6108 2996
6109 224
6110 114 619 930
6111 1073 2311 2126 2219 626
6112 89 2745
6113 416 329 761 2543 2284
6114 811 1942
6115 1008 1949 367
6116 2658 1013
6117 1606 33 2655 56
6118 1378 354
6119 2319 1103 2381
6120 2717 787 905 790 2713
6121 2092 2721 2634
6122 1026 386 2084 1818 2428
6123 1915 1540 1517 2060 1453 1357 1809
6124 43 97 2886 736 2670 51
6125 2546 2795 2941 1003 2587 2707
6126 1206 2887
6127 2774 826 603 2566
6128 253 525
6129 1829
6130 221 522 2420 1784
6131 555 955 28 997 1544
6132 2530 572 2562 2246 1048 2880 2529
6133 2087 1430 931
6134 672 1653 593 1325 433 2088 2163 2370 1360
6135 2735 1051
6136 500 2715
6137 847 2405 964
6138 2842 2808 2662 69 1271 1710
6139 2052 827 2944 2199
6140 1582 377
6141 2725 1091 1375
6142 1292 177 2659
6143 2447 1907
6144 2756
6145 738
6146 1540
6147 2716
6148 1598 893 2814 1124
6149 548 603 429 1724 1941 2520 2130 499 1652 1368
6150 2526 2355 2553
6151 492 2026 1293 280 113 1018
6152 2048 544
6153 2726 2017
6154 1266
6155 1249
6156 2903
6157 2339 2591 1399
6158 513 1011
6159 99
6160 2904 1201 2083 2602
6161 355 2583 2421 257
6162 889 2014 2126
6163 2353 2671 1457 419 282 365 1775 2033
6164 1697
6165 2653 822 336
6166 1751
6167 2173 1296 1569 1135 1217 2504
6168 1467
6169 2203 1528 2848
6170 243
6171 2744 2781
6172 204
6173 1342
6174 2911 1325 2316 1168 1431 1027 1726 202 2779
6175 1501 669 1510 2413 152
6176 2419 1132 1690 1858
6177 2402 844 219
6178 1211 353 628 1796
6179 2450 599 1837
6180 318 1436 659 2098 2382
6181 1552 2065 2262 446 423 1966
6182 2681 1856
6183 332 441 403
6184 1416 1482
6185 395 552
6186 1607 1766
6187 2881
6188 1440 990
6189 1495 2764 264
6190 1462 1627 2350 292 400 2795
6191 2706 2649 1166
6192 895 1634
6193 2592 2940 2422
6194 200 2677 1029 1925
6195 1044 2653 2598 1892 1251 902 506
6196 1069 2500 242
6197 1454 2277 2152 409 790 2992
6198 2807 2121 33 2089
6199 1389 398
6200 2079
6201 898
6202 2322 1005 2060
6203 2776
6204 2137
6205 1578 2542 2708 2273 2077 2154
6206 1170 2525 1168
6207 619 1089
6208 824 1748
6209 1314 321 70
6210 1831 490
6211 2676
6212 4 67
6213 1386
6214 24 894
6215 35 1219 1723
6216 2188 2249 519
6217 328 539
6218 2204
6219 2280
6220 472 2337 2557
6221 2876 2697 377
6222 2489
6223 449 1589
6224 2813
6225 2306 862
6226 1107 2317
6227 2462 1167
6228 1343 2090 2385 1534 1675
6229 2502
6230 2353 1297 1951 698 884 1767
6231 2043 663 2483 2501 35 158
6232 1956 1595 1895 2981 2434 2895 2835
6233 1369 2258
6234 676 830
6235 1614
6236 954 1267 481
6237 1574 2083 1554
6238 2467
6239 1113 1990 1489 2222 1142 2081 2679 2418
6240 2793
6241 288 2633
6242 179 1351
6243 83 102
6244 2395 2779
6245 1308 1334 2275 1880
6246 2351 2916 1078 2000 2152
6247 2647 304
6248 1700 887 1560 1747 240
6249 1449 2172 1019
6250 2546 2282 1280 749 1492
6251 2141 2966 353 784 1550 1110
6252 1975 2683
6253 1700 439
6254 247 1999
6255 354 1701
6256 1747 275 834 777
6257 460 156 1002 606 1775 2723
6258 1613 360 1808 1522 416 2946 781 2702
6259 2007 2077
6260 1964 2982 1032 1279
6261 658 810 503 1796 1463 1715
6262 1689 359 2237
6263 2534 2554 1752
6264 2751 2207 2688 1402 1936
6265 933 842 2096 2434 1439 1303
6266 218
6267 2860 2787 895 2506
6268 2456 1240 688
6269 888 2653
6270 158
6271 2189
6272 1631 2128
6273 2187 1251
6274 566 935 1313 208
6275 762
6276 1844 2088 154 1347
6277 1470 2768
6278 2863
6279 1026
6280 2457 1534 2160 2159 1893
6281 230 1815 659 2709
6282 630 1949 698 829
6283 463 2466 1563
6284 922 212 1138
6285 2515
6286 2097 238 2815 361
6287 2334 1335 1883 1546 2814
6288 965 560
6289 1848 1695 690 25 68
6290 1197 1449
6291 715 2929 2959 2510
6292 2897
6293 527 2131 1970
6294 867 264 2049 1791
6295 2133 1204 293
6296 2781 1094 1912
6297 2196 2446 1776 1596
6298 2719
6299 1422 155 1269 2439
6300 2048
6301 1451 1225 1121
6302 2382 2102 365
6303 2006
6304 821
6305 1088
6306 2198 82 1737 1604 862
6307 1560
6308 1418 2364 2347 1225
6309 384 1500
6310 588 509 2915 1834 2940 2448 2380 2029
6311 1642
6312 2086 1066 1732 1903 1978 1319 1518 1408
6313 1970 2718 2096
6314 1228 2099
6315 136 947 2960
6316 2400 1647 325 956
6317 2181 1022
6318 2595 1099 150 508
6319 1523 1337 965 1146 60
6320 2193
6321 9 1907 2655
6322 2066
6323 498 2588 1349
6324 1140 759 573
6325 355
6326 763 2155 507
6327 1879 926 2898 2464 1482 1129 368 2156
6328 1713 750 423 322 2758 1039 121
6329 288 2171 1588 1735 595 724 2153
6330 2570 2550 2941 567 149
6331 2632 944 1779 535 894 2957 1140 2570 978 2547
6332 135 1587 2752
6333 2017 484 2259
6334 1627 2099 1204 1466 1730
6335 1432 647 1012
6336 1236 403
6337 990 666 1966 417 1616
6338 1449 838 2998 2210
6339 1495 1304 675
6340 1073
6341 2114 2274
6342 1292 2621
6343 1054 1176 2332 1206 951
6344 2918 1038
6345 1311
6346 1491 700 1862 266 2305
6347 1121
6348 1670 1234 658 2079 198
6349 2566 2500
6350 655 2092
6351 1254 2105 921 2972 1943 2116 353
6352 2569
6353 1414 2117 1182 1268 514
6354 1736 484 1615 289
6355 2404 2189 357 330
6356 1643
6357 2194 947 1040
6358 2714
6359 2305 2021 1147
6360 1097
6361 272 2533 1043
6362 2919 2855
6363 95
6364 407 1192 1125
6365 2554 2974 1424
6366 633
6367 1693 539 2502 2815
6368 1342 3 1425 2246 911
6369 2073
6370 1001 2516 1440 1787 1231
6371 2842
6372 2732 2408 1655 2805
6373 830 1523 1852 1930 2107 2281
6374 1322 2019
6375 1350
6376 2640
6377 395 997 202 2275
6378 757
6379 867
6380 2125 501 2967
6381 2448 220 103 2329
6382 207 200 955
6383 820
6384 2136 2653
6385 1946
6386 713 427 96
6387 2203 376
6388 1118
6389 1456 1040 2840
6390 1369 668
6391 2568 2371 1142 2906
6392 1174 584
6393 2123 2026 2794
6394 67 2065 2023
6395 92 527 1338 2900
6396 1901 835 2274 656 854 2261 1806 632
6397 2475 1078
6398 2474 1045 2307 1509 1467 2489
6399 1171 1434 1592 2295 915 889 2563
6400 2156
6401 932
6402 1265
6403 193 859 1238 2803
6404 2494 2898 1967 932 2972 1819
6405 2231
6406 354 2652
6407 1094
6408 611 80
6409 1582
6410 46 421
6411 2733
6412 674 457 425 1446
6413 156 1783 1714 244 1250
6414 657
6415 1503 100 1520
6416 1283 1973
6417 295 1022
6418 581 2390
6419 626 387 2433
6420 2059 2507 158 1065
6421 1138 1019 944 433
6422 569 2048
6423 2741 1516 2896 2255
6424 290
6425 1032 1281
6426 250 2011 1581 497
6427 683 469 561 932 985
6428 1175 1582 2833 2971
6429 1432 2018 526 1440
6430 2840 2366 364 2150
6431 1510 2584 1392 2546
6432 255
6433 108 2425 683 442 832
6434 50 104 2963
6435 921 2625 1489
6436 918 682 1998
6437 636 1569 1339 1928 1745
6438 2760 1200
6439 814 913 2941 543
6440 2700 2012
6441 1480
6442 228 975 1528 691 2127 688 1944
6443 1619 769 424 966
6444 2025
6445 1654 1760 2382 1104 2291
6446 1671 396
6447 1167 2922 1436 1471 326
6448 586
6449 2742 12 2828
6450 706 1440 2304
6451 688 99
6452 1189 2219 2321
6453 2247 898 1088 2200
6454 1076 863 1852
6455 1369 157 517 397 1726
6456 385 1241 665 1248 1618
6457 527 2963
6458 2046 2950 1238
6459 1287
6460 804 226
6461 1885 605
6462 118 2906 2777 2097 307
6463 2241
6464 2429
6465 2212 2970
6466 1862 661 2247 1910 56 2977 361 2337 1285 948
6467 393 135
6468 2137 240 2777 828
6469 61 1378
6470 1188 1271 113
6471 395 393 2409
6472 404 414 2631 765 130
6473 2933 1680 926
6474 772 1309 530 759
6475 320 906 60 989
6476 154 656 579 721 1169 1023 870
6477 1263 432 2151 2045
6478 1943 240
6479 1427 1617 593
6480 195 2369 398
6481 2528 2088
6482 145 2512 1830 1826
6483 1161 2496
6484 2542
6485 2324
6486 377 1059 2297
6487 1041 1220 1237 2894
6488 2700 2787 1311 747 543
6489 1305 1703
6490 2469 509 1968 698
6491 1627 1493 1917 890
6492 495 412 2996 284 705
6493 2343 1803 2717
6494 1862 1710
6495 2860
6496 562 1790
6497 6 126
6498 1349 2710 535 1592 598 2921 1679
6499 1950 952 1716 1994 2531
6500 2060
6501 2041 1638 568 2186
6502 2173 1987
6503 212
6504 848 719 2605 996 802 2656 688 2927 803 2237
6505 2711 1760 2702 1481 2672 1886 1041 40 1002
6506 150 1222
6507 2828 1460 989
6508 2376 1970 2710
6509 2870 1081
6510 2883 435 689
6511 712 2250 2217 32
6512 557 1071
6513 1773 1488 800
6514 2982 1692 1188 2002 1211
6515 1406 2409 1789
6516 2631 2417 1851 2518
6517 31 2153 536 2504 2077 935 575
6518 2364 2932 1244 854 597 2111
6519 1020 2073
6520 1461 2177 2272 2399
6521 2738 2388
6522 541 2645 2195
6523 2586 1323 1617 1444 2155
6524 2840 1217 2615 876 2841 1077 492
6525 1567
6526 2793 606 1001 2270 1992 2547 1128 2959
6527 1056
6528 2302 2367 2932 1300 1402 1066
6529 1724 1935
6530 937 2771 137 1430
6531 886 1181
6532 1698
6533 2956 1160
6534 625 281
6535 533 2724
6536 1755 1735
6537 2578 2179 1153 425
6538 2044 1301
6539 2559 585 2411
6540 2131 23
6541 1740 808
6542 2876 1370 603 2215 936 2277
6543 1028 1338 2539
6544 1379 1193 2717
6545 2922 1288 2478
6546 81 2510
6547 340 2816 917 2608 1218 1177 576 794 211
6548 342 2360
6549 166 540 1097
6550 1085
6551 840
6552 1265 1127
6553 2435 2760 1108 2975 244 2296
6554 416 719 1340 1712
6555 747 838
6556 1789 2541 2611
6557 2206 110
6558 259 788
6559 1171 1828 2731 1658 856
6560 1102 1186 2254 1635 1309 1164
6561 1586 2150 603
6562 712 2034
6563 1799 573 1964 963 2390 872
6564 1353 58
6565 2390 2657 1449 2613 22
6566 1025 63
6567 1759
6568 239 2626 2594 358 2955
6569 78 2111 2735 2967 1894
6570 2588 1480 2424 781
6571 2812 1652 2308 206
6572 2791 1598 434 565 420 2798 2108
6573 235 2457 190 1306 2610
6574 1357 1306
6575 2343
6576 311 1683 9
6577 2630
6578 1034 1214
6579 1209 743
6580 1953 1918 57
6581 424 2705 752 636 689 1176
6582 2132 965
6583 1972 2600
6584 1098 1151 1616
6585 50 1487 2473
6586 1924 2101 1159
6587 1317 1722 1462
6588 1536 809 2517
6589 2497
6590 1954 798 1045
6591 2508 398 807 1653
6592 2408 2685 2072 1412
6593 900
6594 450 2444
6595 2051 389 925 1014
6596 654
6597 1417 2090 838 2855
6598 2693 1264 918 2283 1671 2790 229 436
6599 2295 572 563 2543 714
6600 342 2799
6601 2937 735
6602 2494
6603 1146
6604 755 1063 287
6605 206 842 949
6606 1592 2179 1703 514 2537 2640 747
6607 165 1106 101 947
6608 995 2513 1717
6609 1867
6610 132 2383 1253
6611 1185
6612 148 1635 1063
6613 2691
6614 1372 2227 865 1251 768 868
6615 644 1606
6616 2474 1845 632 2301 1412
6617 574 1312
6618 1449 280 598
6619 1227 271 27
6620 750 287
6621 2470
6622 1729 1377 819
6623 907
6624 1596 2931
6625 44 1598 146 2909
6626 39 343 1974
6627 1034
6628 2006 2676 1187 322
6629 2702
6630 18 2330 466
6631 2064 2044 2619
6632 2522 698
6633 115 2759 512 1245
6634 1366
6635 813
6636 633 1342 1953
6637 979 916 184 1375
6638 1848
6639 2743 1678 1275
6640 2068 585
6641 1183
6642 579 2238 1155
6643 1955 2878 2781 1815
6644 28 405 1737 1563 434
6645 2579 444
6646 778
6647 23 1618 1951 2491 2257 776
6648 1134 1704 184
6649 200
6650 2555 2755 1162
6651 2399 497 2568 2864 1998 2393
6652 827 620 1617 1300 1840 1706
6653 2047 1677 395
6654 2500 2099 2145
6655 2969 2675 534 772 2101
6656 2953 472 1176
6657 2564 1371 2504 976
6658 831 1035
6659 914 751 1655 1954 1405
6660 897
6661 2854
6662 721 2174 2864 1947
6663 1446 1239 1918 947
6664 1223 2130 775 1498
6665 2667 1970 828 418
6666 1052 1315
6667 2494
6668 2164 2970 2776 2421 1104 2891
6669 2808 1036
6670 977 1568
6671 1857 565 2106
6672 1359 197 2626 801 1411
6673 2222 42 2249
6674 2312
6675 2038 2039 450
6676 462
6677 2509 2266 329 464 1447
6678 1247 1450
6679 1247 1057 2036 986
6680 1994 2919
6681 2302 454 238 1272
6682 986 939 2641 862 2257 2172
6683 2587
6684 2576 406
6685 1072 1295 2436
6686 2548 69 2753
6687 1822 861 1687
6688 1700 1610 1474
6689 2458 168 1899
6690 2939 2499 1316 317 108 2383 465 2818 721 2496
6691 914 502 2643 490
6692 2622 2520 2496
6693 2221
6694 2646
6695 2021 1883
6696 576 148
6697 2203 1598 1711 1531
6698 2337 1491 1231
6699 847 2457 955 2967
6700 2673
6701 2303 520 2030 1056
6702 1353
6703 341 1105 2697 102
6704 790 821
6705 558 278 2220 261 2577
6706 1246 1564 215 2318 291
6707 2607 1491 1930 795
6708 2200 1671 582
6709 765
6710 2655
6711 2797
6712 2590 1353 406
6713 2118
6714 2396 1119 2841 2141
6715 1326 28 1172
6716 2636 2532 1866
6717 120 2967 1159
6718 2897 2630
6719 243 1783 566 1895
6720 23
6721 2776 2993
6722 2585 528 2441
6723 636
6724 79 2544 2440 2268 2231 798
6725 1183 980 1911 2805
6726 2243
6727 1547
6728 1967 979 1444 1082 1164 1469 687
6729 317 1785 546
6730 2940 513 2059 1828 456
6731 1966 2421 1969 560 425 903
6732 745 1246 2399
6733 275 1015 394 2582 2012
6734 402 2396 1944 1509
6735 1913 483 616 1243
6736 400 1316 2212 1759
6737 881 1071 357
6738 2255
6739 1370 377
6740 2315 1512 2927 2036 410 346
6741 1189 2471 1825
6742 2225 172 13 2538 1853
6743 1826
6744 38 2940 666
6745 2237 1827 2135
6746 1662 2370 2674
6747 2497
6748 800
6749 956 2685 168
6750 993
6751 1434 952 469 221 2753
6752 2578
6753 2727 2985 2372 1781 2393
6754 1093 2944 124
6755 99 2397 1989 2278
6756 2028 2912 1067 2280 1349 159 2270
6757 1839 2228
6758 2257 1404
6759 124
6760 875 1380 13 2458
6761 1661 1595 199
6762 158
6763 1021 2274
6764 356
6765 115 2816 2302 961 1088
6766 1531
6767 1497 1315 1058 1708 1342 2317 1434
6768 858 1058 2109 2324 1783
6769 2623 1402 2977 1439 2023 2667 744
6770 2645 938
6771 363 2585 2269
6772 2934 691 2466 1140
6773 1184 672
6774 2799 2485 1880
6775 2839 327 201
6776 2116
6777 1567 632 1660 397 625
6778 157 458 2421 1778
6779 1765 1350 2220 2270 1573 763
6780 2469 1899
6781 2000 1682 196 766 1046
6782 771 2880
6783 763 526 127
6784 1434
6785 2751
6786 530
6787 2195 2975
6788 1031 1396
6789 1192 2166 2053
6790 333 1602 873
6791 932 223
6792 1702 1033 2695 151 1087 249 1414 2631 1396
6793 24
6794 2249
6795 2076 2793 664
6796 1712
6797 383 339 2657 31
6798 701
6799 753 59 591 25
6800 1175 2526
6801 1466 2378 1488 2218 1764
6802 1941
6803 1183
6804 2105 2239
6805 2514 1421 2242 1238 2951 1420 2359 1236 834 269
6806 1641 96 1851 2896
6807 2827 1204
6808 322 2420 1374 1553
6809 1426 1768 1079 1316
6810 83 1297 1218 2360
6811 613 2274 1547 252
6812 2422 1919 1629 1622
6813 1989 406
6814 34
6815 802 1820
6816 1108 329 2889
6817 2237 1988 2684
6818 1952 1730
6819 2971 722 1980 1733 1607
6820 609 59 352 7 2980
6821 1921
6822 1152 1028
6823 2451 1363 23
6824 512 2938 1000
6825 2724 1661 2405 2223 1658
6826 849 1158 2288 1488
6827 257
6828 854 761 1020 400 941
6829 1227 730 2118
6830 2211 675 2227 417
6831 428 1331 2922
6832 2111 1367 1708
6833 1519 1283
6834 1506 1593 576
6835 1263 2052 716 824
6836 1684 1944 1860 958 1062 1254
6837 1743 909
6838 2565 222
6839 2403 2362 2321 2087 759 971
6840 1477 1169 2490
6841 1241
6842 1493
6843 825
6844 1641 1983 2987 2675
6845 1249 1666
6846 337 866 813
6847 2948 2381 2910 545 2192 379
6848 1561
6849 681 969 1620
6850 2698
6851 1143
6852 22 1415 1855
6853 1495 1763
6854 1234 2692 1713
6855 1291 1066 2445 2522
6856 1252 692 470
6857 2810 581 983
6858 2752 553
6859 30 844
6860 2651
6861 634 2672
6862 685 1931 843
6863 2470
6864 304 2394 576
6865 1230 2387
6866 2529 579 1605 749 2581
6867 2288
6868 2287
6869 163 2591 181 2460 292 2192 287
6870 1522
6871 2790
6872 2619 454 2964 2058
6873 530 1650 556
6874 809
6875 930 1688
6876 888 1978 649 2354 2127 2068 446
6877 373 2324 799 2279 990
6878 2915 1407 1062 663 1831 2449
6879 2917 556
6880 1939 1608 1697
6881 2892 1774 2139 561 2721 1398 54 1417 31 2589
6882 187 796
6883 878 1128 154 2597 2437
6884 2475 99 17 2067 2275
6885 37
6886 2241 329 1934
6887 2337 943 1231 1276
6888 1197 2665 2888 16
6889 1551 224
6890 419
6891 2757 823 465
6892 745 358 529 2529 2928 109 189
6893 1383
6894 1455 2100 846 646
6895 1708
6896 2061 609 552 712 2839 2076 109 1692
6897 810 2375 1990 2687 1818
6898 957 1550 2524
6899 2628 917 1030 867 1750 2160 2541 1278
6900 2877 1625
6901 373 1128 2121 2382
6902 2202
6903 106 97 843 534 2292 2890 2629 602
6904 1603
6905 1784 1166 2867
6906 292 667
6907 4 32
6908 33
6909 2388 204 2040 1328 592 1191
6910 1733 849 2672
6911 1669 383 1783
6912 2600
6913 2087 1015
6914 1105
6915 969 1290 1677 2728
6916 448 1215 2919 1406 1187
6917 304
6918 1993 502 1697 2719 2031
6919 2006
6920 1742 1476
6921 1295 2456 639 117
6922 1886 26 1839 1086
6923 2915
6924 599 1930 1870 2387 878
6925 1391 1074 143
6926 528 1150 494 136 2985
6927 62 1919 2805 288
6928 1303 2295 1105 1879 1308 2638
6929 448
6930 567 1136
6931 1365 1631
6932 1468 1409
6933 2260 2019 271 695
6934 1348
6935 2479 2557 2950 2472 883 2767
6936 1203 1041 2465 2373
6937 2468 842 2993 464
6938 1049
6939 2224 2967
6940 1232 2450 2853
6941 2653 1883
6942 1860 1967 2759 940 340
6943 891 1532 2371 1258
6944 1443
6945 2981 298 2351 767 1417
6946 178 2780 244
6947 115 2519
6948 1931 2772
6949 2618
6950 242
6951 849 909 2327 1091 2185
6952 401
6953 359 683
6954 138 1480
6955 522 2778
6956 1324 97
6957 2412
6958 2933 1341 1649 1931
6959 2054 1567 115 1016
6960 514 1565
6961 2473 532 1071
6962 1030 2227
6963 586 1701 2144 1668
6964 721 2014 2693 1552 1503
6965 150 2747 95
6966 1009 546 288 2789 1622
6967 894 1693 2244 1172 2818 1398 788
6968 1250 605 2181
6969 2335 540 422 517
6970 2660 2808
6971 1708 1074 535 2906 1005 315 1916
6972 1556 2830 2349 2769 2775 676
6973 1067
6974 591
6975 2791 2880 2429
6976 2282 286 533 2164 2747 1986 494
6977 1812 2049
6978 1768 2998 1155 2044
6979 191 1231
6980 833 221 2892 141
6981 967
6982 534 2831 814
6983 1140 482
6984 1158 975 167 1555 511
6985 1768 1639
6986 1981
6987 2823
6988 1941 604 1048
6989 1568 994 1639
6990 946
6991 2737 1848 960
6992 2218 1397 434 2413 127
6993 979 2569
6994 2303 2784 1761
6995 1075 1024 2696 1840
6996 99 1235 1317 1337 1436 2911
6997 2059 2014 2802 604
6998 1335 727 2514
6999 2976 272 1260
7000 1204 1569 2825 2343 338 1128
7001 2206 773 2872
7002 2883 1413
7003 2671 1360
7004 2397
7005 593 1877 2116 2868
7006 267 1695 41
7007 2405 2666 404 2554 1559
7008 1885 1700 1 1914 2556 2495
7009 2599
7010 2080 2506 1415 2836
7011 692 2508 1848
7012 2996 2302 723 2253
7013 1957 1622 466
7014 960 2820
7015 422
7016 2313 2874
7017 2535 20 1047
7018 1113
7019 370
7020 2914 2024
7021 2650 323 2682 514
7022 2973 2698 1591 1038
7023 672 1892
7024 1858 1431 1899
7025 2795 2142 1138 2370 1602
7026 1573 1544 1089 2204 1208 2825 1994
7027 1743 1819 1681 883
7028 280 2519 2315 917
7029 82 761 436 111 34 487 2447 1793
7030 1172 2462 1384 2515 199 1320
7031 2983 2543
7032 441 2414 2058
7033 2353
7034 1940 1639 939 1823 2725
7035 2614
7036 2101 2163 553
7037 2253 2205 2360 1691 1745 179 1679 1458 1799
7038 1188 222 2535
7039 535 2928 193 205
7040 2226 1990 2955 409
7041 2704 2155 640
7042 1341 742 2820 2602 2983 2494
7043 1753 517 2856
7044 1331
7045 2356 2361 2571 1179
7046 290
7047 1006
7048 902
7049 1486 2265
7050 2430
7051 1399
7052 2752 1438
7053 1793 1569 1971
7054 1805 1674 413
7055 577 1746 2701
7056 2932 1022 736 769 635
7057 1046 1896
7058 2872 741 2482 627
7059 344 2194 2613
7060 2188 1802 1892 1137 612
7061 2709 1662 2361 1521 2759 2978 72 1930
7062 729
7063 1601 2885 419 33 52 1644
7064 1342 2398 1101
7065 1245 2321
7066 2491 2212 1856 2843 134
7067 1698 19
7068 135 1511 1107 1648 865
7069 426 469
7070 2480
7071 2399 634 1706 2358 1634
7072 2478 2544 1926
7073 2165 2268 541
7074 706 756 235 726
7075 45 602 292
7076 2509 2230 1229 447 912 2204 933 630
7077 1385 520 2125 67 2898 2193 2459
7078 2892
7079 72
7080 670 2154 1151
7081 2300 2691
7082 247 2593 464 2519 1503 2149 2163 2188
7083 2391 2482 827 1585 2713 100
7084 466 2126
7085 1687 563
7086 357
7087 1699 2320
7088 2418 2745
7089 1814 2741 1056 2476
7090 1543 552 445
7091 675 1924 1445
7092 2140 1014 494 1111
7093 2539 75 555 2083
7094 1372 2407 478
7095 2921 2534
7096 1713
7097 1791
7098 2214 686 2268
7099 1195 1589
7100 1759
7101 1778 1372
7102 595 2851 103 2746 1737
7103 2241 2524 1600 52
7104 863 2015 2447 129
7105 2395 501 2636 625
7106 1395 1959 1036 2004
7107 2587 182
7108 1744 2404 2081 1571 2576
7109 2050 2960
7110 1433 2348
7111 475 523 803
7112 712 2388 1266 634 2003 2591
7113 204 2600 1722 1393 648
7114 289 2916
7115 2034 2912
7116 2406 1310
7117 1159 516 306
7118 2530
7119 2725 1139 1664
7120 1393 2469
7121 1643
7122 2135 1272
7123 405 836 1314 582 2704 312
7124 1845 695 1603
7125 1833
7126 1310
7127 892 1632
7128 2595
7129 2319 2894 1442 141 789 1884
7130 1201 2299 1429 491 1151 1971
7131 2444
7132 2804 568 2021 55
7133 2852 1049 2101
7134 1038 2944 2901 273
7135 2251 1847
7136 1632 2451 2709 1211 1761 1673 2138
7137 832 2539 1630 2849 1564 2302
7138 241 1468 2483
7139 791
7140 2623 2840
7141 783 2346 100
7142 673 402
7143 2301
7144 808
7145 742 2554
7146 2238 289
7147 2812 2391 1428
7148 1164 440 2424 1255
7149 2263 247 2637
7150 1132
7151 626 277 2424 2927 2067
7152 2356 1048 1388 2297
7153 1464
7154 1020
7155 362 1152 950 241 1121
7156 32 664 892
7157 2471
7158 2013 2457 82 503 832
7159 1881 1704 308 2836
7160 2146
7161 1482 435 2928
7162 1392 1546
7163 2602 1111 303 1666
7164 2075 1726 2328
7165 958
7166 1805
7167 280 668 66
7168 1631 20
7169 2215 1072
7170 1080 808
7171 2037
7172 1381 2766 384
7173 122 506 774
7174 2155 1613 1795 1892 2574 112
7175 1673 1732 652 618 848 2974
7176 2232 669
7177 1874 194 1569
7178 2285 349 119 1559
7179 1982
7180 2978 2885 315
7181 2142 2645
7182 465
7183 1219
7184 743 2481 2416
7185 2702
7186 2020 2394 2774 610
7187 637 2525
7188 2867 1231 412 252
7189 524 721 1629
7190 1798 2261 2995 1640 2798
7191 708 2694 1162 331
7192 1547
7193 852 2998 1007 2043
7194 228
7195 415 937 1744
7196 2327 1022
7197 470
7198 635
7199 969 1858
7200 937 1241 2520 1031 1729
7201 2327 84 1568 2584 2009
7202 2626 822 1427 118 2809 2739
7203 1633 2648
7204 2162 1991 145
7205 2345 1964 2794 1277
7206 1951 875
7207 484 57
7208 1551 1194 1737
7209 2681 2986 722
7210 460 2790
7211 2586
7212 2562
7213 622 2988
7214 1440 732
7215 2886 2207 2157
7216 829
7217 1361 543
7218 870 728
7219 879
7220 2675 2256 1889
7221 2962
7222 248
7223 2700 238 988 1602 260 1503 2357
7224 350 2688 1242 556
7225 617 2204 2871 839 654
7226 2636 2972
7227 1083 923 99 1085 2127 2336
7228 182 1766 1278 1521 1490 2856 151 738
7229 1754 2654
7230 2935 1943 2895 2308
7231 2967 1119
7232 2529 1732 2622 66
7233 2421 1828 2968
7234 1654
7235 1343 717 1032 1502
7236 2798 2752 27 354 2561
7237 1969 2712
7238 1479 2452 37 1546
7239 1408 2243 2575
7240 2210 1546
7241 193 220
7242 2903 2226 1558 1730 2709 2117
7243 2672 1794 1026
7244 1333 2392
7245 2543
7246 39 947 2532 2165
7247 1330 1978 1919 479 191
7248 2226 1902 2003
7249 481 328 2384 193
7250 2893 44 1564 908 454
7251 1834 253
7252 1582 1523 1255 274 1219
7253 1845 877 1533
7254 675 1375 2236 63
7255 1868 1220 1433 1851
7256 570 1669
7257 601
7258 2767 2663 1712 318
7259 1330
7260 294 844
7261 2571 755 1067 65 891 1367
7262 1058 1526
7263 2254 943 2266
7264 2304 2765
7265 43 1116
7266 263 1483 2168
7267 349 2743 1245
7268 1947 2810
7269 2413 1137 409
7270 2979 639 1334
7271 107 2937
7272 2287 575 2850 2069 2649
7273 1422
7274 1508 287 982 2165
7275 1915 2758 265 1161 2800 2559 1963
7276 724 68 1468 1294 1069 2414 2857
7277 2374
7278 1473
7279 580 2255
7280 697 652 2100 158 391 2404 1137 2893
7281 1945 797 1856 171
7282 495 1184
7283 2269 95
7284 382 1361 117 1384 969
7285 742 2674 2082 2956 1759
7286 2148 1419 1812
7287 1917 530 903 2958 1753
7288 2876 2937
7289 1185 2427 1804
7290 1415 1344
7291 396
7292 691 2169 499 777 140
7293 1695
7294 2012 1122
7295 2657 2305
7296 90 521
7297 409
7298 1785 2072 2914 1285
7299 1405 2062 303
7300 523
7301 2978
7302 1034 763
7303 618 772 1825 320
7304 1156 428 1543 569 1197 1219
7305 1861 1443
7306 2293
7307 178 2329
7308 1497 962
7309 1877 524
7310 1250
7311 72 2711 1369 1680 771 1435 2878
7312 2730 1338 1501 952
7313 2497 314 54 248
7314 623 0 2914 2547
7315 226 983 330 2406
7316 2871 85 1545
7317 421 1254 75
7318 1914 1976 229 1691 392
7319 1675 2368 2583
7320 1641
7321 2352 2958 544 923 1034
7322 1280 2304
7323 1423 2233
7324 1509 51 2593 2558 972
7325 740 120
7326 933 550
7327 389
7328 2642
7329 1553 884 1697
7330 2702
7331 2043
7332 1369 1479 134
7333 789
7334 2808 2065 113 2216
7335 505 1490 286 2878
7336 2003 374 2972
7337 2716 2806
7338 406
7339 1092 2114 159
7340 2635
7341 934 2189
7342 1460
7343 2527 1778
7344 2496 684 1397
7345 1996 391 1544
7346 1047
7347 2466 1608
7348 2057 2965
7349 1701 1553 715
7350 2135 2063
7351 898 1185 339 490
7352 221
7353 733 1431 743 2283
7354 2230 363
7355 349 2270 373 291 1277 817
7356 2197 1856 580 884 179 2674 1424 2769
7357 421 1821 1921 1986 356 218
7358 1796
7359 172
7360 1581 669 1919
7361 1933 2121 1084 1233
7362 1475 907 831 1079 987 1424 2710 1240
7363 1282 2027 2996
7364 1996 1234
7365 1413 1767 575 107
7366 1939 2410 123 455
7367 797 2688
7368 411 1456 504 2664 1726
7369 1163 1784
7370 781 434 2395 2992 2381 828
7371 1340 1653 1279
7372 2276
7373 2822 1771 2994 1895 1988
7374 1472 1064 834 2708
7375 2005 1637 1292
7376 570
7377 2858 1632 1300 1619
7378 2934 635 428
7379 156 1005 908 4 632 39 2176 2838 1665 2800
7380 2028
7381 1612
7382 614 2641 1298
7383 2375 1703 2475 1473 1718
7384 246 1222 2147 2019
7385 2863 872 2630
7386 1002 2442
7387 2335 859 1351 1719
7388 2604 1869
7389 1262
7390 711
7391 1117
7392 1408
7393 1731
7394 162
7395 1463
7396 1623 1803
7397 895
7398 2488
7399 102 2423 2666 378 2613 2523
7400 168
7401 1727 877 2949 1830
7402 2531 324
7403 1356 2847 836 519
7404 1817 2965 1355 2907 2179 2349
7405 682 1637
7406 966 1315 1284 428
7407 782 2963
7408 1048
7409 2350
7410 1865 1514
7411 1383 987 608 2558 2052
7412 242
7413 381 2861 2099 2235 2197
7414 2423
7415 693 506 1320
7416 1254 1859
7417 2084 2989 2488 1825
7418 1161
7419 1585 1573
7420 1000
7421 62 1376 741
7422 1309 2416 2796
7423 1471 905 30 703 24
7424 1219 1922 545
7425 2660
7426 1182
7427 2701 2839 1760 2547
7428 538
7429 94 432 2611 1978 2213 2699 183 2232 2251
7430 174
7431 1907 2047 2959
7432 2987
7433 306 5 2876 2109
7434 1390
7435 16
7436 2401
7437 2603
7438 2363 2002 1589
7439 835 1743 299 2889
7440 317
7441 2980 2753 2628 2907
7442 550 2485 1450
7443 2306 2481 2213 141
7444 427 597
7445 2566 2969 2048 45
7446 832 2233 174 47 2376 1982 2784 559 1731 2628
7447 1772 245
7448 980 1423
7449 1309
7450 1630 798 2669
7451 1094 2715
7452 374 1610 2587 2678 1450
7453 1384 2016
7454 1985 1136 2192
7455 2886 2271 2005
7456 42 536
7457 2868 1538 1669
7458 1771 603 1655 2099
7459 2037
7460 2399 1051
7461 790 1850 1083 1740
7462 823
7463 2314
7464 1604
7465 426 1939 2034
7466 564 1801 616 886 2488
7467 2695 78 2258
7468 617 193
7469 2906 1726 2681 1210 300 899
7470 1426
7471 2959 2069
7472 87 2584 1092 683 2000 2427 1178
7473 1137 2341 2951 208 930 2233 667 1151 1351
7474 2014 881
7475 2098
7476 1819
7477 1296 193 1448 979 2258 1670
7478 2515 2656 1367
7479 2804
7480 147 2709 1833 2768
7481 1781 1483 2018
7482 1340 1517 1795 968 1485 2714 1407 371 2241 2742
7483 2523
7484 1982 2994 322
7485 1579 2411 1908 1043 1351 2547
7486 1476 2778 2939 2637
7487 2251 1025
7488 2946
7489 2619 80
7490 1053
7491 682 1412 2216 2278 1905 103
7492 1704 892
7493 1638 1126 254 1565
7494 271 1336 2745 787
7495 1513 2594 886 557 2468 1645 1887
7496 2772
7497 837
7498 2649 1720 2983
7499 1797 1087 1590
7500 1343 689 1898 2488 1404
7501 9 1591
7502 782 1997 1595
7503 123 1876
7504 1785 2284 1895 1775 2571
7505 2517 1073 2103 1000
7506 906
7507 547 2196 2351 8
7508 2250 988 1994
7509 2295 2647 782 2368
7510 1770 1399 2694 2078 1296 2004 1024 1207
7511 71 933 1432 2749 1596 2780
7512 2323 2862 1742
7513 2885
7514 586 373 214
7515 2936 438
7516 1508
7517 1659 1381 2165
7518 1268 717 331 2837 192
7519 2087 883
7520 2320
7521 1835 331 1194 2518 1206
7522 1468 2330 2275
7523 1899 2504 709 938
7524 841 906 1394 2199 265 125 613 621 233 1853
7525 139
7526 2625 2819 988
7527 1881
7528 299 572 1021 1995
7529 1465 2664 444 489
7530 295 1153 1435 2445
7531 2804 1069 1868
7532 774 388 2989 1468 2422
7533 2049
7534 2430 2608 2107 1854
7535 714
7536 230
7537 2267 770 2477 2140 529
7538 138 426 1500 1742
7539 398 1559
7540 1548
7541 2577
7542 2015 985 2338
7543 1384
7544 1439 1597 2607
7545 2700
7546 61 219 2897
7547 1574 314 2480 2919
7548 2846 1843 1979 754
7549 637
7550 2064
7551 1869
7552 2326 1567 871 1956
7553 2644
7554 930 521 558
7555 863 764
7556 899
7557 423 1029
7558 565 1345 486
7559 786 1690
7560 2818 2648 1813
7561 25 978
7562 2865 2980 2778
7563 2938 2300 767 267 1281 2207 756
7564 2204 1291 1216 2201 1090 1205 1642 2869 2492 2018
7565 477 1549
7566 718 73
7567 125 1454
7568 352
7569 341 811
7570 1290
7571 1006 707
7572 520 414 511
7573 553 340
7574 2664 21
7575 1537 191
7576 707 977
7577 2983 2118 1733 297 2161
7578 2203 1177
7579 2568
7580 739 424 568 2369 112 676 1063
7581 450 2930 918
7582 1032
7583 1882 799 2251
7584 779
7585 2751 960
7586 2702 801 1995 2761 2086 466
7587 1402 1022 439
7588 2715
7589 2805 614
7590 1392
7591 1835 695
7592 1506 829 541 1755 657
7593 2802 2596 2799 396 2957
7594 1038 364 987
7595 1366 547
7596 1590
7597 2151
7598 15 2191 2402 978 2442
7599 1271 880 1603
7600 2050 487 2935
7601 2106 1559
7602 2712 1827 537
7603 2181 1672
7604 1158 1449 648 1994
7605 74 1893 1521 1051 135 2137
7606 2438 2242
7607 2551 1116 2141 180 2874 2495
7608 94 2876 1920 1287
7609 2890 2649
7610 2400 346
7611 2316 1991
7612 586 2867 1892 254 2046 2627 2453
7613 774 52 115
7614 558 2066
7615 1976
7616 2148 2205 1862 1741
7617 1434 1133 2201 353 2031
7618 257 2333 819 630
7619 2313 1212 2853
7620 2313 1073 941
7621 2443 376
7622 2274 2889 304
7623 2029 1617 1605
7624 173
7625 801 2186 694 139 1141
7626 2676 683
7627 1653 301 1756 2633
7628 214 291 2688
7629 269 2654 858
7630 1388 1736
7631 1985 859 1100
7632 267 2479 2341
7633 1291 2569 2813 1588 1339 2356 2286
7634 2671
7635 1102 2467
7636 2152
7637 1266 2416
7638 2705
7639 1445
7640 2533 128 1354 2686 2950 1822
7641 305 2618 2782 2864
7642 1904 2512 1097 2743 399
7643 253 260
7644 1878 2432 2377 1112 571 816 1107
7645 1845 823
7646 415 767 1454
7647 1075 1970 1527
7648 159 1274 2140
7649 1292 579
7650 2488 2161
7651 2701 1536 1091
7652 2331 1036 2025 544
7653 2333 2618 557 1733 984 2117 1798
7654 1707 982 1004
7655 2492 1966
7656 806
7657 2907 900 2534 2610 1138
7658 1813 1047 1668 151 1911
7659 2598 219 1868 285
7660 1647 868 1085
7661 1651 744 1290
7662 1338
7663 1798 1210 35 1405 470 1542
7664 1084 2979 2537 1153 2267
7665 1289 1968 2753 2851 1705 1865
7666 2132 1101
7667 1846 2765 70 1980 1494 2452
7668 1844 601 2917 2216 2368 1835
7669 2129 1491 217 140 1962 1796
7670 1487 2326 2744
7671 2327
7672 2960 2999 1027 2568 1568 492 1446 291 327
7673 413 1842 336 2478
7674 1925 2754 2588 1152
7675 40 52 370 2998 2206 424
7676 365 2633 2102 284
7677 149 635
7678 567 1729
7679 1895 597 1996
7680 218
7681 1934
7682 2961 1854 1777 2666
7683 957 755 1952
7684 2012 1930 1529 2766 2483 930 1921 1689 522
7685 971 2732
7686 876
7687 1747 586 786
7688 673 264 2633 835 192
7689 2394 1430 353 2534 1804 2005
7690 1702
7691 919 2009 356 763 416
7692 1437 2516
7693 53
7694 2798 1343 1179
7695 602 2246
7696 1982 2838 462
7697 661
7698 2513 2097 2256
7699 2085 2965 1366 1747
7700 1983
7701 2564 1461
7702 51
7703 733 27
7704 2259 2479
7705 1016 686 667 1505 735 294
7706 2186
7707 2359 2039 842
7708 287 1190 1148 480
7709 1842 377 2991
7710 818 1043 1645 2938 1474
7711 1290 2011 1875 2291 66 2751 2386
7712 730
7713 166 2139 2749
7714 181
7715 455
7716 2050 724 210
7717 1471 2919
7718 2800
7719 2503 2034
7720 2482 1467 223
7721 114 1357
7722 52 1336 69 449 2346
7723 2221 331 2032
7724 1072 1124
7725 112 2825 252 1884 2833 2659 1533
7726 1792 1800 459
7727 1190
7728 2845 680
7729 630 2012 2561
7730 995
7731 2244 1696 1660
7732 1414 217 1735
7733 2129 1876 213
7734 1716 744
7735 2512 1723 1204
7736 1769 2042
7737 2375 2498 1169 990 405
7738 633 1256 1992 2839
7739 1770 1559
7740 549 515 1850
7741 248 1418
7742 785 123 1953
7743 1846
7744 992 2347 273
7745 288 668
7746 516 94 1349
7747 1046 1868 1039 696
7748 1665 562
7749 2277 116
7750 618 2610
7751 1126 990 702 878
7752 2635 626 1789 1334
7753 1898
7754 448
7755 1165 2833 62
7756 2169 244 2346
7757 1739 2690 529
7758 512 73 623 1935 1427
7759 2891 2006 2411
7760 1968 477
7761 1575 2480
7762 371 2095
7763 2600 1556 1651 2650 2089 1767 260 927
7764 1751 478 375 617 1412
7765 68 473 716 533
7766 1513
7767 2451 1553 2078 2177
7768 2119 2780 1326
7769 2353 2622 1021 2747 406
7770 1631 321 2187
7771 1152
7772 2100
7773 2168 504
7774 958 1966
7775 2813
7776 665 1086 560 1126 2324
7777 2850 2640 567 1601
7778 2223 1267 2605
7779 911 1847 444 1597
7780 2938 2130 2808 461
7781 636 119 441
7782 1797 2946 2179
7783 1709 2835 346 1030 1967
7784 1204 602 323 1195 1179
7785 1520 1317 1601 1712
7786 2838
7787 795 98 1280
7788 1241 2667 1059
7789 1804 243
7790 660
7791 1115
7792 1786
7793 2347 2410
7794 1420 1598 705
7795 104
7796 1066 232
7797 1562 2614 2908 1411
7798 708 1633 2153 1794 1055 125 1092 413 2041
7799 229 1715 2153 1728 2678
7800 1074 1866 2605 1670
7801 2296
7802 2692 2345
7803 134 355 1375
7804 2665 1111
7805 1180 2879 2969 1481 197 939
7806 1580
7807 1326 2918 1991 2866 626
7808 1060 1879
7809 2888 724
7810 2299 2962 2103
7811 1237 2999
7812 899 2881 1910 1310 505 436
7813 131 2535 841 422 819 676 1720
7814 1444 1341 2171 290 2647
7815 2227 1976 1699
7816 113 976 780 562 2757 1759 1105 556
7817 1018 419 2729 2405
7818 148
7819 1364 655 676
7820 2299 2876
7821 2782 1355
7822 1812 1127 1508
7823 573 1220 1654
7824 2717 2139 1580 2536 1335
7825 1962 1594 108 2189
7826 1823 469
7827 700 1486 231
7828 2195 2478 1708
7829 2160 2977
7830 1731 1969 1667 1611
7831 16 2998 2225 2299 566
7832 1016 770
7833 1114 1284 2604 57
7834 1554
7835 1987
7836 81 942 166
7837 2792 2336 243 1786 755
7838 1388 2342 2657
7839 2007 710 2281 1517
7840 1839 2475 309
7841 1600 651 1700
7842 2401 444 2719
7843 2521
7844 65 2382 1555 345 1263
7845 1154
7846 1539 82 2196
7847 607 2197
7848 531 2114
7849 1702 2676
7850 1612 2576
7851 282 1864 634 193 677
7852 773 2659 737 1752 2461 1525
7853 323 2733
7854 1827
7855 2268 424 764 140 577 257 2905 1297
7856 828 2828
7857 1600 2545 1279
7858 2461 659 2048
7859 1584
7860 866 649 1664
7861 2599 2620
7862 872 2264 23
7863 1942 1492
7864 2843 1408 1302
7865 1295
7866 2964
7867 2579 1925 1529 2698
7868 1035 422 1424
7869 759 1716 2870
7870 93
7871 1462
7872 1938 317 1348
7873 863 387 1762
7874 2920 1955 2247 1196 1891
7875 2341
7876 1336 2323
7877 1689 319 2755 464 467 2745
7878 1145 561 2874 2806 2793
7879 1929 979 1187 2671
7880 1443 272
7881 943 1182 2758 1705 2
7882 7 994
7883 2393 1332 1882 2015
7884 2473 1034 1858
7885 1234 1090
7886 1807 81 1735 2927 1344
7887 1865 1564 2433 696 1007
7888 1672 2502
7889 1841 1037 1843
7890 2484
7891 1382 415
7892 2823 1289 1264 785
7893 934 2379
7894 2375 1999
7895 243 25
7896 1355
7897 1142 71
7898 1327 205 1501 1527 1953
7899 2651 2820
7900 1390 1647
7901 1307
7902 84 2186
7903 1525 479 1789 1020 2771 2851
7904 1809 1256
7905 2212 1373
7906 2984
7907 1419 342 1614
7908 1275 2894 714
7909 1303
7910 2667 1436 2285 114
7911 1897 961 738
7912 568 1466 1504
7913 1502 833 77
7914 924 2258 2599 1083 2024
7915 2172 1993
7916 743 2942
7917 2655 1427 77 1173 535
7918 1681
7919 2854 140 493 56 2138 133 542 419
7920 1483 1972
7921 2342
7922 1538
7923 2168 1983 132
7924 384 102
7925 2929 1917 496 2732
7926 593 1997 2964 1711 1857 2010
7927 941 927 1738 527
7928 1774
7929 1535
7930 2393 1687
7931 592 339 2905
7932 277 2773 2355 269 1528
7933 321
7934 2845 645
7935 2493 130 636 1659 78 1140 34
7936 1343 326
7937 2065
7938 1860 2308 1130
7939 811 295 2617 521 1565 122
7940 156 1195
7941 825
7942 898 1348 1050
7943 1139 20 2154
7944 1614 483
7945 801 424 2587 2404 1191
7946 2325 1736
7947 1636 2982 2817 233
7948 1312 1268 643
7949 1749 2810
7950 478 2550 2102
7951 2425 1908 2809 604 1110
7952 2772
7953 679 2025 370
7954 1862 689
7955 2655 1770 2884 2
7956 1438 2063 1900 449 1883
7957 359 73 143
7958 2370 56
7959 985 382 1948
7960 1304 1403 2011
7961 2731 1835 3 1023 1990 1393
7962 880 2426 1191
7963 1333 829 1287
7964 1409
7965 2817 1652 2825 1025
7966 1818 1919 2359
7967 1475
7968 434 2021 1718 2550
7969 2028
7970 232 1139 2672
7971 766 1964 727
7972 1780 965 1674 1545 1808
7973 276 1901 937 2 165 868
7974 1824 2616
7975 2963 955 2683
7976 2682 1545 244 1669 2458 1897
7977 2334 1880 2868 1055
7978 1363
7979 2135
7980 800 835
7981 2935 1451 2929 1896 925
7982 1040 1222 2506 2688 1436
7983 2045 2437
7984 2383 1084 130
7985 2866 1135 1650 594
7986 2110
7987 1951 2960 2430 1856
7988 129
7989 2239 1143 1809
7990 1925 474 415 898
7991 2767 806 2809 2549 1963
7992 2743 2776 1678 2846
7993 885 312
7994 1744 1943 706 1617
7995 629 1572
7996 87
7997 1162 1923 396 1303
7998 430 1575 1103 2498
7999 1427
8000 933 2380 551 2993 725
8001 2728 824 1789
8002 1212 1876
8003 2241 2561 2452
8004 478
8005 1618 1418 598
8006 2115 2426 1605
8007 2890
8008 1519 2014 733 578 1770 186 1648
8009 1749
8010 2537
8011 1160 1901 2993 72
8012 842
8013 251 1274
8014 1781 1239 540
8015 450
8016 2716 1206 1344 2349
8017 836
8018 1920
8019 393 2804 1115 993 519 283
8020 379 1517 1477 1921 788
8021 1764 408
8022 2427 693 1426
8023 1485
8024 281
8025 927
8026 2649 38
8027 203 1821 895
8028 2811 1521 1966 2318
8029 79 126 2899 443 1153
8030 2436 1618 36
8031 2163 2544 2605 593
8032 26 1951
8033 2843 2571 2888
8034 668
8035 2462
8036 2417 457 602 284 1209
8037 2972 2497 2124
8038 2347 1233
8039 2649
8040 2104
8041 2088 2869 1903 1006
8042 2749 2597 1621 2606 887 2767
8043 2794 1769 603
8044 1713 1882
8045 1902 322 1752 1215 361 1829
8046 2191 87
8047 2740 1942
8048 791
8049 430 1762 1920 1394
8050 2892
8051 1144
8052 1142 1459 665 1885 1971 1442
8053 1989 2188
8054 1624 1706 385 2770 816
8055 1506 735
8056 178 974 1359
8057 262
8058 1197 364 1225 2140
8059 2914 2638 624
8060 1675 170 2314 1994
8061 1611
8062 2914 2623
8063 2505 1021
8064 87 1069 846 1307
8065 2304
8066 2403 2413 1803 968 1756 2723
8067 1258 2566
8068 170
8069 2363
8070 276 2899
8071 2795
8072 1544 2829 8 2039
8073 1147 2320
8074 468 1358 407 1882 2270 480 2695
8075 1639 1045 1685 2083 1026 2149
8076 2207 165
8077 2446 185 59
8078 1143 1027 904
8079 612 2467 387 227 604 313 1295
8080 180 1665
8081 1623
8082 1989 466
8083 858 1428 520 2158
8084 669
8085 2696 412
8086 1597 1855 1108 1832
8087 541 2513
8088 164 2395 1551 2399 612 2772
8089 2859
8090 70 2992 791 880
8091 1095 1587 356 569
8092 667 2961
8093 851 1312 711 1802
8094 2655
8095 2327
8096 2105 2131 1996 871 713 950
8097 2523
8098 2900
8099 1594 1991 2606
8100 732
8101 841 2942 985
8102 1397 848 912
8103 2565 2208 1512
8104 184 2911 1549
8105 1320 1829 669 618
8106 1012 2774
8107 851 194
8108 146
8109 2022 1374 840 1707 922
8110 300 2121 2016 934 995 1846
8111 1383
8112 1628 1811 1667
8113 1887
8114 653 2862 107 1489
8115 1933 1777 1468
8116 1202
8117 1750
8118 793
8119 2539 1136 1901 1812
8120 2779 820
8121 2611
8122 256
8123 2035 16 1918 597 1598
8124 2885 2416
8125 1022
8126 710 2490 2364
8127 2948 1902 1963
8128 1480 1217 279
8129 2904
8130 1578 1460
8131 1254 126 2281 1127 64 2884 2034 2074
8132 1652 1333 1620 1604 2639
8133 2856
8134 2953
8135 649 2028
8136 1615 2535 78
8137 2855
8138 278 739 2204 390 1594 2057
8139 2817
8140 1100 1413
8141 1228
8142 1845 699 2553 726 1598
8143 270 272 1871
8144 850 2954 727
8145 2878 2191 2825 370
8146 1849 1060 1356 741 653 2508
8147 478 500
8148 2185 2112 1151 105 2752 2737
8149 884 934
8150 2604
8151 1322 922
8152 1507 2427
8153 1610 1889 2740 1594 324 2721
8154 2065 2939 2017
8155 424 88
8156 2330 1962
8157 1971
8158 1595 1269 989 1009 67
8159 2023
8160 1230 1814
8161 1795
8162 1033 701 459
8163 624 2455
8164 1259 2680 2409
8165 583 167 1804 1935
8166 1474
8167 2126
8168 2006 1724 333
8169 2696 2819 237 1471 2126 1598
8170 2090 1881 1899 566 570 2644
8171 2615
8172 427 2877 479 9 2909 1894 597 323
8173 481
8174 619 2299 2575 804
8175 2413
8176 453 2227
8177 2434 548 2292
8178 493
8179 2610 2373
8180 575 2620
8181 2008 861 1886 802 1710 2581 1092
8182 2310 2587
8183 1671
8184 2556 1138 214 2770
8185 1178 2142 1979 1711 941
8186 826 2184 516
8187 1620 1564 238 2754 2908
8188 2372
8189 1860 303
8190 2066
8191 2191 1806
8192 327 1820
8193 2894 2690 2534
8194 508 1877 1112 1210
8195 2545 2549 1790 186
8196 2949 2519 1350
8197 1698 2762
8198 121 542 2861 1021 843
8199 2294 2832 260 387
8200 366 916
8201 2497 1029 2957 573 493 995
8202 1876 2572 2205 2146
8203 1937 1501 2296 2869
8204 1766 146
8205 378 2679 383 2931 1649
8206 2970 1606 83
8207 1870 2557 1361
8208 394 2351 45
8209 834 61
8210 2921 826 1881 1873 2260 1909 2730
8211 1055
8212 1245 2730
8213 602 2421 727 996
8214 870 2460 1291 2415 1423
8215 566 498 872 2055 2112
8216 906 673 2669 2213 2613 2092 209
8217 1544 658 1861
8218 1294 1759 2507 2510 1670 1851
8219 183 79 2863 2573
8220 646
8221 1905
8222 1788 1119
8223 1498 2968 469
8224 2496
8225 1080 1229 659
8226 2169 1042
8227 2127 1657 1356
8228 657
8229 1110 457
8230 648 12 2786
8231 1557 1453 1497 2819 1046
8232 191 990 1170
8233 1673 2910 336
8234 2588
8235 269 2371 1485 1231
8236 49 706 1115 2211 1628
8237 1655 784 1623 1790 68
8238 1345
8239 1914 2893 1058 907
8240 1559 1301 2355 2228 1555 1600 347 108 1617
8241 1708 1475
8242 850 2935
8243 553 2846
8244 2159 887 1226
8245 2961
8246 524 678 177
8247 1292
8248 6
8249 1625 486 825
8250 2798 2811
8251 662
8252 911
8253 859
8254 564 2723 1906 1720 2300 345
8255 995 1422 642 2499 2962 2086
8256 1976
8257 1177 1175 2091
8258 1054
8259 162 1659 1059 2741
8260 337 578 1239 2315 2122
8261 1445
8262 572 1411 1121
8263 1547 988 1009
8264 21
8265 101
8266 224 1380 1097
8267 1640
8268 1967 2970 2331 2275
8269 2902
8270 630 2126
8271 1367 2346
8272 38 2466 972 166
8273 2723 1012 2600 2973
8274 582 2275 685 2255 1229
8275 21 1427 2348
8276 1784 1799
8277 2164 2729 1841 1220 1657 1306
8278 1657 769 2897 2889 1885
8279 1858 635
8280 1201 1091
8281 2771 1564
8282 2800 2238
8283 1047 1124 1307 905
8284 1293 2913 1868
8285 1407 1513 2611
8286 2559 700
8287 362 644 1067 1935 2277 951
8288 1456
8289 1563 1237 271 1971 2988 2816 327 2447 282
8290 686 2686
8291 2
8292 332 1385
8293 1100 537 2656
8294 409 1619 335 1735 2154
8295 2862
8296 2604 1033
8297 2466 2372 1658
8298 2029 2155 2615 235
8299 151
8300 1615 2051
8301 1577 1055 2020 109 2375 2285
8302 2480 1900 143 1447 1828 1607
8303 2830 2210 2121
8304 779 2458 1359 2961 2640
8305 1500 929
8306 1827 2787 2654 2740 2124 1133
8307 333
8308 1506 2042 2288 2441 657
8309 2529 99 2206 1620 1911 2688 2197 495
8310 2014
8311 997
8312 437 2064 2008
8313 1821
8314 686
8315 958 1677
8316 2964
8317 2731 170 1036
8318 1064 2779 1750
8319 1004 1989
8320 816 1119
8321 922 2102
8322 442 1837 1365
8323 489 2143 2513
8324 2946 59 423
8325 2687 1210 1142 2090 743 2415 1370 2412 1516 694
8326 2180 2338
8327 1011 284
8328 178 264 2193
8329 2532
8330 1378
8331 1275 973 481 2600 2945
8332 2411 489 1070 1531 2439 2296 81
8333 2937 2514 1410 869
8334 1573
8335 1235 1365 1570
8336 965
8337 2853 2790 354
8338 110 1020 2237 229 998 1635 1214 538
8339 900 1773 763
8340 954
8341 1956
8342 1954
8343 2387 2119 942
8344 126
8345 2824
8346 1492 1096 1128 2309
8347 605 2295 1810
8348 1693 147
8349 461 516
8350 754
8351 443 575
8352 352 699 928 814
8353 751 1951
8354 2688 1930 1510
8355 2381 151 593 119 1780 753 1571 882
8356 1008 1638
8357 2440 2539 1486 2898
8358 702 1250 2505 1029
8359 1388 2300 2360 495 139
8360 1311 838 1155 2942
8361 1304 428 314 2423
8362 507 2960 2765
8363 873 631 268 1534
8364 1487 816 2634 2174 2795 489
8365 1979 894
8366 783
8367 1820 765 2075
8368 2339
8369 1275 5 1448 2785 2994
8370 2841 2803 45 15 1469 1016
8371 2801 2959
8372 1892 82 1353 2956 1880 1548
8373 2193 2453 316 1870 25
8374 1644 2908 1126
8375 2045 2368
8376 1400 1890 937
8377 2526 1932 174 186
8378 2570
8379 1138 2543 234 1106 40
8380 2943 163 2930
8381 596 2655
8382 674
8383 2226 2528 2465
8384 2558 2791
8385 1742
8386 361
8387 1541
8388 732 587 2097 1422 216
8389 1394 1712 1156 706
8390 311
8391 1575 1847
8392 1886
8393 2306 697 58 508
8394 1693
8395 532 2838 1970 1075
8396 942 340
8397 217 1091
8398 831 1483 167 1566 801 1174 48
8399 2783 1286 961
8400 1743
8401 2472 758 1708 543
8402 1262 650 1166 1592 1913
8403 1246 1486 634 1145 2857
8404 610 811 706
8405 201 1017
8406 1178 239 2809 2873
8407 173 1910
8408 2533 43 2856 2748 723
8409 2971
8410 2722
8411 1540 1677 856 1621 592 87 2918 2092 1114
8412 1936
8413 1663 1790 564
8414 1924 1485 2563 2152
8415 2031
8416 2665 2257
8417 1669 2886 1279
8418 2575 244 1828
8419 2023 1501
8420 2352 2701
8421 21 663 1448 85 2340
8422 1528 2363
8423 41 584 413 1253
8424 1560
8425 2514
8426 1492 2340 1949
8427 1530
8428 1003 495 2260
8429 607 2154 161
8430 152 1838 2078 776 704
8431 868 248
8432 847 1583
8433 260 2481 4 2313
8434 2726
8435 70 868 1396 1707
8436 1261
8437 147
8438 43 2015
8439 1841 2218 2059
8440 1525
8441 262 1423
8442 1054 2026 1659 1625
8443 2412
8444 2477 1630 732
8445 1366 1084 672
8446 644
8447 1605 2482
8448 26 12 1900 1615
8449 1034 2544 2929 1944 705 2950 1380
8450 1458
8451 2727 2734
8452 1881
8453 2161
8454 1493 183 2078 2104
8455 1635 2098 2963 1741 623
8456 2054 1214
8457 446 1226
8458 1793 1104 1433 1498
8459 2221
8460 831 1356 267
8461 893 221 1045 2358
8462 1706 2284 31 2440 1153 1332 2278 2225
8463 1952 66 2614 2554
8464 160 2042 2357
8465 1300
8466 14 712 2967 1148
8467 2094 1684 382
8468 1498 671
8469 2477 541
8470 854
8471 1964 415 2046
8472 1991 2837
8473 2724
8474 2658 75 439 2861 1936
8475 33 1710 1687
8476 1521 980 1550
8477 527 2703 786 2187 2953 2841
8478 803 86 983
8479 1975
8480 1536
8481 2848
8482 2916 1103 972 85
8483 731 1174 695
8484 739 1939 2970
8485 367 1171
8486 1362
8487 2019
8488 511 1780 173 584
8489 2171 127 2541 2528 723
8490 2684 156 2572 53 2058 799 56
8491 2989 2222
8492 2297 1127 1763
8493 1157 2881 2539 907
8494 1005 409 680 2354 2053
8495 47 736 1932
8496 1826
8497 1213 950
8498 2116 769
8499 572 2924 2835 653 1867
8500 2506 991 719 2450 2457 459 2108
8501 1899 2511 1914 2025
8502 383 848
8503 349 763
8504 2062 1990 1141
8505 2915 1427
8506 2062 251
8507 2230 620 1111 914 852
8508 1112 1059
8509 487
8510 2999 208 2913 2947 1118
8511 1989
8512 2306 916 1903
8513 1671 1068
8514 815
8515 687
8516 2424 450 411
8517 2687
8518 290 1464
8519 2889
8520 46 2534 1976 2194
8521 1096 851 1440
8522 1281 2789 1175 1973 175
8523 2298 792 344 594 2406
8524 395
8525 2251
8526 1286 1547 1038
8527 1666
8528 1557 116 791
8529 2648 2594 1358
8530 1997 222
8531 1185 2461 1836 2420 2361 2571 579
8532 2633 605
8533 1781 2180 1223 1225 487
8534 1102
8535 1176 1804 1707
8536 662 2216 102
8537 884
8538 696
8539 738 185
8540 1048 1950 2332 694 1060 1977
8541 539
8542 2990 640 1726
8543 431 2788 2719 1993
8544 1432 2553
8545 1967 2777 537 1965
8546 214 1559 2677
8547 2370 551
8548 533 744 703 2184
8549 183 2308
8550 2790 1086 1563
8551 1131
8552 2882 643
8553 839 2118 751 1492
8554 1840
8555 423 2408 487 198
8556 2586 1339 2053 2276 622
8557 695 2252 2937 1492
8558 2318 1248 281
8559 12 333 2110 2830 2850 378
8560 2034 1011 2755
8561 1940 2472
8562 2460
8563 2409
8564 848 19 1514 2405
8565 777 2241 2433
8566 1534 1522 74 2023 1162 1676 83 48
8567 2433
8568 817 886 1142
8569 1465 2890 2457 1578 2341
8570 837
8571 1585 1891 1782 1649
8572 2141 2887 1982 2165
8573 2845 469 645
8574 1337 2031 1689 1328
8575 2944 992 1862 1766 1314 2785
8576 2818 655
8577 996 508 1897 1682 167 2270
8578 1056 425 1347
8579 2199
8580 2197 2540 2803
8581 2200
8582 302 813
8583 2616 274 2711
8584 2893
8585 325 1128
8586 368 2866 1601 1412
8587 1493
8588 2484 2879 2355
8589 2962 1083
8590 1506
8591 2357 2567 819 1980
8592 1248 342
8593 1388
8594 890 2232 1181 1109 58
8595 2451 2889
8596 2504
8597 1893 438 1273 2072
8598 1713
8599 2852
8600 322 547
8601 1542 329 1071 2892
8602 2244 2537 2158 1034 2618 864 495 2148
8603 2434 2302
8604 1622 1130 856 616
8605 2140 2093 2524
8606 258 1037
8607 172 2097
8608 1489 2103 856
8609 1714 2659 1800 2914 840
8610 336 905 1523 1743
8611 739
8612 1391 1824 2164 2660 930 1594 845 381
8613 1069 1909 1250
8614 2768 549
8615 1116
8616 1916 1567 1388
8617 744 1465 2707
8618 2438
8619 355 320 2209
8620 13 172
8621 1524 1809 2857
8622 642 519 2111 2543 2448 335
8623 2324 2757
8624 603
8625 153 1200
8626 2721 595 1723 660 1637
8627 670 2392
8628 601 1401 1672 2313 2986 2398
8629 855 1155 1786
8630 82 2367 757
8631 835 2215 54 1689
8632 359 1182
8633 1210 1794 1987 2556 2672 1933
8634 1033
8635 2415 2947 2190
8636 2272
8637 638
8638 1882 2989 1570
8639 51 809 1928 1172 1094
8640 2713 2106
8641 2725
8642 2389
8643 2672 2787 503 881 497
8644 2761
8645 1963 1715
8646 518
8647 1579
8648 1486 822 982
8649 2695 1615 448
8650 1282 2280
8651 2977 2069 70 1233
8652 1295 401 1860 592 2361 1433 2621 1487 2722
8653 1019 2324 1464
8654 2461 184 1797 699 1100
8655 646 366
8656 2642 1483 2298 6
8657 2453
8658 2988 1049 1558 2092
8659 2204 1147 1604 2596 211 714 1169 776 2072
8660 2902 1867 473 2003
8661 521 2603
8662 392 1791 2850
8663 1703 455 403 2957 604 106 2511
8664 2474 519 2369 1178
8665 464
8666 2624 250 2872 2369 77
8667 2165 2009 717
8668 2199 550 1262 2634
8669 422 508 512
8670 1046 2475 98 2208
8671 2736
8672 1078 2252 1976
8673 316 2493
8674 1196 2737 2773 1321
8675 437
8676 670 1654 2386 948 716
8677 1723 643 934 2771 337
8678 2031 2966
8679 845 1466
8680 2100 1354 2201
8681 2172 2219 1674 2340
8682 1259
8683 2383 1656
8684 2660
8685 2637 1222 1319 1895 2585 2682 1666 917
8686 267 1836 2685 2325 1217 705
8687 2309 1765 1754 2679 594 2055
8688 2231 2966
8689 2859 2375 2710
8690 1638 2553 709 537 2136 380 114
8691 2927
8692 1553
8693 2649 1060 1875 830
8694 588
8695 1203 33 91 1648 572 1059
8696 2481 355 454 937 419 2490
8697 626 2401 1059 2141 346 611
8698 1034 1443 403 1112 130 40 1396
8699 766 1481 242 639 1417 1129 847 270
8700 488 1397 929
8701 470
8702 1751 577 1202
8703 2662
8704 1787
8705 2236 2604
8706 2969 198 613
8707 130
8708 2671
8709 1930
8710 840 1943 975
8711 2819 1481
8712 208 358 1609
8713 2131 2548 2047 551
8714 225 2353 1530 2233
8715 816 1180
8716 2292 418 1769 1761
8717 2417 1879 1744 2787 874
8718 2032 741 2904
8719 2313 899
8720 2790 1238 415 2875
8721 2494 2643
8722 674 2180
8723 447 240 702 314
8724 2743 2989
8725 1739 2326 710 1694 155 1971 1351 2948 2218
8726 1116 990 2288 2701 1553 1416 527 2006 2624 926
8727 784 2080 339 1540 2383 158
8728 2762 2407 2025 1112 1924
8729 307 1551 103 893 2721 1268
8730 1497
8731 2987
8732 102 91
8733 1283 1925 788
8734 2627
8735 873 155 929
8736 1028 1400 714
8737 2052 2823 2171 791
8738 2228 886 2502 2057
8739 1640 551
8740 1022 2266
8741 248 2823
8742 332 443
8743 2029
8744 464
8745 1916
8746 2085
8747 46
8748 2291 574
8749 1161 2387 813 875 785 760 1992 316
8750 2985
8751 754
8752 1637 1853 2484 227 1967 2228
8753 456
8754 1445 1764 1798
8755 1723 809 2558 2801 1213 2007 627
8756 2459
8757 1912
8758 2582
8759 297
8760 1194 2641 1441 2982
8761 2520 1309 985
8762 2727 353
8763 2545 1771
8764 203 2271 39 1895
8765 2110 128
8766 1001
8767 1571 2135 823
8768 891
8769 1936
8770 275 2534
8771 1120 2222 167 79 1763 357 2120 854 1320 853
8772 2617
8773 1137
8774 225
8775 2667 2511
8776 2683
8777 2162
8778 117 2668
8779 352
8780 245 872
8781 234 2374
8782 1916
8783 2829 1019 2265 2925 987
8784 2208 1423 2227
8785 2392 701 607
8786 87 1917
8787 553 344 2870 2258
8788 1032 2591 2421
8789 2018 2162 2015 1831 555 2150 2912 1314 882
8790 2079 1349 148
8791 2252 2927 1229 1623 337 1918
8792 863
8793 1256 692 1878 454 2882 388
8794 2596 310 1337 1870
8795 443 903 388 1998 2421
8796 2833
8797 2825 1778 128
8798 2621 1301 250 951
8799 2693 2731
8800 1730
8801 2708 294 2812 2911 907 2196
8802 2858 1753
8803 1222 2521 2541
8804 1756
8805 231 2903 2806 2044 1063
8806 290 1 2043
8807 1719
8808 2319 1289 229 119 703
8809 408 2016 1488 898 649 65
8810 1835 1482 1572 153 2144 1968
8811 1063
8812 921 2695 263 1593
8813 1072
8814 643 711 1425 2066
8815 152
8816 1103 1441 101 401 2026 337
8817 616 131 2547 2831 1779 1348 1298
8818 2980 2486 2301
8819 1130 611 2043 211
8820 1579
8821 1230 1227
8822 1246 1893 2481
8823 2407 1270 2217 2788 2063
8824 2154 1996 2459 76
8825 2093 277 1621 1377
8826 1192
8827 2365 296 415 2145
8828 811 1572
8829 1047 1540 2343 2192
8830 1082 1679 494
8831 2854 446 2186 359 1126 1230
8832 1508 2470
8833 464 1008 2967 1692 160
8834 66 2715 1811
8835 1472 2270 829 1224 1066
8836 734 390
8837 1887 2355 371
8838 1923 1230 1639 2323
8839 904
8840 1634 2074
8841 1158 2917 1445 1818 1069
8842 2138 849 1760 1111 2832 2718
8843 1633 746
8844 1780 915 2490
8845 2959 2402 901 1358
8846 2632 192 1805 736 864
8847 1787
8848 2855 2434 1687 88 781
8849 1534 1190 2874 1093 21
8850 1270 1811 2519
8851 2116 715 2014 2539
8852 2652 2251
8853 1480 2978 2219 2722 2187
8854 1828
8855 2778
8856 1857 867 2786 1076 1676 235
8857 1561 2634 184 2515 284
8858 515 1551 935 297
8859 118 764 611 2760 200
8860 987 2647
8861 2160
8862 674 1639 287 2594 1362
8863 413 16 1891 679 158
8864 2268
8865 1656 18 860
8866 1023 208
8867 1866 1003 2151 271 2882
8868 2627 1506 168
8869 2934 2331
8870 1225 2737 1345 135 2042
8871 2797
8872 2666 2487 677
8873 2356 2915
8874 2113 2046
8875 560 1636
8876 74 505 1957
8877 1782 284 1829 1270 1621 1715 309
8878 283 408
8879 2952 2416 914 2230
8880 44 1727 2525 1463
8881 961 1501 2562
8882 872
8883 1308 1441 2955
8884 1264 814 2928
8885 1733 778 2161 2891
8886 1474 568
8887 34
8888 759 1015 1069 2017
8889 194 2476 0
8890 454 1378 2677 1929 192 650
8891 1538 1887
8892 870 2797 182 1831 2923 2590
8893 1490 1220
8894 1192
8895 1659 1027 2463 1847 1244
8896 2109 1515 507
8897 1873 709
8898 2192 1481
8899 2009 560
8900 1796 1935
8901 2914 833 1608
8902 2462 1429 2461 2666
8903 785 2699
8904 1307 1341
8905 1693 620
8906 2332 1939 1196 323
8907 1129
8908 1481 701
8909 1858 446 1683
8910 163 2051
8911 2198 783 417 576
8912 2978 2601 1931 2205 390
8913 980 2171
8914 2438 555 2201
8915 2435 1867 619
8916 1920 937 2967 2209
8917 182 1300
8918 2976 76 717 1869
8919 2133 1859 1378 182 257
8920 1093 2323
8921 600
8922 708
8923 840 1765 771 143
8924 342
8925 1055 410 2845 272 1740
8926 134 1655 333 427 2234
8927 55 2698 1070 2879
8928 724 625 559 1749 413
8929 516
8930 2289 1162 1113 689
8931 1483 2278 1641 1256 1533
8932 2571 326 1125
8933 2464 1640 2738
8934 2316 1511 2317 2777 301 758 1229
8935 2911
8936 2156
8937 975 125
8938 1181 998 1325 2645 1470 2739 1911
8939 1849 2951
8940 1759 2905
8941 2851 124
8942 2138 1694 2902
8943 2891 673 1255 2619
8944 2548 2557 974 2738 1816 591 1558
8945 2964 1645
8946 1496 2460
8947 2583
8948 739
8949 876 1678 2988 231 414
8950 821 86
8951 623 217 551
8952 2088 546 1748 2960 1094
8953 1576 1118 1383 199
8954 1981 690 2124
8955 2602 2466 1711 2074
8956 2141 1582 1172 1458
8957 2936 2905
8958 2359
8959 795 1946 178 1416 1753
8960 980 601 21 2431 878 2479 1364 1777 639
8961 805 777 2217 1211
8962 986
8963 324 554 2212
8964 876 1565 1915
8965 2440
8966 752 2263
8967 2564 1718
8968 8
8969 187 636 2779 926 1852 1259 729
8970 662 1140 2910 231
8971 1744 2450 72 2004 381 1993
8972 707 1420 1604
8973 434
8974 878 271
8975 174
8976 2130 1439 1137 779
8977 27 2771 1905
8978 1657
8979 1520 1991 1785 2681
8980 1793 708 2695
8981 798 2057
8982 2407 1728 1199
8983 1553 1249
8984 1133 2012
8985 1797 2698 134 88
8986 371 977
8987 259 1554 1110 644
8988 879 7
8989 1267 669
8990 2663
8991 1610 523
8992 1255
8993 1836 2816 1734 2302
8994 1291 1316 1267 2350 409
8995 975 205
8996 2463 531 1905
8997 2295 2398 512
8998 1999 324 1187 1619
8999 462 1612 390
9000 583 2839
9001 535
9002 1562
9003 1610 1191 2878 1001 12 1056
9004 2397 1863 277
9005 228 179 1479
9006 2963
9007 1315 1322 1570 1389
9008 2498 1063 2449 685 2873 2228 85 196
9009 1697 1638 2959
9010 2427
9011 2249
9012 1420 1695 2838 253 1204
9013 843
9014 2214
9015 1200 174 2066 1384
9016 2558 1607 1276
9017 122 199 41 621 1322
9018 1146 2496
9019 2900 662 262 2880
9020 1817 307 1446
9021 2444 2329 298 412 100 139 572 2016
9022 2629 2270
9023 2385 1905
9024 2321 124
9025 2654 1835 2462 1894
9026 1587
9027 1132 1992 1979
9028 2984 2860 1348 1674 1600 1287 635 515
9029 1549 86 1718 2210 51 1562
9030 574 1830 1089
9031 80 120 1213
9032 2282 2222 2406 1089
9033 354 2840 1906
9034 195 2310 870 2416
9035 1229 2440 734 2928 1417
9036 2006 2772
9037 1350 1194 936
9038 1692
9039 293
9040 367 539 1542
9041 1830
9042 2464 470
9043 256 894 1801 1008 447 771 810 925
9044 2789 832 531 474 43 706
9045 1350 2605
9046 1700 2940
9047 655
9048 508 1001 788 580 2535 989 1202
9049 210 1829 2033
9050 1541 1671 2744 473 1282
9051 527 622 2810 759 138 950
9052 1668
9053 2940 185
9054 421 934 2254 2103 1607 678 218
9055 379 1122 1689 453
9056 2506 756 2130 111
9057 1321 1520 750
9058 1262 1518 1744 752 1581 1834 2835 515 2483
9059 1768 2022 951
9060 1631 2814 1592 1517 1391 1496 2071
9061 485
9062 2207 119
9063 2787
9064 1508 2818 2196
9065 1384 2457
9066 1963 1756 879 1341 1466 2741
9067 387 37
9068 2646 2254 277 2518 6 385
9069 808 2570
9070 1071 681 666 2498 1003 2371 1648 497 621 2377
9071 1787 2412 373 1317 138
9072 2216 1954 339 1318 1585 161
9073 632
9074 2605 497
9075 2945 1256 2873
9076 1406 2342 1237
9077 1384 783 2620
9078 1498 2095 2080
9079 2649 1853 1771
9080 1356 880
9081 2705 1902 718
9082 9
9083 720
9084 838 1315 2767
9085 1582
9086 1421 1425 1466
9087 274 1561 128 658 2926 1139 321 1197
9088 2703 179 431 2305 1989
9089 1365 1357 2135 840 1869 2378 2660 1757
9090 578 1792 2443 2875
9091 878 1754 993
9092 1529 432
9093 1402
9094 2505
9095 2021 1481 753
9096 2599
9097 2167
9098 1050 227
9099 448 693 2499 2990 296 104 973
9100 96
9101 2267 2259 1494
9102 2646 2560 2578 50 2673 2259 2806
9103 2468 2243 1864 477 930
9104 1731 2676 2367 309
9105 2184 937 2678
9106 412 1558
9107 2489 2104
9108 1624 2729
9109 2580 1439 721 1086
9110 2469 509
9111 2592 1958 1773
9112 1504
9113 1416 998 1644
9114 1403 1615 1
9115 1368 991
9116 2299 2504 1268 1412 1987 2248 1905
9117 2782 415 1697
9118 1002 665 369
9119 265 1375 646
9120 482
9121 2264 132 370
9122 1447 2817 853
9123 777
9124 2714 2234
9125 2374
9126 1427
9127 1860 2653
9128 534 1359 2143 2319 2050 479 1261 318 113
9129 984 1420
9130 66 2516 2089 14 2209 2613 2630
9131 969 1359 2485 1866 1502
9132 2147
9133 948 1252
9134 1892
9135 1409 2613
9136 607
9137 1136
9138 1077 188
9139 720
9140 369 1657 802 1644 589 1749
9141 596 2644 1049
9142 2011 2806 726
9143 1008 1591 2369
9144 2428 1744 2608
9145 2511 946 2642
9146 2304
9147 2061
9148 1111
9149 1352 1577 1709 719 2832
9150 2655 1593 1940 2833 2691 1034
9151 404
9152 850 1033 1413
9153 2104 2537 311 402 1389 2396 580 250
9154 2917 167
9155 1809 1981 2767
9156 2987 2274 2426
9157 2132 1093
9158 1646
9159 1427 231
9160 691 886
9161 1017 923 57 1258 179
9162 2541 2150 1174
9163 1879 2716
9164 714 1458
9165 2327
9166 800
9167 2722 2073 2281 28 1148 1199 815
9168 908 703 203 1257 2260
9169 471 2869
9170 2972 115 1768 516
9171 1914 1740
9172 1516 1040 345 1548
9173 2401 2253 2121
9174 2269 183 1334
9175 2990 1814 2909 350 200 1009 1062
9176 772
9177 728 1948 2857 99 2379 1530 1764
9178 2557 1764
9179 1451
9180 801 11 18 2543
9181 1224 641 1120
9182 2869 2408
9183 167
9184 896 873 1293 1689
9185 565 2567 2498 18
9186 2504 427 2249 1793
9187 1838 2694
9188 1747 2777 755 2593
9189 2106
9190 1484
9191 1329 1171 686 97 2832
9192 2511 1483 209 1405 338
9193 1660
9194 1744 821
9195 1466 2619 1030 1651 793 777 1678 1629 2246 2200
9196 1602 1939
9197 955 2518
9198 784 545
9199 2287 427 345
9200 2741 1107 1519 1606 654
9201 2316
9202 1853
9203 794 98 1721
9204 912
9205 402 2104 2335
9206 1141 1049
9207 1585 148 566
9208 2425 83
9209 627 2146
9210 2620 1989
9211 1088 1531 2012
9212 2999
9213 978 2390 537
9214 1430 447 2178 2221 1207 400 2564 868
9215 842 308
9216 2731
9217 665 1745 782
9218 984
9219 1451 307
9220 2330
9221 635
9222 1072 605 1651 684 2771 13
9223 1826
9224 680 2711 1065 2521 2350
9225 1358 644 1738
9226 180 1636
9227 1389 2056 2189
9228 441 2293 2754 1972
9229 592 1453 1208 2525
9230 510 2409 785 2184 1850 1945
9231 777 2432 584
9232 1588
9233 2594 1327
9234 955 1144 1980 91 2059 2406 2528 2416
9235 2027 507 915 1274
9236 931 297 2046 1836 2916
9237 198
9238 1008
9239 2764 1758
9240 2697 1157 66 2541 2432
9241 1830 2950 582
9242 1633 932 1103 1737
9243 1215 134 1956 1350 490
9244 2453 844 713
9245 1775 1475 1274
9246 2013 1120 877
9247 1394
9248 2094 19 2884
9249 1555 1235 2607
9250 62 1239 484
9251 2085 453 46 460
9252 1517 16 769 2548 1056
9253 2901 2592 2484 2540
9254 1745 2352
9255 470 2088 456 330 2154 1094 2033 894 1408 2869
9256 312 939
9257 1085
9258 740 537 175 846
9259 1076 2045 943 1343 1600 1197
9260 195 609 98 1213
9261 401 2018 1674 2017 2461
9262 1247
9263 2875
9264 2770 2926 2659 2103
9265 1845
9266 789
9267 2595 664 301 886
9268 1456 577 889 2948
9269 1767 1305 1033
9270 1193 2364 700 2786
9271 2960 1760
9272 2462 2913
9273 371 1261 1076 1948 1000
9274 1637 2410 2402
9275 2016 2867
9276 1631 2278 2934 2369 2261 1480 910
9277 370 1895 423 371
9278 2771 266 538 2464 219 1588 540
9279 2398
9280 1323 2817 970
9281 2875 1145 643
9282 1594 2269 2606
9283 1264 274 1900 598
9284 1247 2210 2817 1154 2329 941
9285 2927
9286 1686 1641 2290 2097
9287 2605 1557 854 2982
9288 1786 624 598 1146 836
9289 2279 2649
9290 797 2768 447
9291 1193 2946 2556
9292 1462 1754 670 2227
9293 2534 40
9294 1412 2070
9295 2454 2688
9296 2534 2947
9297 225 686 1044 2513 397 2647
9298 484 1795
9299 369 1478 1511 1447 741
9300 1718 1566
9301 1808 1805 2725 2464 1058
9302 2955 2244
9303 1747 963 1207
9304 47
9305 940 2434
9306 1671 1990 695 1286
9307 145
9308 813 2893 1771 345 2629 2430
9309 1226 899 504 2478 1239 1242
9310 255 485
9311 2359
9312 2959 901
9313 657 1573 2705 201
9314 1704 710 64 1856
9315 510 653 532 2336 385
9316 1927
9317 810 706 2500
9318 1242 127
9319 1267
9320 1461
9321 1505 2903 606 2107 293 2074 873
9322 726 2536 2888
9323 2447
9324 1391 1106
9325 291 1806 1394 1516
9326 737
9327 2025 1118 476
9328 1701 2726 2742 1080 2243 1112
9329 2335 1491 239
9330 2552 1575 2001
9331 2786 2716 591 2774 1629 1227
9332 592 2327
9333 1922 1772 1218 175 1182
9334 2909 1825
9335 1235 95 398
9336 2328 2315 1299 2131 1421 1279
9337 1627 485 858 1308 999
9338 976 1150 1908 695
9339 55
9340 1750
9341 731 1986
9342 2125 819 149 1392
9343 2247 1322 1242 2473
9344 728
9345 1360 87
9346 103 1645
9347 968 1655
9348 1180 823
9349 779 1354 837
9350 166
9351 2299 74 113
9352 422 754
9353 2064 1258 2048 764
9354 1118 2799 2350 1077 204 1633
9355 1252 2052 2288
9356 1315 2568
9357 2790 2156 1319 621
9358 1563 420 1932
9359 1466 2162
9360 1536 244 2974 26 2605
9361 2038
9362 171 1929 1057 1769
9363 830 2352
9364 1806 1667
9365 989 1650
9366 1567
9367 1249 2458 340
9368 2786 2471
9369 2779
9370 1772
9371 2602 1071
9372 88 658 2231 2426 2584 2026 2271
9373 2907 2761 451
9374 45 2930 333 122
9375 1865 2133 944 1155 1974 10
9376 476 2730 1932 2866
9377 1893 1452 1813
9378 274
9379 586 1790 26 1389 189
9380 1453 1001 622
9381 1549 2288 727 532 2926
9382 266 1463 2212 1697
9383 1144 1208 1565 144 975 2981 1936
9384 827
9385 1404 1973 1218 2239 1646 2686
9386 1448
9387 543 2883 917 1419
9388 1247 1239 1389 2088
9389 1742 283 100 2922
9390 669 2041 1364 28 1855 2602 168 1840 330
9391 171
9392 637 2880 2440 1499 1072
9393 2405 1262
9394 812 573 1806
9395 1992 2750 1346
9396 1136
9397 2951 2583 501 923
9398 969 988 2669 2491 2546
9399 1129
9400 1180 1596 1528 470
9401 932 1315 2946 2499 2049 1628 1798
9402 1959 366
9403 1403
9404 791
9405 658 1642
9406 2993
9407 2660
9408 2547 1630 1504
9409 2852 691
9410 335 435 1013 1453 2301
9411 1513
9412 1351
9413 2846 1416 1338
9414 1831 1994 1608 1374 805
9415 2887
9416 2561 1276
9417 1241 1328 1382 1326 74 357 336
9418 1867 629 770
9419 699 818
9420 2946 1694 487 49
9421 1120 2957 1907
9422 2333 2408
9423 949 1033 523 2101 1224 2523
9424 2226
9425 2165 1174 2124 471
9426 1798 2252 1394 2108
9427 794 1452 2055
9428 1985
9429 2984 483
9430 2322
9431 338
9432 1973 2342
9433 161 749 1192
9434 868 237
9435 2897
9436 1895 65 1228
9437 2082
9438 850 2828 2190 148
9439 393 693
9440 1986
9441 1424 2607 2155 1236 857
9442 1584
9443 547 2361
9444 2815 1110
9445 987 1913
9446 2325 1632 1450
9447 2597 2211 26 2326
9448 2235 966 2757 1301
9449 2354 546 1199 236 2966
9450 285 2585
9451 2035 735
9452 746 1244 564
9453 428 2303 2264
9454 920 647 1488 480 2134 2746 2928
9455 1688 1438 1672 2176
9456 508
9457 2765 570
9458 241 2086 520 1452 2560
9459 1286 2687 1054
9460 679 910 2680 670 1079 2910
9461 2023 1490
9462 2718 133 2952
9463 2775
9464 1906 1846 1453 1978
9465 1127 2175 2575
9466 94
9467 1246
9468 1200 328
9469 1378
9470 155 165 1216 876 618 628 2328 515
9471 787 2670 2916 1023
9472 2064 1876
9473 591 221 438 2144 1797
9474 1173 2866
9475 738
9476 198 1147
9477 90 1702 1680 2091
9478 1373
9479 770 1637 2896 84
9480 1933 854 2933 229 1726
9481 1618 2588 766
9482 2230 1373 2440 898
9483 599
9484 624
9485 1527 1831 310
9486 1922 1709 2382
9487 429 2942
9488 407 1306 123 973 191 2775 2705 357 1697
9489 1797 2290 2034 1297 2335
9490 400
9491 429 1215
9492 348 145 2444
9493 2852 1371
9494 1082 223 270 2781
9495 625 748 963 5 1446
9496 294
9497 637 233
9498 1451 1168
9499 2846 512
9500 409 1666 693
9501 2976 2354 1137 106 1688 2257 341 2053
9502 1821 1699 1301 2389
9503 2472 2693
9504 479 1727
9505 2625 1189 696 563 2145
9506 1866 2439
9507 1036 774 1343
9508 816 342 641
9509 887 2404 2495
9510 2587
9511 2410 511 713 367 2401 595 1683 2907
9512 2497 2079
9513 175 1997
9514 1566 822 865 1741
9515 1936 1087 452
9516 2659
9517 2400 2453 443 922
9518 2143 2243 2820
9519 842 1980 1186 2008 432
9520 2625 953 2379 680 2195 1379 1642
9521 2119 1511 2468
9522 2990 14 701
9523 1457 1312 2922 857
9524 2090 1914 2202
9525 1385 2282 201 1347 2128 791 5
9526 355 259
9527 1625 2348
9528 725
9529 767
9530 1166 2373
9531 1847
9532 2669 2906 891 2069 992 653 2534 2165
9533 2944 1138 220
9534 700
9535 598 659 2065 1786 473 26 1633
9536 1263 1146
9537 104
9538 807 1012
9539 67
9540 332
9541 1866 2208 2917
9542 2884 1358 1226
9543 1865 2288 2759
9544 2701 2493
9545 958 1709
9546 800 338 1237
9547 156 1942
9548 188
9549 2953 11 71
9550 128 1531
9551 136 403 436
9552 843
9553 1260
9554 1257 796 981 2290
9555 684
9556 35
9557 579
9558 2527 2130
9559 1268 1916 2037 125
9560 1662 251 498 2518
9561 2917 1126
9562 965 708
9563 2317 2720 7 1055
9564 1762 2564 2270 710 1737
9565 984 2711
9566 335 297
9567 1565 392 2508 1975 1294
9568 295 2134 2886
9569 170 2383
9570 827 2173
9571 2103 605 1544
9572 1497 629
9573 1475 1028 2773
9574 991 2690
9575 1857
9576 2083 824 1871
9577 2812 796 2971 583
9578 2204
9579 1537
9580 95 670 1627
9581 2651 599 2192 496
9582 2055 216
9583 730 1544
9584 720 418 1153 301 239
9585 36
9586 1978 2749 2568 2423 2679 2781
9587 416 92
9588 2644
9589 963 1401 2733 2664
9590 1688 1475
9591 817 123
9592 2169 670 1141
9593 811 1050 2429
9594 2672
9595 530 370
9596 2884
9597 2383 2644 2338
9598 210 2529 2582 326
9599 2533 478
9600 2216 1639 2393 2268
9601 933
9602 1485
9603 2615 2363
9604 1051 2398
9605 1352 2162 2228 1120 2467
9606 1570 743
9607 2733 1564 1176 2296 517 583
9608 1044 1979 438
9609 1693 334
9610 440 1654 1569 2232
9611 1340 1935 117 1749
9612 2603
9613 924 289 1208
9614 194 1967 2813
9615 2224
9616 2354 1873 2189
9617 692 1471 1534
9618 2748 1208 327 2487 2012 347
9619 71 2043 2892
9620 1764 984 2373 1159
9621 235 322 2621
9622 2607
9623 1962 1038 493
9624 335 497
9625 2438 1375
9626 2872 862 2063
9627 1440 1437 393 2570 231
9628 762 627 313
9629 1833 1779 1013
9630 2442
9631 202
9632 831 1363 1549 2175
9633 1648
9634 244
9635 553 2014 2776 2184 2899
9636 1925
9637 2709 2139
9638 149
9639 158 901 855 550 2971 41
9640 2637
9641 2801
9642 2354 2315 2958 684 1117 1992 704 2947
9643 1544 2996 1571
9644 2883
9645 75 125
9646 946
9647 1399 51 1602 1302
9648 1850
9649 959 237 266 475 1563
9650 948 1349 2307 2648
9651 1609 1209 1073 1083 1593 2373
9652 2764 2441
9653 101 1266
9654 2473
9655 1556 504 2636 2606
9656 33 2657 1308 964 956
9657 2661 926 2382
9658 2220
9659 2882 2113 2608 2453
9660 1964
9661 1389 2086 1299
9662 1048 996 656 7 395 1035 1473 203 1296
9663 181 2631
9664 2236 2790 2766
9665 832
9666 1061 1129
9667 1661
9668 1816 2168 581
9669 1320 1267 1617 771
9670 1056
9671 2774 2528 2361 1027
9672 2505 1996 2883 767 219 1779 1892 1907
9673 2797 1754 1741 968 2644
9674 2747 2802
9675 1874 2371 563 1523 2579
9676 2399 1193 628 132
9677 1455 1363 1541
9678 375 2114
9679 30 1852 1473 757 903
9680 1656 848 1994 2302 1556 2136 790
9681 2924 153
9682 927 12
9683 381 884
9684 1754 2715 1862 1704 1234
9685 1331 2136 538 652 2668
9686 351
9687 1151
9688 2916 335 760 110 41
9689 381 2645
9690 1494
9691 413 698
9692 319 93
9693 218 1414
9694 2374 804 1023
9695 108
9696 1376 94 644
9697 1872 1783 1393 1460 2564 126 2944 506 2164
9698 1105 615 61 725
9699 143 987 1206 1178
9700 1710 462
9701 45
9702 1409 882 1273 1379
9703 80
9704 779
9705 2074
9706 2748 2024 1588 1768 1848 335
9707 1326 2848 2363
9708 1482
9709 1982 1138 2554
9710 2187
9711 2295 2491 1969
9712 1426 1570
9713 1656
9714 1594 438
9715 303 1046 1247
9716 1973 1019 734 142 824 2565
9717 2900 1393
9718 1595 731 2243 1454 2913 853 1879
9719 1696
9720 2943 1232
9721 710 2757
9722 678 2366
9723 1958 2152 1876 578 747 1952
9724 2791
9725 377 2864
9726 907 2902 311
9727 1558 1433 1385 1185
9728 533
9729 206
9730 1533 1558 2817
9731 1958 1922 1794
9732 1602 1367 334
9733 1736 1246 926 1207
9734 22 1470 312
9735 2131
9736 2853 85 84 1265 1368 1690
9737 2117 1487 2715
9738 935 2762 1476 2792
9739 299 2467 2754
9740 1634 1993 2119
9741 1437
9742 2620
9743 2361 1610
9744 1021 1425 2617
9745 1728 163 1548
9746 1107 281 2988 132
9747 2089
9748 2618 0 709
9749 399
9750 497 748
9751 2596 445
9752 1485 2925
9753 880
9754 690 938
9755 342 2827
9756 1699
9757 1535 553 58 957 2260 1496
9758 2286 1333
9759 722 2176
9760 2678
9761 2401 2281 907 396
9762 74 109 2936 2508
9763 120 1109 870 1352 2272 970
9764 683
9765 90
9766 2603 2010
9767 1406 42 659
9768 891
9769 1845 794 1152 1768 1095
9770 1170 1841 1097
9771 1286 2737 1500 2612
9772 1476 1838 1731
9773 981 2601 1692 1779 1198 1095
9774 1073 761 843
9775 1471 1438 2233 2569
9776 2259
9777 606 2457 1179
9778 2806 339 1686
9779 1092 1914
9780 847 2844
9781 284
9782 2011 235 2198 812
9783 932 870
9784 587
9785 1139 1648 1386
9786 2992 2916 2712 2913 1700 2954
9787 1354 1095 2570 2208
9788 1119 576 2888
9789 2467 694 1510 1770 604
9790 1807 433
9791 2277
9792 794 2372
9793 197
9794 596
9795 337 640
9796 2332 2755 2481 131 1452 1414
9797 2984
9798 1946 2040 760 2879 370
9799 1248 2897 96 1439 2176 1818
9800 2177
9801 2249 2918 1665 944
9802 314 2578 230 337
9803 2185
9804 1385 2221
9805 2568 2219 525
9806 2761 1510 2096 1011 1790
9807 356
9808 2230 1535 53
9809 1943 2936
9810 2271 1143
9811 1131 2783 2599
9812 1098 940 1068
9813 856 512 874
9814 548
9815 2101 2770
9816 2752
9817 1993
9818 1477
9819 2412
9820 2438
9821 2201
9822 1238 2624 2809
9823 869 1629 2708 653 1934 308
9824 894 346 1797
9825 1890 2835 2122 947
9826 2340 1752 1734
9827 447 2842
9828 544
9829 2696
9830 2982 2353 1695 2413
9831 2249 2420
9832 2984
9833 2816 2198 2293
9834 619
9835 1444 7 2424 103
9836 811 1239 1650 1926 315 121 698 1143
9837 1686 350
9838 2252
9839 2058 1501 214 121 2483 2796 2075 1944 2759 1376
9840 793 531 521
9841 1541 1767 2038
9842 942
9843 1799 1873
9844 954 1955
9845 2858 2511
9846 1348 616 783 1018 2554
9847 1557 1706 1620 2926
9848 291 1793 865 939
9849 1535 918
9850 1937
9851 700 1627
9852 245 2200
9853 383 2877 2624
9854 977
9855 1446 2666 844 1339 1829
9856 1411
9857 1688
9858 757
9859 1127 1721 1794
9860 1675 2310 1631 83 2704 2200 2292
9861 717 1518 1458 979
9862 2943 401 467 2550
9863 2910 1985 98 1844
9864 1605 2582
9865 157 752
9866 2240 2051 2691 1549 2552 1594 2013
9867 1770
9868 99 2867 640 1757 736
9869 1850 1974
9870 1688 1711 2719 2383 1973
9871 959
9872 2307 2708 2194 2047 254
9873 1747 1979 1037
9874 2959 759 402 316 563 946 747
9875 2508 1545
9876 2085 531 48
9877 1332
9878 1632 2995 1493 2965 2953 2236
9879 2751 2379 884 289
9880 1961 2693 2711 197
9881 1883 469 1828 1897 1271 1802 188 191
9882 1738 2250 922
9883 736 15
9884 2796 141
9885 2371 2017 58 1443 1859
9886 843
9887 2768
9888 2799 1156 799 231
9889 2485 2897 2114
9890 2005 484 1664
9891 664
9892 1837 2745 1684 1144
9893 2800 966 1611 1804
9894 2027
9895 2742 2122
9896 957 122
9897 453 1080
9898 477 1608
9899 770
9900 2094
9901 2150 1100
9902 1899 1666 2781
9903 2782
9904 2808
9905 2301
9906 896 262 212 630 2971 89
9907 2063 2792 1237 2634
9908 2093
9909 1069 1560 1495
9910 2408 1837
9911 11 453 1599 1947 2212 1073
9912 2464 1113 1288 2888 1345 2187 2763 95 840
9913 19 1177 2820 2808 530 1792 1927 807 2566
9914 2118 1577
9915 1411
9916 1317
9917 913 1068 1385
9918 1899 1803 1561 192
9919 2728 2280 1046 136 2157 1294 1761 654 1771
9920 2762 2049 1371
9921 823 1891 2326
9922 1956 874 2392
9923 1232 2125
9924 411
9925 1656 159
9926 552 1790 535 1432 2012
9927 667 2155 2003 416 2106 1666 1761 443 2283
9928 2592
9929 2060
9930 2627 554
9931 2933 309
9932 261 841
9933 326 2351
9934 2807 1000 118 989
9935 1219
9936 769
9937 1279 1738 734
9938 187 1727 981 610
9939 1101
9940 60 2594
9941 1519 831
9942 606
9943 348 2942 157 2485
9944 90
9945 2906 2915 754 1828 2616 1691 1552
9946 2801 2703 2301 232 2768 105 414 1424
9947 1139
9948 2322
9949 2160 2635
9950 400 583 2989
9951 569 41
9952 1046
9953 2851 1422 1926 2188 394 2484 1799
9954 845
9955 1061 312 641 2377 1649 798 1468 1933
9956 1325 1545 879
9957 802 1232 2945 913
9958 2972 448 2673
9959 2819 1530 2800 1737 2461 1240
9960 591 34 1740 391
9961 1687 732 897 2359
9962 2285 684
9963 53 498 2447
9964 2174
9965 2178 1675 1723 2223
9966 1915
9967 1176 2656 1457 1149
9968 1274
9969 820 1297 169 1346
9970 372 1523 1835 2999
9971 2868 1512 1893
9972 2382
9973 504 2024
9974 690 1382 1388
9975 1682 1218 1889 2928
9976 2560 510 1883
9977 2182 1656
9978 445 2290 1582 1560
9979 550 2629 1534 1910 1670
9980 672 241
9981 2260 2317 421 582
9982 706 238 1970 2746
9983 253 630 1465 2336 1650
9984 1116 648
9985 2407
9986 530 425 740 2730 2939 1533 2877
9987 1207 1789 1832 1883 1087 1864
9988 2030
9989 245 482
9990 1708 2515 2450 1141 2745 2814 199 592 59 1697
9991 1623
9992 2919
9993 1228 2533
9994 2406
9995 1681
9996 1784 746 1420 934 2020 1538
9997 970 2219 1604 361 1799 1940
9998 268
9999 2532 1922
